ï»¿"STATISTIC","Statistic Label","TLIST(A1)","Graduation Year","C03434V04142","Nationality","C03686V04429","PPSN Validity","C03919V04671","Gender","C04477V05260","Field of Study","UNIT","VALUE"
"HGO07C01","Number of Graduates","2010","2010","IE","All Irish","10","PPSN - Available","10","Male","201","Dentistry","Number","12"
"HGO07C01","Number of Graduates","2010","2010","IE","All Irish","10","PPSN - Available","10","Male","401","Medical Science","Number","27"
"HGO07C01","Number of Graduates","2010","2010","IE","All Irish","10","PPSN - Available","10","Male","202","Medicine","Number","99"
"HGO07C01","Number of Graduates","2010","2010","IE","All Irish","10","PPSN - Available","10","Male","30","Nursing and Midwifery","Number","90"
"HGO07C01","Number of Graduates","2010","2010","IE","All Irish","10","PPSN - Available","10","Male","501","Occupational Therapy","Number","9"
"HGO07C01","Number of Graduates","2010","2010","IE","All Irish","10","PPSN - Available","10","Male","60","Pharmacy","Number",""
"HGO07C01","Number of Graduates","2010","2010","IE","All Irish","10","PPSN - Available","10","Male","504","Physiotherapy","Number","30"
"HGO07C01","Number of Graduates","2010","2010","IE","All Irish","10","PPSN - Available","10","Male","402","Radiography and Radiation Therapy","Number","9"
"HGO07C01","Number of Graduates","2010","2010","IE","All Irish","10","PPSN - Available","10","Male","702","Social Care","Number","66"
"HGO07C01","Number of Graduates","2010","2010","IE","All Irish","10","PPSN - Available","10","Male","701","Social Work","Number","12"
"HGO07C01","Number of Graduates","2010","2010","IE","All Irish","10","PPSN - Available","10","Male","10","Speech and Language Therapy","Number",""
"HGO07C01","Number of Graduates","2010","2010","IE","All Irish","10","PPSN - Available","10","Male","V52","Dietetics, Optometry and Podiatry","Number","6"
"HGO07C01","Number of Graduates","2010","2010","IE","All Irish","10","PPSN - Available","20","Female","201","Dentistry","Number","30"
"HGO07C01","Number of Graduates","2010","2010","IE","All Irish","10","PPSN - Available","20","Female","401","Medical Science","Number","96"
"HGO07C01","Number of Graduates","2010","2010","IE","All Irish","10","PPSN - Available","20","Female","202","Medicine","Number","165"
"HGO07C01","Number of Graduates","2010","2010","IE","All Irish","10","PPSN - Available","20","Female","30","Nursing and Midwifery","Number","1167"
"HGO07C01","Number of Graduates","2010","2010","IE","All Irish","10","PPSN - Available","20","Female","501","Occupational Therapy","Number","102"
"HGO07C01","Number of Graduates","2010","2010","IE","All Irish","10","PPSN - Available","20","Female","60","Pharmacy","Number",""
"HGO07C01","Number of Graduates","2010","2010","IE","All Irish","10","PPSN - Available","20","Female","504","Physiotherapy","Number","105"
"HGO07C01","Number of Graduates","2010","2010","IE","All Irish","10","PPSN - Available","20","Female","402","Radiography and Radiation Therapy","Number","51"
"HGO07C01","Number of Graduates","2010","2010","IE","All Irish","10","PPSN - Available","20","Female","702","Social Care","Number","636"
"HGO07C01","Number of Graduates","2010","2010","IE","All Irish","10","PPSN - Available","20","Female","701","Social Work","Number","102"
"HGO07C01","Number of Graduates","2010","2010","IE","All Irish","10","PPSN - Available","20","Female","10","Speech and Language Therapy","Number","90"
"HGO07C01","Number of Graduates","2010","2010","IE","All Irish","10","PPSN - Available","20","Female","V52","Dietetics, Optometry and Podiatry","Number","48"
"HGO07C01","Number of Graduates","2010","2010","IE","All Irish","10","PPSN - Available","-","All genders","201","Dentistry","Number","42"
"HGO07C01","Number of Graduates","2010","2010","IE","All Irish","10","PPSN - Available","-","All genders","401","Medical Science","Number","123"
"HGO07C01","Number of Graduates","2010","2010","IE","All Irish","10","PPSN - Available","-","All genders","202","Medicine","Number","264"
"HGO07C01","Number of Graduates","2010","2010","IE","All Irish","10","PPSN - Available","-","All genders","30","Nursing and Midwifery","Number","1254"
"HGO07C01","Number of Graduates","2010","2010","IE","All Irish","10","PPSN - Available","-","All genders","501","Occupational Therapy","Number","111"
"HGO07C01","Number of Graduates","2010","2010","IE","All Irish","10","PPSN - Available","-","All genders","60","Pharmacy","Number",""
"HGO07C01","Number of Graduates","2010","2010","IE","All Irish","10","PPSN - Available","-","All genders","504","Physiotherapy","Number","138"
"HGO07C01","Number of Graduates","2010","2010","IE","All Irish","10","PPSN - Available","-","All genders","402","Radiography and Radiation Therapy","Number","60"
"HGO07C01","Number of Graduates","2010","2010","IE","All Irish","10","PPSN - Available","-","All genders","702","Social Care","Number","699"
"HGO07C01","Number of Graduates","2010","2010","IE","All Irish","10","PPSN - Available","-","All genders","701","Social Work","Number","114"
"HGO07C01","Number of Graduates","2010","2010","IE","All Irish","10","PPSN - Available","-","All genders","10","Speech and Language Therapy","Number","90"
"HGO07C01","Number of Graduates","2010","2010","IE","All Irish","10","PPSN - Available","-","All genders","V52","Dietetics, Optometry and Podiatry","Number","51"
"HGO07C01","Number of Graduates","2010","2010","IE","All Irish","20","PPSN - Missing","10","Male","201","Dentistry","Number","3"
"HGO07C01","Number of Graduates","2010","2010","IE","All Irish","20","PPSN - Missing","10","Male","401","Medical Science","Number",""
"HGO07C01","Number of Graduates","2010","2010","IE","All Irish","20","PPSN - Missing","10","Male","202","Medicine","Number","30"
"HGO07C01","Number of Graduates","2010","2010","IE","All Irish","20","PPSN - Missing","10","Male","30","Nursing and Midwifery","Number","15"
"HGO07C01","Number of Graduates","2010","2010","IE","All Irish","20","PPSN - Missing","10","Male","501","Occupational Therapy","Number",""
"HGO07C01","Number of Graduates","2010","2010","IE","All Irish","20","PPSN - Missing","10","Male","60","Pharmacy","Number",""
"HGO07C01","Number of Graduates","2010","2010","IE","All Irish","20","PPSN - Missing","10","Male","504","Physiotherapy","Number",""
"HGO07C01","Number of Graduates","2010","2010","IE","All Irish","20","PPSN - Missing","10","Male","402","Radiography and Radiation Therapy","Number",""
"HGO07C01","Number of Graduates","2010","2010","IE","All Irish","20","PPSN - Missing","10","Male","702","Social Care","Number","33"
"HGO07C01","Number of Graduates","2010","2010","IE","All Irish","20","PPSN - Missing","10","Male","701","Social Work","Number","3"
"HGO07C01","Number of Graduates","2010","2010","IE","All Irish","20","PPSN - Missing","10","Male","10","Speech and Language Therapy","Number",""
"HGO07C01","Number of Graduates","2010","2010","IE","All Irish","20","PPSN - Missing","10","Male","V52","Dietetics, Optometry and Podiatry","Number",""
"HGO07C01","Number of Graduates","2010","2010","IE","All Irish","20","PPSN - Missing","20","Female","201","Dentistry","Number","3"
"HGO07C01","Number of Graduates","2010","2010","IE","All Irish","20","PPSN - Missing","20","Female","401","Medical Science","Number","6"
"HGO07C01","Number of Graduates","2010","2010","IE","All Irish","20","PPSN - Missing","20","Female","202","Medicine","Number","36"
"HGO07C01","Number of Graduates","2010","2010","IE","All Irish","20","PPSN - Missing","20","Female","30","Nursing and Midwifery","Number","84"
"HGO07C01","Number of Graduates","2010","2010","IE","All Irish","20","PPSN - Missing","20","Female","501","Occupational Therapy","Number","3"
"HGO07C01","Number of Graduates","2010","2010","IE","All Irish","20","PPSN - Missing","20","Female","60","Pharmacy","Number",""
"HGO07C01","Number of Graduates","2010","2010","IE","All Irish","20","PPSN - Missing","20","Female","504","Physiotherapy","Number",""
"HGO07C01","Number of Graduates","2010","2010","IE","All Irish","20","PPSN - Missing","20","Female","402","Radiography and Radiation Therapy","Number",""
"HGO07C01","Number of Graduates","2010","2010","IE","All Irish","20","PPSN - Missing","20","Female","702","Social Care","Number","117"
"HGO07C01","Number of Graduates","2010","2010","IE","All Irish","20","PPSN - Missing","20","Female","701","Social Work","Number","12"
"HGO07C01","Number of Graduates","2010","2010","IE","All Irish","20","PPSN - Missing","20","Female","10","Speech and Language Therapy","Number","6"
"HGO07C01","Number of Graduates","2010","2010","IE","All Irish","20","PPSN - Missing","20","Female","V52","Dietetics, Optometry and Podiatry","Number","3"
"HGO07C01","Number of Graduates","2010","2010","IE","All Irish","20","PPSN - Missing","-","All genders","201","Dentistry","Number","6"
"HGO07C01","Number of Graduates","2010","2010","IE","All Irish","20","PPSN - Missing","-","All genders","401","Medical Science","Number","6"
"HGO07C01","Number of Graduates","2010","2010","IE","All Irish","20","PPSN - Missing","-","All genders","202","Medicine","Number","66"
"HGO07C01","Number of Graduates","2010","2010","IE","All Irish","20","PPSN - Missing","-","All genders","30","Nursing and Midwifery","Number","96"
"HGO07C01","Number of Graduates","2010","2010","IE","All Irish","20","PPSN - Missing","-","All genders","501","Occupational Therapy","Number","6"
"HGO07C01","Number of Graduates","2010","2010","IE","All Irish","20","PPSN - Missing","-","All genders","60","Pharmacy","Number",""
"HGO07C01","Number of Graduates","2010","2010","IE","All Irish","20","PPSN - Missing","-","All genders","504","Physiotherapy","Number","3"
"HGO07C01","Number of Graduates","2010","2010","IE","All Irish","20","PPSN - Missing","-","All genders","402","Radiography and Radiation Therapy","Number",""
"HGO07C01","Number of Graduates","2010","2010","IE","All Irish","20","PPSN - Missing","-","All genders","702","Social Care","Number","150"
"HGO07C01","Number of Graduates","2010","2010","IE","All Irish","20","PPSN - Missing","-","All genders","701","Social Work","Number","15"
"HGO07C01","Number of Graduates","2010","2010","IE","All Irish","20","PPSN - Missing","-","All genders","10","Speech and Language Therapy","Number","6"
"HGO07C01","Number of Graduates","2010","2010","IE","All Irish","20","PPSN - Missing","-","All genders","V52","Dietetics, Optometry and Podiatry","Number","3"
"HGO07C01","Number of Graduates","2010","2010","IE","All Irish","-","PPSN - All","10","Male","201","Dentistry","Number","15"
"HGO07C01","Number of Graduates","2010","2010","IE","All Irish","-","PPSN - All","10","Male","401","Medical Science","Number","27"
"HGO07C01","Number of Graduates","2010","2010","IE","All Irish","-","PPSN - All","10","Male","202","Medicine","Number","129"
"HGO07C01","Number of Graduates","2010","2010","IE","All Irish","-","PPSN - All","10","Male","30","Nursing and Midwifery","Number","102"
"HGO07C01","Number of Graduates","2010","2010","IE","All Irish","-","PPSN - All","10","Male","501","Occupational Therapy","Number","9"
"HGO07C01","Number of Graduates","2010","2010","IE","All Irish","-","PPSN - All","10","Male","60","Pharmacy","Number",""
"HGO07C01","Number of Graduates","2010","2010","IE","All Irish","-","PPSN - All","10","Male","504","Physiotherapy","Number","33"
"HGO07C01","Number of Graduates","2010","2010","IE","All Irish","-","PPSN - All","10","Male","402","Radiography and Radiation Therapy","Number","9"
"HGO07C01","Number of Graduates","2010","2010","IE","All Irish","-","PPSN - All","10","Male","702","Social Care","Number","99"
"HGO07C01","Number of Graduates","2010","2010","IE","All Irish","-","PPSN - All","10","Male","701","Social Work","Number","15"
"HGO07C01","Number of Graduates","2010","2010","IE","All Irish","-","PPSN - All","10","Male","10","Speech and Language Therapy","Number",""
"HGO07C01","Number of Graduates","2010","2010","IE","All Irish","-","PPSN - All","10","Male","V52","Dietetics, Optometry and Podiatry","Number","6"
"HGO07C01","Number of Graduates","2010","2010","IE","All Irish","-","PPSN - All","20","Female","201","Dentistry","Number","36"
"HGO07C01","Number of Graduates","2010","2010","IE","All Irish","-","PPSN - All","20","Female","401","Medical Science","Number","102"
"HGO07C01","Number of Graduates","2010","2010","IE","All Irish","-","PPSN - All","20","Female","202","Medicine","Number","201"
"HGO07C01","Number of Graduates","2010","2010","IE","All Irish","-","PPSN - All","20","Female","30","Nursing and Midwifery","Number","1248"
"HGO07C01","Number of Graduates","2010","2010","IE","All Irish","-","PPSN - All","20","Female","501","Occupational Therapy","Number","105"
"HGO07C01","Number of Graduates","2010","2010","IE","All Irish","-","PPSN - All","20","Female","60","Pharmacy","Number",""
"HGO07C01","Number of Graduates","2010","2010","IE","All Irish","-","PPSN - All","20","Female","504","Physiotherapy","Number","108"
"HGO07C01","Number of Graduates","2010","2010","IE","All Irish","-","PPSN - All","20","Female","402","Radiography and Radiation Therapy","Number","51"
"HGO07C01","Number of Graduates","2010","2010","IE","All Irish","-","PPSN - All","20","Female","702","Social Care","Number","753"
"HGO07C01","Number of Graduates","2010","2010","IE","All Irish","-","PPSN - All","20","Female","701","Social Work","Number","114"
"HGO07C01","Number of Graduates","2010","2010","IE","All Irish","-","PPSN - All","20","Female","10","Speech and Language Therapy","Number","96"
"HGO07C01","Number of Graduates","2010","2010","IE","All Irish","-","PPSN - All","20","Female","V52","Dietetics, Optometry and Podiatry","Number","48"
"HGO07C01","Number of Graduates","2010","2010","IE","All Irish","-","PPSN - All","-","All genders","201","Dentistry","Number","48"
"HGO07C01","Number of Graduates","2010","2010","IE","All Irish","-","PPSN - All","-","All genders","401","Medical Science","Number","129"
"HGO07C01","Number of Graduates","2010","2010","IE","All Irish","-","PPSN - All","-","All genders","202","Medicine","Number","327"
"HGO07C01","Number of Graduates","2010","2010","IE","All Irish","-","PPSN - All","-","All genders","30","Nursing and Midwifery","Number","1353"
"HGO07C01","Number of Graduates","2010","2010","IE","All Irish","-","PPSN - All","-","All genders","501","Occupational Therapy","Number","114"
"HGO07C01","Number of Graduates","2010","2010","IE","All Irish","-","PPSN - All","-","All genders","60","Pharmacy","Number",""
"HGO07C01","Number of Graduates","2010","2010","IE","All Irish","-","PPSN - All","-","All genders","504","Physiotherapy","Number","138"
"HGO07C01","Number of Graduates","2010","2010","IE","All Irish","-","PPSN - All","-","All genders","402","Radiography and Radiation Therapy","Number","63"
"HGO07C01","Number of Graduates","2010","2010","IE","All Irish","-","PPSN - All","-","All genders","702","Social Care","Number","852"
"HGO07C01","Number of Graduates","2010","2010","IE","All Irish","-","PPSN - All","-","All genders","701","Social Work","Number","126"
"HGO07C01","Number of Graduates","2010","2010","IE","All Irish","-","PPSN - All","-","All genders","10","Speech and Language Therapy","Number","96"
"HGO07C01","Number of Graduates","2010","2010","IE","All Irish","-","PPSN - All","-","All genders","V52","Dietetics, Optometry and Podiatry","Number","54"
"HGO07C01","Number of Graduates","2010","2010","IE05","Non-Irish","10","PPSN - Available","10","Male","201","Dentistry","Number","3"
"HGO07C01","Number of Graduates","2010","2010","IE05","Non-Irish","10","PPSN - Available","10","Male","401","Medical Science","Number",""
"HGO07C01","Number of Graduates","2010","2010","IE05","Non-Irish","10","PPSN - Available","10","Male","202","Medicine","Number","21"
"HGO07C01","Number of Graduates","2010","2010","IE05","Non-Irish","10","PPSN - Available","10","Male","30","Nursing and Midwifery","Number","3"
"HGO07C01","Number of Graduates","2010","2010","IE05","Non-Irish","10","PPSN - Available","10","Male","501","Occupational Therapy","Number",""
"HGO07C01","Number of Graduates","2010","2010","IE05","Non-Irish","10","PPSN - Available","10","Male","60","Pharmacy","Number",""
"HGO07C01","Number of Graduates","2010","2010","IE05","Non-Irish","10","PPSN - Available","10","Male","504","Physiotherapy","Number",""
"HGO07C01","Number of Graduates","2010","2010","IE05","Non-Irish","10","PPSN - Available","10","Male","402","Radiography and Radiation Therapy","Number",""
"HGO07C01","Number of Graduates","2010","2010","IE05","Non-Irish","10","PPSN - Available","10","Male","702","Social Care","Number",""
"HGO07C01","Number of Graduates","2010","2010","IE05","Non-Irish","10","PPSN - Available","10","Male","701","Social Work","Number","3"
"HGO07C01","Number of Graduates","2010","2010","IE05","Non-Irish","10","PPSN - Available","10","Male","10","Speech and Language Therapy","Number",""
"HGO07C01","Number of Graduates","2010","2010","IE05","Non-Irish","10","PPSN - Available","10","Male","V52","Dietetics, Optometry and Podiatry","Number",""
"HGO07C01","Number of Graduates","2010","2010","IE05","Non-Irish","10","PPSN - Available","20","Female","201","Dentistry","Number","3"
"HGO07C01","Number of Graduates","2010","2010","IE05","Non-Irish","10","PPSN - Available","20","Female","401","Medical Science","Number",""
"HGO07C01","Number of Graduates","2010","2010","IE05","Non-Irish","10","PPSN - Available","20","Female","202","Medicine","Number","21"
"HGO07C01","Number of Graduates","2010","2010","IE05","Non-Irish","10","PPSN - Available","20","Female","30","Nursing and Midwifery","Number","30"
"HGO07C01","Number of Graduates","2010","2010","IE05","Non-Irish","10","PPSN - Available","20","Female","501","Occupational Therapy","Number","3"
"HGO07C01","Number of Graduates","2010","2010","IE05","Non-Irish","10","PPSN - Available","20","Female","60","Pharmacy","Number",""
"HGO07C01","Number of Graduates","2010","2010","IE05","Non-Irish","10","PPSN - Available","20","Female","504","Physiotherapy","Number",""
"HGO07C01","Number of Graduates","2010","2010","IE05","Non-Irish","10","PPSN - Available","20","Female","402","Radiography and Radiation Therapy","Number",""
"HGO07C01","Number of Graduates","2010","2010","IE05","Non-Irish","10","PPSN - Available","20","Female","702","Social Care","Number","21"
"HGO07C01","Number of Graduates","2010","2010","IE05","Non-Irish","10","PPSN - Available","20","Female","701","Social Work","Number","6"
"HGO07C01","Number of Graduates","2010","2010","IE05","Non-Irish","10","PPSN - Available","20","Female","10","Speech and Language Therapy","Number","3"
"HGO07C01","Number of Graduates","2010","2010","IE05","Non-Irish","10","PPSN - Available","20","Female","V52","Dietetics, Optometry and Podiatry","Number",""
"HGO07C01","Number of Graduates","2010","2010","IE05","Non-Irish","10","PPSN - Available","-","All genders","201","Dentistry","Number","6"
"HGO07C01","Number of Graduates","2010","2010","IE05","Non-Irish","10","PPSN - Available","-","All genders","401","Medical Science","Number",""
"HGO07C01","Number of Graduates","2010","2010","IE05","Non-Irish","10","PPSN - Available","-","All genders","202","Medicine","Number","42"
"HGO07C01","Number of Graduates","2010","2010","IE05","Non-Irish","10","PPSN - Available","-","All genders","30","Nursing and Midwifery","Number","33"
"HGO07C01","Number of Graduates","2010","2010","IE05","Non-Irish","10","PPSN - Available","-","All genders","501","Occupational Therapy","Number","3"
"HGO07C01","Number of Graduates","2010","2010","IE05","Non-Irish","10","PPSN - Available","-","All genders","60","Pharmacy","Number",""
"HGO07C01","Number of Graduates","2010","2010","IE05","Non-Irish","10","PPSN - Available","-","All genders","504","Physiotherapy","Number",""
"HGO07C01","Number of Graduates","2010","2010","IE05","Non-Irish","10","PPSN - Available","-","All genders","402","Radiography and Radiation Therapy","Number",""
"HGO07C01","Number of Graduates","2010","2010","IE05","Non-Irish","10","PPSN - Available","-","All genders","702","Social Care","Number","24"
"HGO07C01","Number of Graduates","2010","2010","IE05","Non-Irish","10","PPSN - Available","-","All genders","701","Social Work","Number","9"
"HGO07C01","Number of Graduates","2010","2010","IE05","Non-Irish","10","PPSN - Available","-","All genders","10","Speech and Language Therapy","Number","3"
"HGO07C01","Number of Graduates","2010","2010","IE05","Non-Irish","10","PPSN - Available","-","All genders","V52","Dietetics, Optometry and Podiatry","Number",""
"HGO07C01","Number of Graduates","2010","2010","IE05","Non-Irish","20","PPSN - Missing","10","Male","201","Dentistry","Number","9"
"HGO07C01","Number of Graduates","2010","2010","IE05","Non-Irish","20","PPSN - Missing","10","Male","401","Medical Science","Number",""
"HGO07C01","Number of Graduates","2010","2010","IE05","Non-Irish","20","PPSN - Missing","10","Male","202","Medicine","Number","204"
"HGO07C01","Number of Graduates","2010","2010","IE05","Non-Irish","20","PPSN - Missing","10","Male","30","Nursing and Midwifery","Number","3"
"HGO07C01","Number of Graduates","2010","2010","IE05","Non-Irish","20","PPSN - Missing","10","Male","501","Occupational Therapy","Number",""
"HGO07C01","Number of Graduates","2010","2010","IE05","Non-Irish","20","PPSN - Missing","10","Male","60","Pharmacy","Number",""
"HGO07C01","Number of Graduates","2010","2010","IE05","Non-Irish","20","PPSN - Missing","10","Male","504","Physiotherapy","Number",""
"HGO07C01","Number of Graduates","2010","2010","IE05","Non-Irish","20","PPSN - Missing","10","Male","402","Radiography and Radiation Therapy","Number",""
"HGO07C01","Number of Graduates","2010","2010","IE05","Non-Irish","20","PPSN - Missing","10","Male","702","Social Care","Number","6"
"HGO07C01","Number of Graduates","2010","2010","IE05","Non-Irish","20","PPSN - Missing","10","Male","701","Social Work","Number",""
"HGO07C01","Number of Graduates","2010","2010","IE05","Non-Irish","20","PPSN - Missing","10","Male","10","Speech and Language Therapy","Number",""
"HGO07C01","Number of Graduates","2010","2010","IE05","Non-Irish","20","PPSN - Missing","10","Male","V52","Dietetics, Optometry and Podiatry","Number",""
"HGO07C01","Number of Graduates","2010","2010","IE05","Non-Irish","20","PPSN - Missing","20","Female","201","Dentistry","Number","6"
"HGO07C01","Number of Graduates","2010","2010","IE05","Non-Irish","20","PPSN - Missing","20","Female","401","Medical Science","Number",""
"HGO07C01","Number of Graduates","2010","2010","IE05","Non-Irish","20","PPSN - Missing","20","Female","202","Medicine","Number","207"
"HGO07C01","Number of Graduates","2010","2010","IE05","Non-Irish","20","PPSN - Missing","20","Female","30","Nursing and Midwifery","Number","21"
"HGO07C01","Number of Graduates","2010","2010","IE05","Non-Irish","20","PPSN - Missing","20","Female","501","Occupational Therapy","Number",""
"HGO07C01","Number of Graduates","2010","2010","IE05","Non-Irish","20","PPSN - Missing","20","Female","60","Pharmacy","Number",""
"HGO07C01","Number of Graduates","2010","2010","IE05","Non-Irish","20","PPSN - Missing","20","Female","504","Physiotherapy","Number","6"
"HGO07C01","Number of Graduates","2010","2010","IE05","Non-Irish","20","PPSN - Missing","20","Female","402","Radiography and Radiation Therapy","Number",""
"HGO07C01","Number of Graduates","2010","2010","IE05","Non-Irish","20","PPSN - Missing","20","Female","702","Social Care","Number","18"
"HGO07C01","Number of Graduates","2010","2010","IE05","Non-Irish","20","PPSN - Missing","20","Female","701","Social Work","Number","6"
"HGO07C01","Number of Graduates","2010","2010","IE05","Non-Irish","20","PPSN - Missing","20","Female","10","Speech and Language Therapy","Number","3"
"HGO07C01","Number of Graduates","2010","2010","IE05","Non-Irish","20","PPSN - Missing","20","Female","V52","Dietetics, Optometry and Podiatry","Number",""
"HGO07C01","Number of Graduates","2010","2010","IE05","Non-Irish","20","PPSN - Missing","-","All genders","201","Dentistry","Number","15"
"HGO07C01","Number of Graduates","2010","2010","IE05","Non-Irish","20","PPSN - Missing","-","All genders","401","Medical Science","Number",""
"HGO07C01","Number of Graduates","2010","2010","IE05","Non-Irish","20","PPSN - Missing","-","All genders","202","Medicine","Number","411"
"HGO07C01","Number of Graduates","2010","2010","IE05","Non-Irish","20","PPSN - Missing","-","All genders","30","Nursing and Midwifery","Number","24"
"HGO07C01","Number of Graduates","2010","2010","IE05","Non-Irish","20","PPSN - Missing","-","All genders","501","Occupational Therapy","Number",""
"HGO07C01","Number of Graduates","2010","2010","IE05","Non-Irish","20","PPSN - Missing","-","All genders","60","Pharmacy","Number",""
"HGO07C01","Number of Graduates","2010","2010","IE05","Non-Irish","20","PPSN - Missing","-","All genders","504","Physiotherapy","Number","6"
"HGO07C01","Number of Graduates","2010","2010","IE05","Non-Irish","20","PPSN - Missing","-","All genders","402","Radiography and Radiation Therapy","Number",""
"HGO07C01","Number of Graduates","2010","2010","IE05","Non-Irish","20","PPSN - Missing","-","All genders","702","Social Care","Number","24"
"HGO07C01","Number of Graduates","2010","2010","IE05","Non-Irish","20","PPSN - Missing","-","All genders","701","Social Work","Number","6"
"HGO07C01","Number of Graduates","2010","2010","IE05","Non-Irish","20","PPSN - Missing","-","All genders","10","Speech and Language Therapy","Number","3"
"HGO07C01","Number of Graduates","2010","2010","IE05","Non-Irish","20","PPSN - Missing","-","All genders","V52","Dietetics, Optometry and Podiatry","Number",""
"HGO07C01","Number of Graduates","2010","2010","IE05","Non-Irish","-","PPSN - All","10","Male","201","Dentistry","Number","12"
"HGO07C01","Number of Graduates","2010","2010","IE05","Non-Irish","-","PPSN - All","10","Male","401","Medical Science","Number",""
"HGO07C01","Number of Graduates","2010","2010","IE05","Non-Irish","-","PPSN - All","10","Male","202","Medicine","Number","225"
"HGO07C01","Number of Graduates","2010","2010","IE05","Non-Irish","-","PPSN - All","10","Male","30","Nursing and Midwifery","Number","6"
"HGO07C01","Number of Graduates","2010","2010","IE05","Non-Irish","-","PPSN - All","10","Male","501","Occupational Therapy","Number",""
"HGO07C01","Number of Graduates","2010","2010","IE05","Non-Irish","-","PPSN - All","10","Male","60","Pharmacy","Number",""
"HGO07C01","Number of Graduates","2010","2010","IE05","Non-Irish","-","PPSN - All","10","Male","504","Physiotherapy","Number",""
"HGO07C01","Number of Graduates","2010","2010","IE05","Non-Irish","-","PPSN - All","10","Male","402","Radiography and Radiation Therapy","Number",""
"HGO07C01","Number of Graduates","2010","2010","IE05","Non-Irish","-","PPSN - All","10","Male","702","Social Care","Number","9"
"HGO07C01","Number of Graduates","2010","2010","IE05","Non-Irish","-","PPSN - All","10","Male","701","Social Work","Number","3"
"HGO07C01","Number of Graduates","2010","2010","IE05","Non-Irish","-","PPSN - All","10","Male","10","Speech and Language Therapy","Number",""
"HGO07C01","Number of Graduates","2010","2010","IE05","Non-Irish","-","PPSN - All","10","Male","V52","Dietetics, Optometry and Podiatry","Number",""
"HGO07C01","Number of Graduates","2010","2010","IE05","Non-Irish","-","PPSN - All","20","Female","201","Dentistry","Number","6"
"HGO07C01","Number of Graduates","2010","2010","IE05","Non-Irish","-","PPSN - All","20","Female","401","Medical Science","Number",""
"HGO07C01","Number of Graduates","2010","2010","IE05","Non-Irish","-","PPSN - All","20","Female","202","Medicine","Number","231"
"HGO07C01","Number of Graduates","2010","2010","IE05","Non-Irish","-","PPSN - All","20","Female","30","Nursing and Midwifery","Number","51"
"HGO07C01","Number of Graduates","2010","2010","IE05","Non-Irish","-","PPSN - All","20","Female","501","Occupational Therapy","Number","3"
"HGO07C01","Number of Graduates","2010","2010","IE05","Non-Irish","-","PPSN - All","20","Female","60","Pharmacy","Number",""
"HGO07C01","Number of Graduates","2010","2010","IE05","Non-Irish","-","PPSN - All","20","Female","504","Physiotherapy","Number","6"
"HGO07C01","Number of Graduates","2010","2010","IE05","Non-Irish","-","PPSN - All","20","Female","402","Radiography and Radiation Therapy","Number",""
"HGO07C01","Number of Graduates","2010","2010","IE05","Non-Irish","-","PPSN - All","20","Female","702","Social Care","Number","39"
"HGO07C01","Number of Graduates","2010","2010","IE05","Non-Irish","-","PPSN - All","20","Female","701","Social Work","Number","12"
"HGO07C01","Number of Graduates","2010","2010","IE05","Non-Irish","-","PPSN - All","20","Female","10","Speech and Language Therapy","Number","6"
"HGO07C01","Number of Graduates","2010","2010","IE05","Non-Irish","-","PPSN - All","20","Female","V52","Dietetics, Optometry and Podiatry","Number","3"
"HGO07C01","Number of Graduates","2010","2010","IE05","Non-Irish","-","PPSN - All","-","All genders","201","Dentistry","Number","18"
"HGO07C01","Number of Graduates","2010","2010","IE05","Non-Irish","-","PPSN - All","-","All genders","401","Medical Science","Number",""
"HGO07C01","Number of Graduates","2010","2010","IE05","Non-Irish","-","PPSN - All","-","All genders","202","Medicine","Number","456"
"HGO07C01","Number of Graduates","2010","2010","IE05","Non-Irish","-","PPSN - All","-","All genders","30","Nursing and Midwifery","Number","57"
"HGO07C01","Number of Graduates","2010","2010","IE05","Non-Irish","-","PPSN - All","-","All genders","501","Occupational Therapy","Number","3"
"HGO07C01","Number of Graduates","2010","2010","IE05","Non-Irish","-","PPSN - All","-","All genders","60","Pharmacy","Number",""
"HGO07C01","Number of Graduates","2010","2010","IE05","Non-Irish","-","PPSN - All","-","All genders","504","Physiotherapy","Number","6"
"HGO07C01","Number of Graduates","2010","2010","IE05","Non-Irish","-","PPSN - All","-","All genders","402","Radiography and Radiation Therapy","Number",""
"HGO07C01","Number of Graduates","2010","2010","IE05","Non-Irish","-","PPSN - All","-","All genders","702","Social Care","Number","48"
"HGO07C01","Number of Graduates","2010","2010","IE05","Non-Irish","-","PPSN - All","-","All genders","701","Social Work","Number","15"
"HGO07C01","Number of Graduates","2010","2010","IE05","Non-Irish","-","PPSN - All","-","All genders","10","Speech and Language Therapy","Number","6"
"HGO07C01","Number of Graduates","2010","2010","IE05","Non-Irish","-","PPSN - All","-","All genders","V52","Dietetics, Optometry and Podiatry","Number","3"
"HGO07C01","Number of Graduates","2010","2010","-","All nationalities","10","PPSN - Available","10","Male","201","Dentistry","Number","15"
"HGO07C01","Number of Graduates","2010","2010","-","All nationalities","10","PPSN - Available","10","Male","401","Medical Science","Number","27"
"HGO07C01","Number of Graduates","2010","2010","-","All nationalities","10","PPSN - Available","10","Male","202","Medicine","Number","120"
"HGO07C01","Number of Graduates","2010","2010","-","All nationalities","10","PPSN - Available","10","Male","30","Nursing and Midwifery","Number","90"
"HGO07C01","Number of Graduates","2010","2010","-","All nationalities","10","PPSN - Available","10","Male","501","Occupational Therapy","Number","9"
"HGO07C01","Number of Graduates","2010","2010","-","All nationalities","10","PPSN - Available","10","Male","60","Pharmacy","Number",""
"HGO07C01","Number of Graduates","2010","2010","-","All nationalities","10","PPSN - Available","10","Male","504","Physiotherapy","Number","30"
"HGO07C01","Number of Graduates","2010","2010","-","All nationalities","10","PPSN - Available","10","Male","402","Radiography and Radiation Therapy","Number","9"
"HGO07C01","Number of Graduates","2010","2010","-","All nationalities","10","PPSN - Available","10","Male","702","Social Care","Number","66"
"HGO07C01","Number of Graduates","2010","2010","-","All nationalities","10","PPSN - Available","10","Male","701","Social Work","Number","15"
"HGO07C01","Number of Graduates","2010","2010","-","All nationalities","10","PPSN - Available","10","Male","10","Speech and Language Therapy","Number",""
"HGO07C01","Number of Graduates","2010","2010","-","All nationalities","10","PPSN - Available","10","Male","V52","Dietetics, Optometry and Podiatry","Number","6"
"HGO07C01","Number of Graduates","2010","2010","-","All nationalities","10","PPSN - Available","20","Female","201","Dentistry","Number","33"
"HGO07C01","Number of Graduates","2010","2010","-","All nationalities","10","PPSN - Available","20","Female","401","Medical Science","Number","96"
"HGO07C01","Number of Graduates","2010","2010","-","All nationalities","10","PPSN - Available","20","Female","202","Medicine","Number","186"
"HGO07C01","Number of Graduates","2010","2010","-","All nationalities","10","PPSN - Available","20","Female","30","Nursing and Midwifery","Number","1197"
"HGO07C01","Number of Graduates","2010","2010","-","All nationalities","10","PPSN - Available","20","Female","501","Occupational Therapy","Number","105"
"HGO07C01","Number of Graduates","2010","2010","-","All nationalities","10","PPSN - Available","20","Female","60","Pharmacy","Number",""
"HGO07C01","Number of Graduates","2010","2010","-","All nationalities","10","PPSN - Available","20","Female","504","Physiotherapy","Number","105"
"HGO07C01","Number of Graduates","2010","2010","-","All nationalities","10","PPSN - Available","20","Female","402","Radiography and Radiation Therapy","Number","51"
"HGO07C01","Number of Graduates","2010","2010","-","All nationalities","10","PPSN - Available","20","Female","702","Social Care","Number","657"
"HGO07C01","Number of Graduates","2010","2010","-","All nationalities","10","PPSN - Available","20","Female","701","Social Work","Number","108"
"HGO07C01","Number of Graduates","2010","2010","-","All nationalities","10","PPSN - Available","20","Female","10","Speech and Language Therapy","Number","93"
"HGO07C01","Number of Graduates","2010","2010","-","All nationalities","10","PPSN - Available","20","Female","V52","Dietetics, Optometry and Podiatry","Number","48"
"HGO07C01","Number of Graduates","2010","2010","-","All nationalities","10","PPSN - Available","-","All genders","201","Dentistry","Number","48"
"HGO07C01","Number of Graduates","2010","2010","-","All nationalities","10","PPSN - Available","-","All genders","401","Medical Science","Number","123"
"HGO07C01","Number of Graduates","2010","2010","-","All nationalities","10","PPSN - Available","-","All genders","202","Medicine","Number","306"
"HGO07C01","Number of Graduates","2010","2010","-","All nationalities","10","PPSN - Available","-","All genders","30","Nursing and Midwifery","Number","1287"
"HGO07C01","Number of Graduates","2010","2010","-","All nationalities","10","PPSN - Available","-","All genders","501","Occupational Therapy","Number","114"
"HGO07C01","Number of Graduates","2010","2010","-","All nationalities","10","PPSN - Available","-","All genders","60","Pharmacy","Number",""
"HGO07C01","Number of Graduates","2010","2010","-","All nationalities","10","PPSN - Available","-","All genders","504","Physiotherapy","Number","138"
"HGO07C01","Number of Graduates","2010","2010","-","All nationalities","10","PPSN - Available","-","All genders","402","Radiography and Radiation Therapy","Number","60"
"HGO07C01","Number of Graduates","2010","2010","-","All nationalities","10","PPSN - Available","-","All genders","702","Social Care","Number","723"
"HGO07C01","Number of Graduates","2010","2010","-","All nationalities","10","PPSN - Available","-","All genders","701","Social Work","Number","123"
"HGO07C01","Number of Graduates","2010","2010","-","All nationalities","10","PPSN - Available","-","All genders","10","Speech and Language Therapy","Number","93"
"HGO07C01","Number of Graduates","2010","2010","-","All nationalities","10","PPSN - Available","-","All genders","V52","Dietetics, Optometry and Podiatry","Number","54"
"HGO07C01","Number of Graduates","2010","2010","-","All nationalities","20","PPSN - Missing","10","Male","201","Dentistry","Number","12"
"HGO07C01","Number of Graduates","2010","2010","-","All nationalities","20","PPSN - Missing","10","Male","401","Medical Science","Number","3"
"HGO07C01","Number of Graduates","2010","2010","-","All nationalities","20","PPSN - Missing","10","Male","202","Medicine","Number","234"
"HGO07C01","Number of Graduates","2010","2010","-","All nationalities","20","PPSN - Missing","10","Male","30","Nursing and Midwifery","Number","18"
"HGO07C01","Number of Graduates","2010","2010","-","All nationalities","20","PPSN - Missing","10","Male","501","Occupational Therapy","Number",""
"HGO07C01","Number of Graduates","2010","2010","-","All nationalities","20","PPSN - Missing","10","Male","60","Pharmacy","Number",""
"HGO07C01","Number of Graduates","2010","2010","-","All nationalities","20","PPSN - Missing","10","Male","504","Physiotherapy","Number",""
"HGO07C01","Number of Graduates","2010","2010","-","All nationalities","20","PPSN - Missing","10","Male","402","Radiography and Radiation Therapy","Number",""
"HGO07C01","Number of Graduates","2010","2010","-","All nationalities","20","PPSN - Missing","10","Male","702","Social Care","Number","39"
"HGO07C01","Number of Graduates","2010","2010","-","All nationalities","20","PPSN - Missing","10","Male","701","Social Work","Number","3"
"HGO07C01","Number of Graduates","2010","2010","-","All nationalities","20","PPSN - Missing","10","Male","10","Speech and Language Therapy","Number",""
"HGO07C01","Number of Graduates","2010","2010","-","All nationalities","20","PPSN - Missing","10","Male","V52","Dietetics, Optometry and Podiatry","Number",""
"HGO07C01","Number of Graduates","2010","2010","-","All nationalities","20","PPSN - Missing","20","Female","201","Dentistry","Number","9"
"HGO07C01","Number of Graduates","2010","2010","-","All nationalities","20","PPSN - Missing","20","Female","401","Medical Science","Number","6"
"HGO07C01","Number of Graduates","2010","2010","-","All nationalities","20","PPSN - Missing","20","Female","202","Medicine","Number","243"
"HGO07C01","Number of Graduates","2010","2010","-","All nationalities","20","PPSN - Missing","20","Female","30","Nursing and Midwifery","Number","102"
"HGO07C01","Number of Graduates","2010","2010","-","All nationalities","20","PPSN - Missing","20","Female","501","Occupational Therapy","Number","3"
"HGO07C01","Number of Graduates","2010","2010","-","All nationalities","20","PPSN - Missing","20","Female","60","Pharmacy","Number",""
"HGO07C01","Number of Graduates","2010","2010","-","All nationalities","20","PPSN - Missing","20","Female","504","Physiotherapy","Number","6"
"HGO07C01","Number of Graduates","2010","2010","-","All nationalities","20","PPSN - Missing","20","Female","402","Radiography and Radiation Therapy","Number",""
"HGO07C01","Number of Graduates","2010","2010","-","All nationalities","20","PPSN - Missing","20","Female","702","Social Care","Number","135"
"HGO07C01","Number of Graduates","2010","2010","-","All nationalities","20","PPSN - Missing","20","Female","701","Social Work","Number","15"
"HGO07C01","Number of Graduates","2010","2010","-","All nationalities","20","PPSN - Missing","20","Female","10","Speech and Language Therapy","Number","9"
"HGO07C01","Number of Graduates","2010","2010","-","All nationalities","20","PPSN - Missing","20","Female","V52","Dietetics, Optometry and Podiatry","Number","3"
"HGO07C01","Number of Graduates","2010","2010","-","All nationalities","20","PPSN - Missing","-","All genders","201","Dentistry","Number","21"
"HGO07C01","Number of Graduates","2010","2010","-","All nationalities","20","PPSN - Missing","-","All genders","401","Medical Science","Number","6"
"HGO07C01","Number of Graduates","2010","2010","-","All nationalities","20","PPSN - Missing","-","All genders","202","Medicine","Number","477"
"HGO07C01","Number of Graduates","2010","2010","-","All nationalities","20","PPSN - Missing","-","All genders","30","Nursing and Midwifery","Number","120"
"HGO07C01","Number of Graduates","2010","2010","-","All nationalities","20","PPSN - Missing","-","All genders","501","Occupational Therapy","Number","6"
"HGO07C01","Number of Graduates","2010","2010","-","All nationalities","20","PPSN - Missing","-","All genders","60","Pharmacy","Number",""
"HGO07C01","Number of Graduates","2010","2010","-","All nationalities","20","PPSN - Missing","-","All genders","504","Physiotherapy","Number","6"
"HGO07C01","Number of Graduates","2010","2010","-","All nationalities","20","PPSN - Missing","-","All genders","402","Radiography and Radiation Therapy","Number",""
"HGO07C01","Number of Graduates","2010","2010","-","All nationalities","20","PPSN - Missing","-","All genders","702","Social Care","Number","174"
"HGO07C01","Number of Graduates","2010","2010","-","All nationalities","20","PPSN - Missing","-","All genders","701","Social Work","Number","18"
"HGO07C01","Number of Graduates","2010","2010","-","All nationalities","20","PPSN - Missing","-","All genders","10","Speech and Language Therapy","Number","9"
"HGO07C01","Number of Graduates","2010","2010","-","All nationalities","20","PPSN - Missing","-","All genders","V52","Dietetics, Optometry and Podiatry","Number","3"
"HGO07C01","Number of Graduates","2010","2010","-","All nationalities","-","PPSN - All","10","Male","201","Dentistry","Number","27"
"HGO07C01","Number of Graduates","2010","2010","-","All nationalities","-","PPSN - All","10","Male","401","Medical Science","Number","30"
"HGO07C01","Number of Graduates","2010","2010","-","All nationalities","-","PPSN - All","10","Male","202","Medicine","Number","354"
"HGO07C01","Number of Graduates","2010","2010","-","All nationalities","-","PPSN - All","10","Male","30","Nursing and Midwifery","Number","108"
"HGO07C01","Number of Graduates","2010","2010","-","All nationalities","-","PPSN - All","10","Male","501","Occupational Therapy","Number","9"
"HGO07C01","Number of Graduates","2010","2010","-","All nationalities","-","PPSN - All","10","Male","60","Pharmacy","Number",""
"HGO07C01","Number of Graduates","2010","2010","-","All nationalities","-","PPSN - All","10","Male","504","Physiotherapy","Number","33"
"HGO07C01","Number of Graduates","2010","2010","-","All nationalities","-","PPSN - All","10","Male","402","Radiography and Radiation Therapy","Number","9"
"HGO07C01","Number of Graduates","2010","2010","-","All nationalities","-","PPSN - All","10","Male","702","Social Care","Number","105"
"HGO07C01","Number of Graduates","2010","2010","-","All nationalities","-","PPSN - All","10","Male","701","Social Work","Number","18"
"HGO07C01","Number of Graduates","2010","2010","-","All nationalities","-","PPSN - All","10","Male","10","Speech and Language Therapy","Number",""
"HGO07C01","Number of Graduates","2010","2010","-","All nationalities","-","PPSN - All","10","Male","V52","Dietetics, Optometry and Podiatry","Number","6"
"HGO07C01","Number of Graduates","2010","2010","-","All nationalities","-","PPSN - All","20","Female","201","Dentistry","Number","42"
"HGO07C01","Number of Graduates","2010","2010","-","All nationalities","-","PPSN - All","20","Female","401","Medical Science","Number","102"
"HGO07C01","Number of Graduates","2010","2010","-","All nationalities","-","PPSN - All","20","Female","202","Medicine","Number","429"
"HGO07C01","Number of Graduates","2010","2010","-","All nationalities","-","PPSN - All","20","Female","30","Nursing and Midwifery","Number","1299"
"HGO07C01","Number of Graduates","2010","2010","-","All nationalities","-","PPSN - All","20","Female","501","Occupational Therapy","Number","111"
"HGO07C01","Number of Graduates","2010","2010","-","All nationalities","-","PPSN - All","20","Female","60","Pharmacy","Number",""
"HGO07C01","Number of Graduates","2010","2010","-","All nationalities","-","PPSN - All","20","Female","504","Physiotherapy","Number","111"
"HGO07C01","Number of Graduates","2010","2010","-","All nationalities","-","PPSN - All","20","Female","402","Radiography and Radiation Therapy","Number","51"
"HGO07C01","Number of Graduates","2010","2010","-","All nationalities","-","PPSN - All","20","Female","702","Social Care","Number","792"
"HGO07C01","Number of Graduates","2010","2010","-","All nationalities","-","PPSN - All","20","Female","701","Social Work","Number","123"
"HGO07C01","Number of Graduates","2010","2010","-","All nationalities","-","PPSN - All","20","Female","10","Speech and Language Therapy","Number","102"
"HGO07C01","Number of Graduates","2010","2010","-","All nationalities","-","PPSN - All","20","Female","V52","Dietetics, Optometry and Podiatry","Number","51"
"HGO07C01","Number of Graduates","2010","2010","-","All nationalities","-","PPSN - All","-","All genders","201","Dentistry","Number","69"
"HGO07C01","Number of Graduates","2010","2010","-","All nationalities","-","PPSN - All","-","All genders","401","Medical Science","Number","129"
"HGO07C01","Number of Graduates","2010","2010","-","All nationalities","-","PPSN - All","-","All genders","202","Medicine","Number","783"
"HGO07C01","Number of Graduates","2010","2010","-","All nationalities","-","PPSN - All","-","All genders","30","Nursing and Midwifery","Number","1407"
"HGO07C01","Number of Graduates","2010","2010","-","All nationalities","-","PPSN - All","-","All genders","501","Occupational Therapy","Number","120"
"HGO07C01","Number of Graduates","2010","2010","-","All nationalities","-","PPSN - All","-","All genders","60","Pharmacy","Number",""
"HGO07C01","Number of Graduates","2010","2010","-","All nationalities","-","PPSN - All","-","All genders","504","Physiotherapy","Number","144"
"HGO07C01","Number of Graduates","2010","2010","-","All nationalities","-","PPSN - All","-","All genders","402","Radiography and Radiation Therapy","Number","63"
"HGO07C01","Number of Graduates","2010","2010","-","All nationalities","-","PPSN - All","-","All genders","702","Social Care","Number","897"
"HGO07C01","Number of Graduates","2010","2010","-","All nationalities","-","PPSN - All","-","All genders","701","Social Work","Number","141"
"HGO07C01","Number of Graduates","2010","2010","-","All nationalities","-","PPSN - All","-","All genders","10","Speech and Language Therapy","Number","102"
"HGO07C01","Number of Graduates","2010","2010","-","All nationalities","-","PPSN - All","-","All genders","V52","Dietetics, Optometry and Podiatry","Number","57"
"HGO07C01","Number of Graduates","2011","2011","IE","All Irish","10","PPSN - Available","10","Male","201","Dentistry","Number","18"
"HGO07C01","Number of Graduates","2011","2011","IE","All Irish","10","PPSN - Available","10","Male","401","Medical Science","Number","30"
"HGO07C01","Number of Graduates","2011","2011","IE","All Irish","10","PPSN - Available","10","Male","202","Medicine","Number","135"
"HGO07C01","Number of Graduates","2011","2011","IE","All Irish","10","PPSN - Available","10","Male","30","Nursing and Midwifery","Number","75"
"HGO07C01","Number of Graduates","2011","2011","IE","All Irish","10","PPSN - Available","10","Male","501","Occupational Therapy","Number","6"
"HGO07C01","Number of Graduates","2011","2011","IE","All Irish","10","PPSN - Available","10","Male","60","Pharmacy","Number",""
"HGO07C01","Number of Graduates","2011","2011","IE","All Irish","10","PPSN - Available","10","Male","504","Physiotherapy","Number","18"
"HGO07C01","Number of Graduates","2011","2011","IE","All Irish","10","PPSN - Available","10","Male","402","Radiography and Radiation Therapy","Number","3"
"HGO07C01","Number of Graduates","2011","2011","IE","All Irish","10","PPSN - Available","10","Male","702","Social Care","Number","84"
"HGO07C01","Number of Graduates","2011","2011","IE","All Irish","10","PPSN - Available","10","Male","701","Social Work","Number","15"
"HGO07C01","Number of Graduates","2011","2011","IE","All Irish","10","PPSN - Available","10","Male","10","Speech and Language Therapy","Number","3"
"HGO07C01","Number of Graduates","2011","2011","IE","All Irish","10","PPSN - Available","10","Male","V52","Dietetics, Optometry and Podiatry","Number",""
"HGO07C01","Number of Graduates","2011","2011","IE","All Irish","10","PPSN - Available","20","Female","201","Dentistry","Number","27"
"HGO07C01","Number of Graduates","2011","2011","IE","All Irish","10","PPSN - Available","20","Female","401","Medical Science","Number","99"
"HGO07C01","Number of Graduates","2011","2011","IE","All Irish","10","PPSN - Available","20","Female","202","Medicine","Number","192"
"HGO07C01","Number of Graduates","2011","2011","IE","All Irish","10","PPSN - Available","20","Female","30","Nursing and Midwifery","Number","1395"
"HGO07C01","Number of Graduates","2011","2011","IE","All Irish","10","PPSN - Available","20","Female","501","Occupational Therapy","Number","108"
"HGO07C01","Number of Graduates","2011","2011","IE","All Irish","10","PPSN - Available","20","Female","60","Pharmacy","Number",""
"HGO07C01","Number of Graduates","2011","2011","IE","All Irish","10","PPSN - Available","20","Female","504","Physiotherapy","Number","54"
"HGO07C01","Number of Graduates","2011","2011","IE","All Irish","10","PPSN - Available","20","Female","402","Radiography and Radiation Therapy","Number","24"
"HGO07C01","Number of Graduates","2011","2011","IE","All Irish","10","PPSN - Available","20","Female","702","Social Care","Number","570"
"HGO07C01","Number of Graduates","2011","2011","IE","All Irish","10","PPSN - Available","20","Female","701","Social Work","Number","78"
"HGO07C01","Number of Graduates","2011","2011","IE","All Irish","10","PPSN - Available","20","Female","10","Speech and Language Therapy","Number","96"
"HGO07C01","Number of Graduates","2011","2011","IE","All Irish","10","PPSN - Available","20","Female","V52","Dietetics, Optometry and Podiatry","Number","33"
"HGO07C01","Number of Graduates","2011","2011","IE","All Irish","10","PPSN - Available","-","All genders","201","Dentistry","Number","45"
"HGO07C01","Number of Graduates","2011","2011","IE","All Irish","10","PPSN - Available","-","All genders","401","Medical Science","Number","129"
"HGO07C01","Number of Graduates","2011","2011","IE","All Irish","10","PPSN - Available","-","All genders","202","Medicine","Number","327"
"HGO07C01","Number of Graduates","2011","2011","IE","All Irish","10","PPSN - Available","-","All genders","30","Nursing and Midwifery","Number","1470"
"HGO07C01","Number of Graduates","2011","2011","IE","All Irish","10","PPSN - Available","-","All genders","501","Occupational Therapy","Number","111"
"HGO07C01","Number of Graduates","2011","2011","IE","All Irish","10","PPSN - Available","-","All genders","60","Pharmacy","Number",""
"HGO07C01","Number of Graduates","2011","2011","IE","All Irish","10","PPSN - Available","-","All genders","504","Physiotherapy","Number","72"
"HGO07C01","Number of Graduates","2011","2011","IE","All Irish","10","PPSN - Available","-","All genders","402","Radiography and Radiation Therapy","Number","24"
"HGO07C01","Number of Graduates","2011","2011","IE","All Irish","10","PPSN - Available","-","All genders","702","Social Care","Number","654"
"HGO07C01","Number of Graduates","2011","2011","IE","All Irish","10","PPSN - Available","-","All genders","701","Social Work","Number","93"
"HGO07C01","Number of Graduates","2011","2011","IE","All Irish","10","PPSN - Available","-","All genders","10","Speech and Language Therapy","Number","99"
"HGO07C01","Number of Graduates","2011","2011","IE","All Irish","10","PPSN - Available","-","All genders","V52","Dietetics, Optometry and Podiatry","Number","33"
"HGO07C01","Number of Graduates","2011","2011","IE","All Irish","20","PPSN - Missing","10","Male","201","Dentistry","Number","3"
"HGO07C01","Number of Graduates","2011","2011","IE","All Irish","20","PPSN - Missing","10","Male","401","Medical Science","Number",""
"HGO07C01","Number of Graduates","2011","2011","IE","All Irish","20","PPSN - Missing","10","Male","202","Medicine","Number","27"
"HGO07C01","Number of Graduates","2011","2011","IE","All Irish","20","PPSN - Missing","10","Male","30","Nursing and Midwifery","Number","18"
"HGO07C01","Number of Graduates","2011","2011","IE","All Irish","20","PPSN - Missing","10","Male","501","Occupational Therapy","Number",""
"HGO07C01","Number of Graduates","2011","2011","IE","All Irish","20","PPSN - Missing","10","Male","60","Pharmacy","Number",""
"HGO07C01","Number of Graduates","2011","2011","IE","All Irish","20","PPSN - Missing","10","Male","504","Physiotherapy","Number",""
"HGO07C01","Number of Graduates","2011","2011","IE","All Irish","20","PPSN - Missing","10","Male","402","Radiography and Radiation Therapy","Number",""
"HGO07C01","Number of Graduates","2011","2011","IE","All Irish","20","PPSN - Missing","10","Male","702","Social Care","Number","15"
"HGO07C01","Number of Graduates","2011","2011","IE","All Irish","20","PPSN - Missing","10","Male","701","Social Work","Number","3"
"HGO07C01","Number of Graduates","2011","2011","IE","All Irish","20","PPSN - Missing","10","Male","10","Speech and Language Therapy","Number",""
"HGO07C01","Number of Graduates","2011","2011","IE","All Irish","20","PPSN - Missing","10","Male","V52","Dietetics, Optometry and Podiatry","Number",""
"HGO07C01","Number of Graduates","2011","2011","IE","All Irish","20","PPSN - Missing","20","Female","201","Dentistry","Number","3"
"HGO07C01","Number of Graduates","2011","2011","IE","All Irish","20","PPSN - Missing","20","Female","401","Medical Science","Number","3"
"HGO07C01","Number of Graduates","2011","2011","IE","All Irish","20","PPSN - Missing","20","Female","202","Medicine","Number","33"
"HGO07C01","Number of Graduates","2011","2011","IE","All Irish","20","PPSN - Missing","20","Female","30","Nursing and Midwifery","Number","69"
"HGO07C01","Number of Graduates","2011","2011","IE","All Irish","20","PPSN - Missing","20","Female","501","Occupational Therapy","Number","6"
"HGO07C01","Number of Graduates","2011","2011","IE","All Irish","20","PPSN - Missing","20","Female","60","Pharmacy","Number",""
"HGO07C01","Number of Graduates","2011","2011","IE","All Irish","20","PPSN - Missing","20","Female","504","Physiotherapy","Number","9"
"HGO07C01","Number of Graduates","2011","2011","IE","All Irish","20","PPSN - Missing","20","Female","402","Radiography and Radiation Therapy","Number",""
"HGO07C01","Number of Graduates","2011","2011","IE","All Irish","20","PPSN - Missing","20","Female","702","Social Care","Number","66"
"HGO07C01","Number of Graduates","2011","2011","IE","All Irish","20","PPSN - Missing","20","Female","701","Social Work","Number","6"
"HGO07C01","Number of Graduates","2011","2011","IE","All Irish","20","PPSN - Missing","20","Female","10","Speech and Language Therapy","Number","9"
"HGO07C01","Number of Graduates","2011","2011","IE","All Irish","20","PPSN - Missing","20","Female","V52","Dietetics, Optometry and Podiatry","Number","3"
"HGO07C01","Number of Graduates","2011","2011","IE","All Irish","20","PPSN - Missing","-","All genders","201","Dentistry","Number","6"
"HGO07C01","Number of Graduates","2011","2011","IE","All Irish","20","PPSN - Missing","-","All genders","401","Medical Science","Number","6"
"HGO07C01","Number of Graduates","2011","2011","IE","All Irish","20","PPSN - Missing","-","All genders","202","Medicine","Number","60"
"HGO07C01","Number of Graduates","2011","2011","IE","All Irish","20","PPSN - Missing","-","All genders","30","Nursing and Midwifery","Number","87"
"HGO07C01","Number of Graduates","2011","2011","IE","All Irish","20","PPSN - Missing","-","All genders","501","Occupational Therapy","Number","6"
"HGO07C01","Number of Graduates","2011","2011","IE","All Irish","20","PPSN - Missing","-","All genders","60","Pharmacy","Number",""
"HGO07C01","Number of Graduates","2011","2011","IE","All Irish","20","PPSN - Missing","-","All genders","504","Physiotherapy","Number","9"
"HGO07C01","Number of Graduates","2011","2011","IE","All Irish","20","PPSN - Missing","-","All genders","402","Radiography and Radiation Therapy","Number",""
"HGO07C01","Number of Graduates","2011","2011","IE","All Irish","20","PPSN - Missing","-","All genders","702","Social Care","Number","81"
"HGO07C01","Number of Graduates","2011","2011","IE","All Irish","20","PPSN - Missing","-","All genders","701","Social Work","Number","6"
"HGO07C01","Number of Graduates","2011","2011","IE","All Irish","20","PPSN - Missing","-","All genders","10","Speech and Language Therapy","Number","9"
"HGO07C01","Number of Graduates","2011","2011","IE","All Irish","20","PPSN - Missing","-","All genders","V52","Dietetics, Optometry and Podiatry","Number","3"
"HGO07C01","Number of Graduates","2011","2011","IE","All Irish","-","PPSN - All","10","Male","201","Dentistry","Number","21"
"HGO07C01","Number of Graduates","2011","2011","IE","All Irish","-","PPSN - All","10","Male","401","Medical Science","Number","30"
"HGO07C01","Number of Graduates","2011","2011","IE","All Irish","-","PPSN - All","10","Male","202","Medicine","Number","162"
"HGO07C01","Number of Graduates","2011","2011","IE","All Irish","-","PPSN - All","10","Male","30","Nursing and Midwifery","Number","93"
"HGO07C01","Number of Graduates","2011","2011","IE","All Irish","-","PPSN - All","10","Male","501","Occupational Therapy","Number","6"
"HGO07C01","Number of Graduates","2011","2011","IE","All Irish","-","PPSN - All","10","Male","60","Pharmacy","Number",""
"HGO07C01","Number of Graduates","2011","2011","IE","All Irish","-","PPSN - All","10","Male","504","Physiotherapy","Number","18"
"HGO07C01","Number of Graduates","2011","2011","IE","All Irish","-","PPSN - All","10","Male","402","Radiography and Radiation Therapy","Number","3"
"HGO07C01","Number of Graduates","2011","2011","IE","All Irish","-","PPSN - All","10","Male","702","Social Care","Number","99"
"HGO07C01","Number of Graduates","2011","2011","IE","All Irish","-","PPSN - All","10","Male","701","Social Work","Number","18"
"HGO07C01","Number of Graduates","2011","2011","IE","All Irish","-","PPSN - All","10","Male","10","Speech and Language Therapy","Number","3"
"HGO07C01","Number of Graduates","2011","2011","IE","All Irish","-","PPSN - All","10","Male","V52","Dietetics, Optometry and Podiatry","Number",""
"HGO07C01","Number of Graduates","2011","2011","IE","All Irish","-","PPSN - All","20","Female","201","Dentistry","Number","30"
"HGO07C01","Number of Graduates","2011","2011","IE","All Irish","-","PPSN - All","20","Female","401","Medical Science","Number","102"
"HGO07C01","Number of Graduates","2011","2011","IE","All Irish","-","PPSN - All","20","Female","202","Medicine","Number","225"
"HGO07C01","Number of Graduates","2011","2011","IE","All Irish","-","PPSN - All","20","Female","30","Nursing and Midwifery","Number","1464"
"HGO07C01","Number of Graduates","2011","2011","IE","All Irish","-","PPSN - All","20","Female","501","Occupational Therapy","Number","111"
"HGO07C01","Number of Graduates","2011","2011","IE","All Irish","-","PPSN - All","20","Female","60","Pharmacy","Number",""
"HGO07C01","Number of Graduates","2011","2011","IE","All Irish","-","PPSN - All","20","Female","504","Physiotherapy","Number","63"
"HGO07C01","Number of Graduates","2011","2011","IE","All Irish","-","PPSN - All","20","Female","402","Radiography and Radiation Therapy","Number","24"
"HGO07C01","Number of Graduates","2011","2011","IE","All Irish","-","PPSN - All","20","Female","702","Social Care","Number","636"
"HGO07C01","Number of Graduates","2011","2011","IE","All Irish","-","PPSN - All","20","Female","701","Social Work","Number","81"
"HGO07C01","Number of Graduates","2011","2011","IE","All Irish","-","PPSN - All","20","Female","10","Speech and Language Therapy","Number","105"
"HGO07C01","Number of Graduates","2011","2011","IE","All Irish","-","PPSN - All","20","Female","V52","Dietetics, Optometry and Podiatry","Number","36"
"HGO07C01","Number of Graduates","2011","2011","IE","All Irish","-","PPSN - All","-","All genders","201","Dentistry","Number","51"
"HGO07C01","Number of Graduates","2011","2011","IE","All Irish","-","PPSN - All","-","All genders","401","Medical Science","Number","132"
"HGO07C01","Number of Graduates","2011","2011","IE","All Irish","-","PPSN - All","-","All genders","202","Medicine","Number","387"
"HGO07C01","Number of Graduates","2011","2011","IE","All Irish","-","PPSN - All","-","All genders","30","Nursing and Midwifery","Number","1557"
"HGO07C01","Number of Graduates","2011","2011","IE","All Irish","-","PPSN - All","-","All genders","501","Occupational Therapy","Number","117"
"HGO07C01","Number of Graduates","2011","2011","IE","All Irish","-","PPSN - All","-","All genders","60","Pharmacy","Number",""
"HGO07C01","Number of Graduates","2011","2011","IE","All Irish","-","PPSN - All","-","All genders","504","Physiotherapy","Number","81"
"HGO07C01","Number of Graduates","2011","2011","IE","All Irish","-","PPSN - All","-","All genders","402","Radiography and Radiation Therapy","Number","27"
"HGO07C01","Number of Graduates","2011","2011","IE","All Irish","-","PPSN - All","-","All genders","702","Social Care","Number","735"
"HGO07C01","Number of Graduates","2011","2011","IE","All Irish","-","PPSN - All","-","All genders","701","Social Work","Number","99"
"HGO07C01","Number of Graduates","2011","2011","IE","All Irish","-","PPSN - All","-","All genders","10","Speech and Language Therapy","Number","108"
"HGO07C01","Number of Graduates","2011","2011","IE","All Irish","-","PPSN - All","-","All genders","V52","Dietetics, Optometry and Podiatry","Number","36"
"HGO07C01","Number of Graduates","2011","2011","IE05","Non-Irish","10","PPSN - Available","10","Male","201","Dentistry","Number","3"
"HGO07C01","Number of Graduates","2011","2011","IE05","Non-Irish","10","PPSN - Available","10","Male","401","Medical Science","Number","3"
"HGO07C01","Number of Graduates","2011","2011","IE05","Non-Irish","10","PPSN - Available","10","Male","202","Medicine","Number","21"
"HGO07C01","Number of Graduates","2011","2011","IE05","Non-Irish","10","PPSN - Available","10","Male","30","Nursing and Midwifery","Number","6"
"HGO07C01","Number of Graduates","2011","2011","IE05","Non-Irish","10","PPSN - Available","10","Male","501","Occupational Therapy","Number",""
"HGO07C01","Number of Graduates","2011","2011","IE05","Non-Irish","10","PPSN - Available","10","Male","60","Pharmacy","Number",""
"HGO07C01","Number of Graduates","2011","2011","IE05","Non-Irish","10","PPSN - Available","10","Male","504","Physiotherapy","Number",""
"HGO07C01","Number of Graduates","2011","2011","IE05","Non-Irish","10","PPSN - Available","10","Male","402","Radiography and Radiation Therapy","Number",""
"HGO07C01","Number of Graduates","2011","2011","IE05","Non-Irish","10","PPSN - Available","10","Male","702","Social Care","Number",""
"HGO07C01","Number of Graduates","2011","2011","IE05","Non-Irish","10","PPSN - Available","10","Male","701","Social Work","Number",""
"HGO07C01","Number of Graduates","2011","2011","IE05","Non-Irish","10","PPSN - Available","10","Male","10","Speech and Language Therapy","Number",""
"HGO07C01","Number of Graduates","2011","2011","IE05","Non-Irish","10","PPSN - Available","10","Male","V52","Dietetics, Optometry and Podiatry","Number",""
"HGO07C01","Number of Graduates","2011","2011","IE05","Non-Irish","10","PPSN - Available","20","Female","201","Dentistry","Number",""
"HGO07C01","Number of Graduates","2011","2011","IE05","Non-Irish","10","PPSN - Available","20","Female","401","Medical Science","Number","3"
"HGO07C01","Number of Graduates","2011","2011","IE05","Non-Irish","10","PPSN - Available","20","Female","202","Medicine","Number","15"
"HGO07C01","Number of Graduates","2011","2011","IE05","Non-Irish","10","PPSN - Available","20","Female","30","Nursing and Midwifery","Number","45"
"HGO07C01","Number of Graduates","2011","2011","IE05","Non-Irish","10","PPSN - Available","20","Female","501","Occupational Therapy","Number",""
"HGO07C01","Number of Graduates","2011","2011","IE05","Non-Irish","10","PPSN - Available","20","Female","60","Pharmacy","Number",""
"HGO07C01","Number of Graduates","2011","2011","IE05","Non-Irish","10","PPSN - Available","20","Female","504","Physiotherapy","Number",""
"HGO07C01","Number of Graduates","2011","2011","IE05","Non-Irish","10","PPSN - Available","20","Female","402","Radiography and Radiation Therapy","Number",""
"HGO07C01","Number of Graduates","2011","2011","IE05","Non-Irish","10","PPSN - Available","20","Female","702","Social Care","Number","24"
"HGO07C01","Number of Graduates","2011","2011","IE05","Non-Irish","10","PPSN - Available","20","Female","701","Social Work","Number","3"
"HGO07C01","Number of Graduates","2011","2011","IE05","Non-Irish","10","PPSN - Available","20","Female","10","Speech and Language Therapy","Number",""
"HGO07C01","Number of Graduates","2011","2011","IE05","Non-Irish","10","PPSN - Available","20","Female","V52","Dietetics, Optometry and Podiatry","Number",""
"HGO07C01","Number of Graduates","2011","2011","IE05","Non-Irish","10","PPSN - Available","-","All genders","201","Dentistry","Number","3"
"HGO07C01","Number of Graduates","2011","2011","IE05","Non-Irish","10","PPSN - Available","-","All genders","401","Medical Science","Number","6"
"HGO07C01","Number of Graduates","2011","2011","IE05","Non-Irish","10","PPSN - Available","-","All genders","202","Medicine","Number","36"
"HGO07C01","Number of Graduates","2011","2011","IE05","Non-Irish","10","PPSN - Available","-","All genders","30","Nursing and Midwifery","Number","54"
"HGO07C01","Number of Graduates","2011","2011","IE05","Non-Irish","10","PPSN - Available","-","All genders","501","Occupational Therapy","Number",""
"HGO07C01","Number of Graduates","2011","2011","IE05","Non-Irish","10","PPSN - Available","-","All genders","60","Pharmacy","Number",""
"HGO07C01","Number of Graduates","2011","2011","IE05","Non-Irish","10","PPSN - Available","-","All genders","504","Physiotherapy","Number",""
"HGO07C01","Number of Graduates","2011","2011","IE05","Non-Irish","10","PPSN - Available","-","All genders","402","Radiography and Radiation Therapy","Number",""
"HGO07C01","Number of Graduates","2011","2011","IE05","Non-Irish","10","PPSN - Available","-","All genders","702","Social Care","Number","24"
"HGO07C01","Number of Graduates","2011","2011","IE05","Non-Irish","10","PPSN - Available","-","All genders","701","Social Work","Number","3"
"HGO07C01","Number of Graduates","2011","2011","IE05","Non-Irish","10","PPSN - Available","-","All genders","10","Speech and Language Therapy","Number",""
"HGO07C01","Number of Graduates","2011","2011","IE05","Non-Irish","10","PPSN - Available","-","All genders","V52","Dietetics, Optometry and Podiatry","Number",""
"HGO07C01","Number of Graduates","2011","2011","IE05","Non-Irish","20","PPSN - Missing","10","Male","201","Dentistry","Number","9"
"HGO07C01","Number of Graduates","2011","2011","IE05","Non-Irish","20","PPSN - Missing","10","Male","401","Medical Science","Number","3"
"HGO07C01","Number of Graduates","2011","2011","IE05","Non-Irish","20","PPSN - Missing","10","Male","202","Medicine","Number","138"
"HGO07C01","Number of Graduates","2011","2011","IE05","Non-Irish","20","PPSN - Missing","10","Male","30","Nursing and Midwifery","Number","3"
"HGO07C01","Number of Graduates","2011","2011","IE05","Non-Irish","20","PPSN - Missing","10","Male","501","Occupational Therapy","Number",""
"HGO07C01","Number of Graduates","2011","2011","IE05","Non-Irish","20","PPSN - Missing","10","Male","60","Pharmacy","Number",""
"HGO07C01","Number of Graduates","2011","2011","IE05","Non-Irish","20","PPSN - Missing","10","Male","504","Physiotherapy","Number",""
"HGO07C01","Number of Graduates","2011","2011","IE05","Non-Irish","20","PPSN - Missing","10","Male","402","Radiography and Radiation Therapy","Number",""
"HGO07C01","Number of Graduates","2011","2011","IE05","Non-Irish","20","PPSN - Missing","10","Male","702","Social Care","Number",""
"HGO07C01","Number of Graduates","2011","2011","IE05","Non-Irish","20","PPSN - Missing","10","Male","701","Social Work","Number",""
"HGO07C01","Number of Graduates","2011","2011","IE05","Non-Irish","20","PPSN - Missing","10","Male","10","Speech and Language Therapy","Number",""
"HGO07C01","Number of Graduates","2011","2011","IE05","Non-Irish","20","PPSN - Missing","10","Male","V52","Dietetics, Optometry and Podiatry","Number",""
"HGO07C01","Number of Graduates","2011","2011","IE05","Non-Irish","20","PPSN - Missing","20","Female","201","Dentistry","Number","9"
"HGO07C01","Number of Graduates","2011","2011","IE05","Non-Irish","20","PPSN - Missing","20","Female","401","Medical Science","Number","3"
"HGO07C01","Number of Graduates","2011","2011","IE05","Non-Irish","20","PPSN - Missing","20","Female","202","Medicine","Number","174"
"HGO07C01","Number of Graduates","2011","2011","IE05","Non-Irish","20","PPSN - Missing","20","Female","30","Nursing and Midwifery","Number","15"
"HGO07C01","Number of Graduates","2011","2011","IE05","Non-Irish","20","PPSN - Missing","20","Female","501","Occupational Therapy","Number",""
"HGO07C01","Number of Graduates","2011","2011","IE05","Non-Irish","20","PPSN - Missing","20","Female","60","Pharmacy","Number",""
"HGO07C01","Number of Graduates","2011","2011","IE05","Non-Irish","20","PPSN - Missing","20","Female","504","Physiotherapy","Number",""
"HGO07C01","Number of Graduates","2011","2011","IE05","Non-Irish","20","PPSN - Missing","20","Female","402","Radiography and Radiation Therapy","Number",""
"HGO07C01","Number of Graduates","2011","2011","IE05","Non-Irish","20","PPSN - Missing","20","Female","702","Social Care","Number","9"
"HGO07C01","Number of Graduates","2011","2011","IE05","Non-Irish","20","PPSN - Missing","20","Female","701","Social Work","Number",""
"HGO07C01","Number of Graduates","2011","2011","IE05","Non-Irish","20","PPSN - Missing","20","Female","10","Speech and Language Therapy","Number","3"
"HGO07C01","Number of Graduates","2011","2011","IE05","Non-Irish","20","PPSN - Missing","20","Female","V52","Dietetics, Optometry and Podiatry","Number",""
"HGO07C01","Number of Graduates","2011","2011","IE05","Non-Irish","20","PPSN - Missing","-","All genders","201","Dentistry","Number","18"
"HGO07C01","Number of Graduates","2011","2011","IE05","Non-Irish","20","PPSN - Missing","-","All genders","401","Medical Science","Number","3"
"HGO07C01","Number of Graduates","2011","2011","IE05","Non-Irish","20","PPSN - Missing","-","All genders","202","Medicine","Number","315"
"HGO07C01","Number of Graduates","2011","2011","IE05","Non-Irish","20","PPSN - Missing","-","All genders","30","Nursing and Midwifery","Number","18"
"HGO07C01","Number of Graduates","2011","2011","IE05","Non-Irish","20","PPSN - Missing","-","All genders","501","Occupational Therapy","Number",""
"HGO07C01","Number of Graduates","2011","2011","IE05","Non-Irish","20","PPSN - Missing","-","All genders","60","Pharmacy","Number",""
"HGO07C01","Number of Graduates","2011","2011","IE05","Non-Irish","20","PPSN - Missing","-","All genders","504","Physiotherapy","Number",""
"HGO07C01","Number of Graduates","2011","2011","IE05","Non-Irish","20","PPSN - Missing","-","All genders","402","Radiography and Radiation Therapy","Number",""
"HGO07C01","Number of Graduates","2011","2011","IE05","Non-Irish","20","PPSN - Missing","-","All genders","702","Social Care","Number","9"
"HGO07C01","Number of Graduates","2011","2011","IE05","Non-Irish","20","PPSN - Missing","-","All genders","701","Social Work","Number",""
"HGO07C01","Number of Graduates","2011","2011","IE05","Non-Irish","20","PPSN - Missing","-","All genders","10","Speech and Language Therapy","Number","3"
"HGO07C01","Number of Graduates","2011","2011","IE05","Non-Irish","20","PPSN - Missing","-","All genders","V52","Dietetics, Optometry and Podiatry","Number",""
"HGO07C01","Number of Graduates","2011","2011","IE05","Non-Irish","-","PPSN - All","10","Male","201","Dentistry","Number","9"
"HGO07C01","Number of Graduates","2011","2011","IE05","Non-Irish","-","PPSN - All","10","Male","401","Medical Science","Number","3"
"HGO07C01","Number of Graduates","2011","2011","IE05","Non-Irish","-","PPSN - All","10","Male","202","Medicine","Number","159"
"HGO07C01","Number of Graduates","2011","2011","IE05","Non-Irish","-","PPSN - All","10","Male","30","Nursing and Midwifery","Number","9"
"HGO07C01","Number of Graduates","2011","2011","IE05","Non-Irish","-","PPSN - All","10","Male","501","Occupational Therapy","Number",""
"HGO07C01","Number of Graduates","2011","2011","IE05","Non-Irish","-","PPSN - All","10","Male","60","Pharmacy","Number",""
"HGO07C01","Number of Graduates","2011","2011","IE05","Non-Irish","-","PPSN - All","10","Male","504","Physiotherapy","Number",""
"HGO07C01","Number of Graduates","2011","2011","IE05","Non-Irish","-","PPSN - All","10","Male","402","Radiography and Radiation Therapy","Number",""
"HGO07C01","Number of Graduates","2011","2011","IE05","Non-Irish","-","PPSN - All","10","Male","702","Social Care","Number",""
"HGO07C01","Number of Graduates","2011","2011","IE05","Non-Irish","-","PPSN - All","10","Male","701","Social Work","Number",""
"HGO07C01","Number of Graduates","2011","2011","IE05","Non-Irish","-","PPSN - All","10","Male","10","Speech and Language Therapy","Number",""
"HGO07C01","Number of Graduates","2011","2011","IE05","Non-Irish","-","PPSN - All","10","Male","V52","Dietetics, Optometry and Podiatry","Number",""
"HGO07C01","Number of Graduates","2011","2011","IE05","Non-Irish","-","PPSN - All","20","Female","201","Dentistry","Number","9"
"HGO07C01","Number of Graduates","2011","2011","IE05","Non-Irish","-","PPSN - All","20","Female","401","Medical Science","Number","6"
"HGO07C01","Number of Graduates","2011","2011","IE05","Non-Irish","-","PPSN - All","20","Female","202","Medicine","Number","192"
"HGO07C01","Number of Graduates","2011","2011","IE05","Non-Irish","-","PPSN - All","20","Female","30","Nursing and Midwifery","Number","63"
"HGO07C01","Number of Graduates","2011","2011","IE05","Non-Irish","-","PPSN - All","20","Female","501","Occupational Therapy","Number",""
"HGO07C01","Number of Graduates","2011","2011","IE05","Non-Irish","-","PPSN - All","20","Female","60","Pharmacy","Number",""
"HGO07C01","Number of Graduates","2011","2011","IE05","Non-Irish","-","PPSN - All","20","Female","504","Physiotherapy","Number",""
"HGO07C01","Number of Graduates","2011","2011","IE05","Non-Irish","-","PPSN - All","20","Female","402","Radiography and Radiation Therapy","Number",""
"HGO07C01","Number of Graduates","2011","2011","IE05","Non-Irish","-","PPSN - All","20","Female","702","Social Care","Number","33"
"HGO07C01","Number of Graduates","2011","2011","IE05","Non-Irish","-","PPSN - All","20","Female","701","Social Work","Number","3"
"HGO07C01","Number of Graduates","2011","2011","IE05","Non-Irish","-","PPSN - All","20","Female","10","Speech and Language Therapy","Number","6"
"HGO07C01","Number of Graduates","2011","2011","IE05","Non-Irish","-","PPSN - All","20","Female","V52","Dietetics, Optometry and Podiatry","Number",""
"HGO07C01","Number of Graduates","2011","2011","IE05","Non-Irish","-","PPSN - All","-","All genders","201","Dentistry","Number","21"
"HGO07C01","Number of Graduates","2011","2011","IE05","Non-Irish","-","PPSN - All","-","All genders","401","Medical Science","Number","9"
"HGO07C01","Number of Graduates","2011","2011","IE05","Non-Irish","-","PPSN - All","-","All genders","202","Medicine","Number","351"
"HGO07C01","Number of Graduates","2011","2011","IE05","Non-Irish","-","PPSN - All","-","All genders","30","Nursing and Midwifery","Number","72"
"HGO07C01","Number of Graduates","2011","2011","IE05","Non-Irish","-","PPSN - All","-","All genders","501","Occupational Therapy","Number",""
"HGO07C01","Number of Graduates","2011","2011","IE05","Non-Irish","-","PPSN - All","-","All genders","60","Pharmacy","Number",""
"HGO07C01","Number of Graduates","2011","2011","IE05","Non-Irish","-","PPSN - All","-","All genders","504","Physiotherapy","Number",""
"HGO07C01","Number of Graduates","2011","2011","IE05","Non-Irish","-","PPSN - All","-","All genders","402","Radiography and Radiation Therapy","Number",""
"HGO07C01","Number of Graduates","2011","2011","IE05","Non-Irish","-","PPSN - All","-","All genders","702","Social Care","Number","33"
"HGO07C01","Number of Graduates","2011","2011","IE05","Non-Irish","-","PPSN - All","-","All genders","701","Social Work","Number","3"
"HGO07C01","Number of Graduates","2011","2011","IE05","Non-Irish","-","PPSN - All","-","All genders","10","Speech and Language Therapy","Number","6"
"HGO07C01","Number of Graduates","2011","2011","IE05","Non-Irish","-","PPSN - All","-","All genders","V52","Dietetics, Optometry and Podiatry","Number",""
"HGO07C01","Number of Graduates","2011","2011","-","All nationalities","10","PPSN - Available","10","Male","201","Dentistry","Number","18"
"HGO07C01","Number of Graduates","2011","2011","-","All nationalities","10","PPSN - Available","10","Male","401","Medical Science","Number","33"
"HGO07C01","Number of Graduates","2011","2011","-","All nationalities","10","PPSN - Available","10","Male","202","Medicine","Number","156"
"HGO07C01","Number of Graduates","2011","2011","-","All nationalities","10","PPSN - Available","10","Male","30","Nursing and Midwifery","Number","84"
"HGO07C01","Number of Graduates","2011","2011","-","All nationalities","10","PPSN - Available","10","Male","501","Occupational Therapy","Number","6"
"HGO07C01","Number of Graduates","2011","2011","-","All nationalities","10","PPSN - Available","10","Male","60","Pharmacy","Number",""
"HGO07C01","Number of Graduates","2011","2011","-","All nationalities","10","PPSN - Available","10","Male","504","Physiotherapy","Number","18"
"HGO07C01","Number of Graduates","2011","2011","-","All nationalities","10","PPSN - Available","10","Male","402","Radiography and Radiation Therapy","Number","3"
"HGO07C01","Number of Graduates","2011","2011","-","All nationalities","10","PPSN - Available","10","Male","702","Social Care","Number","87"
"HGO07C01","Number of Graduates","2011","2011","-","All nationalities","10","PPSN - Available","10","Male","701","Social Work","Number","15"
"HGO07C01","Number of Graduates","2011","2011","-","All nationalities","10","PPSN - Available","10","Male","10","Speech and Language Therapy","Number","3"
"HGO07C01","Number of Graduates","2011","2011","-","All nationalities","10","PPSN - Available","10","Male","V52","Dietetics, Optometry and Podiatry","Number",""
"HGO07C01","Number of Graduates","2011","2011","-","All nationalities","10","PPSN - Available","20","Female","201","Dentistry","Number","27"
"HGO07C01","Number of Graduates","2011","2011","-","All nationalities","10","PPSN - Available","20","Female","401","Medical Science","Number","102"
"HGO07C01","Number of Graduates","2011","2011","-","All nationalities","10","PPSN - Available","20","Female","202","Medicine","Number","207"
"HGO07C01","Number of Graduates","2011","2011","-","All nationalities","10","PPSN - Available","20","Female","30","Nursing and Midwifery","Number","1440"
"HGO07C01","Number of Graduates","2011","2011","-","All nationalities","10","PPSN - Available","20","Female","501","Occupational Therapy","Number","108"
"HGO07C01","Number of Graduates","2011","2011","-","All nationalities","10","PPSN - Available","20","Female","60","Pharmacy","Number",""
"HGO07C01","Number of Graduates","2011","2011","-","All nationalities","10","PPSN - Available","20","Female","504","Physiotherapy","Number","54"
"HGO07C01","Number of Graduates","2011","2011","-","All nationalities","10","PPSN - Available","20","Female","402","Radiography and Radiation Therapy","Number","24"
"HGO07C01","Number of Graduates","2011","2011","-","All nationalities","10","PPSN - Available","20","Female","702","Social Care","Number","594"
"HGO07C01","Number of Graduates","2011","2011","-","All nationalities","10","PPSN - Available","20","Female","701","Social Work","Number","81"
"HGO07C01","Number of Graduates","2011","2011","-","All nationalities","10","PPSN - Available","20","Female","10","Speech and Language Therapy","Number","96"
"HGO07C01","Number of Graduates","2011","2011","-","All nationalities","10","PPSN - Available","20","Female","V52","Dietetics, Optometry and Podiatry","Number","33"
"HGO07C01","Number of Graduates","2011","2011","-","All nationalities","10","PPSN - Available","-","All genders","201","Dentistry","Number","48"
"HGO07C01","Number of Graduates","2011","2011","-","All nationalities","10","PPSN - Available","-","All genders","401","Medical Science","Number","135"
"HGO07C01","Number of Graduates","2011","2011","-","All nationalities","10","PPSN - Available","-","All genders","202","Medicine","Number","366"
"HGO07C01","Number of Graduates","2011","2011","-","All nationalities","10","PPSN - Available","-","All genders","30","Nursing and Midwifery","Number","1524"
"HGO07C01","Number of Graduates","2011","2011","-","All nationalities","10","PPSN - Available","-","All genders","501","Occupational Therapy","Number","111"
"HGO07C01","Number of Graduates","2011","2011","-","All nationalities","10","PPSN - Available","-","All genders","60","Pharmacy","Number",""
"HGO07C01","Number of Graduates","2011","2011","-","All nationalities","10","PPSN - Available","-","All genders","504","Physiotherapy","Number","72"
"HGO07C01","Number of Graduates","2011","2011","-","All nationalities","10","PPSN - Available","-","All genders","402","Radiography and Radiation Therapy","Number","27"
"HGO07C01","Number of Graduates","2011","2011","-","All nationalities","10","PPSN - Available","-","All genders","702","Social Care","Number","678"
"HGO07C01","Number of Graduates","2011","2011","-","All nationalities","10","PPSN - Available","-","All genders","701","Social Work","Number","96"
"HGO07C01","Number of Graduates","2011","2011","-","All nationalities","10","PPSN - Available","-","All genders","10","Speech and Language Therapy","Number","99"
"HGO07C01","Number of Graduates","2011","2011","-","All nationalities","10","PPSN - Available","-","All genders","V52","Dietetics, Optometry and Podiatry","Number","33"
"HGO07C01","Number of Graduates","2011","2011","-","All nationalities","20","PPSN - Missing","10","Male","201","Dentistry","Number","12"
"HGO07C01","Number of Graduates","2011","2011","-","All nationalities","20","PPSN - Missing","10","Male","401","Medical Science","Number","3"
"HGO07C01","Number of Graduates","2011","2011","-","All nationalities","20","PPSN - Missing","10","Male","202","Medicine","Number","165"
"HGO07C01","Number of Graduates","2011","2011","-","All nationalities","20","PPSN - Missing","10","Male","30","Nursing and Midwifery","Number","21"
"HGO07C01","Number of Graduates","2011","2011","-","All nationalities","20","PPSN - Missing","10","Male","501","Occupational Therapy","Number",""
"HGO07C01","Number of Graduates","2011","2011","-","All nationalities","20","PPSN - Missing","10","Male","60","Pharmacy","Number",""
"HGO07C01","Number of Graduates","2011","2011","-","All nationalities","20","PPSN - Missing","10","Male","504","Physiotherapy","Number","3"
"HGO07C01","Number of Graduates","2011","2011","-","All nationalities","20","PPSN - Missing","10","Male","402","Radiography and Radiation Therapy","Number",""
"HGO07C01","Number of Graduates","2011","2011","-","All nationalities","20","PPSN - Missing","10","Male","702","Social Care","Number","15"
"HGO07C01","Number of Graduates","2011","2011","-","All nationalities","20","PPSN - Missing","10","Male","701","Social Work","Number","3"
"HGO07C01","Number of Graduates","2011","2011","-","All nationalities","20","PPSN - Missing","10","Male","10","Speech and Language Therapy","Number",""
"HGO07C01","Number of Graduates","2011","2011","-","All nationalities","20","PPSN - Missing","10","Male","V52","Dietetics, Optometry and Podiatry","Number",""
"HGO07C01","Number of Graduates","2011","2011","-","All nationalities","20","PPSN - Missing","20","Female","201","Dentistry","Number","12"
"HGO07C01","Number of Graduates","2011","2011","-","All nationalities","20","PPSN - Missing","20","Female","401","Medical Science","Number","6"
"HGO07C01","Number of Graduates","2011","2011","-","All nationalities","20","PPSN - Missing","20","Female","202","Medicine","Number","207"
"HGO07C01","Number of Graduates","2011","2011","-","All nationalities","20","PPSN - Missing","20","Female","30","Nursing and Midwifery","Number","87"
"HGO07C01","Number of Graduates","2011","2011","-","All nationalities","20","PPSN - Missing","20","Female","501","Occupational Therapy","Number","6"
"HGO07C01","Number of Graduates","2011","2011","-","All nationalities","20","PPSN - Missing","20","Female","60","Pharmacy","Number",""
"HGO07C01","Number of Graduates","2011","2011","-","All nationalities","20","PPSN - Missing","20","Female","504","Physiotherapy","Number","9"
"HGO07C01","Number of Graduates","2011","2011","-","All nationalities","20","PPSN - Missing","20","Female","402","Radiography and Radiation Therapy","Number",""
"HGO07C01","Number of Graduates","2011","2011","-","All nationalities","20","PPSN - Missing","20","Female","702","Social Care","Number","78"
"HGO07C01","Number of Graduates","2011","2011","-","All nationalities","20","PPSN - Missing","20","Female","701","Social Work","Number","6"
"HGO07C01","Number of Graduates","2011","2011","-","All nationalities","20","PPSN - Missing","20","Female","10","Speech and Language Therapy","Number","12"
"HGO07C01","Number of Graduates","2011","2011","-","All nationalities","20","PPSN - Missing","20","Female","V52","Dietetics, Optometry and Podiatry","Number","3"
"HGO07C01","Number of Graduates","2011","2011","-","All nationalities","20","PPSN - Missing","-","All genders","201","Dentistry","Number","24"
"HGO07C01","Number of Graduates","2011","2011","-","All nationalities","20","PPSN - Missing","-","All genders","401","Medical Science","Number","9"
"HGO07C01","Number of Graduates","2011","2011","-","All nationalities","20","PPSN - Missing","-","All genders","202","Medicine","Number","372"
"HGO07C01","Number of Graduates","2011","2011","-","All nationalities","20","PPSN - Missing","-","All genders","30","Nursing and Midwifery","Number","105"
"HGO07C01","Number of Graduates","2011","2011","-","All nationalities","20","PPSN - Missing","-","All genders","501","Occupational Therapy","Number","6"
"HGO07C01","Number of Graduates","2011","2011","-","All nationalities","20","PPSN - Missing","-","All genders","60","Pharmacy","Number",""
"HGO07C01","Number of Graduates","2011","2011","-","All nationalities","20","PPSN - Missing","-","All genders","504","Physiotherapy","Number","9"
"HGO07C01","Number of Graduates","2011","2011","-","All nationalities","20","PPSN - Missing","-","All genders","402","Radiography and Radiation Therapy","Number",""
"HGO07C01","Number of Graduates","2011","2011","-","All nationalities","20","PPSN - Missing","-","All genders","702","Social Care","Number","90"
"HGO07C01","Number of Graduates","2011","2011","-","All nationalities","20","PPSN - Missing","-","All genders","701","Social Work","Number","6"
"HGO07C01","Number of Graduates","2011","2011","-","All nationalities","20","PPSN - Missing","-","All genders","10","Speech and Language Therapy","Number","12"
"HGO07C01","Number of Graduates","2011","2011","-","All nationalities","20","PPSN - Missing","-","All genders","V52","Dietetics, Optometry and Podiatry","Number","3"
"HGO07C01","Number of Graduates","2011","2011","-","All nationalities","-","PPSN - All","10","Male","201","Dentistry","Number","30"
"HGO07C01","Number of Graduates","2011","2011","-","All nationalities","-","PPSN - All","10","Male","401","Medical Science","Number","36"
"HGO07C01","Number of Graduates","2011","2011","-","All nationalities","-","PPSN - All","10","Male","202","Medicine","Number","321"
"HGO07C01","Number of Graduates","2011","2011","-","All nationalities","-","PPSN - All","10","Male","30","Nursing and Midwifery","Number","102"
"HGO07C01","Number of Graduates","2011","2011","-","All nationalities","-","PPSN - All","10","Male","501","Occupational Therapy","Number","6"
"HGO07C01","Number of Graduates","2011","2011","-","All nationalities","-","PPSN - All","10","Male","60","Pharmacy","Number",""
"HGO07C01","Number of Graduates","2011","2011","-","All nationalities","-","PPSN - All","10","Male","504","Physiotherapy","Number","21"
"HGO07C01","Number of Graduates","2011","2011","-","All nationalities","-","PPSN - All","10","Male","402","Radiography and Radiation Therapy","Number","3"
"HGO07C01","Number of Graduates","2011","2011","-","All nationalities","-","PPSN - All","10","Male","702","Social Care","Number","99"
"HGO07C01","Number of Graduates","2011","2011","-","All nationalities","-","PPSN - All","10","Male","701","Social Work","Number","18"
"HGO07C01","Number of Graduates","2011","2011","-","All nationalities","-","PPSN - All","10","Male","10","Speech and Language Therapy","Number","3"
"HGO07C01","Number of Graduates","2011","2011","-","All nationalities","-","PPSN - All","10","Male","V52","Dietetics, Optometry and Podiatry","Number",""
"HGO07C01","Number of Graduates","2011","2011","-","All nationalities","-","PPSN - All","20","Female","201","Dentistry","Number","39"
"HGO07C01","Number of Graduates","2011","2011","-","All nationalities","-","PPSN - All","20","Female","401","Medical Science","Number","108"
"HGO07C01","Number of Graduates","2011","2011","-","All nationalities","-","PPSN - All","20","Female","202","Medicine","Number","417"
"HGO07C01","Number of Graduates","2011","2011","-","All nationalities","-","PPSN - All","20","Female","30","Nursing and Midwifery","Number","1527"
"HGO07C01","Number of Graduates","2011","2011","-","All nationalities","-","PPSN - All","20","Female","501","Occupational Therapy","Number","111"
"HGO07C01","Number of Graduates","2011","2011","-","All nationalities","-","PPSN - All","20","Female","60","Pharmacy","Number",""
"HGO07C01","Number of Graduates","2011","2011","-","All nationalities","-","PPSN - All","20","Female","504","Physiotherapy","Number","63"
"HGO07C01","Number of Graduates","2011","2011","-","All nationalities","-","PPSN - All","20","Female","402","Radiography and Radiation Therapy","Number","24"
"HGO07C01","Number of Graduates","2011","2011","-","All nationalities","-","PPSN - All","20","Female","702","Social Care","Number","669"
"HGO07C01","Number of Graduates","2011","2011","-","All nationalities","-","PPSN - All","20","Female","701","Social Work","Number","84"
"HGO07C01","Number of Graduates","2011","2011","-","All nationalities","-","PPSN - All","20","Female","10","Speech and Language Therapy","Number","108"
"HGO07C01","Number of Graduates","2011","2011","-","All nationalities","-","PPSN - All","20","Female","V52","Dietetics, Optometry and Podiatry","Number","36"
"HGO07C01","Number of Graduates","2011","2011","-","All nationalities","-","PPSN - All","-","All genders","201","Dentistry","Number","69"
"HGO07C01","Number of Graduates","2011","2011","-","All nationalities","-","PPSN - All","-","All genders","401","Medical Science","Number","144"
"HGO07C01","Number of Graduates","2011","2011","-","All nationalities","-","PPSN - All","-","All genders","202","Medicine","Number","738"
"HGO07C01","Number of Graduates","2011","2011","-","All nationalities","-","PPSN - All","-","All genders","30","Nursing and Midwifery","Number","1629"
"HGO07C01","Number of Graduates","2011","2011","-","All nationalities","-","PPSN - All","-","All genders","501","Occupational Therapy","Number","117"
"HGO07C01","Number of Graduates","2011","2011","-","All nationalities","-","PPSN - All","-","All genders","60","Pharmacy","Number",""
"HGO07C01","Number of Graduates","2011","2011","-","All nationalities","-","PPSN - All","-","All genders","504","Physiotherapy","Number","84"
"HGO07C01","Number of Graduates","2011","2011","-","All nationalities","-","PPSN - All","-","All genders","402","Radiography and Radiation Therapy","Number","27"
"HGO07C01","Number of Graduates","2011","2011","-","All nationalities","-","PPSN - All","-","All genders","702","Social Care","Number","771"
"HGO07C01","Number of Graduates","2011","2011","-","All nationalities","-","PPSN - All","-","All genders","701","Social Work","Number","102"
"HGO07C01","Number of Graduates","2011","2011","-","All nationalities","-","PPSN - All","-","All genders","10","Speech and Language Therapy","Number","111"
"HGO07C01","Number of Graduates","2011","2011","-","All nationalities","-","PPSN - All","-","All genders","V52","Dietetics, Optometry and Podiatry","Number","36"
"HGO07C01","Number of Graduates","2012","2012","IE","All Irish","10","PPSN - Available","10","Male","201","Dentistry","Number","15"
"HGO07C01","Number of Graduates","2012","2012","IE","All Irish","10","PPSN - Available","10","Male","401","Medical Science","Number","18"
"HGO07C01","Number of Graduates","2012","2012","IE","All Irish","10","PPSN - Available","10","Male","202","Medicine","Number","135"
"HGO07C01","Number of Graduates","2012","2012","IE","All Irish","10","PPSN - Available","10","Male","30","Nursing and Midwifery","Number","96"
"HGO07C01","Number of Graduates","2012","2012","IE","All Irish","10","PPSN - Available","10","Male","501","Occupational Therapy","Number","9"
"HGO07C01","Number of Graduates","2012","2012","IE","All Irish","10","PPSN - Available","10","Male","60","Pharmacy","Number",""
"HGO07C01","Number of Graduates","2012","2012","IE","All Irish","10","PPSN - Available","10","Male","504","Physiotherapy","Number","36"
"HGO07C01","Number of Graduates","2012","2012","IE","All Irish","10","PPSN - Available","10","Male","402","Radiography and Radiation Therapy","Number","6"
"HGO07C01","Number of Graduates","2012","2012","IE","All Irish","10","PPSN - Available","10","Male","702","Social Care","Number","105"
"HGO07C01","Number of Graduates","2012","2012","IE","All Irish","10","PPSN - Available","10","Male","701","Social Work","Number","15"
"HGO07C01","Number of Graduates","2012","2012","IE","All Irish","10","PPSN - Available","10","Male","10","Speech and Language Therapy","Number",""
"HGO07C01","Number of Graduates","2012","2012","IE","All Irish","10","PPSN - Available","10","Male","V52","Dietetics, Optometry and Podiatry","Number","6"
"HGO07C01","Number of Graduates","2012","2012","IE","All Irish","10","PPSN - Available","20","Female","201","Dentistry","Number","33"
"HGO07C01","Number of Graduates","2012","2012","IE","All Irish","10","PPSN - Available","20","Female","401","Medical Science","Number","57"
"HGO07C01","Number of Graduates","2012","2012","IE","All Irish","10","PPSN - Available","20","Female","202","Medicine","Number","180"
"HGO07C01","Number of Graduates","2012","2012","IE","All Irish","10","PPSN - Available","20","Female","30","Nursing and Midwifery","Number","1257"
"HGO07C01","Number of Graduates","2012","2012","IE","All Irish","10","PPSN - Available","20","Female","501","Occupational Therapy","Number","99"
"HGO07C01","Number of Graduates","2012","2012","IE","All Irish","10","PPSN - Available","20","Female","60","Pharmacy","Number",""
"HGO07C01","Number of Graduates","2012","2012","IE","All Irish","10","PPSN - Available","20","Female","504","Physiotherapy","Number","78"
"HGO07C01","Number of Graduates","2012","2012","IE","All Irish","10","PPSN - Available","20","Female","402","Radiography and Radiation Therapy","Number","42"
"HGO07C01","Number of Graduates","2012","2012","IE","All Irish","10","PPSN - Available","20","Female","702","Social Care","Number","747"
"HGO07C01","Number of Graduates","2012","2012","IE","All Irish","10","PPSN - Available","20","Female","701","Social Work","Number","129"
"HGO07C01","Number of Graduates","2012","2012","IE","All Irish","10","PPSN - Available","20","Female","10","Speech and Language Therapy","Number","81"
"HGO07C01","Number of Graduates","2012","2012","IE","All Irish","10","PPSN - Available","20","Female","V52","Dietetics, Optometry and Podiatry","Number","51"
"HGO07C01","Number of Graduates","2012","2012","IE","All Irish","10","PPSN - Available","-","All genders","201","Dentistry","Number","48"
"HGO07C01","Number of Graduates","2012","2012","IE","All Irish","10","PPSN - Available","-","All genders","401","Medical Science","Number","75"
"HGO07C01","Number of Graduates","2012","2012","IE","All Irish","10","PPSN - Available","-","All genders","202","Medicine","Number","315"
"HGO07C01","Number of Graduates","2012","2012","IE","All Irish","10","PPSN - Available","-","All genders","30","Nursing and Midwifery","Number","1350"
"HGO07C01","Number of Graduates","2012","2012","IE","All Irish","10","PPSN - Available","-","All genders","501","Occupational Therapy","Number","108"
"HGO07C01","Number of Graduates","2012","2012","IE","All Irish","10","PPSN - Available","-","All genders","60","Pharmacy","Number",""
"HGO07C01","Number of Graduates","2012","2012","IE","All Irish","10","PPSN - Available","-","All genders","504","Physiotherapy","Number","114"
"HGO07C01","Number of Graduates","2012","2012","IE","All Irish","10","PPSN - Available","-","All genders","402","Radiography and Radiation Therapy","Number","48"
"HGO07C01","Number of Graduates","2012","2012","IE","All Irish","10","PPSN - Available","-","All genders","702","Social Care","Number","849"
"HGO07C01","Number of Graduates","2012","2012","IE","All Irish","10","PPSN - Available","-","All genders","701","Social Work","Number","144"
"HGO07C01","Number of Graduates","2012","2012","IE","All Irish","10","PPSN - Available","-","All genders","10","Speech and Language Therapy","Number","81"
"HGO07C01","Number of Graduates","2012","2012","IE","All Irish","10","PPSN - Available","-","All genders","V52","Dietetics, Optometry and Podiatry","Number","57"
"HGO07C01","Number of Graduates","2012","2012","IE","All Irish","20","PPSN - Missing","10","Male","201","Dentistry","Number",""
"HGO07C01","Number of Graduates","2012","2012","IE","All Irish","20","PPSN - Missing","10","Male","401","Medical Science","Number",""
"HGO07C01","Number of Graduates","2012","2012","IE","All Irish","20","PPSN - Missing","10","Male","202","Medicine","Number","18"
"HGO07C01","Number of Graduates","2012","2012","IE","All Irish","20","PPSN - Missing","10","Male","30","Nursing and Midwifery","Number","12"
"HGO07C01","Number of Graduates","2012","2012","IE","All Irish","20","PPSN - Missing","10","Male","501","Occupational Therapy","Number",""
"HGO07C01","Number of Graduates","2012","2012","IE","All Irish","20","PPSN - Missing","10","Male","60","Pharmacy","Number",""
"HGO07C01","Number of Graduates","2012","2012","IE","All Irish","20","PPSN - Missing","10","Male","504","Physiotherapy","Number","12"
"HGO07C01","Number of Graduates","2012","2012","IE","All Irish","20","PPSN - Missing","10","Male","402","Radiography and Radiation Therapy","Number",""
"HGO07C01","Number of Graduates","2012","2012","IE","All Irish","20","PPSN - Missing","10","Male","702","Social Care","Number","27"
"HGO07C01","Number of Graduates","2012","2012","IE","All Irish","20","PPSN - Missing","10","Male","701","Social Work","Number","6"
"HGO07C01","Number of Graduates","2012","2012","IE","All Irish","20","PPSN - Missing","10","Male","10","Speech and Language Therapy","Number",""
"HGO07C01","Number of Graduates","2012","2012","IE","All Irish","20","PPSN - Missing","10","Male","V52","Dietetics, Optometry and Podiatry","Number",""
"HGO07C01","Number of Graduates","2012","2012","IE","All Irish","20","PPSN - Missing","20","Female","201","Dentistry","Number","3"
"HGO07C01","Number of Graduates","2012","2012","IE","All Irish","20","PPSN - Missing","20","Female","401","Medical Science","Number",""
"HGO07C01","Number of Graduates","2012","2012","IE","All Irish","20","PPSN - Missing","20","Female","202","Medicine","Number","15"
"HGO07C01","Number of Graduates","2012","2012","IE","All Irish","20","PPSN - Missing","20","Female","30","Nursing and Midwifery","Number","57"
"HGO07C01","Number of Graduates","2012","2012","IE","All Irish","20","PPSN - Missing","20","Female","501","Occupational Therapy","Number","3"
"HGO07C01","Number of Graduates","2012","2012","IE","All Irish","20","PPSN - Missing","20","Female","60","Pharmacy","Number",""
"HGO07C01","Number of Graduates","2012","2012","IE","All Irish","20","PPSN - Missing","20","Female","504","Physiotherapy","Number","15"
"HGO07C01","Number of Graduates","2012","2012","IE","All Irish","20","PPSN - Missing","20","Female","402","Radiography and Radiation Therapy","Number","3"
"HGO07C01","Number of Graduates","2012","2012","IE","All Irish","20","PPSN - Missing","20","Female","702","Social Care","Number","63"
"HGO07C01","Number of Graduates","2012","2012","IE","All Irish","20","PPSN - Missing","20","Female","701","Social Work","Number","24"
"HGO07C01","Number of Graduates","2012","2012","IE","All Irish","20","PPSN - Missing","20","Female","10","Speech and Language Therapy","Number","9"
"HGO07C01","Number of Graduates","2012","2012","IE","All Irish","20","PPSN - Missing","20","Female","V52","Dietetics, Optometry and Podiatry","Number","6"
"HGO07C01","Number of Graduates","2012","2012","IE","All Irish","20","PPSN - Missing","-","All genders","201","Dentistry","Number","6"
"HGO07C01","Number of Graduates","2012","2012","IE","All Irish","20","PPSN - Missing","-","All genders","401","Medical Science","Number",""
"HGO07C01","Number of Graduates","2012","2012","IE","All Irish","20","PPSN - Missing","-","All genders","202","Medicine","Number","30"
"HGO07C01","Number of Graduates","2012","2012","IE","All Irish","20","PPSN - Missing","-","All genders","30","Nursing and Midwifery","Number","69"
"HGO07C01","Number of Graduates","2012","2012","IE","All Irish","20","PPSN - Missing","-","All genders","501","Occupational Therapy","Number","3"
"HGO07C01","Number of Graduates","2012","2012","IE","All Irish","20","PPSN - Missing","-","All genders","60","Pharmacy","Number",""
"HGO07C01","Number of Graduates","2012","2012","IE","All Irish","20","PPSN - Missing","-","All genders","504","Physiotherapy","Number","27"
"HGO07C01","Number of Graduates","2012","2012","IE","All Irish","20","PPSN - Missing","-","All genders","402","Radiography and Radiation Therapy","Number","3"
"HGO07C01","Number of Graduates","2012","2012","IE","All Irish","20","PPSN - Missing","-","All genders","702","Social Care","Number","90"
"HGO07C01","Number of Graduates","2012","2012","IE","All Irish","20","PPSN - Missing","-","All genders","701","Social Work","Number","30"
"HGO07C01","Number of Graduates","2012","2012","IE","All Irish","20","PPSN - Missing","-","All genders","10","Speech and Language Therapy","Number","9"
"HGO07C01","Number of Graduates","2012","2012","IE","All Irish","20","PPSN - Missing","-","All genders","V52","Dietetics, Optometry and Podiatry","Number","6"
"HGO07C01","Number of Graduates","2012","2012","IE","All Irish","-","PPSN - All","10","Male","201","Dentistry","Number","15"
"HGO07C01","Number of Graduates","2012","2012","IE","All Irish","-","PPSN - All","10","Male","401","Medical Science","Number","18"
"HGO07C01","Number of Graduates","2012","2012","IE","All Irish","-","PPSN - All","10","Male","202","Medicine","Number","153"
"HGO07C01","Number of Graduates","2012","2012","IE","All Irish","-","PPSN - All","10","Male","30","Nursing and Midwifery","Number","105"
"HGO07C01","Number of Graduates","2012","2012","IE","All Irish","-","PPSN - All","10","Male","501","Occupational Therapy","Number","9"
"HGO07C01","Number of Graduates","2012","2012","IE","All Irish","-","PPSN - All","10","Male","60","Pharmacy","Number",""
"HGO07C01","Number of Graduates","2012","2012","IE","All Irish","-","PPSN - All","10","Male","504","Physiotherapy","Number","48"
"HGO07C01","Number of Graduates","2012","2012","IE","All Irish","-","PPSN - All","10","Male","402","Radiography and Radiation Therapy","Number","6"
"HGO07C01","Number of Graduates","2012","2012","IE","All Irish","-","PPSN - All","10","Male","702","Social Care","Number","132"
"HGO07C01","Number of Graduates","2012","2012","IE","All Irish","-","PPSN - All","10","Male","701","Social Work","Number","21"
"HGO07C01","Number of Graduates","2012","2012","IE","All Irish","-","PPSN - All","10","Male","10","Speech and Language Therapy","Number",""
"HGO07C01","Number of Graduates","2012","2012","IE","All Irish","-","PPSN - All","10","Male","V52","Dietetics, Optometry and Podiatry","Number","6"
"HGO07C01","Number of Graduates","2012","2012","IE","All Irish","-","PPSN - All","20","Female","201","Dentistry","Number","39"
"HGO07C01","Number of Graduates","2012","2012","IE","All Irish","-","PPSN - All","20","Female","401","Medical Science","Number","57"
"HGO07C01","Number of Graduates","2012","2012","IE","All Irish","-","PPSN - All","20","Female","202","Medicine","Number","195"
"HGO07C01","Number of Graduates","2012","2012","IE","All Irish","-","PPSN - All","20","Female","30","Nursing and Midwifery","Number","1314"
"HGO07C01","Number of Graduates","2012","2012","IE","All Irish","-","PPSN - All","20","Female","501","Occupational Therapy","Number","105"
"HGO07C01","Number of Graduates","2012","2012","IE","All Irish","-","PPSN - All","20","Female","60","Pharmacy","Number",""
"HGO07C01","Number of Graduates","2012","2012","IE","All Irish","-","PPSN - All","20","Female","504","Physiotherapy","Number","90"
"HGO07C01","Number of Graduates","2012","2012","IE","All Irish","-","PPSN - All","20","Female","402","Radiography and Radiation Therapy","Number","45"
"HGO07C01","Number of Graduates","2012","2012","IE","All Irish","-","PPSN - All","20","Female","702","Social Care","Number","810"
"HGO07C01","Number of Graduates","2012","2012","IE","All Irish","-","PPSN - All","20","Female","701","Social Work","Number","153"
"HGO07C01","Number of Graduates","2012","2012","IE","All Irish","-","PPSN - All","20","Female","10","Speech and Language Therapy","Number","90"
"HGO07C01","Number of Graduates","2012","2012","IE","All Irish","-","PPSN - All","20","Female","V52","Dietetics, Optometry and Podiatry","Number","57"
"HGO07C01","Number of Graduates","2012","2012","IE","All Irish","-","PPSN - All","-","All genders","201","Dentistry","Number","54"
"HGO07C01","Number of Graduates","2012","2012","IE","All Irish","-","PPSN - All","-","All genders","401","Medical Science","Number","75"
"HGO07C01","Number of Graduates","2012","2012","IE","All Irish","-","PPSN - All","-","All genders","202","Medicine","Number","348"
"HGO07C01","Number of Graduates","2012","2012","IE","All Irish","-","PPSN - All","-","All genders","30","Nursing and Midwifery","Number","1419"
"HGO07C01","Number of Graduates","2012","2012","IE","All Irish","-","PPSN - All","-","All genders","501","Occupational Therapy","Number","111"
"HGO07C01","Number of Graduates","2012","2012","IE","All Irish","-","PPSN - All","-","All genders","60","Pharmacy","Number",""
"HGO07C01","Number of Graduates","2012","2012","IE","All Irish","-","PPSN - All","-","All genders","504","Physiotherapy","Number","141"
"HGO07C01","Number of Graduates","2012","2012","IE","All Irish","-","PPSN - All","-","All genders","402","Radiography and Radiation Therapy","Number","51"
"HGO07C01","Number of Graduates","2012","2012","IE","All Irish","-","PPSN - All","-","All genders","702","Social Care","Number","942"
"HGO07C01","Number of Graduates","2012","2012","IE","All Irish","-","PPSN - All","-","All genders","701","Social Work","Number","174"
"HGO07C01","Number of Graduates","2012","2012","IE","All Irish","-","PPSN - All","-","All genders","10","Speech and Language Therapy","Number","90"
"HGO07C01","Number of Graduates","2012","2012","IE","All Irish","-","PPSN - All","-","All genders","V52","Dietetics, Optometry and Podiatry","Number","63"
"HGO07C01","Number of Graduates","2012","2012","IE05","Non-Irish","10","PPSN - Available","10","Male","201","Dentistry","Number","3"
"HGO07C01","Number of Graduates","2012","2012","IE05","Non-Irish","10","PPSN - Available","10","Male","401","Medical Science","Number",""
"HGO07C01","Number of Graduates","2012","2012","IE05","Non-Irish","10","PPSN - Available","10","Male","202","Medicine","Number","12"
"HGO07C01","Number of Graduates","2012","2012","IE05","Non-Irish","10","PPSN - Available","10","Male","30","Nursing and Midwifery","Number","6"
"HGO07C01","Number of Graduates","2012","2012","IE05","Non-Irish","10","PPSN - Available","10","Male","501","Occupational Therapy","Number",""
"HGO07C01","Number of Graduates","2012","2012","IE05","Non-Irish","10","PPSN - Available","10","Male","60","Pharmacy","Number",""
"HGO07C01","Number of Graduates","2012","2012","IE05","Non-Irish","10","PPSN - Available","10","Male","504","Physiotherapy","Number",""
"HGO07C01","Number of Graduates","2012","2012","IE05","Non-Irish","10","PPSN - Available","10","Male","402","Radiography and Radiation Therapy","Number",""
"HGO07C01","Number of Graduates","2012","2012","IE05","Non-Irish","10","PPSN - Available","10","Male","702","Social Care","Number","6"
"HGO07C01","Number of Graduates","2012","2012","IE05","Non-Irish","10","PPSN - Available","10","Male","701","Social Work","Number",""
"HGO07C01","Number of Graduates","2012","2012","IE05","Non-Irish","10","PPSN - Available","10","Male","10","Speech and Language Therapy","Number",""
"HGO07C01","Number of Graduates","2012","2012","IE05","Non-Irish","10","PPSN - Available","10","Male","V52","Dietetics, Optometry and Podiatry","Number",""
"HGO07C01","Number of Graduates","2012","2012","IE05","Non-Irish","10","PPSN - Available","20","Female","201","Dentistry","Number",""
"HGO07C01","Number of Graduates","2012","2012","IE05","Non-Irish","10","PPSN - Available","20","Female","401","Medical Science","Number",""
"HGO07C01","Number of Graduates","2012","2012","IE05","Non-Irish","10","PPSN - Available","20","Female","202","Medicine","Number","15"
"HGO07C01","Number of Graduates","2012","2012","IE05","Non-Irish","10","PPSN - Available","20","Female","30","Nursing and Midwifery","Number","39"
"HGO07C01","Number of Graduates","2012","2012","IE05","Non-Irish","10","PPSN - Available","20","Female","501","Occupational Therapy","Number",""
"HGO07C01","Number of Graduates","2012","2012","IE05","Non-Irish","10","PPSN - Available","20","Female","60","Pharmacy","Number",""
"HGO07C01","Number of Graduates","2012","2012","IE05","Non-Irish","10","PPSN - Available","20","Female","504","Physiotherapy","Number",""
"HGO07C01","Number of Graduates","2012","2012","IE05","Non-Irish","10","PPSN - Available","20","Female","402","Radiography and Radiation Therapy","Number",""
"HGO07C01","Number of Graduates","2012","2012","IE05","Non-Irish","10","PPSN - Available","20","Female","702","Social Care","Number","39"
"HGO07C01","Number of Graduates","2012","2012","IE05","Non-Irish","10","PPSN - Available","20","Female","701","Social Work","Number","3"
"HGO07C01","Number of Graduates","2012","2012","IE05","Non-Irish","10","PPSN - Available","20","Female","10","Speech and Language Therapy","Number",""
"HGO07C01","Number of Graduates","2012","2012","IE05","Non-Irish","10","PPSN - Available","20","Female","V52","Dietetics, Optometry and Podiatry","Number",""
"HGO07C01","Number of Graduates","2012","2012","IE05","Non-Irish","10","PPSN - Available","-","All genders","201","Dentistry","Number","3"
"HGO07C01","Number of Graduates","2012","2012","IE05","Non-Irish","10","PPSN - Available","-","All genders","401","Medical Science","Number",""
"HGO07C01","Number of Graduates","2012","2012","IE05","Non-Irish","10","PPSN - Available","-","All genders","202","Medicine","Number","27"
"HGO07C01","Number of Graduates","2012","2012","IE05","Non-Irish","10","PPSN - Available","-","All genders","30","Nursing and Midwifery","Number","45"
"HGO07C01","Number of Graduates","2012","2012","IE05","Non-Irish","10","PPSN - Available","-","All genders","501","Occupational Therapy","Number",""
"HGO07C01","Number of Graduates","2012","2012","IE05","Non-Irish","10","PPSN - Available","-","All genders","60","Pharmacy","Number",""
"HGO07C01","Number of Graduates","2012","2012","IE05","Non-Irish","10","PPSN - Available","-","All genders","504","Physiotherapy","Number",""
"HGO07C01","Number of Graduates","2012","2012","IE05","Non-Irish","10","PPSN - Available","-","All genders","402","Radiography and Radiation Therapy","Number",""
"HGO07C01","Number of Graduates","2012","2012","IE05","Non-Irish","10","PPSN - Available","-","All genders","702","Social Care","Number","45"
"HGO07C01","Number of Graduates","2012","2012","IE05","Non-Irish","10","PPSN - Available","-","All genders","701","Social Work","Number","3"
"HGO07C01","Number of Graduates","2012","2012","IE05","Non-Irish","10","PPSN - Available","-","All genders","10","Speech and Language Therapy","Number",""
"HGO07C01","Number of Graduates","2012","2012","IE05","Non-Irish","10","PPSN - Available","-","All genders","V52","Dietetics, Optometry and Podiatry","Number",""
"HGO07C01","Number of Graduates","2012","2012","IE05","Non-Irish","20","PPSN - Missing","10","Male","201","Dentistry","Number","12"
"HGO07C01","Number of Graduates","2012","2012","IE05","Non-Irish","20","PPSN - Missing","10","Male","401","Medical Science","Number",""
"HGO07C01","Number of Graduates","2012","2012","IE05","Non-Irish","20","PPSN - Missing","10","Male","202","Medicine","Number","84"
"HGO07C01","Number of Graduates","2012","2012","IE05","Non-Irish","20","PPSN - Missing","10","Male","30","Nursing and Midwifery","Number","3"
"HGO07C01","Number of Graduates","2012","2012","IE05","Non-Irish","20","PPSN - Missing","10","Male","501","Occupational Therapy","Number",""
"HGO07C01","Number of Graduates","2012","2012","IE05","Non-Irish","20","PPSN - Missing","10","Male","60","Pharmacy","Number",""
"HGO07C01","Number of Graduates","2012","2012","IE05","Non-Irish","20","PPSN - Missing","10","Male","504","Physiotherapy","Number",""
"HGO07C01","Number of Graduates","2012","2012","IE05","Non-Irish","20","PPSN - Missing","10","Male","402","Radiography and Radiation Therapy","Number",""
"HGO07C01","Number of Graduates","2012","2012","IE05","Non-Irish","20","PPSN - Missing","10","Male","702","Social Care","Number","3"
"HGO07C01","Number of Graduates","2012","2012","IE05","Non-Irish","20","PPSN - Missing","10","Male","701","Social Work","Number",""
"HGO07C01","Number of Graduates","2012","2012","IE05","Non-Irish","20","PPSN - Missing","10","Male","10","Speech and Language Therapy","Number",""
"HGO07C01","Number of Graduates","2012","2012","IE05","Non-Irish","20","PPSN - Missing","10","Male","V52","Dietetics, Optometry and Podiatry","Number",""
"HGO07C01","Number of Graduates","2012","2012","IE05","Non-Irish","20","PPSN - Missing","20","Female","201","Dentistry","Number","6"
"HGO07C01","Number of Graduates","2012","2012","IE05","Non-Irish","20","PPSN - Missing","20","Female","401","Medical Science","Number",""
"HGO07C01","Number of Graduates","2012","2012","IE05","Non-Irish","20","PPSN - Missing","20","Female","202","Medicine","Number","108"
"HGO07C01","Number of Graduates","2012","2012","IE05","Non-Irish","20","PPSN - Missing","20","Female","30","Nursing and Midwifery","Number","18"
"HGO07C01","Number of Graduates","2012","2012","IE05","Non-Irish","20","PPSN - Missing","20","Female","501","Occupational Therapy","Number",""
"HGO07C01","Number of Graduates","2012","2012","IE05","Non-Irish","20","PPSN - Missing","20","Female","60","Pharmacy","Number",""
"HGO07C01","Number of Graduates","2012","2012","IE05","Non-Irish","20","PPSN - Missing","20","Female","504","Physiotherapy","Number","3"
"HGO07C01","Number of Graduates","2012","2012","IE05","Non-Irish","20","PPSN - Missing","20","Female","402","Radiography and Radiation Therapy","Number",""
"HGO07C01","Number of Graduates","2012","2012","IE05","Non-Irish","20","PPSN - Missing","20","Female","702","Social Care","Number","9"
"HGO07C01","Number of Graduates","2012","2012","IE05","Non-Irish","20","PPSN - Missing","20","Female","701","Social Work","Number",""
"HGO07C01","Number of Graduates","2012","2012","IE05","Non-Irish","20","PPSN - Missing","20","Female","10","Speech and Language Therapy","Number","3"
"HGO07C01","Number of Graduates","2012","2012","IE05","Non-Irish","20","PPSN - Missing","20","Female","V52","Dietetics, Optometry and Podiatry","Number","3"
"HGO07C01","Number of Graduates","2012","2012","IE05","Non-Irish","20","PPSN - Missing","-","All genders","201","Dentistry","Number","18"
"HGO07C01","Number of Graduates","2012","2012","IE05","Non-Irish","20","PPSN - Missing","-","All genders","401","Medical Science","Number",""
"HGO07C01","Number of Graduates","2012","2012","IE05","Non-Irish","20","PPSN - Missing","-","All genders","202","Medicine","Number","192"
"HGO07C01","Number of Graduates","2012","2012","IE05","Non-Irish","20","PPSN - Missing","-","All genders","30","Nursing and Midwifery","Number","18"
"HGO07C01","Number of Graduates","2012","2012","IE05","Non-Irish","20","PPSN - Missing","-","All genders","501","Occupational Therapy","Number",""
"HGO07C01","Number of Graduates","2012","2012","IE05","Non-Irish","20","PPSN - Missing","-","All genders","60","Pharmacy","Number",""
"HGO07C01","Number of Graduates","2012","2012","IE05","Non-Irish","20","PPSN - Missing","-","All genders","504","Physiotherapy","Number","3"
"HGO07C01","Number of Graduates","2012","2012","IE05","Non-Irish","20","PPSN - Missing","-","All genders","402","Radiography and Radiation Therapy","Number",""
"HGO07C01","Number of Graduates","2012","2012","IE05","Non-Irish","20","PPSN - Missing","-","All genders","702","Social Care","Number","12"
"HGO07C01","Number of Graduates","2012","2012","IE05","Non-Irish","20","PPSN - Missing","-","All genders","701","Social Work","Number",""
"HGO07C01","Number of Graduates","2012","2012","IE05","Non-Irish","20","PPSN - Missing","-","All genders","10","Speech and Language Therapy","Number","3"
"HGO07C01","Number of Graduates","2012","2012","IE05","Non-Irish","20","PPSN - Missing","-","All genders","V52","Dietetics, Optometry and Podiatry","Number","3"
"HGO07C01","Number of Graduates","2012","2012","IE05","Non-Irish","-","PPSN - All","10","Male","201","Dentistry","Number","12"
"HGO07C01","Number of Graduates","2012","2012","IE05","Non-Irish","-","PPSN - All","10","Male","401","Medical Science","Number",""
"HGO07C01","Number of Graduates","2012","2012","IE05","Non-Irish","-","PPSN - All","10","Male","202","Medicine","Number","96"
"HGO07C01","Number of Graduates","2012","2012","IE05","Non-Irish","-","PPSN - All","10","Male","30","Nursing and Midwifery","Number","9"
"HGO07C01","Number of Graduates","2012","2012","IE05","Non-Irish","-","PPSN - All","10","Male","501","Occupational Therapy","Number",""
"HGO07C01","Number of Graduates","2012","2012","IE05","Non-Irish","-","PPSN - All","10","Male","60","Pharmacy","Number",""
"HGO07C01","Number of Graduates","2012","2012","IE05","Non-Irish","-","PPSN - All","10","Male","504","Physiotherapy","Number",""
"HGO07C01","Number of Graduates","2012","2012","IE05","Non-Irish","-","PPSN - All","10","Male","402","Radiography and Radiation Therapy","Number",""
"HGO07C01","Number of Graduates","2012","2012","IE05","Non-Irish","-","PPSN - All","10","Male","702","Social Care","Number","9"
"HGO07C01","Number of Graduates","2012","2012","IE05","Non-Irish","-","PPSN - All","10","Male","701","Social Work","Number",""
"HGO07C01","Number of Graduates","2012","2012","IE05","Non-Irish","-","PPSN - All","10","Male","10","Speech and Language Therapy","Number",""
"HGO07C01","Number of Graduates","2012","2012","IE05","Non-Irish","-","PPSN - All","10","Male","V52","Dietetics, Optometry and Podiatry","Number",""
"HGO07C01","Number of Graduates","2012","2012","IE05","Non-Irish","-","PPSN - All","20","Female","201","Dentistry","Number","6"
"HGO07C01","Number of Graduates","2012","2012","IE05","Non-Irish","-","PPSN - All","20","Female","401","Medical Science","Number",""
"HGO07C01","Number of Graduates","2012","2012","IE05","Non-Irish","-","PPSN - All","20","Female","202","Medicine","Number","123"
"HGO07C01","Number of Graduates","2012","2012","IE05","Non-Irish","-","PPSN - All","20","Female","30","Nursing and Midwifery","Number","57"
"HGO07C01","Number of Graduates","2012","2012","IE05","Non-Irish","-","PPSN - All","20","Female","501","Occupational Therapy","Number",""
"HGO07C01","Number of Graduates","2012","2012","IE05","Non-Irish","-","PPSN - All","20","Female","60","Pharmacy","Number",""
"HGO07C01","Number of Graduates","2012","2012","IE05","Non-Irish","-","PPSN - All","20","Female","504","Physiotherapy","Number","3"
"HGO07C01","Number of Graduates","2012","2012","IE05","Non-Irish","-","PPSN - All","20","Female","402","Radiography and Radiation Therapy","Number",""
"HGO07C01","Number of Graduates","2012","2012","IE05","Non-Irish","-","PPSN - All","20","Female","702","Social Care","Number","48"
"HGO07C01","Number of Graduates","2012","2012","IE05","Non-Irish","-","PPSN - All","20","Female","701","Social Work","Number","3"
"HGO07C01","Number of Graduates","2012","2012","IE05","Non-Irish","-","PPSN - All","20","Female","10","Speech and Language Therapy","Number","3"
"HGO07C01","Number of Graduates","2012","2012","IE05","Non-Irish","-","PPSN - All","20","Female","V52","Dietetics, Optometry and Podiatry","Number","3"
"HGO07C01","Number of Graduates","2012","2012","IE05","Non-Irish","-","PPSN - All","-","All genders","201","Dentistry","Number","21"
"HGO07C01","Number of Graduates","2012","2012","IE05","Non-Irish","-","PPSN - All","-","All genders","401","Medical Science","Number",""
"HGO07C01","Number of Graduates","2012","2012","IE05","Non-Irish","-","PPSN - All","-","All genders","202","Medicine","Number","219"
"HGO07C01","Number of Graduates","2012","2012","IE05","Non-Irish","-","PPSN - All","-","All genders","30","Nursing and Midwifery","Number","63"
"HGO07C01","Number of Graduates","2012","2012","IE05","Non-Irish","-","PPSN - All","-","All genders","501","Occupational Therapy","Number",""
"HGO07C01","Number of Graduates","2012","2012","IE05","Non-Irish","-","PPSN - All","-","All genders","60","Pharmacy","Number",""
"HGO07C01","Number of Graduates","2012","2012","IE05","Non-Irish","-","PPSN - All","-","All genders","504","Physiotherapy","Number","3"
"HGO07C01","Number of Graduates","2012","2012","IE05","Non-Irish","-","PPSN - All","-","All genders","402","Radiography and Radiation Therapy","Number",""
"HGO07C01","Number of Graduates","2012","2012","IE05","Non-Irish","-","PPSN - All","-","All genders","702","Social Care","Number","57"
"HGO07C01","Number of Graduates","2012","2012","IE05","Non-Irish","-","PPSN - All","-","All genders","701","Social Work","Number","6"
"HGO07C01","Number of Graduates","2012","2012","IE05","Non-Irish","-","PPSN - All","-","All genders","10","Speech and Language Therapy","Number","3"
"HGO07C01","Number of Graduates","2012","2012","IE05","Non-Irish","-","PPSN - All","-","All genders","V52","Dietetics, Optometry and Podiatry","Number","3"
"HGO07C01","Number of Graduates","2012","2012","-","All nationalities","10","PPSN - Available","10","Male","201","Dentistry","Number","18"
"HGO07C01","Number of Graduates","2012","2012","-","All nationalities","10","PPSN - Available","10","Male","401","Medical Science","Number","18"
"HGO07C01","Number of Graduates","2012","2012","-","All nationalities","10","PPSN - Available","10","Male","202","Medicine","Number","147"
"HGO07C01","Number of Graduates","2012","2012","-","All nationalities","10","PPSN - Available","10","Male","30","Nursing and Midwifery","Number","102"
"HGO07C01","Number of Graduates","2012","2012","-","All nationalities","10","PPSN - Available","10","Male","501","Occupational Therapy","Number","9"
"HGO07C01","Number of Graduates","2012","2012","-","All nationalities","10","PPSN - Available","10","Male","60","Pharmacy","Number",""
"HGO07C01","Number of Graduates","2012","2012","-","All nationalities","10","PPSN - Available","10","Male","504","Physiotherapy","Number","36"
"HGO07C01","Number of Graduates","2012","2012","-","All nationalities","10","PPSN - Available","10","Male","402","Radiography and Radiation Therapy","Number","6"
"HGO07C01","Number of Graduates","2012","2012","-","All nationalities","10","PPSN - Available","10","Male","702","Social Care","Number","108"
"HGO07C01","Number of Graduates","2012","2012","-","All nationalities","10","PPSN - Available","10","Male","701","Social Work","Number","18"
"HGO07C01","Number of Graduates","2012","2012","-","All nationalities","10","PPSN - Available","10","Male","10","Speech and Language Therapy","Number",""
"HGO07C01","Number of Graduates","2012","2012","-","All nationalities","10","PPSN - Available","10","Male","V52","Dietetics, Optometry and Podiatry","Number","6"
"HGO07C01","Number of Graduates","2012","2012","-","All nationalities","10","PPSN - Available","20","Female","201","Dentistry","Number","36"
"HGO07C01","Number of Graduates","2012","2012","-","All nationalities","10","PPSN - Available","20","Female","401","Medical Science","Number","57"
"HGO07C01","Number of Graduates","2012","2012","-","All nationalities","10","PPSN - Available","20","Female","202","Medicine","Number","198"
"HGO07C01","Number of Graduates","2012","2012","-","All nationalities","10","PPSN - Available","20","Female","30","Nursing and Midwifery","Number","1296"
"HGO07C01","Number of Graduates","2012","2012","-","All nationalities","10","PPSN - Available","20","Female","501","Occupational Therapy","Number","99"
"HGO07C01","Number of Graduates","2012","2012","-","All nationalities","10","PPSN - Available","20","Female","60","Pharmacy","Number",""
"HGO07C01","Number of Graduates","2012","2012","-","All nationalities","10","PPSN - Available","20","Female","504","Physiotherapy","Number","78"
"HGO07C01","Number of Graduates","2012","2012","-","All nationalities","10","PPSN - Available","20","Female","402","Radiography and Radiation Therapy","Number","45"
"HGO07C01","Number of Graduates","2012","2012","-","All nationalities","10","PPSN - Available","20","Female","702","Social Care","Number","786"
"HGO07C01","Number of Graduates","2012","2012","-","All nationalities","10","PPSN - Available","20","Female","701","Social Work","Number","132"
"HGO07C01","Number of Graduates","2012","2012","-","All nationalities","10","PPSN - Available","20","Female","10","Speech and Language Therapy","Number","81"
"HGO07C01","Number of Graduates","2012","2012","-","All nationalities","10","PPSN - Available","20","Female","V52","Dietetics, Optometry and Podiatry","Number","51"
"HGO07C01","Number of Graduates","2012","2012","-","All nationalities","10","PPSN - Available","-","All genders","201","Dentistry","Number","51"
"HGO07C01","Number of Graduates","2012","2012","-","All nationalities","10","PPSN - Available","-","All genders","401","Medical Science","Number","75"
"HGO07C01","Number of Graduates","2012","2012","-","All nationalities","10","PPSN - Available","-","All genders","202","Medicine","Number","345"
"HGO07C01","Number of Graduates","2012","2012","-","All nationalities","10","PPSN - Available","-","All genders","30","Nursing and Midwifery","Number","1395"
"HGO07C01","Number of Graduates","2012","2012","-","All nationalities","10","PPSN - Available","-","All genders","501","Occupational Therapy","Number","108"
"HGO07C01","Number of Graduates","2012","2012","-","All nationalities","10","PPSN - Available","-","All genders","60","Pharmacy","Number",""
"HGO07C01","Number of Graduates","2012","2012","-","All nationalities","10","PPSN - Available","-","All genders","504","Physiotherapy","Number","114"
"HGO07C01","Number of Graduates","2012","2012","-","All nationalities","10","PPSN - Available","-","All genders","402","Radiography and Radiation Therapy","Number","51"
"HGO07C01","Number of Graduates","2012","2012","-","All nationalities","10","PPSN - Available","-","All genders","702","Social Care","Number","894"
"HGO07C01","Number of Graduates","2012","2012","-","All nationalities","10","PPSN - Available","-","All genders","701","Social Work","Number","150"
"HGO07C01","Number of Graduates","2012","2012","-","All nationalities","10","PPSN - Available","-","All genders","10","Speech and Language Therapy","Number","84"
"HGO07C01","Number of Graduates","2012","2012","-","All nationalities","10","PPSN - Available","-","All genders","V52","Dietetics, Optometry and Podiatry","Number","57"
"HGO07C01","Number of Graduates","2012","2012","-","All nationalities","20","PPSN - Missing","10","Male","201","Dentistry","Number","12"
"HGO07C01","Number of Graduates","2012","2012","-","All nationalities","20","PPSN - Missing","10","Male","401","Medical Science","Number",""
"HGO07C01","Number of Graduates","2012","2012","-","All nationalities","20","PPSN - Missing","10","Male","202","Medicine","Number","102"
"HGO07C01","Number of Graduates","2012","2012","-","All nationalities","20","PPSN - Missing","10","Male","30","Nursing and Midwifery","Number","12"
"HGO07C01","Number of Graduates","2012","2012","-","All nationalities","20","PPSN - Missing","10","Male","501","Occupational Therapy","Number",""
"HGO07C01","Number of Graduates","2012","2012","-","All nationalities","20","PPSN - Missing","10","Male","60","Pharmacy","Number",""
"HGO07C01","Number of Graduates","2012","2012","-","All nationalities","20","PPSN - Missing","10","Male","504","Physiotherapy","Number","12"
"HGO07C01","Number of Graduates","2012","2012","-","All nationalities","20","PPSN - Missing","10","Male","402","Radiography and Radiation Therapy","Number",""
"HGO07C01","Number of Graduates","2012","2012","-","All nationalities","20","PPSN - Missing","10","Male","702","Social Care","Number","33"
"HGO07C01","Number of Graduates","2012","2012","-","All nationalities","20","PPSN - Missing","10","Male","701","Social Work","Number","6"
"HGO07C01","Number of Graduates","2012","2012","-","All nationalities","20","PPSN - Missing","10","Male","10","Speech and Language Therapy","Number",""
"HGO07C01","Number of Graduates","2012","2012","-","All nationalities","20","PPSN - Missing","10","Male","V52","Dietetics, Optometry and Podiatry","Number",""
"HGO07C01","Number of Graduates","2012","2012","-","All nationalities","20","PPSN - Missing","20","Female","201","Dentistry","Number","9"
"HGO07C01","Number of Graduates","2012","2012","-","All nationalities","20","PPSN - Missing","20","Female","401","Medical Science","Number",""
"HGO07C01","Number of Graduates","2012","2012","-","All nationalities","20","PPSN - Missing","20","Female","202","Medicine","Number","120"
"HGO07C01","Number of Graduates","2012","2012","-","All nationalities","20","PPSN - Missing","20","Female","30","Nursing and Midwifery","Number","75"
"HGO07C01","Number of Graduates","2012","2012","-","All nationalities","20","PPSN - Missing","20","Female","501","Occupational Therapy","Number","3"
"HGO07C01","Number of Graduates","2012","2012","-","All nationalities","20","PPSN - Missing","20","Female","60","Pharmacy","Number",""
"HGO07C01","Number of Graduates","2012","2012","-","All nationalities","20","PPSN - Missing","20","Female","504","Physiotherapy","Number","18"
"HGO07C01","Number of Graduates","2012","2012","-","All nationalities","20","PPSN - Missing","20","Female","402","Radiography and Radiation Therapy","Number","3"
"HGO07C01","Number of Graduates","2012","2012","-","All nationalities","20","PPSN - Missing","20","Female","702","Social Care","Number","72"
"HGO07C01","Number of Graduates","2012","2012","-","All nationalities","20","PPSN - Missing","20","Female","701","Social Work","Number","24"
"HGO07C01","Number of Graduates","2012","2012","-","All nationalities","20","PPSN - Missing","20","Female","10","Speech and Language Therapy","Number","9"
"HGO07C01","Number of Graduates","2012","2012","-","All nationalities","20","PPSN - Missing","20","Female","V52","Dietetics, Optometry and Podiatry","Number","9"
"HGO07C01","Number of Graduates","2012","2012","-","All nationalities","20","PPSN - Missing","-","All genders","201","Dentistry","Number","21"
"HGO07C01","Number of Graduates","2012","2012","-","All nationalities","20","PPSN - Missing","-","All genders","401","Medical Science","Number",""
"HGO07C01","Number of Graduates","2012","2012","-","All nationalities","20","PPSN - Missing","-","All genders","202","Medicine","Number","222"
"HGO07C01","Number of Graduates","2012","2012","-","All nationalities","20","PPSN - Missing","-","All genders","30","Nursing and Midwifery","Number","87"
"HGO07C01","Number of Graduates","2012","2012","-","All nationalities","20","PPSN - Missing","-","All genders","501","Occupational Therapy","Number","3"
"HGO07C01","Number of Graduates","2012","2012","-","All nationalities","20","PPSN - Missing","-","All genders","60","Pharmacy","Number",""
"HGO07C01","Number of Graduates","2012","2012","-","All nationalities","20","PPSN - Missing","-","All genders","504","Physiotherapy","Number","30"
"HGO07C01","Number of Graduates","2012","2012","-","All nationalities","20","PPSN - Missing","-","All genders","402","Radiography and Radiation Therapy","Number","3"
"HGO07C01","Number of Graduates","2012","2012","-","All nationalities","20","PPSN - Missing","-","All genders","702","Social Care","Number","105"
"HGO07C01","Number of Graduates","2012","2012","-","All nationalities","20","PPSN - Missing","-","All genders","701","Social Work","Number","30"
"HGO07C01","Number of Graduates","2012","2012","-","All nationalities","20","PPSN - Missing","-","All genders","10","Speech and Language Therapy","Number","9"
"HGO07C01","Number of Graduates","2012","2012","-","All nationalities","20","PPSN - Missing","-","All genders","V52","Dietetics, Optometry and Podiatry","Number","9"
"HGO07C01","Number of Graduates","2012","2012","-","All nationalities","-","PPSN - All","10","Male","201","Dentistry","Number","30"
"HGO07C01","Number of Graduates","2012","2012","-","All nationalities","-","PPSN - All","10","Male","401","Medical Science","Number","18"
"HGO07C01","Number of Graduates","2012","2012","-","All nationalities","-","PPSN - All","10","Male","202","Medicine","Number","249"
"HGO07C01","Number of Graduates","2012","2012","-","All nationalities","-","PPSN - All","10","Male","30","Nursing and Midwifery","Number","114"
"HGO07C01","Number of Graduates","2012","2012","-","All nationalities","-","PPSN - All","10","Male","501","Occupational Therapy","Number","9"
"HGO07C01","Number of Graduates","2012","2012","-","All nationalities","-","PPSN - All","10","Male","60","Pharmacy","Number",""
"HGO07C01","Number of Graduates","2012","2012","-","All nationalities","-","PPSN - All","10","Male","504","Physiotherapy","Number","48"
"HGO07C01","Number of Graduates","2012","2012","-","All nationalities","-","PPSN - All","10","Male","402","Radiography and Radiation Therapy","Number","6"
"HGO07C01","Number of Graduates","2012","2012","-","All nationalities","-","PPSN - All","10","Male","702","Social Care","Number","141"
"HGO07C01","Number of Graduates","2012","2012","-","All nationalities","-","PPSN - All","10","Male","701","Social Work","Number","24"
"HGO07C01","Number of Graduates","2012","2012","-","All nationalities","-","PPSN - All","10","Male","10","Speech and Language Therapy","Number",""
"HGO07C01","Number of Graduates","2012","2012","-","All nationalities","-","PPSN - All","10","Male","V52","Dietetics, Optometry and Podiatry","Number","6"
"HGO07C01","Number of Graduates","2012","2012","-","All nationalities","-","PPSN - All","20","Female","201","Dentistry","Number","45"
"HGO07C01","Number of Graduates","2012","2012","-","All nationalities","-","PPSN - All","20","Female","401","Medical Science","Number","57"
"HGO07C01","Number of Graduates","2012","2012","-","All nationalities","-","PPSN - All","20","Female","202","Medicine","Number","318"
"HGO07C01","Number of Graduates","2012","2012","-","All nationalities","-","PPSN - All","20","Female","30","Nursing and Midwifery","Number","1368"
"HGO07C01","Number of Graduates","2012","2012","-","All nationalities","-","PPSN - All","20","Female","501","Occupational Therapy","Number","105"
"HGO07C01","Number of Graduates","2012","2012","-","All nationalities","-","PPSN - All","20","Female","60","Pharmacy","Number",""
"HGO07C01","Number of Graduates","2012","2012","-","All nationalities","-","PPSN - All","20","Female","504","Physiotherapy","Number","93"
"HGO07C01","Number of Graduates","2012","2012","-","All nationalities","-","PPSN - All","20","Female","402","Radiography and Radiation Therapy","Number","45"
"HGO07C01","Number of Graduates","2012","2012","-","All nationalities","-","PPSN - All","20","Female","702","Social Care","Number","858"
"HGO07C01","Number of Graduates","2012","2012","-","All nationalities","-","PPSN - All","20","Female","701","Social Work","Number","156"
"HGO07C01","Number of Graduates","2012","2012","-","All nationalities","-","PPSN - All","20","Female","10","Speech and Language Therapy","Number","93"
"HGO07C01","Number of Graduates","2012","2012","-","All nationalities","-","PPSN - All","20","Female","V52","Dietetics, Optometry and Podiatry","Number","57"
"HGO07C01","Number of Graduates","2012","2012","-","All nationalities","-","PPSN - All","-","All genders","201","Dentistry","Number","75"
"HGO07C01","Number of Graduates","2012","2012","-","All nationalities","-","PPSN - All","-","All genders","401","Medical Science","Number","75"
"HGO07C01","Number of Graduates","2012","2012","-","All nationalities","-","PPSN - All","-","All genders","202","Medicine","Number","567"
"HGO07C01","Number of Graduates","2012","2012","-","All nationalities","-","PPSN - All","-","All genders","30","Nursing and Midwifery","Number","1482"
"HGO07C01","Number of Graduates","2012","2012","-","All nationalities","-","PPSN - All","-","All genders","501","Occupational Therapy","Number","114"
"HGO07C01","Number of Graduates","2012","2012","-","All nationalities","-","PPSN - All","-","All genders","60","Pharmacy","Number",""
"HGO07C01","Number of Graduates","2012","2012","-","All nationalities","-","PPSN - All","-","All genders","504","Physiotherapy","Number","144"
"HGO07C01","Number of Graduates","2012","2012","-","All nationalities","-","PPSN - All","-","All genders","402","Radiography and Radiation Therapy","Number","51"
"HGO07C01","Number of Graduates","2012","2012","-","All nationalities","-","PPSN - All","-","All genders","702","Social Care","Number","999"
"HGO07C01","Number of Graduates","2012","2012","-","All nationalities","-","PPSN - All","-","All genders","701","Social Work","Number","180"
"HGO07C01","Number of Graduates","2012","2012","-","All nationalities","-","PPSN - All","-","All genders","10","Speech and Language Therapy","Number","93"
"HGO07C01","Number of Graduates","2012","2012","-","All nationalities","-","PPSN - All","-","All genders","V52","Dietetics, Optometry and Podiatry","Number","66"
"HGO07C01","Number of Graduates","2013","2013","IE","All Irish","10","PPSN - Available","10","Male","201","Dentistry","Number","24"
"HGO07C01","Number of Graduates","2013","2013","IE","All Irish","10","PPSN - Available","10","Male","401","Medical Science","Number","30"
"HGO07C01","Number of Graduates","2013","2013","IE","All Irish","10","PPSN - Available","10","Male","202","Medicine","Number","189"
"HGO07C01","Number of Graduates","2013","2013","IE","All Irish","10","PPSN - Available","10","Male","30","Nursing and Midwifery","Number","108"
"HGO07C01","Number of Graduates","2013","2013","IE","All Irish","10","PPSN - Available","10","Male","501","Occupational Therapy","Number","9"
"HGO07C01","Number of Graduates","2013","2013","IE","All Irish","10","PPSN - Available","10","Male","60","Pharmacy","Number",""
"HGO07C01","Number of Graduates","2013","2013","IE","All Irish","10","PPSN - Available","10","Male","504","Physiotherapy","Number","30"
"HGO07C01","Number of Graduates","2013","2013","IE","All Irish","10","PPSN - Available","10","Male","402","Radiography and Radiation Therapy","Number","12"
"HGO07C01","Number of Graduates","2013","2013","IE","All Irish","10","PPSN - Available","10","Male","702","Social Care","Number","147"
"HGO07C01","Number of Graduates","2013","2013","IE","All Irish","10","PPSN - Available","10","Male","701","Social Work","Number","27"
"HGO07C01","Number of Graduates","2013","2013","IE","All Irish","10","PPSN - Available","10","Male","10","Speech and Language Therapy","Number","3"
"HGO07C01","Number of Graduates","2013","2013","IE","All Irish","10","PPSN - Available","10","Male","V52","Dietetics, Optometry and Podiatry","Number","12"
"HGO07C01","Number of Graduates","2013","2013","IE","All Irish","10","PPSN - Available","20","Female","201","Dentistry","Number","27"
"HGO07C01","Number of Graduates","2013","2013","IE","All Irish","10","PPSN - Available","20","Female","401","Medical Science","Number","42"
"HGO07C01","Number of Graduates","2013","2013","IE","All Irish","10","PPSN - Available","20","Female","202","Medicine","Number","249"
"HGO07C01","Number of Graduates","2013","2013","IE","All Irish","10","PPSN - Available","20","Female","30","Nursing and Midwifery","Number","1218"
"HGO07C01","Number of Graduates","2013","2013","IE","All Irish","10","PPSN - Available","20","Female","501","Occupational Therapy","Number","108"
"HGO07C01","Number of Graduates","2013","2013","IE","All Irish","10","PPSN - Available","20","Female","60","Pharmacy","Number",""
"HGO07C01","Number of Graduates","2013","2013","IE","All Irish","10","PPSN - Available","20","Female","504","Physiotherapy","Number","81"
"HGO07C01","Number of Graduates","2013","2013","IE","All Irish","10","PPSN - Available","20","Female","402","Radiography and Radiation Therapy","Number","45"
"HGO07C01","Number of Graduates","2013","2013","IE","All Irish","10","PPSN - Available","20","Female","702","Social Care","Number","792"
"HGO07C01","Number of Graduates","2013","2013","IE","All Irish","10","PPSN - Available","20","Female","701","Social Work","Number","153"
"HGO07C01","Number of Graduates","2013","2013","IE","All Irish","10","PPSN - Available","20","Female","10","Speech and Language Therapy","Number","99"
"HGO07C01","Number of Graduates","2013","2013","IE","All Irish","10","PPSN - Available","20","Female","V52","Dietetics, Optometry and Podiatry","Number","36"
"HGO07C01","Number of Graduates","2013","2013","IE","All Irish","10","PPSN - Available","-","All genders","201","Dentistry","Number","48"
"HGO07C01","Number of Graduates","2013","2013","IE","All Irish","10","PPSN - Available","-","All genders","401","Medical Science","Number","72"
"HGO07C01","Number of Graduates","2013","2013","IE","All Irish","10","PPSN - Available","-","All genders","202","Medicine","Number","438"
"HGO07C01","Number of Graduates","2013","2013","IE","All Irish","10","PPSN - Available","-","All genders","30","Nursing and Midwifery","Number","1326"
"HGO07C01","Number of Graduates","2013","2013","IE","All Irish","10","PPSN - Available","-","All genders","501","Occupational Therapy","Number","120"
"HGO07C01","Number of Graduates","2013","2013","IE","All Irish","10","PPSN - Available","-","All genders","60","Pharmacy","Number",""
"HGO07C01","Number of Graduates","2013","2013","IE","All Irish","10","PPSN - Available","-","All genders","504","Physiotherapy","Number","111"
"HGO07C01","Number of Graduates","2013","2013","IE","All Irish","10","PPSN - Available","-","All genders","402","Radiography and Radiation Therapy","Number","57"
"HGO07C01","Number of Graduates","2013","2013","IE","All Irish","10","PPSN - Available","-","All genders","702","Social Care","Number","936"
"HGO07C01","Number of Graduates","2013","2013","IE","All Irish","10","PPSN - Available","-","All genders","701","Social Work","Number","180"
"HGO07C01","Number of Graduates","2013","2013","IE","All Irish","10","PPSN - Available","-","All genders","10","Speech and Language Therapy","Number","102"
"HGO07C01","Number of Graduates","2013","2013","IE","All Irish","10","PPSN - Available","-","All genders","V52","Dietetics, Optometry and Podiatry","Number","45"
"HGO07C01","Number of Graduates","2013","2013","IE","All Irish","20","PPSN - Missing","10","Male","201","Dentistry","Number","3"
"HGO07C01","Number of Graduates","2013","2013","IE","All Irish","20","PPSN - Missing","10","Male","401","Medical Science","Number",""
"HGO07C01","Number of Graduates","2013","2013","IE","All Irish","20","PPSN - Missing","10","Male","202","Medicine","Number","54"
"HGO07C01","Number of Graduates","2013","2013","IE","All Irish","20","PPSN - Missing","10","Male","30","Nursing and Midwifery","Number","9"
"HGO07C01","Number of Graduates","2013","2013","IE","All Irish","20","PPSN - Missing","10","Male","501","Occupational Therapy","Number",""
"HGO07C01","Number of Graduates","2013","2013","IE","All Irish","20","PPSN - Missing","10","Male","60","Pharmacy","Number",""
"HGO07C01","Number of Graduates","2013","2013","IE","All Irish","20","PPSN - Missing","10","Male","504","Physiotherapy","Number","15"
"HGO07C01","Number of Graduates","2013","2013","IE","All Irish","20","PPSN - Missing","10","Male","402","Radiography and Radiation Therapy","Number",""
"HGO07C01","Number of Graduates","2013","2013","IE","All Irish","20","PPSN - Missing","10","Male","702","Social Care","Number","24"
"HGO07C01","Number of Graduates","2013","2013","IE","All Irish","20","PPSN - Missing","10","Male","701","Social Work","Number","3"
"HGO07C01","Number of Graduates","2013","2013","IE","All Irish","20","PPSN - Missing","10","Male","10","Speech and Language Therapy","Number",""
"HGO07C01","Number of Graduates","2013","2013","IE","All Irish","20","PPSN - Missing","10","Male","V52","Dietetics, Optometry and Podiatry","Number",""
"HGO07C01","Number of Graduates","2013","2013","IE","All Irish","20","PPSN - Missing","20","Female","201","Dentistry","Number","6"
"HGO07C01","Number of Graduates","2013","2013","IE","All Irish","20","PPSN - Missing","20","Female","401","Medical Science","Number",""
"HGO07C01","Number of Graduates","2013","2013","IE","All Irish","20","PPSN - Missing","20","Female","202","Medicine","Number","51"
"HGO07C01","Number of Graduates","2013","2013","IE","All Irish","20","PPSN - Missing","20","Female","30","Nursing and Midwifery","Number","48"
"HGO07C01","Number of Graduates","2013","2013","IE","All Irish","20","PPSN - Missing","20","Female","501","Occupational Therapy","Number","3"
"HGO07C01","Number of Graduates","2013","2013","IE","All Irish","20","PPSN - Missing","20","Female","60","Pharmacy","Number",""
"HGO07C01","Number of Graduates","2013","2013","IE","All Irish","20","PPSN - Missing","20","Female","504","Physiotherapy","Number","18"
"HGO07C01","Number of Graduates","2013","2013","IE","All Irish","20","PPSN - Missing","20","Female","402","Radiography and Radiation Therapy","Number",""
"HGO07C01","Number of Graduates","2013","2013","IE","All Irish","20","PPSN - Missing","20","Female","702","Social Care","Number","54"
"HGO07C01","Number of Graduates","2013","2013","IE","All Irish","20","PPSN - Missing","20","Female","701","Social Work","Number","12"
"HGO07C01","Number of Graduates","2013","2013","IE","All Irish","20","PPSN - Missing","20","Female","10","Speech and Language Therapy","Number","3"
"HGO07C01","Number of Graduates","2013","2013","IE","All Irish","20","PPSN - Missing","20","Female","V52","Dietetics, Optometry and Podiatry","Number","3"
"HGO07C01","Number of Graduates","2013","2013","IE","All Irish","20","PPSN - Missing","-","All genders","201","Dentistry","Number","9"
"HGO07C01","Number of Graduates","2013","2013","IE","All Irish","20","PPSN - Missing","-","All genders","401","Medical Science","Number",""
"HGO07C01","Number of Graduates","2013","2013","IE","All Irish","20","PPSN - Missing","-","All genders","202","Medicine","Number","102"
"HGO07C01","Number of Graduates","2013","2013","IE","All Irish","20","PPSN - Missing","-","All genders","30","Nursing and Midwifery","Number","57"
"HGO07C01","Number of Graduates","2013","2013","IE","All Irish","20","PPSN - Missing","-","All genders","501","Occupational Therapy","Number","3"
"HGO07C01","Number of Graduates","2013","2013","IE","All Irish","20","PPSN - Missing","-","All genders","60","Pharmacy","Number",""
"HGO07C01","Number of Graduates","2013","2013","IE","All Irish","20","PPSN - Missing","-","All genders","504","Physiotherapy","Number","30"
"HGO07C01","Number of Graduates","2013","2013","IE","All Irish","20","PPSN - Missing","-","All genders","402","Radiography and Radiation Therapy","Number",""
"HGO07C01","Number of Graduates","2013","2013","IE","All Irish","20","PPSN - Missing","-","All genders","702","Social Care","Number","78"
"HGO07C01","Number of Graduates","2013","2013","IE","All Irish","20","PPSN - Missing","-","All genders","701","Social Work","Number","15"
"HGO07C01","Number of Graduates","2013","2013","IE","All Irish","20","PPSN - Missing","-","All genders","10","Speech and Language Therapy","Number","3"
"HGO07C01","Number of Graduates","2013","2013","IE","All Irish","20","PPSN - Missing","-","All genders","V52","Dietetics, Optometry and Podiatry","Number","3"
"HGO07C01","Number of Graduates","2013","2013","IE","All Irish","-","PPSN - All","10","Male","201","Dentistry","Number","27"
"HGO07C01","Number of Graduates","2013","2013","IE","All Irish","-","PPSN - All","10","Male","401","Medical Science","Number","30"
"HGO07C01","Number of Graduates","2013","2013","IE","All Irish","-","PPSN - All","10","Male","202","Medicine","Number","243"
"HGO07C01","Number of Graduates","2013","2013","IE","All Irish","-","PPSN - All","10","Male","30","Nursing and Midwifery","Number","117"
"HGO07C01","Number of Graduates","2013","2013","IE","All Irish","-","PPSN - All","10","Male","501","Occupational Therapy","Number","9"
"HGO07C01","Number of Graduates","2013","2013","IE","All Irish","-","PPSN - All","10","Male","60","Pharmacy","Number",""
"HGO07C01","Number of Graduates","2013","2013","IE","All Irish","-","PPSN - All","10","Male","504","Physiotherapy","Number","45"
"HGO07C01","Number of Graduates","2013","2013","IE","All Irish","-","PPSN - All","10","Male","402","Radiography and Radiation Therapy","Number","12"
"HGO07C01","Number of Graduates","2013","2013","IE","All Irish","-","PPSN - All","10","Male","702","Social Care","Number","168"
"HGO07C01","Number of Graduates","2013","2013","IE","All Irish","-","PPSN - All","10","Male","701","Social Work","Number","30"
"HGO07C01","Number of Graduates","2013","2013","IE","All Irish","-","PPSN - All","10","Male","10","Speech and Language Therapy","Number","3"
"HGO07C01","Number of Graduates","2013","2013","IE","All Irish","-","PPSN - All","10","Male","V52","Dietetics, Optometry and Podiatry","Number","12"
"HGO07C01","Number of Graduates","2013","2013","IE","All Irish","-","PPSN - All","20","Female","201","Dentistry","Number","30"
"HGO07C01","Number of Graduates","2013","2013","IE","All Irish","-","PPSN - All","20","Female","401","Medical Science","Number","42"
"HGO07C01","Number of Graduates","2013","2013","IE","All Irish","-","PPSN - All","20","Female","202","Medicine","Number","297"
"HGO07C01","Number of Graduates","2013","2013","IE","All Irish","-","PPSN - All","20","Female","30","Nursing and Midwifery","Number","1263"
"HGO07C01","Number of Graduates","2013","2013","IE","All Irish","-","PPSN - All","20","Female","501","Occupational Therapy","Number","111"
"HGO07C01","Number of Graduates","2013","2013","IE","All Irish","-","PPSN - All","20","Female","60","Pharmacy","Number",""
"HGO07C01","Number of Graduates","2013","2013","IE","All Irish","-","PPSN - All","20","Female","504","Physiotherapy","Number","96"
"HGO07C01","Number of Graduates","2013","2013","IE","All Irish","-","PPSN - All","20","Female","402","Radiography and Radiation Therapy","Number","45"
"HGO07C01","Number of Graduates","2013","2013","IE","All Irish","-","PPSN - All","20","Female","702","Social Care","Number","846"
"HGO07C01","Number of Graduates","2013","2013","IE","All Irish","-","PPSN - All","20","Female","701","Social Work","Number","162"
"HGO07C01","Number of Graduates","2013","2013","IE","All Irish","-","PPSN - All","20","Female","10","Speech and Language Therapy","Number","102"
"HGO07C01","Number of Graduates","2013","2013","IE","All Irish","-","PPSN - All","20","Female","V52","Dietetics, Optometry and Podiatry","Number","36"
"HGO07C01","Number of Graduates","2013","2013","IE","All Irish","-","PPSN - All","-","All genders","201","Dentistry","Number","57"
"HGO07C01","Number of Graduates","2013","2013","IE","All Irish","-","PPSN - All","-","All genders","401","Medical Science","Number","72"
"HGO07C01","Number of Graduates","2013","2013","IE","All Irish","-","PPSN - All","-","All genders","202","Medicine","Number","540"
"HGO07C01","Number of Graduates","2013","2013","IE","All Irish","-","PPSN - All","-","All genders","30","Nursing and Midwifery","Number","1380"
"HGO07C01","Number of Graduates","2013","2013","IE","All Irish","-","PPSN - All","-","All genders","501","Occupational Therapy","Number","120"
"HGO07C01","Number of Graduates","2013","2013","IE","All Irish","-","PPSN - All","-","All genders","60","Pharmacy","Number",""
"HGO07C01","Number of Graduates","2013","2013","IE","All Irish","-","PPSN - All","-","All genders","504","Physiotherapy","Number","141"
"HGO07C01","Number of Graduates","2013","2013","IE","All Irish","-","PPSN - All","-","All genders","402","Radiography and Radiation Therapy","Number","57"
"HGO07C01","Number of Graduates","2013","2013","IE","All Irish","-","PPSN - All","-","All genders","702","Social Care","Number","1014"
"HGO07C01","Number of Graduates","2013","2013","IE","All Irish","-","PPSN - All","-","All genders","701","Social Work","Number","192"
"HGO07C01","Number of Graduates","2013","2013","IE","All Irish","-","PPSN - All","-","All genders","10","Speech and Language Therapy","Number","105"
"HGO07C01","Number of Graduates","2013","2013","IE","All Irish","-","PPSN - All","-","All genders","V52","Dietetics, Optometry and Podiatry","Number","48"
"HGO07C01","Number of Graduates","2013","2013","IE05","Non-Irish","10","PPSN - Available","10","Male","201","Dentistry","Number","3"
"HGO07C01","Number of Graduates","2013","2013","IE05","Non-Irish","10","PPSN - Available","10","Male","401","Medical Science","Number","3"
"HGO07C01","Number of Graduates","2013","2013","IE05","Non-Irish","10","PPSN - Available","10","Male","202","Medicine","Number","9"
"HGO07C01","Number of Graduates","2013","2013","IE05","Non-Irish","10","PPSN - Available","10","Male","30","Nursing and Midwifery","Number","3"
"HGO07C01","Number of Graduates","2013","2013","IE05","Non-Irish","10","PPSN - Available","10","Male","501","Occupational Therapy","Number",""
"HGO07C01","Number of Graduates","2013","2013","IE05","Non-Irish","10","PPSN - Available","10","Male","60","Pharmacy","Number",""
"HGO07C01","Number of Graduates","2013","2013","IE05","Non-Irish","10","PPSN - Available","10","Male","504","Physiotherapy","Number",""
"HGO07C01","Number of Graduates","2013","2013","IE05","Non-Irish","10","PPSN - Available","10","Male","402","Radiography and Radiation Therapy","Number",""
"HGO07C01","Number of Graduates","2013","2013","IE05","Non-Irish","10","PPSN - Available","10","Male","702","Social Care","Number","9"
"HGO07C01","Number of Graduates","2013","2013","IE05","Non-Irish","10","PPSN - Available","10","Male","701","Social Work","Number","3"
"HGO07C01","Number of Graduates","2013","2013","IE05","Non-Irish","10","PPSN - Available","10","Male","10","Speech and Language Therapy","Number",""
"HGO07C01","Number of Graduates","2013","2013","IE05","Non-Irish","10","PPSN - Available","10","Male","V52","Dietetics, Optometry and Podiatry","Number",""
"HGO07C01","Number of Graduates","2013","2013","IE05","Non-Irish","10","PPSN - Available","20","Female","201","Dentistry","Number","6"
"HGO07C01","Number of Graduates","2013","2013","IE05","Non-Irish","10","PPSN - Available","20","Female","401","Medical Science","Number","3"
"HGO07C01","Number of Graduates","2013","2013","IE05","Non-Irish","10","PPSN - Available","20","Female","202","Medicine","Number","12"
"HGO07C01","Number of Graduates","2013","2013","IE05","Non-Irish","10","PPSN - Available","20","Female","30","Nursing and Midwifery","Number","27"
"HGO07C01","Number of Graduates","2013","2013","IE05","Non-Irish","10","PPSN - Available","20","Female","501","Occupational Therapy","Number",""
"HGO07C01","Number of Graduates","2013","2013","IE05","Non-Irish","10","PPSN - Available","20","Female","60","Pharmacy","Number",""
"HGO07C01","Number of Graduates","2013","2013","IE05","Non-Irish","10","PPSN - Available","20","Female","504","Physiotherapy","Number",""
"HGO07C01","Number of Graduates","2013","2013","IE05","Non-Irish","10","PPSN - Available","20","Female","402","Radiography and Radiation Therapy","Number",""
"HGO07C01","Number of Graduates","2013","2013","IE05","Non-Irish","10","PPSN - Available","20","Female","702","Social Care","Number","42"
"HGO07C01","Number of Graduates","2013","2013","IE05","Non-Irish","10","PPSN - Available","20","Female","701","Social Work","Number","6"
"HGO07C01","Number of Graduates","2013","2013","IE05","Non-Irish","10","PPSN - Available","20","Female","10","Speech and Language Therapy","Number","3"
"HGO07C01","Number of Graduates","2013","2013","IE05","Non-Irish","10","PPSN - Available","20","Female","V52","Dietetics, Optometry and Podiatry","Number","3"
"HGO07C01","Number of Graduates","2013","2013","IE05","Non-Irish","10","PPSN - Available","-","All genders","201","Dentistry","Number","9"
"HGO07C01","Number of Graduates","2013","2013","IE05","Non-Irish","10","PPSN - Available","-","All genders","401","Medical Science","Number","9"
"HGO07C01","Number of Graduates","2013","2013","IE05","Non-Irish","10","PPSN - Available","-","All genders","202","Medicine","Number","24"
"HGO07C01","Number of Graduates","2013","2013","IE05","Non-Irish","10","PPSN - Available","-","All genders","30","Nursing and Midwifery","Number","30"
"HGO07C01","Number of Graduates","2013","2013","IE05","Non-Irish","10","PPSN - Available","-","All genders","501","Occupational Therapy","Number",""
"HGO07C01","Number of Graduates","2013","2013","IE05","Non-Irish","10","PPSN - Available","-","All genders","60","Pharmacy","Number",""
"HGO07C01","Number of Graduates","2013","2013","IE05","Non-Irish","10","PPSN - Available","-","All genders","504","Physiotherapy","Number",""
"HGO07C01","Number of Graduates","2013","2013","IE05","Non-Irish","10","PPSN - Available","-","All genders","402","Radiography and Radiation Therapy","Number",""
"HGO07C01","Number of Graduates","2013","2013","IE05","Non-Irish","10","PPSN - Available","-","All genders","702","Social Care","Number","48"
"HGO07C01","Number of Graduates","2013","2013","IE05","Non-Irish","10","PPSN - Available","-","All genders","701","Social Work","Number","9"
"HGO07C01","Number of Graduates","2013","2013","IE05","Non-Irish","10","PPSN - Available","-","All genders","10","Speech and Language Therapy","Number","3"
"HGO07C01","Number of Graduates","2013","2013","IE05","Non-Irish","10","PPSN - Available","-","All genders","V52","Dietetics, Optometry and Podiatry","Number","3"
"HGO07C01","Number of Graduates","2013","2013","IE05","Non-Irish","20","PPSN - Missing","10","Male","201","Dentistry","Number","3"
"HGO07C01","Number of Graduates","2013","2013","IE05","Non-Irish","20","PPSN - Missing","10","Male","401","Medical Science","Number",""
"HGO07C01","Number of Graduates","2013","2013","IE05","Non-Irish","20","PPSN - Missing","10","Male","202","Medicine","Number","177"
"HGO07C01","Number of Graduates","2013","2013","IE05","Non-Irish","20","PPSN - Missing","10","Male","30","Nursing and Midwifery","Number","3"
"HGO07C01","Number of Graduates","2013","2013","IE05","Non-Irish","20","PPSN - Missing","10","Male","501","Occupational Therapy","Number","3"
"HGO07C01","Number of Graduates","2013","2013","IE05","Non-Irish","20","PPSN - Missing","10","Male","60","Pharmacy","Number",""
"HGO07C01","Number of Graduates","2013","2013","IE05","Non-Irish","20","PPSN - Missing","10","Male","504","Physiotherapy","Number","12"
"HGO07C01","Number of Graduates","2013","2013","IE05","Non-Irish","20","PPSN - Missing","10","Male","402","Radiography and Radiation Therapy","Number",""
"HGO07C01","Number of Graduates","2013","2013","IE05","Non-Irish","20","PPSN - Missing","10","Male","702","Social Care","Number","3"
"HGO07C01","Number of Graduates","2013","2013","IE05","Non-Irish","20","PPSN - Missing","10","Male","701","Social Work","Number",""
"HGO07C01","Number of Graduates","2013","2013","IE05","Non-Irish","20","PPSN - Missing","10","Male","10","Speech and Language Therapy","Number",""
"HGO07C01","Number of Graduates","2013","2013","IE05","Non-Irish","20","PPSN - Missing","10","Male","V52","Dietetics, Optometry and Podiatry","Number",""
"HGO07C01","Number of Graduates","2013","2013","IE05","Non-Irish","20","PPSN - Missing","20","Female","201","Dentistry","Number","15"
"HGO07C01","Number of Graduates","2013","2013","IE05","Non-Irish","20","PPSN - Missing","20","Female","401","Medical Science","Number",""
"HGO07C01","Number of Graduates","2013","2013","IE05","Non-Irish","20","PPSN - Missing","20","Female","202","Medicine","Number","192"
"HGO07C01","Number of Graduates","2013","2013","IE05","Non-Irish","20","PPSN - Missing","20","Female","30","Nursing and Midwifery","Number","15"
"HGO07C01","Number of Graduates","2013","2013","IE05","Non-Irish","20","PPSN - Missing","20","Female","501","Occupational Therapy","Number","30"
"HGO07C01","Number of Graduates","2013","2013","IE05","Non-Irish","20","PPSN - Missing","20","Female","60","Pharmacy","Number",""
"HGO07C01","Number of Graduates","2013","2013","IE05","Non-Irish","20","PPSN - Missing","20","Female","504","Physiotherapy","Number","45"
"HGO07C01","Number of Graduates","2013","2013","IE05","Non-Irish","20","PPSN - Missing","20","Female","402","Radiography and Radiation Therapy","Number",""
"HGO07C01","Number of Graduates","2013","2013","IE05","Non-Irish","20","PPSN - Missing","20","Female","702","Social Care","Number","15"
"HGO07C01","Number of Graduates","2013","2013","IE05","Non-Irish","20","PPSN - Missing","20","Female","701","Social Work","Number","3"
"HGO07C01","Number of Graduates","2013","2013","IE05","Non-Irish","20","PPSN - Missing","20","Female","10","Speech and Language Therapy","Number","3"
"HGO07C01","Number of Graduates","2013","2013","IE05","Non-Irish","20","PPSN - Missing","20","Female","V52","Dietetics, Optometry and Podiatry","Number",""
"HGO07C01","Number of Graduates","2013","2013","IE05","Non-Irish","20","PPSN - Missing","-","All genders","201","Dentistry","Number","18"
"HGO07C01","Number of Graduates","2013","2013","IE05","Non-Irish","20","PPSN - Missing","-","All genders","401","Medical Science","Number",""
"HGO07C01","Number of Graduates","2013","2013","IE05","Non-Irish","20","PPSN - Missing","-","All genders","202","Medicine","Number","369"
"HGO07C01","Number of Graduates","2013","2013","IE05","Non-Irish","20","PPSN - Missing","-","All genders","30","Nursing and Midwifery","Number","15"
"HGO07C01","Number of Graduates","2013","2013","IE05","Non-Irish","20","PPSN - Missing","-","All genders","501","Occupational Therapy","Number","33"
"HGO07C01","Number of Graduates","2013","2013","IE05","Non-Irish","20","PPSN - Missing","-","All genders","60","Pharmacy","Number",""
"HGO07C01","Number of Graduates","2013","2013","IE05","Non-Irish","20","PPSN - Missing","-","All genders","504","Physiotherapy","Number","57"
"HGO07C01","Number of Graduates","2013","2013","IE05","Non-Irish","20","PPSN - Missing","-","All genders","402","Radiography and Radiation Therapy","Number",""
"HGO07C01","Number of Graduates","2013","2013","IE05","Non-Irish","20","PPSN - Missing","-","All genders","702","Social Care","Number","18"
"HGO07C01","Number of Graduates","2013","2013","IE05","Non-Irish","20","PPSN - Missing","-","All genders","701","Social Work","Number","3"
"HGO07C01","Number of Graduates","2013","2013","IE05","Non-Irish","20","PPSN - Missing","-","All genders","10","Speech and Language Therapy","Number","3"
"HGO07C01","Number of Graduates","2013","2013","IE05","Non-Irish","20","PPSN - Missing","-","All genders","V52","Dietetics, Optometry and Podiatry","Number",""
"HGO07C01","Number of Graduates","2013","2013","IE05","Non-Irish","-","PPSN - All","10","Male","201","Dentistry","Number","6"
"HGO07C01","Number of Graduates","2013","2013","IE05","Non-Irish","-","PPSN - All","10","Male","401","Medical Science","Number","3"
"HGO07C01","Number of Graduates","2013","2013","IE05","Non-Irish","-","PPSN - All","10","Male","202","Medicine","Number","186"
"HGO07C01","Number of Graduates","2013","2013","IE05","Non-Irish","-","PPSN - All","10","Male","30","Nursing and Midwifery","Number","6"
"HGO07C01","Number of Graduates","2013","2013","IE05","Non-Irish","-","PPSN - All","10","Male","501","Occupational Therapy","Number","3"
"HGO07C01","Number of Graduates","2013","2013","IE05","Non-Irish","-","PPSN - All","10","Male","60","Pharmacy","Number",""
"HGO07C01","Number of Graduates","2013","2013","IE05","Non-Irish","-","PPSN - All","10","Male","504","Physiotherapy","Number","12"
"HGO07C01","Number of Graduates","2013","2013","IE05","Non-Irish","-","PPSN - All","10","Male","402","Radiography and Radiation Therapy","Number",""
"HGO07C01","Number of Graduates","2013","2013","IE05","Non-Irish","-","PPSN - All","10","Male","702","Social Care","Number","9"
"HGO07C01","Number of Graduates","2013","2013","IE05","Non-Irish","-","PPSN - All","10","Male","701","Social Work","Number","3"
"HGO07C01","Number of Graduates","2013","2013","IE05","Non-Irish","-","PPSN - All","10","Male","10","Speech and Language Therapy","Number",""
"HGO07C01","Number of Graduates","2013","2013","IE05","Non-Irish","-","PPSN - All","10","Male","V52","Dietetics, Optometry and Podiatry","Number",""
"HGO07C01","Number of Graduates","2013","2013","IE05","Non-Irish","-","PPSN - All","20","Female","201","Dentistry","Number","24"
"HGO07C01","Number of Graduates","2013","2013","IE05","Non-Irish","-","PPSN - All","20","Female","401","Medical Science","Number","3"
"HGO07C01","Number of Graduates","2013","2013","IE05","Non-Irish","-","PPSN - All","20","Female","202","Medicine","Number","207"
"HGO07C01","Number of Graduates","2013","2013","IE05","Non-Irish","-","PPSN - All","20","Female","30","Nursing and Midwifery","Number","42"
"HGO07C01","Number of Graduates","2013","2013","IE05","Non-Irish","-","PPSN - All","20","Female","501","Occupational Therapy","Number","30"
"HGO07C01","Number of Graduates","2013","2013","IE05","Non-Irish","-","PPSN - All","20","Female","60","Pharmacy","Number",""
"HGO07C01","Number of Graduates","2013","2013","IE05","Non-Irish","-","PPSN - All","20","Female","504","Physiotherapy","Number","45"
"HGO07C01","Number of Graduates","2013","2013","IE05","Non-Irish","-","PPSN - All","20","Female","402","Radiography and Radiation Therapy","Number",""
"HGO07C01","Number of Graduates","2013","2013","IE05","Non-Irish","-","PPSN - All","20","Female","702","Social Care","Number","57"
"HGO07C01","Number of Graduates","2013","2013","IE05","Non-Irish","-","PPSN - All","20","Female","701","Social Work","Number","9"
"HGO07C01","Number of Graduates","2013","2013","IE05","Non-Irish","-","PPSN - All","20","Female","10","Speech and Language Therapy","Number","6"
"HGO07C01","Number of Graduates","2013","2013","IE05","Non-Irish","-","PPSN - All","20","Female","V52","Dietetics, Optometry and Podiatry","Number","3"
"HGO07C01","Number of Graduates","2013","2013","IE05","Non-Irish","-","PPSN - All","-","All genders","201","Dentistry","Number","27"
"HGO07C01","Number of Graduates","2013","2013","IE05","Non-Irish","-","PPSN - All","-","All genders","401","Medical Science","Number","9"
"HGO07C01","Number of Graduates","2013","2013","IE05","Non-Irish","-","PPSN - All","-","All genders","202","Medicine","Number","393"
"HGO07C01","Number of Graduates","2013","2013","IE05","Non-Irish","-","PPSN - All","-","All genders","30","Nursing and Midwifery","Number","45"
"HGO07C01","Number of Graduates","2013","2013","IE05","Non-Irish","-","PPSN - All","-","All genders","501","Occupational Therapy","Number","33"
"HGO07C01","Number of Graduates","2013","2013","IE05","Non-Irish","-","PPSN - All","-","All genders","60","Pharmacy","Number",""
"HGO07C01","Number of Graduates","2013","2013","IE05","Non-Irish","-","PPSN - All","-","All genders","504","Physiotherapy","Number","60"
"HGO07C01","Number of Graduates","2013","2013","IE05","Non-Irish","-","PPSN - All","-","All genders","402","Radiography and Radiation Therapy","Number",""
"HGO07C01","Number of Graduates","2013","2013","IE05","Non-Irish","-","PPSN - All","-","All genders","702","Social Care","Number","66"
"HGO07C01","Number of Graduates","2013","2013","IE05","Non-Irish","-","PPSN - All","-","All genders","701","Social Work","Number","9"
"HGO07C01","Number of Graduates","2013","2013","IE05","Non-Irish","-","PPSN - All","-","All genders","10","Speech and Language Therapy","Number","6"
"HGO07C01","Number of Graduates","2013","2013","IE05","Non-Irish","-","PPSN - All","-","All genders","V52","Dietetics, Optometry and Podiatry","Number","3"
"HGO07C01","Number of Graduates","2013","2013","-","All nationalities","10","PPSN - Available","10","Male","201","Dentistry","Number","24"
"HGO07C01","Number of Graduates","2013","2013","-","All nationalities","10","PPSN - Available","10","Male","401","Medical Science","Number","36"
"HGO07C01","Number of Graduates","2013","2013","-","All nationalities","10","PPSN - Available","10","Male","202","Medicine","Number","201"
"HGO07C01","Number of Graduates","2013","2013","-","All nationalities","10","PPSN - Available","10","Male","30","Nursing and Midwifery","Number","111"
"HGO07C01","Number of Graduates","2013","2013","-","All nationalities","10","PPSN - Available","10","Male","501","Occupational Therapy","Number","9"
"HGO07C01","Number of Graduates","2013","2013","-","All nationalities","10","PPSN - Available","10","Male","60","Pharmacy","Number",""
"HGO07C01","Number of Graduates","2013","2013","-","All nationalities","10","PPSN - Available","10","Male","504","Physiotherapy","Number","30"
"HGO07C01","Number of Graduates","2013","2013","-","All nationalities","10","PPSN - Available","10","Male","402","Radiography and Radiation Therapy","Number","12"
"HGO07C01","Number of Graduates","2013","2013","-","All nationalities","10","PPSN - Available","10","Male","702","Social Care","Number","153"
"HGO07C01","Number of Graduates","2013","2013","-","All nationalities","10","PPSN - Available","10","Male","701","Social Work","Number","30"
"HGO07C01","Number of Graduates","2013","2013","-","All nationalities","10","PPSN - Available","10","Male","10","Speech and Language Therapy","Number","3"
"HGO07C01","Number of Graduates","2013","2013","-","All nationalities","10","PPSN - Available","10","Male","V52","Dietetics, Optometry and Podiatry","Number","12"
"HGO07C01","Number of Graduates","2013","2013","-","All nationalities","10","PPSN - Available","20","Female","201","Dentistry","Number","33"
"HGO07C01","Number of Graduates","2013","2013","-","All nationalities","10","PPSN - Available","20","Female","401","Medical Science","Number","45"
"HGO07C01","Number of Graduates","2013","2013","-","All nationalities","10","PPSN - Available","20","Female","202","Medicine","Number","261"
"HGO07C01","Number of Graduates","2013","2013","-","All nationalities","10","PPSN - Available","20","Female","30","Nursing and Midwifery","Number","1245"
"HGO07C01","Number of Graduates","2013","2013","-","All nationalities","10","PPSN - Available","20","Female","501","Occupational Therapy","Number","111"
"HGO07C01","Number of Graduates","2013","2013","-","All nationalities","10","PPSN - Available","20","Female","60","Pharmacy","Number",""
"HGO07C01","Number of Graduates","2013","2013","-","All nationalities","10","PPSN - Available","20","Female","504","Physiotherapy","Number","81"
"HGO07C01","Number of Graduates","2013","2013","-","All nationalities","10","PPSN - Available","20","Female","402","Radiography and Radiation Therapy","Number","45"
"HGO07C01","Number of Graduates","2013","2013","-","All nationalities","10","PPSN - Available","20","Female","702","Social Care","Number","831"
"HGO07C01","Number of Graduates","2013","2013","-","All nationalities","10","PPSN - Available","20","Female","701","Social Work","Number","159"
"HGO07C01","Number of Graduates","2013","2013","-","All nationalities","10","PPSN - Available","20","Female","10","Speech and Language Therapy","Number","102"
"HGO07C01","Number of Graduates","2013","2013","-","All nationalities","10","PPSN - Available","20","Female","V52","Dietetics, Optometry and Podiatry","Number","36"
"HGO07C01","Number of Graduates","2013","2013","-","All nationalities","10","PPSN - Available","-","All genders","201","Dentistry","Number","57"
"HGO07C01","Number of Graduates","2013","2013","-","All nationalities","10","PPSN - Available","-","All genders","401","Medical Science","Number","81"
"HGO07C01","Number of Graduates","2013","2013","-","All nationalities","10","PPSN - Available","-","All genders","202","Medicine","Number","462"
"HGO07C01","Number of Graduates","2013","2013","-","All nationalities","10","PPSN - Available","-","All genders","30","Nursing and Midwifery","Number","1356"
"HGO07C01","Number of Graduates","2013","2013","-","All nationalities","10","PPSN - Available","-","All genders","501","Occupational Therapy","Number","120"
"HGO07C01","Number of Graduates","2013","2013","-","All nationalities","10","PPSN - Available","-","All genders","60","Pharmacy","Number",""
"HGO07C01","Number of Graduates","2013","2013","-","All nationalities","10","PPSN - Available","-","All genders","504","Physiotherapy","Number","111"
"HGO07C01","Number of Graduates","2013","2013","-","All nationalities","10","PPSN - Available","-","All genders","402","Radiography and Radiation Therapy","Number","57"
"HGO07C01","Number of Graduates","2013","2013","-","All nationalities","10","PPSN - Available","-","All genders","702","Social Care","Number","987"
"HGO07C01","Number of Graduates","2013","2013","-","All nationalities","10","PPSN - Available","-","All genders","701","Social Work","Number","186"
"HGO07C01","Number of Graduates","2013","2013","-","All nationalities","10","PPSN - Available","-","All genders","10","Speech and Language Therapy","Number","105"
"HGO07C01","Number of Graduates","2013","2013","-","All nationalities","10","PPSN - Available","-","All genders","V52","Dietetics, Optometry and Podiatry","Number","48"
"HGO07C01","Number of Graduates","2013","2013","-","All nationalities","20","PPSN - Missing","10","Male","201","Dentistry","Number","6"
"HGO07C01","Number of Graduates","2013","2013","-","All nationalities","20","PPSN - Missing","10","Male","401","Medical Science","Number",""
"HGO07C01","Number of Graduates","2013","2013","-","All nationalities","20","PPSN - Missing","10","Male","202","Medicine","Number","228"
"HGO07C01","Number of Graduates","2013","2013","-","All nationalities","20","PPSN - Missing","10","Male","30","Nursing and Midwifery","Number","12"
"HGO07C01","Number of Graduates","2013","2013","-","All nationalities","20","PPSN - Missing","10","Male","501","Occupational Therapy","Number","3"
"HGO07C01","Number of Graduates","2013","2013","-","All nationalities","20","PPSN - Missing","10","Male","60","Pharmacy","Number",""
"HGO07C01","Number of Graduates","2013","2013","-","All nationalities","20","PPSN - Missing","10","Male","504","Physiotherapy","Number","27"
"HGO07C01","Number of Graduates","2013","2013","-","All nationalities","20","PPSN - Missing","10","Male","402","Radiography and Radiation Therapy","Number",""
"HGO07C01","Number of Graduates","2013","2013","-","All nationalities","20","PPSN - Missing","10","Male","702","Social Care","Number","24"
"HGO07C01","Number of Graduates","2013","2013","-","All nationalities","20","PPSN - Missing","10","Male","701","Social Work","Number","3"
"HGO07C01","Number of Graduates","2013","2013","-","All nationalities","20","PPSN - Missing","10","Male","10","Speech and Language Therapy","Number",""
"HGO07C01","Number of Graduates","2013","2013","-","All nationalities","20","PPSN - Missing","10","Male","V52","Dietetics, Optometry and Podiatry","Number",""
"HGO07C01","Number of Graduates","2013","2013","-","All nationalities","20","PPSN - Missing","20","Female","201","Dentistry","Number","21"
"HGO07C01","Number of Graduates","2013","2013","-","All nationalities","20","PPSN - Missing","20","Female","401","Medical Science","Number",""
"HGO07C01","Number of Graduates","2013","2013","-","All nationalities","20","PPSN - Missing","20","Female","202","Medicine","Number","243"
"HGO07C01","Number of Graduates","2013","2013","-","All nationalities","20","PPSN - Missing","20","Female","30","Nursing and Midwifery","Number","60"
"HGO07C01","Number of Graduates","2013","2013","-","All nationalities","20","PPSN - Missing","20","Female","501","Occupational Therapy","Number","30"
"HGO07C01","Number of Graduates","2013","2013","-","All nationalities","20","PPSN - Missing","20","Female","60","Pharmacy","Number",""
"HGO07C01","Number of Graduates","2013","2013","-","All nationalities","20","PPSN - Missing","20","Female","504","Physiotherapy","Number","63"
"HGO07C01","Number of Graduates","2013","2013","-","All nationalities","20","PPSN - Missing","20","Female","402","Radiography and Radiation Therapy","Number",""
"HGO07C01","Number of Graduates","2013","2013","-","All nationalities","20","PPSN - Missing","20","Female","702","Social Care","Number","69"
"HGO07C01","Number of Graduates","2013","2013","-","All nationalities","20","PPSN - Missing","20","Female","701","Social Work","Number","12"
"HGO07C01","Number of Graduates","2013","2013","-","All nationalities","20","PPSN - Missing","20","Female","10","Speech and Language Therapy","Number","6"
"HGO07C01","Number of Graduates","2013","2013","-","All nationalities","20","PPSN - Missing","20","Female","V52","Dietetics, Optometry and Podiatry","Number","3"
"HGO07C01","Number of Graduates","2013","2013","-","All nationalities","20","PPSN - Missing","-","All genders","201","Dentistry","Number","27"
"HGO07C01","Number of Graduates","2013","2013","-","All nationalities","20","PPSN - Missing","-","All genders","401","Medical Science","Number",""
"HGO07C01","Number of Graduates","2013","2013","-","All nationalities","20","PPSN - Missing","-","All genders","202","Medicine","Number","471"
"HGO07C01","Number of Graduates","2013","2013","-","All nationalities","20","PPSN - Missing","-","All genders","30","Nursing and Midwifery","Number","72"
"HGO07C01","Number of Graduates","2013","2013","-","All nationalities","20","PPSN - Missing","-","All genders","501","Occupational Therapy","Number","33"
"HGO07C01","Number of Graduates","2013","2013","-","All nationalities","20","PPSN - Missing","-","All genders","60","Pharmacy","Number",""
"HGO07C01","Number of Graduates","2013","2013","-","All nationalities","20","PPSN - Missing","-","All genders","504","Physiotherapy","Number","90"
"HGO07C01","Number of Graduates","2013","2013","-","All nationalities","20","PPSN - Missing","-","All genders","402","Radiography and Radiation Therapy","Number",""
"HGO07C01","Number of Graduates","2013","2013","-","All nationalities","20","PPSN - Missing","-","All genders","702","Social Care","Number","93"
"HGO07C01","Number of Graduates","2013","2013","-","All nationalities","20","PPSN - Missing","-","All genders","701","Social Work","Number","15"
"HGO07C01","Number of Graduates","2013","2013","-","All nationalities","20","PPSN - Missing","-","All genders","10","Speech and Language Therapy","Number","6"
"HGO07C01","Number of Graduates","2013","2013","-","All nationalities","20","PPSN - Missing","-","All genders","V52","Dietetics, Optometry and Podiatry","Number","3"
"HGO07C01","Number of Graduates","2013","2013","-","All nationalities","-","PPSN - All","10","Male","201","Dentistry","Number","30"
"HGO07C01","Number of Graduates","2013","2013","-","All nationalities","-","PPSN - All","10","Male","401","Medical Science","Number","36"
"HGO07C01","Number of Graduates","2013","2013","-","All nationalities","-","PPSN - All","10","Male","202","Medicine","Number","429"
"HGO07C01","Number of Graduates","2013","2013","-","All nationalities","-","PPSN - All","10","Male","30","Nursing and Midwifery","Number","123"
"HGO07C01","Number of Graduates","2013","2013","-","All nationalities","-","PPSN - All","10","Male","501","Occupational Therapy","Number","12"
"HGO07C01","Number of Graduates","2013","2013","-","All nationalities","-","PPSN - All","10","Male","60","Pharmacy","Number",""
"HGO07C01","Number of Graduates","2013","2013","-","All nationalities","-","PPSN - All","10","Male","504","Physiotherapy","Number","57"
"HGO07C01","Number of Graduates","2013","2013","-","All nationalities","-","PPSN - All","10","Male","402","Radiography and Radiation Therapy","Number","12"
"HGO07C01","Number of Graduates","2013","2013","-","All nationalities","-","PPSN - All","10","Male","702","Social Care","Number","180"
"HGO07C01","Number of Graduates","2013","2013","-","All nationalities","-","PPSN - All","10","Male","701","Social Work","Number","33"
"HGO07C01","Number of Graduates","2013","2013","-","All nationalities","-","PPSN - All","10","Male","10","Speech and Language Therapy","Number","3"
"HGO07C01","Number of Graduates","2013","2013","-","All nationalities","-","PPSN - All","10","Male","V52","Dietetics, Optometry and Podiatry","Number","12"
"HGO07C01","Number of Graduates","2013","2013","-","All nationalities","-","PPSN - All","20","Female","201","Dentistry","Number","54"
"HGO07C01","Number of Graduates","2013","2013","-","All nationalities","-","PPSN - All","20","Female","401","Medical Science","Number","45"
"HGO07C01","Number of Graduates","2013","2013","-","All nationalities","-","PPSN - All","20","Female","202","Medicine","Number","504"
"HGO07C01","Number of Graduates","2013","2013","-","All nationalities","-","PPSN - All","20","Female","30","Nursing and Midwifery","Number","1305"
"HGO07C01","Number of Graduates","2013","2013","-","All nationalities","-","PPSN - All","20","Female","501","Occupational Therapy","Number","141"
"HGO07C01","Number of Graduates","2013","2013","-","All nationalities","-","PPSN - All","20","Female","60","Pharmacy","Number",""
"HGO07C01","Number of Graduates","2013","2013","-","All nationalities","-","PPSN - All","20","Female","504","Physiotherapy","Number","144"
"HGO07C01","Number of Graduates","2013","2013","-","All nationalities","-","PPSN - All","20","Female","402","Radiography and Radiation Therapy","Number","45"
"HGO07C01","Number of Graduates","2013","2013","-","All nationalities","-","PPSN - All","20","Female","702","Social Care","Number","900"
"HGO07C01","Number of Graduates","2013","2013","-","All nationalities","-","PPSN - All","20","Female","701","Social Work","Number","171"
"HGO07C01","Number of Graduates","2013","2013","-","All nationalities","-","PPSN - All","20","Female","10","Speech and Language Therapy","Number","108"
"HGO07C01","Number of Graduates","2013","2013","-","All nationalities","-","PPSN - All","20","Female","V52","Dietetics, Optometry and Podiatry","Number","39"
"HGO07C01","Number of Graduates","2013","2013","-","All nationalities","-","PPSN - All","-","All genders","201","Dentistry","Number","84"
"HGO07C01","Number of Graduates","2013","2013","-","All nationalities","-","PPSN - All","-","All genders","401","Medical Science","Number","81"
"HGO07C01","Number of Graduates","2013","2013","-","All nationalities","-","PPSN - All","-","All genders","202","Medicine","Number","933"
"HGO07C01","Number of Graduates","2013","2013","-","All nationalities","-","PPSN - All","-","All genders","30","Nursing and Midwifery","Number","1428"
"HGO07C01","Number of Graduates","2013","2013","-","All nationalities","-","PPSN - All","-","All genders","501","Occupational Therapy","Number","153"
"HGO07C01","Number of Graduates","2013","2013","-","All nationalities","-","PPSN - All","-","All genders","60","Pharmacy","Number",""
"HGO07C01","Number of Graduates","2013","2013","-","All nationalities","-","PPSN - All","-","All genders","504","Physiotherapy","Number","201"
"HGO07C01","Number of Graduates","2013","2013","-","All nationalities","-","PPSN - All","-","All genders","402","Radiography and Radiation Therapy","Number","57"
"HGO07C01","Number of Graduates","2013","2013","-","All nationalities","-","PPSN - All","-","All genders","702","Social Care","Number","1080"
"HGO07C01","Number of Graduates","2013","2013","-","All nationalities","-","PPSN - All","-","All genders","701","Social Work","Number","204"
"HGO07C01","Number of Graduates","2013","2013","-","All nationalities","-","PPSN - All","-","All genders","10","Speech and Language Therapy","Number","108"
"HGO07C01","Number of Graduates","2013","2013","-","All nationalities","-","PPSN - All","-","All genders","V52","Dietetics, Optometry and Podiatry","Number","51"
"HGO07C01","Number of Graduates","2014","2014","IE","All Irish","10","PPSN - Available","10","Male","201","Dentistry","Number","15"
"HGO07C01","Number of Graduates","2014","2014","IE","All Irish","10","PPSN - Available","10","Male","401","Medical Science","Number","15"
"HGO07C01","Number of Graduates","2014","2014","IE","All Irish","10","PPSN - Available","10","Male","202","Medicine","Number","204"
"HGO07C01","Number of Graduates","2014","2014","IE","All Irish","10","PPSN - Available","10","Male","30","Nursing and Midwifery","Number","126"
"HGO07C01","Number of Graduates","2014","2014","IE","All Irish","10","PPSN - Available","10","Male","501","Occupational Therapy","Number","6"
"HGO07C01","Number of Graduates","2014","2014","IE","All Irish","10","PPSN - Available","10","Male","60","Pharmacy","Number",""
"HGO07C01","Number of Graduates","2014","2014","IE","All Irish","10","PPSN - Available","10","Male","504","Physiotherapy","Number","36"
"HGO07C01","Number of Graduates","2014","2014","IE","All Irish","10","PPSN - Available","10","Male","402","Radiography and Radiation Therapy","Number","12"
"HGO07C01","Number of Graduates","2014","2014","IE","All Irish","10","PPSN - Available","10","Male","702","Social Care","Number","177"
"HGO07C01","Number of Graduates","2014","2014","IE","All Irish","10","PPSN - Available","10","Male","701","Social Work","Number","36"
"HGO07C01","Number of Graduates","2014","2014","IE","All Irish","10","PPSN - Available","10","Male","10","Speech and Language Therapy","Number",""
"HGO07C01","Number of Graduates","2014","2014","IE","All Irish","10","PPSN - Available","10","Male","V52","Dietetics, Optometry and Podiatry","Number","12"
"HGO07C01","Number of Graduates","2014","2014","IE","All Irish","10","PPSN - Available","20","Female","201","Dentistry","Number","39"
"HGO07C01","Number of Graduates","2014","2014","IE","All Irish","10","PPSN - Available","20","Female","401","Medical Science","Number","57"
"HGO07C01","Number of Graduates","2014","2014","IE","All Irish","10","PPSN - Available","20","Female","202","Medicine","Number","240"
"HGO07C01","Number of Graduates","2014","2014","IE","All Irish","10","PPSN - Available","20","Female","30","Nursing and Midwifery","Number","1182"
"HGO07C01","Number of Graduates","2014","2014","IE","All Irish","10","PPSN - Available","20","Female","501","Occupational Therapy","Number","90"
"HGO07C01","Number of Graduates","2014","2014","IE","All Irish","10","PPSN - Available","20","Female","60","Pharmacy","Number",""
"HGO07C01","Number of Graduates","2014","2014","IE","All Irish","10","PPSN - Available","20","Female","504","Physiotherapy","Number","60"
"HGO07C01","Number of Graduates","2014","2014","IE","All Irish","10","PPSN - Available","20","Female","402","Radiography and Radiation Therapy","Number","30"
"HGO07C01","Number of Graduates","2014","2014","IE","All Irish","10","PPSN - Available","20","Female","702","Social Care","Number","855"
"HGO07C01","Number of Graduates","2014","2014","IE","All Irish","10","PPSN - Available","20","Female","701","Social Work","Number","123"
"HGO07C01","Number of Graduates","2014","2014","IE","All Irish","10","PPSN - Available","20","Female","10","Speech and Language Therapy","Number","90"
"HGO07C01","Number of Graduates","2014","2014","IE","All Irish","10","PPSN - Available","20","Female","V52","Dietetics, Optometry and Podiatry","Number","42"
"HGO07C01","Number of Graduates","2014","2014","IE","All Irish","10","PPSN - Available","-","All genders","201","Dentistry","Number","54"
"HGO07C01","Number of Graduates","2014","2014","IE","All Irish","10","PPSN - Available","-","All genders","401","Medical Science","Number","72"
"HGO07C01","Number of Graduates","2014","2014","IE","All Irish","10","PPSN - Available","-","All genders","202","Medicine","Number","444"
"HGO07C01","Number of Graduates","2014","2014","IE","All Irish","10","PPSN - Available","-","All genders","30","Nursing and Midwifery","Number","1305"
"HGO07C01","Number of Graduates","2014","2014","IE","All Irish","10","PPSN - Available","-","All genders","501","Occupational Therapy","Number","93"
"HGO07C01","Number of Graduates","2014","2014","IE","All Irish","10","PPSN - Available","-","All genders","60","Pharmacy","Number",""
"HGO07C01","Number of Graduates","2014","2014","IE","All Irish","10","PPSN - Available","-","All genders","504","Physiotherapy","Number","96"
"HGO07C01","Number of Graduates","2014","2014","IE","All Irish","10","PPSN - Available","-","All genders","402","Radiography and Radiation Therapy","Number","42"
"HGO07C01","Number of Graduates","2014","2014","IE","All Irish","10","PPSN - Available","-","All genders","702","Social Care","Number","1035"
"HGO07C01","Number of Graduates","2014","2014","IE","All Irish","10","PPSN - Available","-","All genders","701","Social Work","Number","159"
"HGO07C01","Number of Graduates","2014","2014","IE","All Irish","10","PPSN - Available","-","All genders","10","Speech and Language Therapy","Number","93"
"HGO07C01","Number of Graduates","2014","2014","IE","All Irish","10","PPSN - Available","-","All genders","V52","Dietetics, Optometry and Podiatry","Number","54"
"HGO07C01","Number of Graduates","2014","2014","IE","All Irish","20","PPSN - Missing","10","Male","201","Dentistry","Number","3"
"HGO07C01","Number of Graduates","2014","2014","IE","All Irish","20","PPSN - Missing","10","Male","401","Medical Science","Number",""
"HGO07C01","Number of Graduates","2014","2014","IE","All Irish","20","PPSN - Missing","10","Male","202","Medicine","Number","81"
"HGO07C01","Number of Graduates","2014","2014","IE","All Irish","20","PPSN - Missing","10","Male","30","Nursing and Midwifery","Number","6"
"HGO07C01","Number of Graduates","2014","2014","IE","All Irish","20","PPSN - Missing","10","Male","501","Occupational Therapy","Number",""
"HGO07C01","Number of Graduates","2014","2014","IE","All Irish","20","PPSN - Missing","10","Male","60","Pharmacy","Number",""
"HGO07C01","Number of Graduates","2014","2014","IE","All Irish","20","PPSN - Missing","10","Male","504","Physiotherapy","Number","15"
"HGO07C01","Number of Graduates","2014","2014","IE","All Irish","20","PPSN - Missing","10","Male","402","Radiography and Radiation Therapy","Number","3"
"HGO07C01","Number of Graduates","2014","2014","IE","All Irish","20","PPSN - Missing","10","Male","702","Social Care","Number","27"
"HGO07C01","Number of Graduates","2014","2014","IE","All Irish","20","PPSN - Missing","10","Male","701","Social Work","Number","9"
"HGO07C01","Number of Graduates","2014","2014","IE","All Irish","20","PPSN - Missing","10","Male","10","Speech and Language Therapy","Number",""
"HGO07C01","Number of Graduates","2014","2014","IE","All Irish","20","PPSN - Missing","10","Male","V52","Dietetics, Optometry and Podiatry","Number",""
"HGO07C01","Number of Graduates","2014","2014","IE","All Irish","20","PPSN - Missing","20","Female","201","Dentistry","Number","3"
"HGO07C01","Number of Graduates","2014","2014","IE","All Irish","20","PPSN - Missing","20","Female","401","Medical Science","Number",""
"HGO07C01","Number of Graduates","2014","2014","IE","All Irish","20","PPSN - Missing","20","Female","202","Medicine","Number","69"
"HGO07C01","Number of Graduates","2014","2014","IE","All Irish","20","PPSN - Missing","20","Female","30","Nursing and Midwifery","Number","57"
"HGO07C01","Number of Graduates","2014","2014","IE","All Irish","20","PPSN - Missing","20","Female","501","Occupational Therapy","Number","15"
"HGO07C01","Number of Graduates","2014","2014","IE","All Irish","20","PPSN - Missing","20","Female","60","Pharmacy","Number",""
"HGO07C01","Number of Graduates","2014","2014","IE","All Irish","20","PPSN - Missing","20","Female","504","Physiotherapy","Number","27"
"HGO07C01","Number of Graduates","2014","2014","IE","All Irish","20","PPSN - Missing","20","Female","402","Radiography and Radiation Therapy","Number","9"
"HGO07C01","Number of Graduates","2014","2014","IE","All Irish","20","PPSN - Missing","20","Female","702","Social Care","Number","63"
"HGO07C01","Number of Graduates","2014","2014","IE","All Irish","20","PPSN - Missing","20","Female","701","Social Work","Number","42"
"HGO07C01","Number of Graduates","2014","2014","IE","All Irish","20","PPSN - Missing","20","Female","10","Speech and Language Therapy","Number","12"
"HGO07C01","Number of Graduates","2014","2014","IE","All Irish","20","PPSN - Missing","20","Female","V52","Dietetics, Optometry and Podiatry","Number",""
"HGO07C01","Number of Graduates","2014","2014","IE","All Irish","20","PPSN - Missing","-","All genders","201","Dentistry","Number","3"
"HGO07C01","Number of Graduates","2014","2014","IE","All Irish","20","PPSN - Missing","-","All genders","401","Medical Science","Number",""
"HGO07C01","Number of Graduates","2014","2014","IE","All Irish","20","PPSN - Missing","-","All genders","202","Medicine","Number","150"
"HGO07C01","Number of Graduates","2014","2014","IE","All Irish","20","PPSN - Missing","-","All genders","30","Nursing and Midwifery","Number","63"
"HGO07C01","Number of Graduates","2014","2014","IE","All Irish","20","PPSN - Missing","-","All genders","501","Occupational Therapy","Number","15"
"HGO07C01","Number of Graduates","2014","2014","IE","All Irish","20","PPSN - Missing","-","All genders","60","Pharmacy","Number",""
"HGO07C01","Number of Graduates","2014","2014","IE","All Irish","20","PPSN - Missing","-","All genders","504","Physiotherapy","Number","42"
"HGO07C01","Number of Graduates","2014","2014","IE","All Irish","20","PPSN - Missing","-","All genders","402","Radiography and Radiation Therapy","Number","12"
"HGO07C01","Number of Graduates","2014","2014","IE","All Irish","20","PPSN - Missing","-","All genders","702","Social Care","Number","87"
"HGO07C01","Number of Graduates","2014","2014","IE","All Irish","20","PPSN - Missing","-","All genders","701","Social Work","Number","51"
"HGO07C01","Number of Graduates","2014","2014","IE","All Irish","20","PPSN - Missing","-","All genders","10","Speech and Language Therapy","Number","12"
"HGO07C01","Number of Graduates","2014","2014","IE","All Irish","20","PPSN - Missing","-","All genders","V52","Dietetics, Optometry and Podiatry","Number","3"
"HGO07C01","Number of Graduates","2014","2014","IE","All Irish","-","PPSN - All","10","Male","201","Dentistry","Number","18"
"HGO07C01","Number of Graduates","2014","2014","IE","All Irish","-","PPSN - All","10","Male","401","Medical Science","Number","15"
"HGO07C01","Number of Graduates","2014","2014","IE","All Irish","-","PPSN - All","10","Male","202","Medicine","Number","285"
"HGO07C01","Number of Graduates","2014","2014","IE","All Irish","-","PPSN - All","10","Male","30","Nursing and Midwifery","Number","132"
"HGO07C01","Number of Graduates","2014","2014","IE","All Irish","-","PPSN - All","10","Male","501","Occupational Therapy","Number","6"
"HGO07C01","Number of Graduates","2014","2014","IE","All Irish","-","PPSN - All","10","Male","60","Pharmacy","Number",""
"HGO07C01","Number of Graduates","2014","2014","IE","All Irish","-","PPSN - All","10","Male","504","Physiotherapy","Number","51"
"HGO07C01","Number of Graduates","2014","2014","IE","All Irish","-","PPSN - All","10","Male","402","Radiography and Radiation Therapy","Number","15"
"HGO07C01","Number of Graduates","2014","2014","IE","All Irish","-","PPSN - All","10","Male","702","Social Care","Number","204"
"HGO07C01","Number of Graduates","2014","2014","IE","All Irish","-","PPSN - All","10","Male","701","Social Work","Number","45"
"HGO07C01","Number of Graduates","2014","2014","IE","All Irish","-","PPSN - All","10","Male","10","Speech and Language Therapy","Number",""
"HGO07C01","Number of Graduates","2014","2014","IE","All Irish","-","PPSN - All","10","Male","V52","Dietetics, Optometry and Podiatry","Number","12"
"HGO07C01","Number of Graduates","2014","2014","IE","All Irish","-","PPSN - All","20","Female","201","Dentistry","Number","39"
"HGO07C01","Number of Graduates","2014","2014","IE","All Irish","-","PPSN - All","20","Female","401","Medical Science","Number","60"
"HGO07C01","Number of Graduates","2014","2014","IE","All Irish","-","PPSN - All","20","Female","202","Medicine","Number","309"
"HGO07C01","Number of Graduates","2014","2014","IE","All Irish","-","PPSN - All","20","Female","30","Nursing and Midwifery","Number","1239"
"HGO07C01","Number of Graduates","2014","2014","IE","All Irish","-","PPSN - All","20","Female","501","Occupational Therapy","Number","102"
"HGO07C01","Number of Graduates","2014","2014","IE","All Irish","-","PPSN - All","20","Female","60","Pharmacy","Number",""
"HGO07C01","Number of Graduates","2014","2014","IE","All Irish","-","PPSN - All","20","Female","504","Physiotherapy","Number","87"
"HGO07C01","Number of Graduates","2014","2014","IE","All Irish","-","PPSN - All","20","Female","402","Radiography and Radiation Therapy","Number","39"
"HGO07C01","Number of Graduates","2014","2014","IE","All Irish","-","PPSN - All","20","Female","702","Social Care","Number","918"
"HGO07C01","Number of Graduates","2014","2014","IE","All Irish","-","PPSN - All","20","Female","701","Social Work","Number","165"
"HGO07C01","Number of Graduates","2014","2014","IE","All Irish","-","PPSN - All","20","Female","10","Speech and Language Therapy","Number","102"
"HGO07C01","Number of Graduates","2014","2014","IE","All Irish","-","PPSN - All","20","Female","V52","Dietetics, Optometry and Podiatry","Number","45"
"HGO07C01","Number of Graduates","2014","2014","IE","All Irish","-","PPSN - All","-","All genders","201","Dentistry","Number","57"
"HGO07C01","Number of Graduates","2014","2014","IE","All Irish","-","PPSN - All","-","All genders","401","Medical Science","Number","72"
"HGO07C01","Number of Graduates","2014","2014","IE","All Irish","-","PPSN - All","-","All genders","202","Medicine","Number","594"
"HGO07C01","Number of Graduates","2014","2014","IE","All Irish","-","PPSN - All","-","All genders","30","Nursing and Midwifery","Number","1368"
"HGO07C01","Number of Graduates","2014","2014","IE","All Irish","-","PPSN - All","-","All genders","501","Occupational Therapy","Number","108"
"HGO07C01","Number of Graduates","2014","2014","IE","All Irish","-","PPSN - All","-","All genders","60","Pharmacy","Number",""
"HGO07C01","Number of Graduates","2014","2014","IE","All Irish","-","PPSN - All","-","All genders","504","Physiotherapy","Number","138"
"HGO07C01","Number of Graduates","2014","2014","IE","All Irish","-","PPSN - All","-","All genders","402","Radiography and Radiation Therapy","Number","54"
"HGO07C01","Number of Graduates","2014","2014","IE","All Irish","-","PPSN - All","-","All genders","702","Social Care","Number","1122"
"HGO07C01","Number of Graduates","2014","2014","IE","All Irish","-","PPSN - All","-","All genders","701","Social Work","Number","210"
"HGO07C01","Number of Graduates","2014","2014","IE","All Irish","-","PPSN - All","-","All genders","10","Speech and Language Therapy","Number","102"
"HGO07C01","Number of Graduates","2014","2014","IE","All Irish","-","PPSN - All","-","All genders","V52","Dietetics, Optometry and Podiatry","Number","57"
"HGO07C01","Number of Graduates","2014","2014","IE05","Non-Irish","10","PPSN - Available","10","Male","201","Dentistry","Number","3"
"HGO07C01","Number of Graduates","2014","2014","IE05","Non-Irish","10","PPSN - Available","10","Male","401","Medical Science","Number",""
"HGO07C01","Number of Graduates","2014","2014","IE05","Non-Irish","10","PPSN - Available","10","Male","202","Medicine","Number","9"
"HGO07C01","Number of Graduates","2014","2014","IE05","Non-Irish","10","PPSN - Available","10","Male","30","Nursing and Midwifery","Number","9"
"HGO07C01","Number of Graduates","2014","2014","IE05","Non-Irish","10","PPSN - Available","10","Male","501","Occupational Therapy","Number",""
"HGO07C01","Number of Graduates","2014","2014","IE05","Non-Irish","10","PPSN - Available","10","Male","60","Pharmacy","Number",""
"HGO07C01","Number of Graduates","2014","2014","IE05","Non-Irish","10","PPSN - Available","10","Male","504","Physiotherapy","Number",""
"HGO07C01","Number of Graduates","2014","2014","IE05","Non-Irish","10","PPSN - Available","10","Male","402","Radiography and Radiation Therapy","Number",""
"HGO07C01","Number of Graduates","2014","2014","IE05","Non-Irish","10","PPSN - Available","10","Male","702","Social Care","Number","15"
"HGO07C01","Number of Graduates","2014","2014","IE05","Non-Irish","10","PPSN - Available","10","Male","701","Social Work","Number",""
"HGO07C01","Number of Graduates","2014","2014","IE05","Non-Irish","10","PPSN - Available","10","Male","10","Speech and Language Therapy","Number",""
"HGO07C01","Number of Graduates","2014","2014","IE05","Non-Irish","10","PPSN - Available","10","Male","V52","Dietetics, Optometry and Podiatry","Number",""
"HGO07C01","Number of Graduates","2014","2014","IE05","Non-Irish","10","PPSN - Available","20","Female","201","Dentistry","Number",""
"HGO07C01","Number of Graduates","2014","2014","IE05","Non-Irish","10","PPSN - Available","20","Female","401","Medical Science","Number","3"
"HGO07C01","Number of Graduates","2014","2014","IE05","Non-Irish","10","PPSN - Available","20","Female","202","Medicine","Number","12"
"HGO07C01","Number of Graduates","2014","2014","IE05","Non-Irish","10","PPSN - Available","20","Female","30","Nursing and Midwifery","Number","18"
"HGO07C01","Number of Graduates","2014","2014","IE05","Non-Irish","10","PPSN - Available","20","Female","501","Occupational Therapy","Number",""
"HGO07C01","Number of Graduates","2014","2014","IE05","Non-Irish","10","PPSN - Available","20","Female","60","Pharmacy","Number",""
"HGO07C01","Number of Graduates","2014","2014","IE05","Non-Irish","10","PPSN - Available","20","Female","504","Physiotherapy","Number",""
"HGO07C01","Number of Graduates","2014","2014","IE05","Non-Irish","10","PPSN - Available","20","Female","402","Radiography and Radiation Therapy","Number",""
"HGO07C01","Number of Graduates","2014","2014","IE05","Non-Irish","10","PPSN - Available","20","Female","702","Social Care","Number","42"
"HGO07C01","Number of Graduates","2014","2014","IE05","Non-Irish","10","PPSN - Available","20","Female","701","Social Work","Number","3"
"HGO07C01","Number of Graduates","2014","2014","IE05","Non-Irish","10","PPSN - Available","20","Female","10","Speech and Language Therapy","Number",""
"HGO07C01","Number of Graduates","2014","2014","IE05","Non-Irish","10","PPSN - Available","20","Female","V52","Dietetics, Optometry and Podiatry","Number",""
"HGO07C01","Number of Graduates","2014","2014","IE05","Non-Irish","10","PPSN - Available","-","All genders","201","Dentistry","Number","3"
"HGO07C01","Number of Graduates","2014","2014","IE05","Non-Irish","10","PPSN - Available","-","All genders","401","Medical Science","Number","3"
"HGO07C01","Number of Graduates","2014","2014","IE05","Non-Irish","10","PPSN - Available","-","All genders","202","Medicine","Number","21"
"HGO07C01","Number of Graduates","2014","2014","IE05","Non-Irish","10","PPSN - Available","-","All genders","30","Nursing and Midwifery","Number","24"
"HGO07C01","Number of Graduates","2014","2014","IE05","Non-Irish","10","PPSN - Available","-","All genders","501","Occupational Therapy","Number",""
"HGO07C01","Number of Graduates","2014","2014","IE05","Non-Irish","10","PPSN - Available","-","All genders","60","Pharmacy","Number",""
"HGO07C01","Number of Graduates","2014","2014","IE05","Non-Irish","10","PPSN - Available","-","All genders","504","Physiotherapy","Number",""
"HGO07C01","Number of Graduates","2014","2014","IE05","Non-Irish","10","PPSN - Available","-","All genders","402","Radiography and Radiation Therapy","Number",""
"HGO07C01","Number of Graduates","2014","2014","IE05","Non-Irish","10","PPSN - Available","-","All genders","702","Social Care","Number","54"
"HGO07C01","Number of Graduates","2014","2014","IE05","Non-Irish","10","PPSN - Available","-","All genders","701","Social Work","Number","3"
"HGO07C01","Number of Graduates","2014","2014","IE05","Non-Irish","10","PPSN - Available","-","All genders","10","Speech and Language Therapy","Number",""
"HGO07C01","Number of Graduates","2014","2014","IE05","Non-Irish","10","PPSN - Available","-","All genders","V52","Dietetics, Optometry and Podiatry","Number",""
"HGO07C01","Number of Graduates","2014","2014","IE05","Non-Irish","20","PPSN - Missing","10","Male","201","Dentistry","Number","3"
"HGO07C01","Number of Graduates","2014","2014","IE05","Non-Irish","20","PPSN - Missing","10","Male","401","Medical Science","Number",""
"HGO07C01","Number of Graduates","2014","2014","IE05","Non-Irish","20","PPSN - Missing","10","Male","202","Medicine","Number","201"
"HGO07C01","Number of Graduates","2014","2014","IE05","Non-Irish","20","PPSN - Missing","10","Male","30","Nursing and Midwifery","Number","6"
"HGO07C01","Number of Graduates","2014","2014","IE05","Non-Irish","20","PPSN - Missing","10","Male","501","Occupational Therapy","Number","3"
"HGO07C01","Number of Graduates","2014","2014","IE05","Non-Irish","20","PPSN - Missing","10","Male","60","Pharmacy","Number",""
"HGO07C01","Number of Graduates","2014","2014","IE05","Non-Irish","20","PPSN - Missing","10","Male","504","Physiotherapy","Number","18"
"HGO07C01","Number of Graduates","2014","2014","IE05","Non-Irish","20","PPSN - Missing","10","Male","402","Radiography and Radiation Therapy","Number",""
"HGO07C01","Number of Graduates","2014","2014","IE05","Non-Irish","20","PPSN - Missing","10","Male","702","Social Care","Number","3"
"HGO07C01","Number of Graduates","2014","2014","IE05","Non-Irish","20","PPSN - Missing","10","Male","701","Social Work","Number",""
"HGO07C01","Number of Graduates","2014","2014","IE05","Non-Irish","20","PPSN - Missing","10","Male","10","Speech and Language Therapy","Number",""
"HGO07C01","Number of Graduates","2014","2014","IE05","Non-Irish","20","PPSN - Missing","10","Male","V52","Dietetics, Optometry and Podiatry","Number",""
"HGO07C01","Number of Graduates","2014","2014","IE05","Non-Irish","20","PPSN - Missing","20","Female","201","Dentistry","Number","9"
"HGO07C01","Number of Graduates","2014","2014","IE05","Non-Irish","20","PPSN - Missing","20","Female","401","Medical Science","Number",""
"HGO07C01","Number of Graduates","2014","2014","IE05","Non-Irish","20","PPSN - Missing","20","Female","202","Medicine","Number","201"
"HGO07C01","Number of Graduates","2014","2014","IE05","Non-Irish","20","PPSN - Missing","20","Female","30","Nursing and Midwifery","Number","21"
"HGO07C01","Number of Graduates","2014","2014","IE05","Non-Irish","20","PPSN - Missing","20","Female","501","Occupational Therapy","Number","36"
"HGO07C01","Number of Graduates","2014","2014","IE05","Non-Irish","20","PPSN - Missing","20","Female","60","Pharmacy","Number",""
"HGO07C01","Number of Graduates","2014","2014","IE05","Non-Irish","20","PPSN - Missing","20","Female","504","Physiotherapy","Number","48"
"HGO07C01","Number of Graduates","2014","2014","IE05","Non-Irish","20","PPSN - Missing","20","Female","402","Radiography and Radiation Therapy","Number",""
"HGO07C01","Number of Graduates","2014","2014","IE05","Non-Irish","20","PPSN - Missing","20","Female","702","Social Care","Number","6"
"HGO07C01","Number of Graduates","2014","2014","IE05","Non-Irish","20","PPSN - Missing","20","Female","701","Social Work","Number","6"
"HGO07C01","Number of Graduates","2014","2014","IE05","Non-Irish","20","PPSN - Missing","20","Female","10","Speech and Language Therapy","Number","6"
"HGO07C01","Number of Graduates","2014","2014","IE05","Non-Irish","20","PPSN - Missing","20","Female","V52","Dietetics, Optometry and Podiatry","Number",""
"HGO07C01","Number of Graduates","2014","2014","IE05","Non-Irish","20","PPSN - Missing","-","All genders","201","Dentistry","Number","12"
"HGO07C01","Number of Graduates","2014","2014","IE05","Non-Irish","20","PPSN - Missing","-","All genders","401","Medical Science","Number",""
"HGO07C01","Number of Graduates","2014","2014","IE05","Non-Irish","20","PPSN - Missing","-","All genders","202","Medicine","Number","402"
"HGO07C01","Number of Graduates","2014","2014","IE05","Non-Irish","20","PPSN - Missing","-","All genders","30","Nursing and Midwifery","Number","30"
"HGO07C01","Number of Graduates","2014","2014","IE05","Non-Irish","20","PPSN - Missing","-","All genders","501","Occupational Therapy","Number","39"
"HGO07C01","Number of Graduates","2014","2014","IE05","Non-Irish","20","PPSN - Missing","-","All genders","60","Pharmacy","Number",""
"HGO07C01","Number of Graduates","2014","2014","IE05","Non-Irish","20","PPSN - Missing","-","All genders","504","Physiotherapy","Number","66"
"HGO07C01","Number of Graduates","2014","2014","IE05","Non-Irish","20","PPSN - Missing","-","All genders","402","Radiography and Radiation Therapy","Number",""
"HGO07C01","Number of Graduates","2014","2014","IE05","Non-Irish","20","PPSN - Missing","-","All genders","702","Social Care","Number","9"
"HGO07C01","Number of Graduates","2014","2014","IE05","Non-Irish","20","PPSN - Missing","-","All genders","701","Social Work","Number","6"
"HGO07C01","Number of Graduates","2014","2014","IE05","Non-Irish","20","PPSN - Missing","-","All genders","10","Speech and Language Therapy","Number","6"
"HGO07C01","Number of Graduates","2014","2014","IE05","Non-Irish","20","PPSN - Missing","-","All genders","V52","Dietetics, Optometry and Podiatry","Number",""
"HGO07C01","Number of Graduates","2014","2014","IE05","Non-Irish","-","PPSN - All","10","Male","201","Dentistry","Number","6"
"HGO07C01","Number of Graduates","2014","2014","IE05","Non-Irish","-","PPSN - All","10","Male","401","Medical Science","Number",""
"HGO07C01","Number of Graduates","2014","2014","IE05","Non-Irish","-","PPSN - All","10","Male","202","Medicine","Number","210"
"HGO07C01","Number of Graduates","2014","2014","IE05","Non-Irish","-","PPSN - All","10","Male","30","Nursing and Midwifery","Number","15"
"HGO07C01","Number of Graduates","2014","2014","IE05","Non-Irish","-","PPSN - All","10","Male","501","Occupational Therapy","Number","3"
"HGO07C01","Number of Graduates","2014","2014","IE05","Non-Irish","-","PPSN - All","10","Male","60","Pharmacy","Number",""
"HGO07C01","Number of Graduates","2014","2014","IE05","Non-Irish","-","PPSN - All","10","Male","504","Physiotherapy","Number","18"
"HGO07C01","Number of Graduates","2014","2014","IE05","Non-Irish","-","PPSN - All","10","Male","402","Radiography and Radiation Therapy","Number",""
"HGO07C01","Number of Graduates","2014","2014","IE05","Non-Irish","-","PPSN - All","10","Male","702","Social Care","Number","18"
"HGO07C01","Number of Graduates","2014","2014","IE05","Non-Irish","-","PPSN - All","10","Male","701","Social Work","Number",""
"HGO07C01","Number of Graduates","2014","2014","IE05","Non-Irish","-","PPSN - All","10","Male","10","Speech and Language Therapy","Number",""
"HGO07C01","Number of Graduates","2014","2014","IE05","Non-Irish","-","PPSN - All","10","Male","V52","Dietetics, Optometry and Podiatry","Number",""
"HGO07C01","Number of Graduates","2014","2014","IE05","Non-Irish","-","PPSN - All","20","Female","201","Dentistry","Number","9"
"HGO07C01","Number of Graduates","2014","2014","IE05","Non-Irish","-","PPSN - All","20","Female","401","Medical Science","Number","3"
"HGO07C01","Number of Graduates","2014","2014","IE05","Non-Irish","-","PPSN - All","20","Female","202","Medicine","Number","210"
"HGO07C01","Number of Graduates","2014","2014","IE05","Non-Irish","-","PPSN - All","20","Female","30","Nursing and Midwifery","Number","39"
"HGO07C01","Number of Graduates","2014","2014","IE05","Non-Irish","-","PPSN - All","20","Female","501","Occupational Therapy","Number","36"
"HGO07C01","Number of Graduates","2014","2014","IE05","Non-Irish","-","PPSN - All","20","Female","60","Pharmacy","Number",""
"HGO07C01","Number of Graduates","2014","2014","IE05","Non-Irish","-","PPSN - All","20","Female","504","Physiotherapy","Number","48"
"HGO07C01","Number of Graduates","2014","2014","IE05","Non-Irish","-","PPSN - All","20","Female","402","Radiography and Radiation Therapy","Number","3"
"HGO07C01","Number of Graduates","2014","2014","IE05","Non-Irish","-","PPSN - All","20","Female","702","Social Care","Number","48"
"HGO07C01","Number of Graduates","2014","2014","IE05","Non-Irish","-","PPSN - All","20","Female","701","Social Work","Number","9"
"HGO07C01","Number of Graduates","2014","2014","IE05","Non-Irish","-","PPSN - All","20","Female","10","Speech and Language Therapy","Number","6"
"HGO07C01","Number of Graduates","2014","2014","IE05","Non-Irish","-","PPSN - All","20","Female","V52","Dietetics, Optometry and Podiatry","Number",""
"HGO07C01","Number of Graduates","2014","2014","IE05","Non-Irish","-","PPSN - All","-","All genders","201","Dentistry","Number","18"
"HGO07C01","Number of Graduates","2014","2014","IE05","Non-Irish","-","PPSN - All","-","All genders","401","Medical Science","Number","3"
"HGO07C01","Number of Graduates","2014","2014","IE05","Non-Irish","-","PPSN - All","-","All genders","202","Medicine","Number","423"
"HGO07C01","Number of Graduates","2014","2014","IE05","Non-Irish","-","PPSN - All","-","All genders","30","Nursing and Midwifery","Number","54"
"HGO07C01","Number of Graduates","2014","2014","IE05","Non-Irish","-","PPSN - All","-","All genders","501","Occupational Therapy","Number","39"
"HGO07C01","Number of Graduates","2014","2014","IE05","Non-Irish","-","PPSN - All","-","All genders","60","Pharmacy","Number",""
"HGO07C01","Number of Graduates","2014","2014","IE05","Non-Irish","-","PPSN - All","-","All genders","504","Physiotherapy","Number","66"
"HGO07C01","Number of Graduates","2014","2014","IE05","Non-Irish","-","PPSN - All","-","All genders","402","Radiography and Radiation Therapy","Number","3"
"HGO07C01","Number of Graduates","2014","2014","IE05","Non-Irish","-","PPSN - All","-","All genders","702","Social Care","Number","63"
"HGO07C01","Number of Graduates","2014","2014","IE05","Non-Irish","-","PPSN - All","-","All genders","701","Social Work","Number","9"
"HGO07C01","Number of Graduates","2014","2014","IE05","Non-Irish","-","PPSN - All","-","All genders","10","Speech and Language Therapy","Number","6"
"HGO07C01","Number of Graduates","2014","2014","IE05","Non-Irish","-","PPSN - All","-","All genders","V52","Dietetics, Optometry and Podiatry","Number",""
"HGO07C01","Number of Graduates","2014","2014","-","All nationalities","10","PPSN - Available","10","Male","201","Dentistry","Number","21"
"HGO07C01","Number of Graduates","2014","2014","-","All nationalities","10","PPSN - Available","10","Male","401","Medical Science","Number","15"
"HGO07C01","Number of Graduates","2014","2014","-","All nationalities","10","PPSN - Available","10","Male","202","Medicine","Number","213"
"HGO07C01","Number of Graduates","2014","2014","-","All nationalities","10","PPSN - Available","10","Male","30","Nursing and Midwifery","Number","132"
"HGO07C01","Number of Graduates","2014","2014","-","All nationalities","10","PPSN - Available","10","Male","501","Occupational Therapy","Number","6"
"HGO07C01","Number of Graduates","2014","2014","-","All nationalities","10","PPSN - Available","10","Male","60","Pharmacy","Number",""
"HGO07C01","Number of Graduates","2014","2014","-","All nationalities","10","PPSN - Available","10","Male","504","Physiotherapy","Number","36"
"HGO07C01","Number of Graduates","2014","2014","-","All nationalities","10","PPSN - Available","10","Male","402","Radiography and Radiation Therapy","Number","12"
"HGO07C01","Number of Graduates","2014","2014","-","All nationalities","10","PPSN - Available","10","Male","702","Social Care","Number","192"
"HGO07C01","Number of Graduates","2014","2014","-","All nationalities","10","PPSN - Available","10","Male","701","Social Work","Number","36"
"HGO07C01","Number of Graduates","2014","2014","-","All nationalities","10","PPSN - Available","10","Male","10","Speech and Language Therapy","Number",""
"HGO07C01","Number of Graduates","2014","2014","-","All nationalities","10","PPSN - Available","10","Male","V52","Dietetics, Optometry and Podiatry","Number","12"
"HGO07C01","Number of Graduates","2014","2014","-","All nationalities","10","PPSN - Available","20","Female","201","Dentistry","Number","39"
"HGO07C01","Number of Graduates","2014","2014","-","All nationalities","10","PPSN - Available","20","Female","401","Medical Science","Number","60"
"HGO07C01","Number of Graduates","2014","2014","-","All nationalities","10","PPSN - Available","20","Female","202","Medicine","Number","249"
"HGO07C01","Number of Graduates","2014","2014","-","All nationalities","10","PPSN - Available","20","Female","30","Nursing and Midwifery","Number","1197"
"HGO07C01","Number of Graduates","2014","2014","-","All nationalities","10","PPSN - Available","20","Female","501","Occupational Therapy","Number","90"
"HGO07C01","Number of Graduates","2014","2014","-","All nationalities","10","PPSN - Available","20","Female","60","Pharmacy","Number",""
"HGO07C01","Number of Graduates","2014","2014","-","All nationalities","10","PPSN - Available","20","Female","504","Physiotherapy","Number","63"
"HGO07C01","Number of Graduates","2014","2014","-","All nationalities","10","PPSN - Available","20","Female","402","Radiography and Radiation Therapy","Number","30"
"HGO07C01","Number of Graduates","2014","2014","-","All nationalities","10","PPSN - Available","20","Female","702","Social Care","Number","897"
"HGO07C01","Number of Graduates","2014","2014","-","All nationalities","10","PPSN - Available","20","Female","701","Social Work","Number","126"
"HGO07C01","Number of Graduates","2014","2014","-","All nationalities","10","PPSN - Available","20","Female","10","Speech and Language Therapy","Number","90"
"HGO07C01","Number of Graduates","2014","2014","-","All nationalities","10","PPSN - Available","20","Female","V52","Dietetics, Optometry and Podiatry","Number","42"
"HGO07C01","Number of Graduates","2014","2014","-","All nationalities","10","PPSN - Available","-","All genders","201","Dentistry","Number","57"
"HGO07C01","Number of Graduates","2014","2014","-","All nationalities","10","PPSN - Available","-","All genders","401","Medical Science","Number","75"
"HGO07C01","Number of Graduates","2014","2014","-","All nationalities","10","PPSN - Available","-","All genders","202","Medicine","Number","465"
"HGO07C01","Number of Graduates","2014","2014","-","All nationalities","10","PPSN - Available","-","All genders","30","Nursing and Midwifery","Number","1332"
"HGO07C01","Number of Graduates","2014","2014","-","All nationalities","10","PPSN - Available","-","All genders","501","Occupational Therapy","Number","96"
"HGO07C01","Number of Graduates","2014","2014","-","All nationalities","10","PPSN - Available","-","All genders","60","Pharmacy","Number",""
"HGO07C01","Number of Graduates","2014","2014","-","All nationalities","10","PPSN - Available","-","All genders","504","Physiotherapy","Number","99"
"HGO07C01","Number of Graduates","2014","2014","-","All nationalities","10","PPSN - Available","-","All genders","402","Radiography and Radiation Therapy","Number","45"
"HGO07C01","Number of Graduates","2014","2014","-","All nationalities","10","PPSN - Available","-","All genders","702","Social Care","Number","1089"
"HGO07C01","Number of Graduates","2014","2014","-","All nationalities","10","PPSN - Available","-","All genders","701","Social Work","Number","162"
"HGO07C01","Number of Graduates","2014","2014","-","All nationalities","10","PPSN - Available","-","All genders","10","Speech and Language Therapy","Number","93"
"HGO07C01","Number of Graduates","2014","2014","-","All nationalities","10","PPSN - Available","-","All genders","V52","Dietetics, Optometry and Podiatry","Number","54"
"HGO07C01","Number of Graduates","2014","2014","-","All nationalities","20","PPSN - Missing","10","Male","201","Dentistry","Number","6"
"HGO07C01","Number of Graduates","2014","2014","-","All nationalities","20","PPSN - Missing","10","Male","401","Medical Science","Number",""
"HGO07C01","Number of Graduates","2014","2014","-","All nationalities","20","PPSN - Missing","10","Male","202","Medicine","Number","282"
"HGO07C01","Number of Graduates","2014","2014","-","All nationalities","20","PPSN - Missing","10","Male","30","Nursing and Midwifery","Number","12"
"HGO07C01","Number of Graduates","2014","2014","-","All nationalities","20","PPSN - Missing","10","Male","501","Occupational Therapy","Number","3"
"HGO07C01","Number of Graduates","2014","2014","-","All nationalities","20","PPSN - Missing","10","Male","60","Pharmacy","Number",""
"HGO07C01","Number of Graduates","2014","2014","-","All nationalities","20","PPSN - Missing","10","Male","504","Physiotherapy","Number","33"
"HGO07C01","Number of Graduates","2014","2014","-","All nationalities","20","PPSN - Missing","10","Male","402","Radiography and Radiation Therapy","Number","3"
"HGO07C01","Number of Graduates","2014","2014","-","All nationalities","20","PPSN - Missing","10","Male","702","Social Care","Number","30"
"HGO07C01","Number of Graduates","2014","2014","-","All nationalities","20","PPSN - Missing","10","Male","701","Social Work","Number","9"
"HGO07C01","Number of Graduates","2014","2014","-","All nationalities","20","PPSN - Missing","10","Male","10","Speech and Language Therapy","Number",""
"HGO07C01","Number of Graduates","2014","2014","-","All nationalities","20","PPSN - Missing","10","Male","V52","Dietetics, Optometry and Podiatry","Number","3"
"HGO07C01","Number of Graduates","2014","2014","-","All nationalities","20","PPSN - Missing","20","Female","201","Dentistry","Number","12"
"HGO07C01","Number of Graduates","2014","2014","-","All nationalities","20","PPSN - Missing","20","Female","401","Medical Science","Number",""
"HGO07C01","Number of Graduates","2014","2014","-","All nationalities","20","PPSN - Missing","20","Female","202","Medicine","Number","270"
"HGO07C01","Number of Graduates","2014","2014","-","All nationalities","20","PPSN - Missing","20","Female","30","Nursing and Midwifery","Number","78"
"HGO07C01","Number of Graduates","2014","2014","-","All nationalities","20","PPSN - Missing","20","Female","501","Occupational Therapy","Number","48"
"HGO07C01","Number of Graduates","2014","2014","-","All nationalities","20","PPSN - Missing","20","Female","60","Pharmacy","Number",""
"HGO07C01","Number of Graduates","2014","2014","-","All nationalities","20","PPSN - Missing","20","Female","504","Physiotherapy","Number","75"
"HGO07C01","Number of Graduates","2014","2014","-","All nationalities","20","PPSN - Missing","20","Female","402","Radiography and Radiation Therapy","Number","9"
"HGO07C01","Number of Graduates","2014","2014","-","All nationalities","20","PPSN - Missing","20","Female","702","Social Care","Number","69"
"HGO07C01","Number of Graduates","2014","2014","-","All nationalities","20","PPSN - Missing","20","Female","701","Social Work","Number","48"
"HGO07C01","Number of Graduates","2014","2014","-","All nationalities","20","PPSN - Missing","20","Female","10","Speech and Language Therapy","Number","15"
"HGO07C01","Number of Graduates","2014","2014","-","All nationalities","20","PPSN - Missing","20","Female","V52","Dietetics, Optometry and Podiatry","Number",""
"HGO07C01","Number of Graduates","2014","2014","-","All nationalities","20","PPSN - Missing","-","All genders","201","Dentistry","Number","18"
"HGO07C01","Number of Graduates","2014","2014","-","All nationalities","20","PPSN - Missing","-","All genders","401","Medical Science","Number",""
"HGO07C01","Number of Graduates","2014","2014","-","All nationalities","20","PPSN - Missing","-","All genders","202","Medicine","Number","552"
"HGO07C01","Number of Graduates","2014","2014","-","All nationalities","20","PPSN - Missing","-","All genders","30","Nursing and Midwifery","Number","93"
"HGO07C01","Number of Graduates","2014","2014","-","All nationalities","20","PPSN - Missing","-","All genders","501","Occupational Therapy","Number","51"
"HGO07C01","Number of Graduates","2014","2014","-","All nationalities","20","PPSN - Missing","-","All genders","60","Pharmacy","Number",""
"HGO07C01","Number of Graduates","2014","2014","-","All nationalities","20","PPSN - Missing","-","All genders","504","Physiotherapy","Number","108"
"HGO07C01","Number of Graduates","2014","2014","-","All nationalities","20","PPSN - Missing","-","All genders","402","Radiography and Radiation Therapy","Number","12"
"HGO07C01","Number of Graduates","2014","2014","-","All nationalities","20","PPSN - Missing","-","All genders","702","Social Care","Number","96"
"HGO07C01","Number of Graduates","2014","2014","-","All nationalities","20","PPSN - Missing","-","All genders","701","Social Work","Number","57"
"HGO07C01","Number of Graduates","2014","2014","-","All nationalities","20","PPSN - Missing","-","All genders","10","Speech and Language Therapy","Number","15"
"HGO07C01","Number of Graduates","2014","2014","-","All nationalities","20","PPSN - Missing","-","All genders","V52","Dietetics, Optometry and Podiatry","Number","3"
"HGO07C01","Number of Graduates","2014","2014","-","All nationalities","-","PPSN - All","10","Male","201","Dentistry","Number","24"
"HGO07C01","Number of Graduates","2014","2014","-","All nationalities","-","PPSN - All","10","Male","401","Medical Science","Number","15"
"HGO07C01","Number of Graduates","2014","2014","-","All nationalities","-","PPSN - All","10","Male","202","Medicine","Number","498"
"HGO07C01","Number of Graduates","2014","2014","-","All nationalities","-","PPSN - All","10","Male","30","Nursing and Midwifery","Number","147"
"HGO07C01","Number of Graduates","2014","2014","-","All nationalities","-","PPSN - All","10","Male","501","Occupational Therapy","Number","9"
"HGO07C01","Number of Graduates","2014","2014","-","All nationalities","-","PPSN - All","10","Male","60","Pharmacy","Number",""
"HGO07C01","Number of Graduates","2014","2014","-","All nationalities","-","PPSN - All","10","Male","504","Physiotherapy","Number","69"
"HGO07C01","Number of Graduates","2014","2014","-","All nationalities","-","PPSN - All","10","Male","402","Radiography and Radiation Therapy","Number","15"
"HGO07C01","Number of Graduates","2014","2014","-","All nationalities","-","PPSN - All","10","Male","702","Social Care","Number","222"
"HGO07C01","Number of Graduates","2014","2014","-","All nationalities","-","PPSN - All","10","Male","701","Social Work","Number","45"
"HGO07C01","Number of Graduates","2014","2014","-","All nationalities","-","PPSN - All","10","Male","10","Speech and Language Therapy","Number",""
"HGO07C01","Number of Graduates","2014","2014","-","All nationalities","-","PPSN - All","10","Male","V52","Dietetics, Optometry and Podiatry","Number","12"
"HGO07C01","Number of Graduates","2014","2014","-","All nationalities","-","PPSN - All","20","Female","201","Dentistry","Number","51"
"HGO07C01","Number of Graduates","2014","2014","-","All nationalities","-","PPSN - All","20","Female","401","Medical Science","Number","63"
"HGO07C01","Number of Graduates","2014","2014","-","All nationalities","-","PPSN - All","20","Female","202","Medicine","Number","519"
"HGO07C01","Number of Graduates","2014","2014","-","All nationalities","-","PPSN - All","20","Female","30","Nursing and Midwifery","Number","1278"
"HGO07C01","Number of Graduates","2014","2014","-","All nationalities","-","PPSN - All","20","Female","501","Occupational Therapy","Number","138"
"HGO07C01","Number of Graduates","2014","2014","-","All nationalities","-","PPSN - All","20","Female","60","Pharmacy","Number",""
"HGO07C01","Number of Graduates","2014","2014","-","All nationalities","-","PPSN - All","20","Female","504","Physiotherapy","Number","138"
"HGO07C01","Number of Graduates","2014","2014","-","All nationalities","-","PPSN - All","20","Female","402","Radiography and Radiation Therapy","Number","42"
"HGO07C01","Number of Graduates","2014","2014","-","All nationalities","-","PPSN - All","20","Female","702","Social Care","Number","966"
"HGO07C01","Number of Graduates","2014","2014","-","All nationalities","-","PPSN - All","20","Female","701","Social Work","Number","177"
"HGO07C01","Number of Graduates","2014","2014","-","All nationalities","-","PPSN - All","20","Female","10","Speech and Language Therapy","Number","108"
"HGO07C01","Number of Graduates","2014","2014","-","All nationalities","-","PPSN - All","20","Female","V52","Dietetics, Optometry and Podiatry","Number","45"
"HGO07C01","Number of Graduates","2014","2014","-","All nationalities","-","PPSN - All","-","All genders","201","Dentistry","Number","75"
"HGO07C01","Number of Graduates","2014","2014","-","All nationalities","-","PPSN - All","-","All genders","401","Medical Science","Number","78"
"HGO07C01","Number of Graduates","2014","2014","-","All nationalities","-","PPSN - All","-","All genders","202","Medicine","Number","1017"
"HGO07C01","Number of Graduates","2014","2014","-","All nationalities","-","PPSN - All","-","All genders","30","Nursing and Midwifery","Number","1422"
"HGO07C01","Number of Graduates","2014","2014","-","All nationalities","-","PPSN - All","-","All genders","501","Occupational Therapy","Number","147"
"HGO07C01","Number of Graduates","2014","2014","-","All nationalities","-","PPSN - All","-","All genders","60","Pharmacy","Number",""
"HGO07C01","Number of Graduates","2014","2014","-","All nationalities","-","PPSN - All","-","All genders","504","Physiotherapy","Number","207"
"HGO07C01","Number of Graduates","2014","2014","-","All nationalities","-","PPSN - All","-","All genders","402","Radiography and Radiation Therapy","Number","57"
"HGO07C01","Number of Graduates","2014","2014","-","All nationalities","-","PPSN - All","-","All genders","702","Social Care","Number","1185"
"HGO07C01","Number of Graduates","2014","2014","-","All nationalities","-","PPSN - All","-","All genders","701","Social Work","Number","219"
"HGO07C01","Number of Graduates","2014","2014","-","All nationalities","-","PPSN - All","-","All genders","10","Speech and Language Therapy","Number","108"
"HGO07C01","Number of Graduates","2014","2014","-","All nationalities","-","PPSN - All","-","All genders","V52","Dietetics, Optometry and Podiatry","Number","57"
"HGO07C01","Number of Graduates","2015","2015","IE","All Irish","10","PPSN - Available","10","Male","201","Dentistry","Number","15"
"HGO07C01","Number of Graduates","2015","2015","IE","All Irish","10","PPSN - Available","10","Male","401","Medical Science","Number","27"
"HGO07C01","Number of Graduates","2015","2015","IE","All Irish","10","PPSN - Available","10","Male","202","Medicine","Number","300"
"HGO07C01","Number of Graduates","2015","2015","IE","All Irish","10","PPSN - Available","10","Male","30","Nursing and Midwifery","Number","114"
"HGO07C01","Number of Graduates","2015","2015","IE","All Irish","10","PPSN - Available","10","Male","501","Occupational Therapy","Number","12"
"HGO07C01","Number of Graduates","2015","2015","IE","All Irish","10","PPSN - Available","10","Male","60","Pharmacy","Number",""
"HGO07C01","Number of Graduates","2015","2015","IE","All Irish","10","PPSN - Available","10","Male","504","Physiotherapy","Number","57"
"HGO07C01","Number of Graduates","2015","2015","IE","All Irish","10","PPSN - Available","10","Male","402","Radiography and Radiation Therapy","Number","9"
"HGO07C01","Number of Graduates","2015","2015","IE","All Irish","10","PPSN - Available","10","Male","702","Social Care","Number","186"
"HGO07C01","Number of Graduates","2015","2015","IE","All Irish","10","PPSN - Available","10","Male","701","Social Work","Number","30"
"HGO07C01","Number of Graduates","2015","2015","IE","All Irish","10","PPSN - Available","10","Male","10","Speech and Language Therapy","Number","3"
"HGO07C01","Number of Graduates","2015","2015","IE","All Irish","10","PPSN - Available","10","Male","V52","Dietetics, Optometry and Podiatry","Number","12"
"HGO07C01","Number of Graduates","2015","2015","IE","All Irish","10","PPSN - Available","20","Female","201","Dentistry","Number","36"
"HGO07C01","Number of Graduates","2015","2015","IE","All Irish","10","PPSN - Available","20","Female","401","Medical Science","Number","66"
"HGO07C01","Number of Graduates","2015","2015","IE","All Irish","10","PPSN - Available","20","Female","202","Medicine","Number","330"
"HGO07C01","Number of Graduates","2015","2015","IE","All Irish","10","PPSN - Available","20","Female","30","Nursing and Midwifery","Number","1152"
"HGO07C01","Number of Graduates","2015","2015","IE","All Irish","10","PPSN - Available","20","Female","501","Occupational Therapy","Number","99"
"HGO07C01","Number of Graduates","2015","2015","IE","All Irish","10","PPSN - Available","20","Female","60","Pharmacy","Number",""
"HGO07C01","Number of Graduates","2015","2015","IE","All Irish","10","PPSN - Available","20","Female","504","Physiotherapy","Number","90"
"HGO07C01","Number of Graduates","2015","2015","IE","All Irish","10","PPSN - Available","20","Female","402","Radiography and Radiation Therapy","Number","48"
"HGO07C01","Number of Graduates","2015","2015","IE","All Irish","10","PPSN - Available","20","Female","702","Social Care","Number","897"
"HGO07C01","Number of Graduates","2015","2015","IE","All Irish","10","PPSN - Available","20","Female","701","Social Work","Number","126"
"HGO07C01","Number of Graduates","2015","2015","IE","All Irish","10","PPSN - Available","20","Female","10","Speech and Language Therapy","Number","102"
"HGO07C01","Number of Graduates","2015","2015","IE","All Irish","10","PPSN - Available","20","Female","V52","Dietetics, Optometry and Podiatry","Number","60"
"HGO07C01","Number of Graduates","2015","2015","IE","All Irish","10","PPSN - Available","-","All genders","201","Dentistry","Number","51"
"HGO07C01","Number of Graduates","2015","2015","IE","All Irish","10","PPSN - Available","-","All genders","401","Medical Science","Number","90"
"HGO07C01","Number of Graduates","2015","2015","IE","All Irish","10","PPSN - Available","-","All genders","202","Medicine","Number","630"
"HGO07C01","Number of Graduates","2015","2015","IE","All Irish","10","PPSN - Available","-","All genders","30","Nursing and Midwifery","Number","1266"
"HGO07C01","Number of Graduates","2015","2015","IE","All Irish","10","PPSN - Available","-","All genders","501","Occupational Therapy","Number","111"
"HGO07C01","Number of Graduates","2015","2015","IE","All Irish","10","PPSN - Available","-","All genders","60","Pharmacy","Number",""
"HGO07C01","Number of Graduates","2015","2015","IE","All Irish","10","PPSN - Available","-","All genders","504","Physiotherapy","Number","147"
"HGO07C01","Number of Graduates","2015","2015","IE","All Irish","10","PPSN - Available","-","All genders","402","Radiography and Radiation Therapy","Number","57"
"HGO07C01","Number of Graduates","2015","2015","IE","All Irish","10","PPSN - Available","-","All genders","702","Social Care","Number","1083"
"HGO07C01","Number of Graduates","2015","2015","IE","All Irish","10","PPSN - Available","-","All genders","701","Social Work","Number","156"
"HGO07C01","Number of Graduates","2015","2015","IE","All Irish","10","PPSN - Available","-","All genders","10","Speech and Language Therapy","Number","102"
"HGO07C01","Number of Graduates","2015","2015","IE","All Irish","10","PPSN - Available","-","All genders","V52","Dietetics, Optometry and Podiatry","Number","72"
"HGO07C01","Number of Graduates","2015","2015","IE","All Irish","20","PPSN - Missing","10","Male","201","Dentistry","Number",""
"HGO07C01","Number of Graduates","2015","2015","IE","All Irish","20","PPSN - Missing","10","Male","401","Medical Science","Number",""
"HGO07C01","Number of Graduates","2015","2015","IE","All Irish","20","PPSN - Missing","10","Male","202","Medicine","Number","30"
"HGO07C01","Number of Graduates","2015","2015","IE","All Irish","20","PPSN - Missing","10","Male","30","Nursing and Midwifery","Number","6"
"HGO07C01","Number of Graduates","2015","2015","IE","All Irish","20","PPSN - Missing","10","Male","501","Occupational Therapy","Number",""
"HGO07C01","Number of Graduates","2015","2015","IE","All Irish","20","PPSN - Missing","10","Male","60","Pharmacy","Number",""
"HGO07C01","Number of Graduates","2015","2015","IE","All Irish","20","PPSN - Missing","10","Male","504","Physiotherapy","Number","6"
"HGO07C01","Number of Graduates","2015","2015","IE","All Irish","20","PPSN - Missing","10","Male","402","Radiography and Radiation Therapy","Number",""
"HGO07C01","Number of Graduates","2015","2015","IE","All Irish","20","PPSN - Missing","10","Male","702","Social Care","Number","24"
"HGO07C01","Number of Graduates","2015","2015","IE","All Irish","20","PPSN - Missing","10","Male","701","Social Work","Number","3"
"HGO07C01","Number of Graduates","2015","2015","IE","All Irish","20","PPSN - Missing","10","Male","10","Speech and Language Therapy","Number",""
"HGO07C01","Number of Graduates","2015","2015","IE","All Irish","20","PPSN - Missing","10","Male","V52","Dietetics, Optometry and Podiatry","Number",""
"HGO07C01","Number of Graduates","2015","2015","IE","All Irish","20","PPSN - Missing","20","Female","201","Dentistry","Number","3"
"HGO07C01","Number of Graduates","2015","2015","IE","All Irish","20","PPSN - Missing","20","Female","401","Medical Science","Number",""
"HGO07C01","Number of Graduates","2015","2015","IE","All Irish","20","PPSN - Missing","20","Female","202","Medicine","Number","30"
"HGO07C01","Number of Graduates","2015","2015","IE","All Irish","20","PPSN - Missing","20","Female","30","Nursing and Midwifery","Number","33"
"HGO07C01","Number of Graduates","2015","2015","IE","All Irish","20","PPSN - Missing","20","Female","501","Occupational Therapy","Number",""
"HGO07C01","Number of Graduates","2015","2015","IE","All Irish","20","PPSN - Missing","20","Female","60","Pharmacy","Number",""
"HGO07C01","Number of Graduates","2015","2015","IE","All Irish","20","PPSN - Missing","20","Female","504","Physiotherapy","Number","6"
"HGO07C01","Number of Graduates","2015","2015","IE","All Irish","20","PPSN - Missing","20","Female","402","Radiography and Radiation Therapy","Number",""
"HGO07C01","Number of Graduates","2015","2015","IE","All Irish","20","PPSN - Missing","20","Female","702","Social Care","Number","48"
"HGO07C01","Number of Graduates","2015","2015","IE","All Irish","20","PPSN - Missing","20","Female","701","Social Work","Number",""
"HGO07C01","Number of Graduates","2015","2015","IE","All Irish","20","PPSN - Missing","20","Female","10","Speech and Language Therapy","Number",""
"HGO07C01","Number of Graduates","2015","2015","IE","All Irish","20","PPSN - Missing","20","Female","V52","Dietetics, Optometry and Podiatry","Number",""
"HGO07C01","Number of Graduates","2015","2015","IE","All Irish","20","PPSN - Missing","-","All genders","201","Dentistry","Number","3"
"HGO07C01","Number of Graduates","2015","2015","IE","All Irish","20","PPSN - Missing","-","All genders","401","Medical Science","Number",""
"HGO07C01","Number of Graduates","2015","2015","IE","All Irish","20","PPSN - Missing","-","All genders","202","Medicine","Number","57"
"HGO07C01","Number of Graduates","2015","2015","IE","All Irish","20","PPSN - Missing","-","All genders","30","Nursing and Midwifery","Number","39"
"HGO07C01","Number of Graduates","2015","2015","IE","All Irish","20","PPSN - Missing","-","All genders","501","Occupational Therapy","Number",""
"HGO07C01","Number of Graduates","2015","2015","IE","All Irish","20","PPSN - Missing","-","All genders","60","Pharmacy","Number",""
"HGO07C01","Number of Graduates","2015","2015","IE","All Irish","20","PPSN - Missing","-","All genders","504","Physiotherapy","Number","12"
"HGO07C01","Number of Graduates","2015","2015","IE","All Irish","20","PPSN - Missing","-","All genders","402","Radiography and Radiation Therapy","Number",""
"HGO07C01","Number of Graduates","2015","2015","IE","All Irish","20","PPSN - Missing","-","All genders","702","Social Care","Number","72"
"HGO07C01","Number of Graduates","2015","2015","IE","All Irish","20","PPSN - Missing","-","All genders","701","Social Work","Number","3"
"HGO07C01","Number of Graduates","2015","2015","IE","All Irish","20","PPSN - Missing","-","All genders","10","Speech and Language Therapy","Number",""
"HGO07C01","Number of Graduates","2015","2015","IE","All Irish","20","PPSN - Missing","-","All genders","V52","Dietetics, Optometry and Podiatry","Number","3"
"HGO07C01","Number of Graduates","2015","2015","IE","All Irish","-","PPSN - All","10","Male","201","Dentistry","Number","15"
"HGO07C01","Number of Graduates","2015","2015","IE","All Irish","-","PPSN - All","10","Male","401","Medical Science","Number","27"
"HGO07C01","Number of Graduates","2015","2015","IE","All Irish","-","PPSN - All","10","Male","202","Medicine","Number","330"
"HGO07C01","Number of Graduates","2015","2015","IE","All Irish","-","PPSN - All","10","Male","30","Nursing and Midwifery","Number","120"
"HGO07C01","Number of Graduates","2015","2015","IE","All Irish","-","PPSN - All","10","Male","501","Occupational Therapy","Number","12"
"HGO07C01","Number of Graduates","2015","2015","IE","All Irish","-","PPSN - All","10","Male","60","Pharmacy","Number",""
"HGO07C01","Number of Graduates","2015","2015","IE","All Irish","-","PPSN - All","10","Male","504","Physiotherapy","Number","63"
"HGO07C01","Number of Graduates","2015","2015","IE","All Irish","-","PPSN - All","10","Male","402","Radiography and Radiation Therapy","Number","9"
"HGO07C01","Number of Graduates","2015","2015","IE","All Irish","-","PPSN - All","10","Male","702","Social Care","Number","213"
"HGO07C01","Number of Graduates","2015","2015","IE","All Irish","-","PPSN - All","10","Male","701","Social Work","Number","33"
"HGO07C01","Number of Graduates","2015","2015","IE","All Irish","-","PPSN - All","10","Male","10","Speech and Language Therapy","Number","3"
"HGO07C01","Number of Graduates","2015","2015","IE","All Irish","-","PPSN - All","10","Male","V52","Dietetics, Optometry and Podiatry","Number","12"
"HGO07C01","Number of Graduates","2015","2015","IE","All Irish","-","PPSN - All","20","Female","201","Dentistry","Number","39"
"HGO07C01","Number of Graduates","2015","2015","IE","All Irish","-","PPSN - All","20","Female","401","Medical Science","Number","66"
"HGO07C01","Number of Graduates","2015","2015","IE","All Irish","-","PPSN - All","20","Female","202","Medicine","Number","357"
"HGO07C01","Number of Graduates","2015","2015","IE","All Irish","-","PPSN - All","20","Female","30","Nursing and Midwifery","Number","1182"
"HGO07C01","Number of Graduates","2015","2015","IE","All Irish","-","PPSN - All","20","Female","501","Occupational Therapy","Number","99"
"HGO07C01","Number of Graduates","2015","2015","IE","All Irish","-","PPSN - All","20","Female","60","Pharmacy","Number",""
"HGO07C01","Number of Graduates","2015","2015","IE","All Irish","-","PPSN - All","20","Female","504","Physiotherapy","Number","96"
"HGO07C01","Number of Graduates","2015","2015","IE","All Irish","-","PPSN - All","20","Female","402","Radiography and Radiation Therapy","Number","48"
"HGO07C01","Number of Graduates","2015","2015","IE","All Irish","-","PPSN - All","20","Female","702","Social Care","Number","945"
"HGO07C01","Number of Graduates","2015","2015","IE","All Irish","-","PPSN - All","20","Female","701","Social Work","Number","126"
"HGO07C01","Number of Graduates","2015","2015","IE","All Irish","-","PPSN - All","20","Female","10","Speech and Language Therapy","Number","102"
"HGO07C01","Number of Graduates","2015","2015","IE","All Irish","-","PPSN - All","20","Female","V52","Dietetics, Optometry and Podiatry","Number","63"
"HGO07C01","Number of Graduates","2015","2015","IE","All Irish","-","PPSN - All","-","All genders","201","Dentistry","Number","57"
"HGO07C01","Number of Graduates","2015","2015","IE","All Irish","-","PPSN - All","-","All genders","401","Medical Science","Number","93"
"HGO07C01","Number of Graduates","2015","2015","IE","All Irish","-","PPSN - All","-","All genders","202","Medicine","Number","687"
"HGO07C01","Number of Graduates","2015","2015","IE","All Irish","-","PPSN - All","-","All genders","30","Nursing and Midwifery","Number","1305"
"HGO07C01","Number of Graduates","2015","2015","IE","All Irish","-","PPSN - All","-","All genders","501","Occupational Therapy","Number","111"
"HGO07C01","Number of Graduates","2015","2015","IE","All Irish","-","PPSN - All","-","All genders","60","Pharmacy","Number",""
"HGO07C01","Number of Graduates","2015","2015","IE","All Irish","-","PPSN - All","-","All genders","504","Physiotherapy","Number","159"
"HGO07C01","Number of Graduates","2015","2015","IE","All Irish","-","PPSN - All","-","All genders","402","Radiography and Radiation Therapy","Number","57"
"HGO07C01","Number of Graduates","2015","2015","IE","All Irish","-","PPSN - All","-","All genders","702","Social Care","Number","1155"
"HGO07C01","Number of Graduates","2015","2015","IE","All Irish","-","PPSN - All","-","All genders","701","Social Work","Number","159"
"HGO07C01","Number of Graduates","2015","2015","IE","All Irish","-","PPSN - All","-","All genders","10","Speech and Language Therapy","Number","105"
"HGO07C01","Number of Graduates","2015","2015","IE","All Irish","-","PPSN - All","-","All genders","V52","Dietetics, Optometry and Podiatry","Number","75"
"HGO07C01","Number of Graduates","2015","2015","IE05","Non-Irish","10","PPSN - Available","10","Male","201","Dentistry","Number","3"
"HGO07C01","Number of Graduates","2015","2015","IE05","Non-Irish","10","PPSN - Available","10","Male","401","Medical Science","Number","3"
"HGO07C01","Number of Graduates","2015","2015","IE05","Non-Irish","10","PPSN - Available","10","Male","202","Medicine","Number","15"
"HGO07C01","Number of Graduates","2015","2015","IE05","Non-Irish","10","PPSN - Available","10","Male","30","Nursing and Midwifery","Number","3"
"HGO07C01","Number of Graduates","2015","2015","IE05","Non-Irish","10","PPSN - Available","10","Male","501","Occupational Therapy","Number",""
"HGO07C01","Number of Graduates","2015","2015","IE05","Non-Irish","10","PPSN - Available","10","Male","60","Pharmacy","Number",""
"HGO07C01","Number of Graduates","2015","2015","IE05","Non-Irish","10","PPSN - Available","10","Male","504","Physiotherapy","Number",""
"HGO07C01","Number of Graduates","2015","2015","IE05","Non-Irish","10","PPSN - Available","10","Male","402","Radiography and Radiation Therapy","Number",""
"HGO07C01","Number of Graduates","2015","2015","IE05","Non-Irish","10","PPSN - Available","10","Male","702","Social Care","Number","12"
"HGO07C01","Number of Graduates","2015","2015","IE05","Non-Irish","10","PPSN - Available","10","Male","701","Social Work","Number",""
"HGO07C01","Number of Graduates","2015","2015","IE05","Non-Irish","10","PPSN - Available","10","Male","10","Speech and Language Therapy","Number",""
"HGO07C01","Number of Graduates","2015","2015","IE05","Non-Irish","10","PPSN - Available","10","Male","V52","Dietetics, Optometry and Podiatry","Number",""
"HGO07C01","Number of Graduates","2015","2015","IE05","Non-Irish","10","PPSN - Available","20","Female","201","Dentistry","Number","3"
"HGO07C01","Number of Graduates","2015","2015","IE05","Non-Irish","10","PPSN - Available","20","Female","401","Medical Science","Number",""
"HGO07C01","Number of Graduates","2015","2015","IE05","Non-Irish","10","PPSN - Available","20","Female","202","Medicine","Number","12"
"HGO07C01","Number of Graduates","2015","2015","IE05","Non-Irish","10","PPSN - Available","20","Female","30","Nursing and Midwifery","Number","21"
"HGO07C01","Number of Graduates","2015","2015","IE05","Non-Irish","10","PPSN - Available","20","Female","501","Occupational Therapy","Number","3"
"HGO07C01","Number of Graduates","2015","2015","IE05","Non-Irish","10","PPSN - Available","20","Female","60","Pharmacy","Number",""
"HGO07C01","Number of Graduates","2015","2015","IE05","Non-Irish","10","PPSN - Available","20","Female","504","Physiotherapy","Number",""
"HGO07C01","Number of Graduates","2015","2015","IE05","Non-Irish","10","PPSN - Available","20","Female","402","Radiography and Radiation Therapy","Number",""
"HGO07C01","Number of Graduates","2015","2015","IE05","Non-Irish","10","PPSN - Available","20","Female","702","Social Care","Number","33"
"HGO07C01","Number of Graduates","2015","2015","IE05","Non-Irish","10","PPSN - Available","20","Female","701","Social Work","Number","3"
"HGO07C01","Number of Graduates","2015","2015","IE05","Non-Irish","10","PPSN - Available","20","Female","10","Speech and Language Therapy","Number",""
"HGO07C01","Number of Graduates","2015","2015","IE05","Non-Irish","10","PPSN - Available","20","Female","V52","Dietetics, Optometry and Podiatry","Number",""
"HGO07C01","Number of Graduates","2015","2015","IE05","Non-Irish","10","PPSN - Available","-","All genders","201","Dentistry","Number","6"
"HGO07C01","Number of Graduates","2015","2015","IE05","Non-Irish","10","PPSN - Available","-","All genders","401","Medical Science","Number","3"
"HGO07C01","Number of Graduates","2015","2015","IE05","Non-Irish","10","PPSN - Available","-","All genders","202","Medicine","Number","27"
"HGO07C01","Number of Graduates","2015","2015","IE05","Non-Irish","10","PPSN - Available","-","All genders","30","Nursing and Midwifery","Number","24"
"HGO07C01","Number of Graduates","2015","2015","IE05","Non-Irish","10","PPSN - Available","-","All genders","501","Occupational Therapy","Number","3"
"HGO07C01","Number of Graduates","2015","2015","IE05","Non-Irish","10","PPSN - Available","-","All genders","60","Pharmacy","Number",""
"HGO07C01","Number of Graduates","2015","2015","IE05","Non-Irish","10","PPSN - Available","-","All genders","504","Physiotherapy","Number",""
"HGO07C01","Number of Graduates","2015","2015","IE05","Non-Irish","10","PPSN - Available","-","All genders","402","Radiography and Radiation Therapy","Number",""
"HGO07C01","Number of Graduates","2015","2015","IE05","Non-Irish","10","PPSN - Available","-","All genders","702","Social Care","Number","45"
"HGO07C01","Number of Graduates","2015","2015","IE05","Non-Irish","10","PPSN - Available","-","All genders","701","Social Work","Number","3"
"HGO07C01","Number of Graduates","2015","2015","IE05","Non-Irish","10","PPSN - Available","-","All genders","10","Speech and Language Therapy","Number",""
"HGO07C01","Number of Graduates","2015","2015","IE05","Non-Irish","10","PPSN - Available","-","All genders","V52","Dietetics, Optometry and Podiatry","Number",""
"HGO07C01","Number of Graduates","2015","2015","IE05","Non-Irish","20","PPSN - Missing","10","Male","201","Dentistry","Number","6"
"HGO07C01","Number of Graduates","2015","2015","IE05","Non-Irish","20","PPSN - Missing","10","Male","401","Medical Science","Number",""
"HGO07C01","Number of Graduates","2015","2015","IE05","Non-Irish","20","PPSN - Missing","10","Male","202","Medicine","Number","225"
"HGO07C01","Number of Graduates","2015","2015","IE05","Non-Irish","20","PPSN - Missing","10","Male","30","Nursing and Midwifery","Number","3"
"HGO07C01","Number of Graduates","2015","2015","IE05","Non-Irish","20","PPSN - Missing","10","Male","501","Occupational Therapy","Number","3"
"HGO07C01","Number of Graduates","2015","2015","IE05","Non-Irish","20","PPSN - Missing","10","Male","60","Pharmacy","Number",""
"HGO07C01","Number of Graduates","2015","2015","IE05","Non-Irish","20","PPSN - Missing","10","Male","504","Physiotherapy","Number","30"
"HGO07C01","Number of Graduates","2015","2015","IE05","Non-Irish","20","PPSN - Missing","10","Male","402","Radiography and Radiation Therapy","Number","3"
"HGO07C01","Number of Graduates","2015","2015","IE05","Non-Irish","20","PPSN - Missing","10","Male","702","Social Care","Number","6"
"HGO07C01","Number of Graduates","2015","2015","IE05","Non-Irish","20","PPSN - Missing","10","Male","701","Social Work","Number",""
"HGO07C01","Number of Graduates","2015","2015","IE05","Non-Irish","20","PPSN - Missing","10","Male","10","Speech and Language Therapy","Number",""
"HGO07C01","Number of Graduates","2015","2015","IE05","Non-Irish","20","PPSN - Missing","10","Male","V52","Dietetics, Optometry and Podiatry","Number",""
"HGO07C01","Number of Graduates","2015","2015","IE05","Non-Irish","20","PPSN - Missing","20","Female","201","Dentistry","Number","15"
"HGO07C01","Number of Graduates","2015","2015","IE05","Non-Irish","20","PPSN - Missing","20","Female","401","Medical Science","Number",""
"HGO07C01","Number of Graduates","2015","2015","IE05","Non-Irish","20","PPSN - Missing","20","Female","202","Medicine","Number","171"
"HGO07C01","Number of Graduates","2015","2015","IE05","Non-Irish","20","PPSN - Missing","20","Female","30","Nursing and Midwifery","Number","24"
"HGO07C01","Number of Graduates","2015","2015","IE05","Non-Irish","20","PPSN - Missing","20","Female","501","Occupational Therapy","Number","24"
"HGO07C01","Number of Graduates","2015","2015","IE05","Non-Irish","20","PPSN - Missing","20","Female","60","Pharmacy","Number",""
"HGO07C01","Number of Graduates","2015","2015","IE05","Non-Irish","20","PPSN - Missing","20","Female","504","Physiotherapy","Number","54"
"HGO07C01","Number of Graduates","2015","2015","IE05","Non-Irish","20","PPSN - Missing","20","Female","402","Radiography and Radiation Therapy","Number","3"
"HGO07C01","Number of Graduates","2015","2015","IE05","Non-Irish","20","PPSN - Missing","20","Female","702","Social Care","Number","9"
"HGO07C01","Number of Graduates","2015","2015","IE05","Non-Irish","20","PPSN - Missing","20","Female","701","Social Work","Number","3"
"HGO07C01","Number of Graduates","2015","2015","IE05","Non-Irish","20","PPSN - Missing","20","Female","10","Speech and Language Therapy","Number","3"
"HGO07C01","Number of Graduates","2015","2015","IE05","Non-Irish","20","PPSN - Missing","20","Female","V52","Dietetics, Optometry and Podiatry","Number","6"
"HGO07C01","Number of Graduates","2015","2015","IE05","Non-Irish","20","PPSN - Missing","-","All genders","201","Dentistry","Number","24"
"HGO07C01","Number of Graduates","2015","2015","IE05","Non-Irish","20","PPSN - Missing","-","All genders","401","Medical Science","Number",""
"HGO07C01","Number of Graduates","2015","2015","IE05","Non-Irish","20","PPSN - Missing","-","All genders","202","Medicine","Number","396"
"HGO07C01","Number of Graduates","2015","2015","IE05","Non-Irish","20","PPSN - Missing","-","All genders","30","Nursing and Midwifery","Number","27"
"HGO07C01","Number of Graduates","2015","2015","IE05","Non-Irish","20","PPSN - Missing","-","All genders","501","Occupational Therapy","Number","27"
"HGO07C01","Number of Graduates","2015","2015","IE05","Non-Irish","20","PPSN - Missing","-","All genders","60","Pharmacy","Number",""
"HGO07C01","Number of Graduates","2015","2015","IE05","Non-Irish","20","PPSN - Missing","-","All genders","504","Physiotherapy","Number","84"
"HGO07C01","Number of Graduates","2015","2015","IE05","Non-Irish","20","PPSN - Missing","-","All genders","402","Radiography and Radiation Therapy","Number","9"
"HGO07C01","Number of Graduates","2015","2015","IE05","Non-Irish","20","PPSN - Missing","-","All genders","702","Social Care","Number","15"
"HGO07C01","Number of Graduates","2015","2015","IE05","Non-Irish","20","PPSN - Missing","-","All genders","701","Social Work","Number","3"
"HGO07C01","Number of Graduates","2015","2015","IE05","Non-Irish","20","PPSN - Missing","-","All genders","10","Speech and Language Therapy","Number","3"
"HGO07C01","Number of Graduates","2015","2015","IE05","Non-Irish","20","PPSN - Missing","-","All genders","V52","Dietetics, Optometry and Podiatry","Number","6"
"HGO07C01","Number of Graduates","2015","2015","IE05","Non-Irish","-","PPSN - All","10","Male","201","Dentistry","Number","9"
"HGO07C01","Number of Graduates","2015","2015","IE05","Non-Irish","-","PPSN - All","10","Male","401","Medical Science","Number","3"
"HGO07C01","Number of Graduates","2015","2015","IE05","Non-Irish","-","PPSN - All","10","Male","202","Medicine","Number","240"
"HGO07C01","Number of Graduates","2015","2015","IE05","Non-Irish","-","PPSN - All","10","Male","30","Nursing and Midwifery","Number","6"
"HGO07C01","Number of Graduates","2015","2015","IE05","Non-Irish","-","PPSN - All","10","Male","501","Occupational Therapy","Number","3"
"HGO07C01","Number of Graduates","2015","2015","IE05","Non-Irish","-","PPSN - All","10","Male","60","Pharmacy","Number",""
"HGO07C01","Number of Graduates","2015","2015","IE05","Non-Irish","-","PPSN - All","10","Male","504","Physiotherapy","Number","30"
"HGO07C01","Number of Graduates","2015","2015","IE05","Non-Irish","-","PPSN - All","10","Male","402","Radiography and Radiation Therapy","Number","3"
"HGO07C01","Number of Graduates","2015","2015","IE05","Non-Irish","-","PPSN - All","10","Male","702","Social Care","Number","18"
"HGO07C01","Number of Graduates","2015","2015","IE05","Non-Irish","-","PPSN - All","10","Male","701","Social Work","Number",""
"HGO07C01","Number of Graduates","2015","2015","IE05","Non-Irish","-","PPSN - All","10","Male","10","Speech and Language Therapy","Number",""
"HGO07C01","Number of Graduates","2015","2015","IE05","Non-Irish","-","PPSN - All","10","Male","V52","Dietetics, Optometry and Podiatry","Number",""
"HGO07C01","Number of Graduates","2015","2015","IE05","Non-Irish","-","PPSN - All","20","Female","201","Dentistry","Number","18"
"HGO07C01","Number of Graduates","2015","2015","IE05","Non-Irish","-","PPSN - All","20","Female","401","Medical Science","Number",""
"HGO07C01","Number of Graduates","2015","2015","IE05","Non-Irish","-","PPSN - All","20","Female","202","Medicine","Number","183"
"HGO07C01","Number of Graduates","2015","2015","IE05","Non-Irish","-","PPSN - All","20","Female","30","Nursing and Midwifery","Number","45"
"HGO07C01","Number of Graduates","2015","2015","IE05","Non-Irish","-","PPSN - All","20","Female","501","Occupational Therapy","Number","24"
"HGO07C01","Number of Graduates","2015","2015","IE05","Non-Irish","-","PPSN - All","20","Female","60","Pharmacy","Number",""
"HGO07C01","Number of Graduates","2015","2015","IE05","Non-Irish","-","PPSN - All","20","Female","504","Physiotherapy","Number","54"
"HGO07C01","Number of Graduates","2015","2015","IE05","Non-Irish","-","PPSN - All","20","Female","402","Radiography and Radiation Therapy","Number","6"
"HGO07C01","Number of Graduates","2015","2015","IE05","Non-Irish","-","PPSN - All","20","Female","702","Social Care","Number","39"
"HGO07C01","Number of Graduates","2015","2015","IE05","Non-Irish","-","PPSN - All","20","Female","701","Social Work","Number","6"
"HGO07C01","Number of Graduates","2015","2015","IE05","Non-Irish","-","PPSN - All","20","Female","10","Speech and Language Therapy","Number","3"
"HGO07C01","Number of Graduates","2015","2015","IE05","Non-Irish","-","PPSN - All","20","Female","V52","Dietetics, Optometry and Podiatry","Number","6"
"HGO07C01","Number of Graduates","2015","2015","IE05","Non-Irish","-","PPSN - All","-","All genders","201","Dentistry","Number","30"
"HGO07C01","Number of Graduates","2015","2015","IE05","Non-Irish","-","PPSN - All","-","All genders","401","Medical Science","Number","3"
"HGO07C01","Number of Graduates","2015","2015","IE05","Non-Irish","-","PPSN - All","-","All genders","202","Medicine","Number","423"
"HGO07C01","Number of Graduates","2015","2015","IE05","Non-Irish","-","PPSN - All","-","All genders","30","Nursing and Midwifery","Number","51"
"HGO07C01","Number of Graduates","2015","2015","IE05","Non-Irish","-","PPSN - All","-","All genders","501","Occupational Therapy","Number","30"
"HGO07C01","Number of Graduates","2015","2015","IE05","Non-Irish","-","PPSN - All","-","All genders","60","Pharmacy","Number",""
"HGO07C01","Number of Graduates","2015","2015","IE05","Non-Irish","-","PPSN - All","-","All genders","504","Physiotherapy","Number","84"
"HGO07C01","Number of Graduates","2015","2015","IE05","Non-Irish","-","PPSN - All","-","All genders","402","Radiography and Radiation Therapy","Number","9"
"HGO07C01","Number of Graduates","2015","2015","IE05","Non-Irish","-","PPSN - All","-","All genders","702","Social Care","Number","60"
"HGO07C01","Number of Graduates","2015","2015","IE05","Non-Irish","-","PPSN - All","-","All genders","701","Social Work","Number","6"
"HGO07C01","Number of Graduates","2015","2015","IE05","Non-Irish","-","PPSN - All","-","All genders","10","Speech and Language Therapy","Number","3"
"HGO07C01","Number of Graduates","2015","2015","IE05","Non-Irish","-","PPSN - All","-","All genders","V52","Dietetics, Optometry and Podiatry","Number","6"
"HGO07C01","Number of Graduates","2015","2015","-","All nationalities","10","PPSN - Available","10","Male","201","Dentistry","Number","18"
"HGO07C01","Number of Graduates","2015","2015","-","All nationalities","10","PPSN - Available","10","Male","401","Medical Science","Number","27"
"HGO07C01","Number of Graduates","2015","2015","-","All nationalities","10","PPSN - Available","10","Male","202","Medicine","Number","315"
"HGO07C01","Number of Graduates","2015","2015","-","All nationalities","10","PPSN - Available","10","Male","30","Nursing and Midwifery","Number","117"
"HGO07C01","Number of Graduates","2015","2015","-","All nationalities","10","PPSN - Available","10","Male","501","Occupational Therapy","Number","12"
"HGO07C01","Number of Graduates","2015","2015","-","All nationalities","10","PPSN - Available","10","Male","60","Pharmacy","Number",""
"HGO07C01","Number of Graduates","2015","2015","-","All nationalities","10","PPSN - Available","10","Male","504","Physiotherapy","Number","57"
"HGO07C01","Number of Graduates","2015","2015","-","All nationalities","10","PPSN - Available","10","Male","402","Radiography and Radiation Therapy","Number","9"
"HGO07C01","Number of Graduates","2015","2015","-","All nationalities","10","PPSN - Available","10","Male","702","Social Care","Number","198"
"HGO07C01","Number of Graduates","2015","2015","-","All nationalities","10","PPSN - Available","10","Male","701","Social Work","Number","30"
"HGO07C01","Number of Graduates","2015","2015","-","All nationalities","10","PPSN - Available","10","Male","10","Speech and Language Therapy","Number","3"
"HGO07C01","Number of Graduates","2015","2015","-","All nationalities","10","PPSN - Available","10","Male","V52","Dietetics, Optometry and Podiatry","Number","12"
"HGO07C01","Number of Graduates","2015","2015","-","All nationalities","10","PPSN - Available","20","Female","201","Dentistry","Number","39"
"HGO07C01","Number of Graduates","2015","2015","-","All nationalities","10","PPSN - Available","20","Female","401","Medical Science","Number","66"
"HGO07C01","Number of Graduates","2015","2015","-","All nationalities","10","PPSN - Available","20","Female","202","Medicine","Number","342"
"HGO07C01","Number of Graduates","2015","2015","-","All nationalities","10","PPSN - Available","20","Female","30","Nursing and Midwifery","Number","1173"
"HGO07C01","Number of Graduates","2015","2015","-","All nationalities","10","PPSN - Available","20","Female","501","Occupational Therapy","Number","102"
"HGO07C01","Number of Graduates","2015","2015","-","All nationalities","10","PPSN - Available","20","Female","60","Pharmacy","Number",""
"HGO07C01","Number of Graduates","2015","2015","-","All nationalities","10","PPSN - Available","20","Female","504","Physiotherapy","Number","93"
"HGO07C01","Number of Graduates","2015","2015","-","All nationalities","10","PPSN - Available","20","Female","402","Radiography and Radiation Therapy","Number","48"
"HGO07C01","Number of Graduates","2015","2015","-","All nationalities","10","PPSN - Available","20","Female","702","Social Care","Number","927"
"HGO07C01","Number of Graduates","2015","2015","-","All nationalities","10","PPSN - Available","20","Female","701","Social Work","Number","129"
"HGO07C01","Number of Graduates","2015","2015","-","All nationalities","10","PPSN - Available","20","Female","10","Speech and Language Therapy","Number","102"
"HGO07C01","Number of Graduates","2015","2015","-","All nationalities","10","PPSN - Available","20","Female","V52","Dietetics, Optometry and Podiatry","Number","63"
"HGO07C01","Number of Graduates","2015","2015","-","All nationalities","10","PPSN - Available","-","All genders","201","Dentistry","Number","57"
"HGO07C01","Number of Graduates","2015","2015","-","All nationalities","10","PPSN - Available","-","All genders","401","Medical Science","Number","93"
"HGO07C01","Number of Graduates","2015","2015","-","All nationalities","10","PPSN - Available","-","All genders","202","Medicine","Number","657"
"HGO07C01","Number of Graduates","2015","2015","-","All nationalities","10","PPSN - Available","-","All genders","30","Nursing and Midwifery","Number","1287"
"HGO07C01","Number of Graduates","2015","2015","-","All nationalities","10","PPSN - Available","-","All genders","501","Occupational Therapy","Number","114"
"HGO07C01","Number of Graduates","2015","2015","-","All nationalities","10","PPSN - Available","-","All genders","60","Pharmacy","Number",""
"HGO07C01","Number of Graduates","2015","2015","-","All nationalities","10","PPSN - Available","-","All genders","504","Physiotherapy","Number","147"
"HGO07C01","Number of Graduates","2015","2015","-","All nationalities","10","PPSN - Available","-","All genders","402","Radiography and Radiation Therapy","Number","57"
"HGO07C01","Number of Graduates","2015","2015","-","All nationalities","10","PPSN - Available","-","All genders","702","Social Care","Number","1128"
"HGO07C01","Number of Graduates","2015","2015","-","All nationalities","10","PPSN - Available","-","All genders","701","Social Work","Number","159"
"HGO07C01","Number of Graduates","2015","2015","-","All nationalities","10","PPSN - Available","-","All genders","10","Speech and Language Therapy","Number","102"
"HGO07C01","Number of Graduates","2015","2015","-","All nationalities","10","PPSN - Available","-","All genders","V52","Dietetics, Optometry and Podiatry","Number","72"
"HGO07C01","Number of Graduates","2015","2015","-","All nationalities","20","PPSN - Missing","10","Male","201","Dentistry","Number","9"
"HGO07C01","Number of Graduates","2015","2015","-","All nationalities","20","PPSN - Missing","10","Male","401","Medical Science","Number","3"
"HGO07C01","Number of Graduates","2015","2015","-","All nationalities","20","PPSN - Missing","10","Male","202","Medicine","Number","252"
"HGO07C01","Number of Graduates","2015","2015","-","All nationalities","20","PPSN - Missing","10","Male","30","Nursing and Midwifery","Number","12"
"HGO07C01","Number of Graduates","2015","2015","-","All nationalities","20","PPSN - Missing","10","Male","501","Occupational Therapy","Number","3"
"HGO07C01","Number of Graduates","2015","2015","-","All nationalities","20","PPSN - Missing","10","Male","60","Pharmacy","Number",""
"HGO07C01","Number of Graduates","2015","2015","-","All nationalities","20","PPSN - Missing","10","Male","504","Physiotherapy","Number","36"
"HGO07C01","Number of Graduates","2015","2015","-","All nationalities","20","PPSN - Missing","10","Male","402","Radiography and Radiation Therapy","Number","3"
"HGO07C01","Number of Graduates","2015","2015","-","All nationalities","20","PPSN - Missing","10","Male","702","Social Care","Number","33"
"HGO07C01","Number of Graduates","2015","2015","-","All nationalities","20","PPSN - Missing","10","Male","701","Social Work","Number","3"
"HGO07C01","Number of Graduates","2015","2015","-","All nationalities","20","PPSN - Missing","10","Male","10","Speech and Language Therapy","Number",""
"HGO07C01","Number of Graduates","2015","2015","-","All nationalities","20","PPSN - Missing","10","Male","V52","Dietetics, Optometry and Podiatry","Number",""
"HGO07C01","Number of Graduates","2015","2015","-","All nationalities","20","PPSN - Missing","20","Female","201","Dentistry","Number","18"
"HGO07C01","Number of Graduates","2015","2015","-","All nationalities","20","PPSN - Missing","20","Female","401","Medical Science","Number",""
"HGO07C01","Number of Graduates","2015","2015","-","All nationalities","20","PPSN - Missing","20","Female","202","Medicine","Number","201"
"HGO07C01","Number of Graduates","2015","2015","-","All nationalities","20","PPSN - Missing","20","Female","30","Nursing and Midwifery","Number","54"
"HGO07C01","Number of Graduates","2015","2015","-","All nationalities","20","PPSN - Missing","20","Female","501","Occupational Therapy","Number","24"
"HGO07C01","Number of Graduates","2015","2015","-","All nationalities","20","PPSN - Missing","20","Female","60","Pharmacy","Number",""
"HGO07C01","Number of Graduates","2015","2015","-","All nationalities","20","PPSN - Missing","20","Female","504","Physiotherapy","Number","60"
"HGO07C01","Number of Graduates","2015","2015","-","All nationalities","20","PPSN - Missing","20","Female","402","Radiography and Radiation Therapy","Number","3"
"HGO07C01","Number of Graduates","2015","2015","-","All nationalities","20","PPSN - Missing","20","Female","702","Social Care","Number","57"
"HGO07C01","Number of Graduates","2015","2015","-","All nationalities","20","PPSN - Missing","20","Female","701","Social Work","Number","3"
"HGO07C01","Number of Graduates","2015","2015","-","All nationalities","20","PPSN - Missing","20","Female","10","Speech and Language Therapy","Number","3"
"HGO07C01","Number of Graduates","2015","2015","-","All nationalities","20","PPSN - Missing","20","Female","V52","Dietetics, Optometry and Podiatry","Number","6"
"HGO07C01","Number of Graduates","2015","2015","-","All nationalities","20","PPSN - Missing","-","All genders","201","Dentistry","Number","27"
"HGO07C01","Number of Graduates","2015","2015","-","All nationalities","20","PPSN - Missing","-","All genders","401","Medical Science","Number","3"
"HGO07C01","Number of Graduates","2015","2015","-","All nationalities","20","PPSN - Missing","-","All genders","202","Medicine","Number","453"
"HGO07C01","Number of Graduates","2015","2015","-","All nationalities","20","PPSN - Missing","-","All genders","30","Nursing and Midwifery","Number","66"
"HGO07C01","Number of Graduates","2015","2015","-","All nationalities","20","PPSN - Missing","-","All genders","501","Occupational Therapy","Number","27"
"HGO07C01","Number of Graduates","2015","2015","-","All nationalities","20","PPSN - Missing","-","All genders","60","Pharmacy","Number",""
"HGO07C01","Number of Graduates","2015","2015","-","All nationalities","20","PPSN - Missing","-","All genders","504","Physiotherapy","Number","96"
"HGO07C01","Number of Graduates","2015","2015","-","All nationalities","20","PPSN - Missing","-","All genders","402","Radiography and Radiation Therapy","Number","9"
"HGO07C01","Number of Graduates","2015","2015","-","All nationalities","20","PPSN - Missing","-","All genders","702","Social Care","Number","87"
"HGO07C01","Number of Graduates","2015","2015","-","All nationalities","20","PPSN - Missing","-","All genders","701","Social Work","Number","9"
"HGO07C01","Number of Graduates","2015","2015","-","All nationalities","20","PPSN - Missing","-","All genders","10","Speech and Language Therapy","Number","3"
"HGO07C01","Number of Graduates","2015","2015","-","All nationalities","20","PPSN - Missing","-","All genders","V52","Dietetics, Optometry and Podiatry","Number","9"
"HGO07C01","Number of Graduates","2015","2015","-","All nationalities","-","PPSN - All","10","Male","201","Dentistry","Number","27"
"HGO07C01","Number of Graduates","2015","2015","-","All nationalities","-","PPSN - All","10","Male","401","Medical Science","Number","30"
"HGO07C01","Number of Graduates","2015","2015","-","All nationalities","-","PPSN - All","10","Male","202","Medicine","Number","570"
"HGO07C01","Number of Graduates","2015","2015","-","All nationalities","-","PPSN - All","10","Male","30","Nursing and Midwifery","Number","126"
"HGO07C01","Number of Graduates","2015","2015","-","All nationalities","-","PPSN - All","10","Male","501","Occupational Therapy","Number","15"
"HGO07C01","Number of Graduates","2015","2015","-","All nationalities","-","PPSN - All","10","Male","60","Pharmacy","Number",""
"HGO07C01","Number of Graduates","2015","2015","-","All nationalities","-","PPSN - All","10","Male","504","Physiotherapy","Number","93"
"HGO07C01","Number of Graduates","2015","2015","-","All nationalities","-","PPSN - All","10","Male","402","Radiography and Radiation Therapy","Number","12"
"HGO07C01","Number of Graduates","2015","2015","-","All nationalities","-","PPSN - All","10","Male","702","Social Care","Number","231"
"HGO07C01","Number of Graduates","2015","2015","-","All nationalities","-","PPSN - All","10","Male","701","Social Work","Number","33"
"HGO07C01","Number of Graduates","2015","2015","-","All nationalities","-","PPSN - All","10","Male","10","Speech and Language Therapy","Number","3"
"HGO07C01","Number of Graduates","2015","2015","-","All nationalities","-","PPSN - All","10","Male","V52","Dietetics, Optometry and Podiatry","Number","12"
"HGO07C01","Number of Graduates","2015","2015","-","All nationalities","-","PPSN - All","20","Female","201","Dentistry","Number","60"
"HGO07C01","Number of Graduates","2015","2015","-","All nationalities","-","PPSN - All","20","Female","401","Medical Science","Number","66"
"HGO07C01","Number of Graduates","2015","2015","-","All nationalities","-","PPSN - All","20","Female","202","Medicine","Number","540"
"HGO07C01","Number of Graduates","2015","2015","-","All nationalities","-","PPSN - All","20","Female","30","Nursing and Midwifery","Number","1227"
"HGO07C01","Number of Graduates","2015","2015","-","All nationalities","-","PPSN - All","20","Female","501","Occupational Therapy","Number","126"
"HGO07C01","Number of Graduates","2015","2015","-","All nationalities","-","PPSN - All","20","Female","60","Pharmacy","Number",""
"HGO07C01","Number of Graduates","2015","2015","-","All nationalities","-","PPSN - All","20","Female","504","Physiotherapy","Number","150"
"HGO07C01","Number of Graduates","2015","2015","-","All nationalities","-","PPSN - All","20","Female","402","Radiography and Radiation Therapy","Number","51"
"HGO07C01","Number of Graduates","2015","2015","-","All nationalities","-","PPSN - All","20","Female","702","Social Care","Number","984"
"HGO07C01","Number of Graduates","2015","2015","-","All nationalities","-","PPSN - All","20","Female","701","Social Work","Number","132"
"HGO07C01","Number of Graduates","2015","2015","-","All nationalities","-","PPSN - All","20","Female","10","Speech and Language Therapy","Number","105"
"HGO07C01","Number of Graduates","2015","2015","-","All nationalities","-","PPSN - All","20","Female","V52","Dietetics, Optometry and Podiatry","Number","69"
"HGO07C01","Number of Graduates","2015","2015","-","All nationalities","-","PPSN - All","-","All genders","201","Dentistry","Number","84"
"HGO07C01","Number of Graduates","2015","2015","-","All nationalities","-","PPSN - All","-","All genders","401","Medical Science","Number","96"
"HGO07C01","Number of Graduates","2015","2015","-","All nationalities","-","PPSN - All","-","All genders","202","Medicine","Number","1110"
"HGO07C01","Number of Graduates","2015","2015","-","All nationalities","-","PPSN - All","-","All genders","30","Nursing and Midwifery","Number","1353"
"HGO07C01","Number of Graduates","2015","2015","-","All nationalities","-","PPSN - All","-","All genders","501","Occupational Therapy","Number","141"
"HGO07C01","Number of Graduates","2015","2015","-","All nationalities","-","PPSN - All","-","All genders","60","Pharmacy","Number",""
"HGO07C01","Number of Graduates","2015","2015","-","All nationalities","-","PPSN - All","-","All genders","504","Physiotherapy","Number","243"
"HGO07C01","Number of Graduates","2015","2015","-","All nationalities","-","PPSN - All","-","All genders","402","Radiography and Radiation Therapy","Number","66"
"HGO07C01","Number of Graduates","2015","2015","-","All nationalities","-","PPSN - All","-","All genders","702","Social Care","Number","1215"
"HGO07C01","Number of Graduates","2015","2015","-","All nationalities","-","PPSN - All","-","All genders","701","Social Work","Number","165"
"HGO07C01","Number of Graduates","2015","2015","-","All nationalities","-","PPSN - All","-","All genders","10","Speech and Language Therapy","Number","105"
"HGO07C01","Number of Graduates","2015","2015","-","All nationalities","-","PPSN - All","-","All genders","V52","Dietetics, Optometry and Podiatry","Number","81"
"HGO07C01","Number of Graduates","2016","2016","IE","All Irish","10","PPSN - Available","10","Male","201","Dentistry","Number","24"
"HGO07C01","Number of Graduates","2016","2016","IE","All Irish","10","PPSN - Available","10","Male","401","Medical Science","Number","18"
"HGO07C01","Number of Graduates","2016","2016","IE","All Irish","10","PPSN - Available","10","Male","202","Medicine","Number","252"
"HGO07C01","Number of Graduates","2016","2016","IE","All Irish","10","PPSN - Available","10","Male","30","Nursing and Midwifery","Number","111"
"HGO07C01","Number of Graduates","2016","2016","IE","All Irish","10","PPSN - Available","10","Male","501","Occupational Therapy","Number","6"
"HGO07C01","Number of Graduates","2016","2016","IE","All Irish","10","PPSN - Available","10","Male","60","Pharmacy","Number",""
"HGO07C01","Number of Graduates","2016","2016","IE","All Irish","10","PPSN - Available","10","Male","504","Physiotherapy","Number","33"
"HGO07C01","Number of Graduates","2016","2016","IE","All Irish","10","PPSN - Available","10","Male","402","Radiography and Radiation Therapy","Number","15"
"HGO07C01","Number of Graduates","2016","2016","IE","All Irish","10","PPSN - Available","10","Male","702","Social Care","Number","183"
"HGO07C01","Number of Graduates","2016","2016","IE","All Irish","10","PPSN - Available","10","Male","701","Social Work","Number","39"
"HGO07C01","Number of Graduates","2016","2016","IE","All Irish","10","PPSN - Available","10","Male","10","Speech and Language Therapy","Number",""
"HGO07C01","Number of Graduates","2016","2016","IE","All Irish","10","PPSN - Available","10","Male","V52","Dietetics, Optometry and Podiatry","Number","12"
"HGO07C01","Number of Graduates","2016","2016","IE","All Irish","10","PPSN - Available","20","Female","201","Dentistry","Number","21"
"HGO07C01","Number of Graduates","2016","2016","IE","All Irish","10","PPSN - Available","20","Female","401","Medical Science","Number","60"
"HGO07C01","Number of Graduates","2016","2016","IE","All Irish","10","PPSN - Available","20","Female","202","Medicine","Number","309"
"HGO07C01","Number of Graduates","2016","2016","IE","All Irish","10","PPSN - Available","20","Female","30","Nursing and Midwifery","Number","1179"
"HGO07C01","Number of Graduates","2016","2016","IE","All Irish","10","PPSN - Available","20","Female","501","Occupational Therapy","Number","105"
"HGO07C01","Number of Graduates","2016","2016","IE","All Irish","10","PPSN - Available","20","Female","60","Pharmacy","Number",""
"HGO07C01","Number of Graduates","2016","2016","IE","All Irish","10","PPSN - Available","20","Female","504","Physiotherapy","Number","84"
"HGO07C01","Number of Graduates","2016","2016","IE","All Irish","10","PPSN - Available","20","Female","402","Radiography and Radiation Therapy","Number","42"
"HGO07C01","Number of Graduates","2016","2016","IE","All Irish","10","PPSN - Available","20","Female","702","Social Care","Number","840"
"HGO07C01","Number of Graduates","2016","2016","IE","All Irish","10","PPSN - Available","20","Female","701","Social Work","Number","144"
"HGO07C01","Number of Graduates","2016","2016","IE","All Irish","10","PPSN - Available","20","Female","10","Speech and Language Therapy","Number","96"
"HGO07C01","Number of Graduates","2016","2016","IE","All Irish","10","PPSN - Available","20","Female","V52","Dietetics, Optometry and Podiatry","Number","48"
"HGO07C01","Number of Graduates","2016","2016","IE","All Irish","10","PPSN - Available","-","All genders","201","Dentistry","Number","45"
"HGO07C01","Number of Graduates","2016","2016","IE","All Irish","10","PPSN - Available","-","All genders","401","Medical Science","Number","75"
"HGO07C01","Number of Graduates","2016","2016","IE","All Irish","10","PPSN - Available","-","All genders","202","Medicine","Number","561"
"HGO07C01","Number of Graduates","2016","2016","IE","All Irish","10","PPSN - Available","-","All genders","30","Nursing and Midwifery","Number","1290"
"HGO07C01","Number of Graduates","2016","2016","IE","All Irish","10","PPSN - Available","-","All genders","501","Occupational Therapy","Number","111"
"HGO07C01","Number of Graduates","2016","2016","IE","All Irish","10","PPSN - Available","-","All genders","60","Pharmacy","Number",""
"HGO07C01","Number of Graduates","2016","2016","IE","All Irish","10","PPSN - Available","-","All genders","504","Physiotherapy","Number","117"
"HGO07C01","Number of Graduates","2016","2016","IE","All Irish","10","PPSN - Available","-","All genders","402","Radiography and Radiation Therapy","Number","57"
"HGO07C01","Number of Graduates","2016","2016","IE","All Irish","10","PPSN - Available","-","All genders","702","Social Care","Number","1023"
"HGO07C01","Number of Graduates","2016","2016","IE","All Irish","10","PPSN - Available","-","All genders","701","Social Work","Number","183"
"HGO07C01","Number of Graduates","2016","2016","IE","All Irish","10","PPSN - Available","-","All genders","10","Speech and Language Therapy","Number","99"
"HGO07C01","Number of Graduates","2016","2016","IE","All Irish","10","PPSN - Available","-","All genders","V52","Dietetics, Optometry and Podiatry","Number","60"
"HGO07C01","Number of Graduates","2016","2016","IE","All Irish","20","PPSN - Missing","10","Male","201","Dentistry","Number",""
"HGO07C01","Number of Graduates","2016","2016","IE","All Irish","20","PPSN - Missing","10","Male","401","Medical Science","Number",""
"HGO07C01","Number of Graduates","2016","2016","IE","All Irish","20","PPSN - Missing","10","Male","202","Medicine","Number","36"
"HGO07C01","Number of Graduates","2016","2016","IE","All Irish","20","PPSN - Missing","10","Male","30","Nursing and Midwifery","Number","6"
"HGO07C01","Number of Graduates","2016","2016","IE","All Irish","20","PPSN - Missing","10","Male","501","Occupational Therapy","Number",""
"HGO07C01","Number of Graduates","2016","2016","IE","All Irish","20","PPSN - Missing","10","Male","60","Pharmacy","Number",""
"HGO07C01","Number of Graduates","2016","2016","IE","All Irish","20","PPSN - Missing","10","Male","504","Physiotherapy","Number","9"
"HGO07C01","Number of Graduates","2016","2016","IE","All Irish","20","PPSN - Missing","10","Male","402","Radiography and Radiation Therapy","Number",""
"HGO07C01","Number of Graduates","2016","2016","IE","All Irish","20","PPSN - Missing","10","Male","702","Social Care","Number","18"
"HGO07C01","Number of Graduates","2016","2016","IE","All Irish","20","PPSN - Missing","10","Male","701","Social Work","Number","3"
"HGO07C01","Number of Graduates","2016","2016","IE","All Irish","20","PPSN - Missing","10","Male","10","Speech and Language Therapy","Number",""
"HGO07C01","Number of Graduates","2016","2016","IE","All Irish","20","PPSN - Missing","10","Male","V52","Dietetics, Optometry and Podiatry","Number",""
"HGO07C01","Number of Graduates","2016","2016","IE","All Irish","20","PPSN - Missing","20","Female","201","Dentistry","Number","3"
"HGO07C01","Number of Graduates","2016","2016","IE","All Irish","20","PPSN - Missing","20","Female","401","Medical Science","Number",""
"HGO07C01","Number of Graduates","2016","2016","IE","All Irish","20","PPSN - Missing","20","Female","202","Medicine","Number","63"
"HGO07C01","Number of Graduates","2016","2016","IE","All Irish","20","PPSN - Missing","20","Female","30","Nursing and Midwifery","Number","18"
"HGO07C01","Number of Graduates","2016","2016","IE","All Irish","20","PPSN - Missing","20","Female","501","Occupational Therapy","Number","3"
"HGO07C01","Number of Graduates","2016","2016","IE","All Irish","20","PPSN - Missing","20","Female","60","Pharmacy","Number",""
"HGO07C01","Number of Graduates","2016","2016","IE","All Irish","20","PPSN - Missing","20","Female","504","Physiotherapy","Number","18"
"HGO07C01","Number of Graduates","2016","2016","IE","All Irish","20","PPSN - Missing","20","Female","402","Radiography and Radiation Therapy","Number",""
"HGO07C01","Number of Graduates","2016","2016","IE","All Irish","20","PPSN - Missing","20","Female","702","Social Care","Number","45"
"HGO07C01","Number of Graduates","2016","2016","IE","All Irish","20","PPSN - Missing","20","Female","701","Social Work","Number","9"
"HGO07C01","Number of Graduates","2016","2016","IE","All Irish","20","PPSN - Missing","20","Female","10","Speech and Language Therapy","Number","3"
"HGO07C01","Number of Graduates","2016","2016","IE","All Irish","20","PPSN - Missing","20","Female","V52","Dietetics, Optometry and Podiatry","Number","3"
"HGO07C01","Number of Graduates","2016","2016","IE","All Irish","20","PPSN - Missing","-","All genders","201","Dentistry","Number","3"
"HGO07C01","Number of Graduates","2016","2016","IE","All Irish","20","PPSN - Missing","-","All genders","401","Medical Science","Number",""
"HGO07C01","Number of Graduates","2016","2016","IE","All Irish","20","PPSN - Missing","-","All genders","202","Medicine","Number","99"
"HGO07C01","Number of Graduates","2016","2016","IE","All Irish","20","PPSN - Missing","-","All genders","30","Nursing and Midwifery","Number","24"
"HGO07C01","Number of Graduates","2016","2016","IE","All Irish","20","PPSN - Missing","-","All genders","501","Occupational Therapy","Number","3"
"HGO07C01","Number of Graduates","2016","2016","IE","All Irish","20","PPSN - Missing","-","All genders","60","Pharmacy","Number",""
"HGO07C01","Number of Graduates","2016","2016","IE","All Irish","20","PPSN - Missing","-","All genders","504","Physiotherapy","Number","30"
"HGO07C01","Number of Graduates","2016","2016","IE","All Irish","20","PPSN - Missing","-","All genders","402","Radiography and Radiation Therapy","Number",""
"HGO07C01","Number of Graduates","2016","2016","IE","All Irish","20","PPSN - Missing","-","All genders","702","Social Care","Number","60"
"HGO07C01","Number of Graduates","2016","2016","IE","All Irish","20","PPSN - Missing","-","All genders","701","Social Work","Number","9"
"HGO07C01","Number of Graduates","2016","2016","IE","All Irish","20","PPSN - Missing","-","All genders","10","Speech and Language Therapy","Number","3"
"HGO07C01","Number of Graduates","2016","2016","IE","All Irish","20","PPSN - Missing","-","All genders","V52","Dietetics, Optometry and Podiatry","Number","3"
"HGO07C01","Number of Graduates","2016","2016","IE","All Irish","-","PPSN - All","10","Male","201","Dentistry","Number","24"
"HGO07C01","Number of Graduates","2016","2016","IE","All Irish","-","PPSN - All","10","Male","401","Medical Science","Number","18"
"HGO07C01","Number of Graduates","2016","2016","IE","All Irish","-","PPSN - All","10","Male","202","Medicine","Number","288"
"HGO07C01","Number of Graduates","2016","2016","IE","All Irish","-","PPSN - All","10","Male","30","Nursing and Midwifery","Number","117"
"HGO07C01","Number of Graduates","2016","2016","IE","All Irish","-","PPSN - All","10","Male","501","Occupational Therapy","Number","6"
"HGO07C01","Number of Graduates","2016","2016","IE","All Irish","-","PPSN - All","10","Male","60","Pharmacy","Number",""
"HGO07C01","Number of Graduates","2016","2016","IE","All Irish","-","PPSN - All","10","Male","504","Physiotherapy","Number","45"
"HGO07C01","Number of Graduates","2016","2016","IE","All Irish","-","PPSN - All","10","Male","402","Radiography and Radiation Therapy","Number","15"
"HGO07C01","Number of Graduates","2016","2016","IE","All Irish","-","PPSN - All","10","Male","702","Social Care","Number","201"
"HGO07C01","Number of Graduates","2016","2016","IE","All Irish","-","PPSN - All","10","Male","701","Social Work","Number","42"
"HGO07C01","Number of Graduates","2016","2016","IE","All Irish","-","PPSN - All","10","Male","10","Speech and Language Therapy","Number",""
"HGO07C01","Number of Graduates","2016","2016","IE","All Irish","-","PPSN - All","10","Male","V52","Dietetics, Optometry and Podiatry","Number","12"
"HGO07C01","Number of Graduates","2016","2016","IE","All Irish","-","PPSN - All","20","Female","201","Dentistry","Number","24"
"HGO07C01","Number of Graduates","2016","2016","IE","All Irish","-","PPSN - All","20","Female","401","Medical Science","Number","60"
"HGO07C01","Number of Graduates","2016","2016","IE","All Irish","-","PPSN - All","20","Female","202","Medicine","Number","372"
"HGO07C01","Number of Graduates","2016","2016","IE","All Irish","-","PPSN - All","20","Female","30","Nursing and Midwifery","Number","1197"
"HGO07C01","Number of Graduates","2016","2016","IE","All Irish","-","PPSN - All","20","Female","501","Occupational Therapy","Number","108"
"HGO07C01","Number of Graduates","2016","2016","IE","All Irish","-","PPSN - All","20","Female","60","Pharmacy","Number",""
"HGO07C01","Number of Graduates","2016","2016","IE","All Irish","-","PPSN - All","20","Female","504","Physiotherapy","Number","102"
"HGO07C01","Number of Graduates","2016","2016","IE","All Irish","-","PPSN - All","20","Female","402","Radiography and Radiation Therapy","Number","42"
"HGO07C01","Number of Graduates","2016","2016","IE","All Irish","-","PPSN - All","20","Female","702","Social Care","Number","882"
"HGO07C01","Number of Graduates","2016","2016","IE","All Irish","-","PPSN - All","20","Female","701","Social Work","Number","153"
"HGO07C01","Number of Graduates","2016","2016","IE","All Irish","-","PPSN - All","20","Female","10","Speech and Language Therapy","Number","99"
"HGO07C01","Number of Graduates","2016","2016","IE","All Irish","-","PPSN - All","20","Female","V52","Dietetics, Optometry and Podiatry","Number","51"
"HGO07C01","Number of Graduates","2016","2016","IE","All Irish","-","PPSN - All","-","All genders","201","Dentistry","Number","48"
"HGO07C01","Number of Graduates","2016","2016","IE","All Irish","-","PPSN - All","-","All genders","401","Medical Science","Number","78"
"HGO07C01","Number of Graduates","2016","2016","IE","All Irish","-","PPSN - All","-","All genders","202","Medicine","Number","660"
"HGO07C01","Number of Graduates","2016","2016","IE","All Irish","-","PPSN - All","-","All genders","30","Nursing and Midwifery","Number","1314"
"HGO07C01","Number of Graduates","2016","2016","IE","All Irish","-","PPSN - All","-","All genders","501","Occupational Therapy","Number","114"
"HGO07C01","Number of Graduates","2016","2016","IE","All Irish","-","PPSN - All","-","All genders","60","Pharmacy","Number",""
"HGO07C01","Number of Graduates","2016","2016","IE","All Irish","-","PPSN - All","-","All genders","504","Physiotherapy","Number","147"
"HGO07C01","Number of Graduates","2016","2016","IE","All Irish","-","PPSN - All","-","All genders","402","Radiography and Radiation Therapy","Number","57"
"HGO07C01","Number of Graduates","2016","2016","IE","All Irish","-","PPSN - All","-","All genders","702","Social Care","Number","1083"
"HGO07C01","Number of Graduates","2016","2016","IE","All Irish","-","PPSN - All","-","All genders","701","Social Work","Number","195"
"HGO07C01","Number of Graduates","2016","2016","IE","All Irish","-","PPSN - All","-","All genders","10","Speech and Language Therapy","Number","99"
"HGO07C01","Number of Graduates","2016","2016","IE","All Irish","-","PPSN - All","-","All genders","V52","Dietetics, Optometry and Podiatry","Number","63"
"HGO07C01","Number of Graduates","2016","2016","IE05","Non-Irish","10","PPSN - Available","10","Male","201","Dentistry","Number",""
"HGO07C01","Number of Graduates","2016","2016","IE05","Non-Irish","10","PPSN - Available","10","Male","401","Medical Science","Number",""
"HGO07C01","Number of Graduates","2016","2016","IE05","Non-Irish","10","PPSN - Available","10","Male","202","Medicine","Number","6"
"HGO07C01","Number of Graduates","2016","2016","IE05","Non-Irish","10","PPSN - Available","10","Male","30","Nursing and Midwifery","Number","3"
"HGO07C01","Number of Graduates","2016","2016","IE05","Non-Irish","10","PPSN - Available","10","Male","501","Occupational Therapy","Number",""
"HGO07C01","Number of Graduates","2016","2016","IE05","Non-Irish","10","PPSN - Available","10","Male","60","Pharmacy","Number",""
"HGO07C01","Number of Graduates","2016","2016","IE05","Non-Irish","10","PPSN - Available","10","Male","504","Physiotherapy","Number",""
"HGO07C01","Number of Graduates","2016","2016","IE05","Non-Irish","10","PPSN - Available","10","Male","402","Radiography and Radiation Therapy","Number",""
"HGO07C01","Number of Graduates","2016","2016","IE05","Non-Irish","10","PPSN - Available","10","Male","702","Social Care","Number","12"
"HGO07C01","Number of Graduates","2016","2016","IE05","Non-Irish","10","PPSN - Available","10","Male","701","Social Work","Number",""
"HGO07C01","Number of Graduates","2016","2016","IE05","Non-Irish","10","PPSN - Available","10","Male","10","Speech and Language Therapy","Number",""
"HGO07C01","Number of Graduates","2016","2016","IE05","Non-Irish","10","PPSN - Available","10","Male","V52","Dietetics, Optometry and Podiatry","Number",""
"HGO07C01","Number of Graduates","2016","2016","IE05","Non-Irish","10","PPSN - Available","20","Female","201","Dentistry","Number",""
"HGO07C01","Number of Graduates","2016","2016","IE05","Non-Irish","10","PPSN - Available","20","Female","401","Medical Science","Number","6"
"HGO07C01","Number of Graduates","2016","2016","IE05","Non-Irish","10","PPSN - Available","20","Female","202","Medicine","Number","12"
"HGO07C01","Number of Graduates","2016","2016","IE05","Non-Irish","10","PPSN - Available","20","Female","30","Nursing and Midwifery","Number","39"
"HGO07C01","Number of Graduates","2016","2016","IE05","Non-Irish","10","PPSN - Available","20","Female","501","Occupational Therapy","Number",""
"HGO07C01","Number of Graduates","2016","2016","IE05","Non-Irish","10","PPSN - Available","20","Female","60","Pharmacy","Number",""
"HGO07C01","Number of Graduates","2016","2016","IE05","Non-Irish","10","PPSN - Available","20","Female","504","Physiotherapy","Number",""
"HGO07C01","Number of Graduates","2016","2016","IE05","Non-Irish","10","PPSN - Available","20","Female","402","Radiography and Radiation Therapy","Number",""
"HGO07C01","Number of Graduates","2016","2016","IE05","Non-Irish","10","PPSN - Available","20","Female","702","Social Care","Number","42"
"HGO07C01","Number of Graduates","2016","2016","IE05","Non-Irish","10","PPSN - Available","20","Female","701","Social Work","Number","6"
"HGO07C01","Number of Graduates","2016","2016","IE05","Non-Irish","10","PPSN - Available","20","Female","10","Speech and Language Therapy","Number",""
"HGO07C01","Number of Graduates","2016","2016","IE05","Non-Irish","10","PPSN - Available","20","Female","V52","Dietetics, Optometry and Podiatry","Number",""
"HGO07C01","Number of Graduates","2016","2016","IE05","Non-Irish","10","PPSN - Available","-","All genders","201","Dentistry","Number",""
"HGO07C01","Number of Graduates","2016","2016","IE05","Non-Irish","10","PPSN - Available","-","All genders","401","Medical Science","Number","6"
"HGO07C01","Number of Graduates","2016","2016","IE05","Non-Irish","10","PPSN - Available","-","All genders","202","Medicine","Number","18"
"HGO07C01","Number of Graduates","2016","2016","IE05","Non-Irish","10","PPSN - Available","-","All genders","30","Nursing and Midwifery","Number","42"
"HGO07C01","Number of Graduates","2016","2016","IE05","Non-Irish","10","PPSN - Available","-","All genders","501","Occupational Therapy","Number",""
"HGO07C01","Number of Graduates","2016","2016","IE05","Non-Irish","10","PPSN - Available","-","All genders","60","Pharmacy","Number",""
"HGO07C01","Number of Graduates","2016","2016","IE05","Non-Irish","10","PPSN - Available","-","All genders","504","Physiotherapy","Number","3"
"HGO07C01","Number of Graduates","2016","2016","IE05","Non-Irish","10","PPSN - Available","-","All genders","402","Radiography and Radiation Therapy","Number",""
"HGO07C01","Number of Graduates","2016","2016","IE05","Non-Irish","10","PPSN - Available","-","All genders","702","Social Care","Number","54"
"HGO07C01","Number of Graduates","2016","2016","IE05","Non-Irish","10","PPSN - Available","-","All genders","701","Social Work","Number","6"
"HGO07C01","Number of Graduates","2016","2016","IE05","Non-Irish","10","PPSN - Available","-","All genders","10","Speech and Language Therapy","Number",""
"HGO07C01","Number of Graduates","2016","2016","IE05","Non-Irish","10","PPSN - Available","-","All genders","V52","Dietetics, Optometry and Podiatry","Number",""
"HGO07C01","Number of Graduates","2016","2016","IE05","Non-Irish","20","PPSN - Missing","10","Male","201","Dentistry","Number","12"
"HGO07C01","Number of Graduates","2016","2016","IE05","Non-Irish","20","PPSN - Missing","10","Male","401","Medical Science","Number",""
"HGO07C01","Number of Graduates","2016","2016","IE05","Non-Irish","20","PPSN - Missing","10","Male","202","Medicine","Number","240"
"HGO07C01","Number of Graduates","2016","2016","IE05","Non-Irish","20","PPSN - Missing","10","Male","30","Nursing and Midwifery","Number","3"
"HGO07C01","Number of Graduates","2016","2016","IE05","Non-Irish","20","PPSN - Missing","10","Male","501","Occupational Therapy","Number","3"
"HGO07C01","Number of Graduates","2016","2016","IE05","Non-Irish","20","PPSN - Missing","10","Male","60","Pharmacy","Number",""
"HGO07C01","Number of Graduates","2016","2016","IE05","Non-Irish","20","PPSN - Missing","10","Male","504","Physiotherapy","Number","21"
"HGO07C01","Number of Graduates","2016","2016","IE05","Non-Irish","20","PPSN - Missing","10","Male","402","Radiography and Radiation Therapy","Number",""
"HGO07C01","Number of Graduates","2016","2016","IE05","Non-Irish","20","PPSN - Missing","10","Male","702","Social Care","Number","3"
"HGO07C01","Number of Graduates","2016","2016","IE05","Non-Irish","20","PPSN - Missing","10","Male","701","Social Work","Number",""
"HGO07C01","Number of Graduates","2016","2016","IE05","Non-Irish","20","PPSN - Missing","10","Male","10","Speech and Language Therapy","Number",""
"HGO07C01","Number of Graduates","2016","2016","IE05","Non-Irish","20","PPSN - Missing","10","Male","V52","Dietetics, Optometry and Podiatry","Number",""
"HGO07C01","Number of Graduates","2016","2016","IE05","Non-Irish","20","PPSN - Missing","20","Female","201","Dentistry","Number","18"
"HGO07C01","Number of Graduates","2016","2016","IE05","Non-Irish","20","PPSN - Missing","20","Female","401","Medical Science","Number","3"
"HGO07C01","Number of Graduates","2016","2016","IE05","Non-Irish","20","PPSN - Missing","20","Female","202","Medicine","Number","243"
"HGO07C01","Number of Graduates","2016","2016","IE05","Non-Irish","20","PPSN - Missing","20","Female","30","Nursing and Midwifery","Number","36"
"HGO07C01","Number of Graduates","2016","2016","IE05","Non-Irish","20","PPSN - Missing","20","Female","501","Occupational Therapy","Number","30"
"HGO07C01","Number of Graduates","2016","2016","IE05","Non-Irish","20","PPSN - Missing","20","Female","60","Pharmacy","Number",""
"HGO07C01","Number of Graduates","2016","2016","IE05","Non-Irish","20","PPSN - Missing","20","Female","504","Physiotherapy","Number","45"
"HGO07C01","Number of Graduates","2016","2016","IE05","Non-Irish","20","PPSN - Missing","20","Female","402","Radiography and Radiation Therapy","Number","6"
"HGO07C01","Number of Graduates","2016","2016","IE05","Non-Irish","20","PPSN - Missing","20","Female","702","Social Care","Number","6"
"HGO07C01","Number of Graduates","2016","2016","IE05","Non-Irish","20","PPSN - Missing","20","Female","701","Social Work","Number","3"
"HGO07C01","Number of Graduates","2016","2016","IE05","Non-Irish","20","PPSN - Missing","20","Female","10","Speech and Language Therapy","Number","3"
"HGO07C01","Number of Graduates","2016","2016","IE05","Non-Irish","20","PPSN - Missing","20","Female","V52","Dietetics, Optometry and Podiatry","Number","3"
"HGO07C01","Number of Graduates","2016","2016","IE05","Non-Irish","20","PPSN - Missing","-","All genders","201","Dentistry","Number","30"
"HGO07C01","Number of Graduates","2016","2016","IE05","Non-Irish","20","PPSN - Missing","-","All genders","401","Medical Science","Number","3"
"HGO07C01","Number of Graduates","2016","2016","IE05","Non-Irish","20","PPSN - Missing","-","All genders","202","Medicine","Number","486"
"HGO07C01","Number of Graduates","2016","2016","IE05","Non-Irish","20","PPSN - Missing","-","All genders","30","Nursing and Midwifery","Number","39"
"HGO07C01","Number of Graduates","2016","2016","IE05","Non-Irish","20","PPSN - Missing","-","All genders","501","Occupational Therapy","Number","33"
"HGO07C01","Number of Graduates","2016","2016","IE05","Non-Irish","20","PPSN - Missing","-","All genders","60","Pharmacy","Number",""
"HGO07C01","Number of Graduates","2016","2016","IE05","Non-Irish","20","PPSN - Missing","-","All genders","504","Physiotherapy","Number","66"
"HGO07C01","Number of Graduates","2016","2016","IE05","Non-Irish","20","PPSN - Missing","-","All genders","402","Radiography and Radiation Therapy","Number","6"
"HGO07C01","Number of Graduates","2016","2016","IE05","Non-Irish","20","PPSN - Missing","-","All genders","702","Social Care","Number","9"
"HGO07C01","Number of Graduates","2016","2016","IE05","Non-Irish","20","PPSN - Missing","-","All genders","701","Social Work","Number","3"
"HGO07C01","Number of Graduates","2016","2016","IE05","Non-Irish","20","PPSN - Missing","-","All genders","10","Speech and Language Therapy","Number","3"
"HGO07C01","Number of Graduates","2016","2016","IE05","Non-Irish","20","PPSN - Missing","-","All genders","V52","Dietetics, Optometry and Podiatry","Number","3"
"HGO07C01","Number of Graduates","2016","2016","IE05","Non-Irish","-","PPSN - All","10","Male","201","Dentistry","Number","12"
"HGO07C01","Number of Graduates","2016","2016","IE05","Non-Irish","-","PPSN - All","10","Male","401","Medical Science","Number",""
"HGO07C01","Number of Graduates","2016","2016","IE05","Non-Irish","-","PPSN - All","10","Male","202","Medicine","Number","246"
"HGO07C01","Number of Graduates","2016","2016","IE05","Non-Irish","-","PPSN - All","10","Male","30","Nursing and Midwifery","Number","9"
"HGO07C01","Number of Graduates","2016","2016","IE05","Non-Irish","-","PPSN - All","10","Male","501","Occupational Therapy","Number","3"
"HGO07C01","Number of Graduates","2016","2016","IE05","Non-Irish","-","PPSN - All","10","Male","60","Pharmacy","Number",""
"HGO07C01","Number of Graduates","2016","2016","IE05","Non-Irish","-","PPSN - All","10","Male","504","Physiotherapy","Number","24"
"HGO07C01","Number of Graduates","2016","2016","IE05","Non-Irish","-","PPSN - All","10","Male","402","Radiography and Radiation Therapy","Number",""
"HGO07C01","Number of Graduates","2016","2016","IE05","Non-Irish","-","PPSN - All","10","Male","702","Social Care","Number","12"
"HGO07C01","Number of Graduates","2016","2016","IE05","Non-Irish","-","PPSN - All","10","Male","701","Social Work","Number",""
"HGO07C01","Number of Graduates","2016","2016","IE05","Non-Irish","-","PPSN - All","10","Male","10","Speech and Language Therapy","Number",""
"HGO07C01","Number of Graduates","2016","2016","IE05","Non-Irish","-","PPSN - All","10","Male","V52","Dietetics, Optometry and Podiatry","Number",""
"HGO07C01","Number of Graduates","2016","2016","IE05","Non-Irish","-","PPSN - All","20","Female","201","Dentistry","Number","18"
"HGO07C01","Number of Graduates","2016","2016","IE05","Non-Irish","-","PPSN - All","20","Female","401","Medical Science","Number","6"
"HGO07C01","Number of Graduates","2016","2016","IE05","Non-Irish","-","PPSN - All","20","Female","202","Medicine","Number","258"
"HGO07C01","Number of Graduates","2016","2016","IE05","Non-Irish","-","PPSN - All","20","Female","30","Nursing and Midwifery","Number","75"
"HGO07C01","Number of Graduates","2016","2016","IE05","Non-Irish","-","PPSN - All","20","Female","501","Occupational Therapy","Number","30"
"HGO07C01","Number of Graduates","2016","2016","IE05","Non-Irish","-","PPSN - All","20","Female","60","Pharmacy","Number",""
"HGO07C01","Number of Graduates","2016","2016","IE05","Non-Irish","-","PPSN - All","20","Female","504","Physiotherapy","Number","45"
"HGO07C01","Number of Graduates","2016","2016","IE05","Non-Irish","-","PPSN - All","20","Female","402","Radiography and Radiation Therapy","Number","6"
"HGO07C01","Number of Graduates","2016","2016","IE05","Non-Irish","-","PPSN - All","20","Female","702","Social Care","Number","48"
"HGO07C01","Number of Graduates","2016","2016","IE05","Non-Irish","-","PPSN - All","20","Female","701","Social Work","Number","9"
"HGO07C01","Number of Graduates","2016","2016","IE05","Non-Irish","-","PPSN - All","20","Female","10","Speech and Language Therapy","Number","3"
"HGO07C01","Number of Graduates","2016","2016","IE05","Non-Irish","-","PPSN - All","20","Female","V52","Dietetics, Optometry and Podiatry","Number","3"
"HGO07C01","Number of Graduates","2016","2016","IE05","Non-Irish","-","PPSN - All","-","All genders","201","Dentistry","Number","30"
"HGO07C01","Number of Graduates","2016","2016","IE05","Non-Irish","-","PPSN - All","-","All genders","401","Medical Science","Number","9"
"HGO07C01","Number of Graduates","2016","2016","IE05","Non-Irish","-","PPSN - All","-","All genders","202","Medicine","Number","504"
"HGO07C01","Number of Graduates","2016","2016","IE05","Non-Irish","-","PPSN - All","-","All genders","30","Nursing and Midwifery","Number","81"
"HGO07C01","Number of Graduates","2016","2016","IE05","Non-Irish","-","PPSN - All","-","All genders","501","Occupational Therapy","Number","33"
"HGO07C01","Number of Graduates","2016","2016","IE05","Non-Irish","-","PPSN - All","-","All genders","60","Pharmacy","Number",""
"HGO07C01","Number of Graduates","2016","2016","IE05","Non-Irish","-","PPSN - All","-","All genders","504","Physiotherapy","Number","69"
"HGO07C01","Number of Graduates","2016","2016","IE05","Non-Irish","-","PPSN - All","-","All genders","402","Radiography and Radiation Therapy","Number","6"
"HGO07C01","Number of Graduates","2016","2016","IE05","Non-Irish","-","PPSN - All","-","All genders","702","Social Care","Number","60"
"HGO07C01","Number of Graduates","2016","2016","IE05","Non-Irish","-","PPSN - All","-","All genders","701","Social Work","Number","9"
"HGO07C01","Number of Graduates","2016","2016","IE05","Non-Irish","-","PPSN - All","-","All genders","10","Speech and Language Therapy","Number","3"
"HGO07C01","Number of Graduates","2016","2016","IE05","Non-Irish","-","PPSN - All","-","All genders","V52","Dietetics, Optometry and Podiatry","Number","3"
"HGO07C01","Number of Graduates","2016","2016","-","All nationalities","10","PPSN - Available","10","Male","201","Dentistry","Number","24"
"HGO07C01","Number of Graduates","2016","2016","-","All nationalities","10","PPSN - Available","10","Male","401","Medical Science","Number","18"
"HGO07C01","Number of Graduates","2016","2016","-","All nationalities","10","PPSN - Available","10","Male","202","Medicine","Number","258"
"HGO07C01","Number of Graduates","2016","2016","-","All nationalities","10","PPSN - Available","10","Male","30","Nursing and Midwifery","Number","114"
"HGO07C01","Number of Graduates","2016","2016","-","All nationalities","10","PPSN - Available","10","Male","501","Occupational Therapy","Number","6"
"HGO07C01","Number of Graduates","2016","2016","-","All nationalities","10","PPSN - Available","10","Male","60","Pharmacy","Number",""
"HGO07C01","Number of Graduates","2016","2016","-","All nationalities","10","PPSN - Available","10","Male","504","Physiotherapy","Number","36"
"HGO07C01","Number of Graduates","2016","2016","-","All nationalities","10","PPSN - Available","10","Male","402","Radiography and Radiation Therapy","Number","15"
"HGO07C01","Number of Graduates","2016","2016","-","All nationalities","10","PPSN - Available","10","Male","702","Social Care","Number","195"
"HGO07C01","Number of Graduates","2016","2016","-","All nationalities","10","PPSN - Available","10","Male","701","Social Work","Number","39"
"HGO07C01","Number of Graduates","2016","2016","-","All nationalities","10","PPSN - Available","10","Male","10","Speech and Language Therapy","Number",""
"HGO07C01","Number of Graduates","2016","2016","-","All nationalities","10","PPSN - Available","10","Male","V52","Dietetics, Optometry and Podiatry","Number","12"
"HGO07C01","Number of Graduates","2016","2016","-","All nationalities","10","PPSN - Available","20","Female","201","Dentistry","Number","21"
"HGO07C01","Number of Graduates","2016","2016","-","All nationalities","10","PPSN - Available","20","Female","401","Medical Science","Number","63"
"HGO07C01","Number of Graduates","2016","2016","-","All nationalities","10","PPSN - Available","20","Female","202","Medicine","Number","321"
"HGO07C01","Number of Graduates","2016","2016","-","All nationalities","10","PPSN - Available","20","Female","30","Nursing and Midwifery","Number","1218"
"HGO07C01","Number of Graduates","2016","2016","-","All nationalities","10","PPSN - Available","20","Female","501","Occupational Therapy","Number","105"
"HGO07C01","Number of Graduates","2016","2016","-","All nationalities","10","PPSN - Available","20","Female","60","Pharmacy","Number",""
"HGO07C01","Number of Graduates","2016","2016","-","All nationalities","10","PPSN - Available","20","Female","504","Physiotherapy","Number","84"
"HGO07C01","Number of Graduates","2016","2016","-","All nationalities","10","PPSN - Available","20","Female","402","Radiography and Radiation Therapy","Number","42"
"HGO07C01","Number of Graduates","2016","2016","-","All nationalities","10","PPSN - Available","20","Female","702","Social Care","Number","882"
"HGO07C01","Number of Graduates","2016","2016","-","All nationalities","10","PPSN - Available","20","Female","701","Social Work","Number","150"
"HGO07C01","Number of Graduates","2016","2016","-","All nationalities","10","PPSN - Available","20","Female","10","Speech and Language Therapy","Number","96"
"HGO07C01","Number of Graduates","2016","2016","-","All nationalities","10","PPSN - Available","20","Female","V52","Dietetics, Optometry and Podiatry","Number","48"
"HGO07C01","Number of Graduates","2016","2016","-","All nationalities","10","PPSN - Available","-","All genders","201","Dentistry","Number","45"
"HGO07C01","Number of Graduates","2016","2016","-","All nationalities","10","PPSN - Available","-","All genders","401","Medical Science","Number","81"
"HGO07C01","Number of Graduates","2016","2016","-","All nationalities","10","PPSN - Available","-","All genders","202","Medicine","Number","579"
"HGO07C01","Number of Graduates","2016","2016","-","All nationalities","10","PPSN - Available","-","All genders","30","Nursing and Midwifery","Number","1332"
"HGO07C01","Number of Graduates","2016","2016","-","All nationalities","10","PPSN - Available","-","All genders","501","Occupational Therapy","Number","114"
"HGO07C01","Number of Graduates","2016","2016","-","All nationalities","10","PPSN - Available","-","All genders","60","Pharmacy","Number",""
"HGO07C01","Number of Graduates","2016","2016","-","All nationalities","10","PPSN - Available","-","All genders","504","Physiotherapy","Number","120"
"HGO07C01","Number of Graduates","2016","2016","-","All nationalities","10","PPSN - Available","-","All genders","402","Radiography and Radiation Therapy","Number","57"
"HGO07C01","Number of Graduates","2016","2016","-","All nationalities","10","PPSN - Available","-","All genders","702","Social Care","Number","1077"
"HGO07C01","Number of Graduates","2016","2016","-","All nationalities","10","PPSN - Available","-","All genders","701","Social Work","Number","189"
"HGO07C01","Number of Graduates","2016","2016","-","All nationalities","10","PPSN - Available","-","All genders","10","Speech and Language Therapy","Number","99"
"HGO07C01","Number of Graduates","2016","2016","-","All nationalities","10","PPSN - Available","-","All genders","V52","Dietetics, Optometry and Podiatry","Number","60"
"HGO07C01","Number of Graduates","2016","2016","-","All nationalities","20","PPSN - Missing","10","Male","201","Dentistry","Number","12"
"HGO07C01","Number of Graduates","2016","2016","-","All nationalities","20","PPSN - Missing","10","Male","401","Medical Science","Number","3"
"HGO07C01","Number of Graduates","2016","2016","-","All nationalities","20","PPSN - Missing","10","Male","202","Medicine","Number","279"
"HGO07C01","Number of Graduates","2016","2016","-","All nationalities","20","PPSN - Missing","10","Male","30","Nursing and Midwifery","Number","9"
"HGO07C01","Number of Graduates","2016","2016","-","All nationalities","20","PPSN - Missing","10","Male","501","Occupational Therapy","Number","3"
"HGO07C01","Number of Graduates","2016","2016","-","All nationalities","20","PPSN - Missing","10","Male","60","Pharmacy","Number",""
"HGO07C01","Number of Graduates","2016","2016","-","All nationalities","20","PPSN - Missing","10","Male","504","Physiotherapy","Number","33"
"HGO07C01","Number of Graduates","2016","2016","-","All nationalities","20","PPSN - Missing","10","Male","402","Radiography and Radiation Therapy","Number",""
"HGO07C01","Number of Graduates","2016","2016","-","All nationalities","20","PPSN - Missing","10","Male","702","Social Care","Number","18"
"HGO07C01","Number of Graduates","2016","2016","-","All nationalities","20","PPSN - Missing","10","Male","701","Social Work","Number","3"
"HGO07C01","Number of Graduates","2016","2016","-","All nationalities","20","PPSN - Missing","10","Male","10","Speech and Language Therapy","Number",""
"HGO07C01","Number of Graduates","2016","2016","-","All nationalities","20","PPSN - Missing","10","Male","V52","Dietetics, Optometry and Podiatry","Number",""
"HGO07C01","Number of Graduates","2016","2016","-","All nationalities","20","PPSN - Missing","20","Female","201","Dentistry","Number","21"
"HGO07C01","Number of Graduates","2016","2016","-","All nationalities","20","PPSN - Missing","20","Female","401","Medical Science","Number","3"
"HGO07C01","Number of Graduates","2016","2016","-","All nationalities","20","PPSN - Missing","20","Female","202","Medicine","Number","306"
"HGO07C01","Number of Graduates","2016","2016","-","All nationalities","20","PPSN - Missing","20","Female","30","Nursing and Midwifery","Number","54"
"HGO07C01","Number of Graduates","2016","2016","-","All nationalities","20","PPSN - Missing","20","Female","501","Occupational Therapy","Number","33"
"HGO07C01","Number of Graduates","2016","2016","-","All nationalities","20","PPSN - Missing","20","Female","60","Pharmacy","Number",""
"HGO07C01","Number of Graduates","2016","2016","-","All nationalities","20","PPSN - Missing","20","Female","504","Physiotherapy","Number","63"
"HGO07C01","Number of Graduates","2016","2016","-","All nationalities","20","PPSN - Missing","20","Female","402","Radiography and Radiation Therapy","Number","6"
"HGO07C01","Number of Graduates","2016","2016","-","All nationalities","20","PPSN - Missing","20","Female","702","Social Care","Number","51"
"HGO07C01","Number of Graduates","2016","2016","-","All nationalities","20","PPSN - Missing","20","Female","701","Social Work","Number","12"
"HGO07C01","Number of Graduates","2016","2016","-","All nationalities","20","PPSN - Missing","20","Female","10","Speech and Language Therapy","Number","3"
"HGO07C01","Number of Graduates","2016","2016","-","All nationalities","20","PPSN - Missing","20","Female","V52","Dietetics, Optometry and Podiatry","Number","3"
"HGO07C01","Number of Graduates","2016","2016","-","All nationalities","20","PPSN - Missing","-","All genders","201","Dentistry","Number","30"
"HGO07C01","Number of Graduates","2016","2016","-","All nationalities","20","PPSN - Missing","-","All genders","401","Medical Science","Number","3"
"HGO07C01","Number of Graduates","2016","2016","-","All nationalities","20","PPSN - Missing","-","All genders","202","Medicine","Number","585"
"HGO07C01","Number of Graduates","2016","2016","-","All nationalities","20","PPSN - Missing","-","All genders","30","Nursing and Midwifery","Number","66"
"HGO07C01","Number of Graduates","2016","2016","-","All nationalities","20","PPSN - Missing","-","All genders","501","Occupational Therapy","Number","36"
"HGO07C01","Number of Graduates","2016","2016","-","All nationalities","20","PPSN - Missing","-","All genders","60","Pharmacy","Number",""
"HGO07C01","Number of Graduates","2016","2016","-","All nationalities","20","PPSN - Missing","-","All genders","504","Physiotherapy","Number","96"
"HGO07C01","Number of Graduates","2016","2016","-","All nationalities","20","PPSN - Missing","-","All genders","402","Radiography and Radiation Therapy","Number","6"
"HGO07C01","Number of Graduates","2016","2016","-","All nationalities","20","PPSN - Missing","-","All genders","702","Social Care","Number","69"
"HGO07C01","Number of Graduates","2016","2016","-","All nationalities","20","PPSN - Missing","-","All genders","701","Social Work","Number","15"
"HGO07C01","Number of Graduates","2016","2016","-","All nationalities","20","PPSN - Missing","-","All genders","10","Speech and Language Therapy","Number","3"
"HGO07C01","Number of Graduates","2016","2016","-","All nationalities","20","PPSN - Missing","-","All genders","V52","Dietetics, Optometry and Podiatry","Number","3"
"HGO07C01","Number of Graduates","2016","2016","-","All nationalities","-","PPSN - All","10","Male","201","Dentistry","Number","33"
"HGO07C01","Number of Graduates","2016","2016","-","All nationalities","-","PPSN - All","10","Male","401","Medical Science","Number","18"
"HGO07C01","Number of Graduates","2016","2016","-","All nationalities","-","PPSN - All","10","Male","202","Medicine","Number","534"
"HGO07C01","Number of Graduates","2016","2016","-","All nationalities","-","PPSN - All","10","Male","30","Nursing and Midwifery","Number","126"
"HGO07C01","Number of Graduates","2016","2016","-","All nationalities","-","PPSN - All","10","Male","501","Occupational Therapy","Number","9"
"HGO07C01","Number of Graduates","2016","2016","-","All nationalities","-","PPSN - All","10","Male","60","Pharmacy","Number",""
"HGO07C01","Number of Graduates","2016","2016","-","All nationalities","-","PPSN - All","10","Male","504","Physiotherapy","Number","66"
"HGO07C01","Number of Graduates","2016","2016","-","All nationalities","-","PPSN - All","10","Male","402","Radiography and Radiation Therapy","Number","15"
"HGO07C01","Number of Graduates","2016","2016","-","All nationalities","-","PPSN - All","10","Male","702","Social Care","Number","213"
"HGO07C01","Number of Graduates","2016","2016","-","All nationalities","-","PPSN - All","10","Male","701","Social Work","Number","42"
"HGO07C01","Number of Graduates","2016","2016","-","All nationalities","-","PPSN - All","10","Male","10","Speech and Language Therapy","Number",""
"HGO07C01","Number of Graduates","2016","2016","-","All nationalities","-","PPSN - All","10","Male","V52","Dietetics, Optometry and Podiatry","Number","12"
"HGO07C01","Number of Graduates","2016","2016","-","All nationalities","-","PPSN - All","20","Female","201","Dentistry","Number","42"
"HGO07C01","Number of Graduates","2016","2016","-","All nationalities","-","PPSN - All","20","Female","401","Medical Science","Number","66"
"HGO07C01","Number of Graduates","2016","2016","-","All nationalities","-","PPSN - All","20","Female","202","Medicine","Number","630"
"HGO07C01","Number of Graduates","2016","2016","-","All nationalities","-","PPSN - All","20","Female","30","Nursing and Midwifery","Number","1272"
"HGO07C01","Number of Graduates","2016","2016","-","All nationalities","-","PPSN - All","20","Female","501","Occupational Therapy","Number","138"
"HGO07C01","Number of Graduates","2016","2016","-","All nationalities","-","PPSN - All","20","Female","60","Pharmacy","Number",""
"HGO07C01","Number of Graduates","2016","2016","-","All nationalities","-","PPSN - All","20","Female","504","Physiotherapy","Number","150"
"HGO07C01","Number of Graduates","2016","2016","-","All nationalities","-","PPSN - All","20","Female","402","Radiography and Radiation Therapy","Number","48"
"HGO07C01","Number of Graduates","2016","2016","-","All nationalities","-","PPSN - All","20","Female","702","Social Care","Number","930"
"HGO07C01","Number of Graduates","2016","2016","-","All nationalities","-","PPSN - All","20","Female","701","Social Work","Number","162"
"HGO07C01","Number of Graduates","2016","2016","-","All nationalities","-","PPSN - All","20","Female","10","Speech and Language Therapy","Number","102"
"HGO07C01","Number of Graduates","2016","2016","-","All nationalities","-","PPSN - All","20","Female","V52","Dietetics, Optometry and Podiatry","Number","54"
"HGO07C01","Number of Graduates","2016","2016","-","All nationalities","-","PPSN - All","-","All genders","201","Dentistry","Number","75"
"HGO07C01","Number of Graduates","2016","2016","-","All nationalities","-","PPSN - All","-","All genders","401","Medical Science","Number","84"
"HGO07C01","Number of Graduates","2016","2016","-","All nationalities","-","PPSN - All","-","All genders","202","Medicine","Number","1164"
"HGO07C01","Number of Graduates","2016","2016","-","All nationalities","-","PPSN - All","-","All genders","30","Nursing and Midwifery","Number","1398"
"HGO07C01","Number of Graduates","2016","2016","-","All nationalities","-","PPSN - All","-","All genders","501","Occupational Therapy","Number","147"
"HGO07C01","Number of Graduates","2016","2016","-","All nationalities","-","PPSN - All","-","All genders","60","Pharmacy","Number",""
"HGO07C01","Number of Graduates","2016","2016","-","All nationalities","-","PPSN - All","-","All genders","504","Physiotherapy","Number","216"
"HGO07C01","Number of Graduates","2016","2016","-","All nationalities","-","PPSN - All","-","All genders","402","Radiography and Radiation Therapy","Number","63"
"HGO07C01","Number of Graduates","2016","2016","-","All nationalities","-","PPSN - All","-","All genders","702","Social Care","Number","1146"
"HGO07C01","Number of Graduates","2016","2016","-","All nationalities","-","PPSN - All","-","All genders","701","Social Work","Number","204"
"HGO07C01","Number of Graduates","2016","2016","-","All nationalities","-","PPSN - All","-","All genders","10","Speech and Language Therapy","Number","102"
"HGO07C01","Number of Graduates","2016","2016","-","All nationalities","-","PPSN - All","-","All genders","V52","Dietetics, Optometry and Podiatry","Number","63"
"HGO07C01","Number of Graduates","2017","2017","IE","All Irish","10","PPSN - Available","10","Male","201","Dentistry","Number","15"
"HGO07C01","Number of Graduates","2017","2017","IE","All Irish","10","PPSN - Available","10","Male","401","Medical Science","Number","24"
"HGO07C01","Number of Graduates","2017","2017","IE","All Irish","10","PPSN - Available","10","Male","202","Medicine","Number","321"
"HGO07C01","Number of Graduates","2017","2017","IE","All Irish","10","PPSN - Available","10","Male","30","Nursing and Midwifery","Number","93"
"HGO07C01","Number of Graduates","2017","2017","IE","All Irish","10","PPSN - Available","10","Male","501","Occupational Therapy","Number","12"
"HGO07C01","Number of Graduates","2017","2017","IE","All Irish","10","PPSN - Available","10","Male","60","Pharmacy","Number",""
"HGO07C01","Number of Graduates","2017","2017","IE","All Irish","10","PPSN - Available","10","Male","504","Physiotherapy","Number","48"
"HGO07C01","Number of Graduates","2017","2017","IE","All Irish","10","PPSN - Available","10","Male","402","Radiography and Radiation Therapy","Number","9"
"HGO07C01","Number of Graduates","2017","2017","IE","All Irish","10","PPSN - Available","10","Male","702","Social Care","Number","168"
"HGO07C01","Number of Graduates","2017","2017","IE","All Irish","10","PPSN - Available","10","Male","701","Social Work","Number","24"
"HGO07C01","Number of Graduates","2017","2017","IE","All Irish","10","PPSN - Available","10","Male","10","Speech and Language Therapy","Number","3"
"HGO07C01","Number of Graduates","2017","2017","IE","All Irish","10","PPSN - Available","10","Male","V52","Dietetics, Optometry and Podiatry","Number","12"
"HGO07C01","Number of Graduates","2017","2017","IE","All Irish","10","PPSN - Available","20","Female","201","Dentistry","Number","30"
"HGO07C01","Number of Graduates","2017","2017","IE","All Irish","10","PPSN - Available","20","Female","401","Medical Science","Number","51"
"HGO07C01","Number of Graduates","2017","2017","IE","All Irish","10","PPSN - Available","20","Female","202","Medicine","Number","327"
"HGO07C01","Number of Graduates","2017","2017","IE","All Irish","10","PPSN - Available","20","Female","30","Nursing and Midwifery","Number","1197"
"HGO07C01","Number of Graduates","2017","2017","IE","All Irish","10","PPSN - Available","20","Female","501","Occupational Therapy","Number","93"
"HGO07C01","Number of Graduates","2017","2017","IE","All Irish","10","PPSN - Available","20","Female","60","Pharmacy","Number",""
"HGO07C01","Number of Graduates","2017","2017","IE","All Irish","10","PPSN - Available","20","Female","504","Physiotherapy","Number","114"
"HGO07C01","Number of Graduates","2017","2017","IE","All Irish","10","PPSN - Available","20","Female","402","Radiography and Radiation Therapy","Number","51"
"HGO07C01","Number of Graduates","2017","2017","IE","All Irish","10","PPSN - Available","20","Female","702","Social Care","Number","795"
"HGO07C01","Number of Graduates","2017","2017","IE","All Irish","10","PPSN - Available","20","Female","701","Social Work","Number","129"
"HGO07C01","Number of Graduates","2017","2017","IE","All Irish","10","PPSN - Available","20","Female","10","Speech and Language Therapy","Number","93"
"HGO07C01","Number of Graduates","2017","2017","IE","All Irish","10","PPSN - Available","20","Female","V52","Dietetics, Optometry and Podiatry","Number","51"
"HGO07C01","Number of Graduates","2017","2017","IE","All Irish","10","PPSN - Available","-","All genders","201","Dentistry","Number","45"
"HGO07C01","Number of Graduates","2017","2017","IE","All Irish","10","PPSN - Available","-","All genders","401","Medical Science","Number","75"
"HGO07C01","Number of Graduates","2017","2017","IE","All Irish","10","PPSN - Available","-","All genders","202","Medicine","Number","648"
"HGO07C01","Number of Graduates","2017","2017","IE","All Irish","10","PPSN - Available","-","All genders","30","Nursing and Midwifery","Number","1290"
"HGO07C01","Number of Graduates","2017","2017","IE","All Irish","10","PPSN - Available","-","All genders","501","Occupational Therapy","Number","102"
"HGO07C01","Number of Graduates","2017","2017","IE","All Irish","10","PPSN - Available","-","All genders","60","Pharmacy","Number",""
"HGO07C01","Number of Graduates","2017","2017","IE","All Irish","10","PPSN - Available","-","All genders","504","Physiotherapy","Number","162"
"HGO07C01","Number of Graduates","2017","2017","IE","All Irish","10","PPSN - Available","-","All genders","402","Radiography and Radiation Therapy","Number","63"
"HGO07C01","Number of Graduates","2017","2017","IE","All Irish","10","PPSN - Available","-","All genders","702","Social Care","Number","966"
"HGO07C01","Number of Graduates","2017","2017","IE","All Irish","10","PPSN - Available","-","All genders","701","Social Work","Number","153"
"HGO07C01","Number of Graduates","2017","2017","IE","All Irish","10","PPSN - Available","-","All genders","10","Speech and Language Therapy","Number","96"
"HGO07C01","Number of Graduates","2017","2017","IE","All Irish","10","PPSN - Available","-","All genders","V52","Dietetics, Optometry and Podiatry","Number","63"
"HGO07C01","Number of Graduates","2017","2017","IE","All Irish","20","PPSN - Missing","10","Male","201","Dentistry","Number",""
"HGO07C01","Number of Graduates","2017","2017","IE","All Irish","20","PPSN - Missing","10","Male","401","Medical Science","Number",""
"HGO07C01","Number of Graduates","2017","2017","IE","All Irish","20","PPSN - Missing","10","Male","202","Medicine","Number","9"
"HGO07C01","Number of Graduates","2017","2017","IE","All Irish","20","PPSN - Missing","10","Male","30","Nursing and Midwifery","Number",""
"HGO07C01","Number of Graduates","2017","2017","IE","All Irish","20","PPSN - Missing","10","Male","501","Occupational Therapy","Number",""
"HGO07C01","Number of Graduates","2017","2017","IE","All Irish","20","PPSN - Missing","10","Male","60","Pharmacy","Number",""
"HGO07C01","Number of Graduates","2017","2017","IE","All Irish","20","PPSN - Missing","10","Male","504","Physiotherapy","Number","6"
"HGO07C01","Number of Graduates","2017","2017","IE","All Irish","20","PPSN - Missing","10","Male","402","Radiography and Radiation Therapy","Number",""
"HGO07C01","Number of Graduates","2017","2017","IE","All Irish","20","PPSN - Missing","10","Male","702","Social Care","Number","3"
"HGO07C01","Number of Graduates","2017","2017","IE","All Irish","20","PPSN - Missing","10","Male","701","Social Work","Number",""
"HGO07C01","Number of Graduates","2017","2017","IE","All Irish","20","PPSN - Missing","10","Male","10","Speech and Language Therapy","Number",""
"HGO07C01","Number of Graduates","2017","2017","IE","All Irish","20","PPSN - Missing","10","Male","V52","Dietetics, Optometry and Podiatry","Number",""
"HGO07C01","Number of Graduates","2017","2017","IE","All Irish","20","PPSN - Missing","20","Female","201","Dentistry","Number","3"
"HGO07C01","Number of Graduates","2017","2017","IE","All Irish","20","PPSN - Missing","20","Female","401","Medical Science","Number",""
"HGO07C01","Number of Graduates","2017","2017","IE","All Irish","20","PPSN - Missing","20","Female","202","Medicine","Number","24"
"HGO07C01","Number of Graduates","2017","2017","IE","All Irish","20","PPSN - Missing","20","Female","30","Nursing and Midwifery","Number","18"
"HGO07C01","Number of Graduates","2017","2017","IE","All Irish","20","PPSN - Missing","20","Female","501","Occupational Therapy","Number",""
"HGO07C01","Number of Graduates","2017","2017","IE","All Irish","20","PPSN - Missing","20","Female","60","Pharmacy","Number",""
"HGO07C01","Number of Graduates","2017","2017","IE","All Irish","20","PPSN - Missing","20","Female","504","Physiotherapy","Number",""
"HGO07C01","Number of Graduates","2017","2017","IE","All Irish","20","PPSN - Missing","20","Female","402","Radiography and Radiation Therapy","Number",""
"HGO07C01","Number of Graduates","2017","2017","IE","All Irish","20","PPSN - Missing","20","Female","702","Social Care","Number","6"
"HGO07C01","Number of Graduates","2017","2017","IE","All Irish","20","PPSN - Missing","20","Female","701","Social Work","Number",""
"HGO07C01","Number of Graduates","2017","2017","IE","All Irish","20","PPSN - Missing","20","Female","10","Speech and Language Therapy","Number",""
"HGO07C01","Number of Graduates","2017","2017","IE","All Irish","20","PPSN - Missing","20","Female","V52","Dietetics, Optometry and Podiatry","Number",""
"HGO07C01","Number of Graduates","2017","2017","IE","All Irish","20","PPSN - Missing","-","All genders","201","Dentistry","Number","3"
"HGO07C01","Number of Graduates","2017","2017","IE","All Irish","20","PPSN - Missing","-","All genders","401","Medical Science","Number",""
"HGO07C01","Number of Graduates","2017","2017","IE","All Irish","20","PPSN - Missing","-","All genders","202","Medicine","Number","30"
"HGO07C01","Number of Graduates","2017","2017","IE","All Irish","20","PPSN - Missing","-","All genders","30","Nursing and Midwifery","Number","18"
"HGO07C01","Number of Graduates","2017","2017","IE","All Irish","20","PPSN - Missing","-","All genders","501","Occupational Therapy","Number",""
"HGO07C01","Number of Graduates","2017","2017","IE","All Irish","20","PPSN - Missing","-","All genders","60","Pharmacy","Number",""
"HGO07C01","Number of Graduates","2017","2017","IE","All Irish","20","PPSN - Missing","-","All genders","504","Physiotherapy","Number","6"
"HGO07C01","Number of Graduates","2017","2017","IE","All Irish","20","PPSN - Missing","-","All genders","402","Radiography and Radiation Therapy","Number",""
"HGO07C01","Number of Graduates","2017","2017","IE","All Irish","20","PPSN - Missing","-","All genders","702","Social Care","Number","9"
"HGO07C01","Number of Graduates","2017","2017","IE","All Irish","20","PPSN - Missing","-","All genders","701","Social Work","Number","3"
"HGO07C01","Number of Graduates","2017","2017","IE","All Irish","20","PPSN - Missing","-","All genders","10","Speech and Language Therapy","Number",""
"HGO07C01","Number of Graduates","2017","2017","IE","All Irish","20","PPSN - Missing","-","All genders","V52","Dietetics, Optometry and Podiatry","Number","3"
"HGO07C01","Number of Graduates","2017","2017","IE","All Irish","-","PPSN - All","10","Male","201","Dentistry","Number","15"
"HGO07C01","Number of Graduates","2017","2017","IE","All Irish","-","PPSN - All","10","Male","401","Medical Science","Number","24"
"HGO07C01","Number of Graduates","2017","2017","IE","All Irish","-","PPSN - All","10","Male","202","Medicine","Number","330"
"HGO07C01","Number of Graduates","2017","2017","IE","All Irish","-","PPSN - All","10","Male","30","Nursing and Midwifery","Number","93"
"HGO07C01","Number of Graduates","2017","2017","IE","All Irish","-","PPSN - All","10","Male","501","Occupational Therapy","Number","12"
"HGO07C01","Number of Graduates","2017","2017","IE","All Irish","-","PPSN - All","10","Male","60","Pharmacy","Number",""
"HGO07C01","Number of Graduates","2017","2017","IE","All Irish","-","PPSN - All","10","Male","504","Physiotherapy","Number","54"
"HGO07C01","Number of Graduates","2017","2017","IE","All Irish","-","PPSN - All","10","Male","402","Radiography and Radiation Therapy","Number","9"
"HGO07C01","Number of Graduates","2017","2017","IE","All Irish","-","PPSN - All","10","Male","702","Social Care","Number","171"
"HGO07C01","Number of Graduates","2017","2017","IE","All Irish","-","PPSN - All","10","Male","701","Social Work","Number","27"
"HGO07C01","Number of Graduates","2017","2017","IE","All Irish","-","PPSN - All","10","Male","10","Speech and Language Therapy","Number","3"
"HGO07C01","Number of Graduates","2017","2017","IE","All Irish","-","PPSN - All","10","Male","V52","Dietetics, Optometry and Podiatry","Number","12"
"HGO07C01","Number of Graduates","2017","2017","IE","All Irish","-","PPSN - All","20","Female","201","Dentistry","Number","33"
"HGO07C01","Number of Graduates","2017","2017","IE","All Irish","-","PPSN - All","20","Female","401","Medical Science","Number","51"
"HGO07C01","Number of Graduates","2017","2017","IE","All Irish","-","PPSN - All","20","Female","202","Medicine","Number","348"
"HGO07C01","Number of Graduates","2017","2017","IE","All Irish","-","PPSN - All","20","Female","30","Nursing and Midwifery","Number","1212"
"HGO07C01","Number of Graduates","2017","2017","IE","All Irish","-","PPSN - All","20","Female","501","Occupational Therapy","Number","93"
"HGO07C01","Number of Graduates","2017","2017","IE","All Irish","-","PPSN - All","20","Female","60","Pharmacy","Number",""
"HGO07C01","Number of Graduates","2017","2017","IE","All Irish","-","PPSN - All","20","Female","504","Physiotherapy","Number","114"
"HGO07C01","Number of Graduates","2017","2017","IE","All Irish","-","PPSN - All","20","Female","402","Radiography and Radiation Therapy","Number","51"
"HGO07C01","Number of Graduates","2017","2017","IE","All Irish","-","PPSN - All","20","Female","702","Social Care","Number","801"
"HGO07C01","Number of Graduates","2017","2017","IE","All Irish","-","PPSN - All","20","Female","701","Social Work","Number","129"
"HGO07C01","Number of Graduates","2017","2017","IE","All Irish","-","PPSN - All","20","Female","10","Speech and Language Therapy","Number","96"
"HGO07C01","Number of Graduates","2017","2017","IE","All Irish","-","PPSN - All","20","Female","V52","Dietetics, Optometry and Podiatry","Number","51"
"HGO07C01","Number of Graduates","2017","2017","IE","All Irish","-","PPSN - All","-","All genders","201","Dentistry","Number","48"
"HGO07C01","Number of Graduates","2017","2017","IE","All Irish","-","PPSN - All","-","All genders","401","Medical Science","Number","75"
"HGO07C01","Number of Graduates","2017","2017","IE","All Irish","-","PPSN - All","-","All genders","202","Medicine","Number","678"
"HGO07C01","Number of Graduates","2017","2017","IE","All Irish","-","PPSN - All","-","All genders","30","Nursing and Midwifery","Number","1305"
"HGO07C01","Number of Graduates","2017","2017","IE","All Irish","-","PPSN - All","-","All genders","501","Occupational Therapy","Number","105"
"HGO07C01","Number of Graduates","2017","2017","IE","All Irish","-","PPSN - All","-","All genders","60","Pharmacy","Number",""
"HGO07C01","Number of Graduates","2017","2017","IE","All Irish","-","PPSN - All","-","All genders","504","Physiotherapy","Number","168"
"HGO07C01","Number of Graduates","2017","2017","IE","All Irish","-","PPSN - All","-","All genders","402","Radiography and Radiation Therapy","Number","63"
"HGO07C01","Number of Graduates","2017","2017","IE","All Irish","-","PPSN - All","-","All genders","702","Social Care","Number","975"
"HGO07C01","Number of Graduates","2017","2017","IE","All Irish","-","PPSN - All","-","All genders","701","Social Work","Number","156"
"HGO07C01","Number of Graduates","2017","2017","IE","All Irish","-","PPSN - All","-","All genders","10","Speech and Language Therapy","Number","99"
"HGO07C01","Number of Graduates","2017","2017","IE","All Irish","-","PPSN - All","-","All genders","V52","Dietetics, Optometry and Podiatry","Number","63"
"HGO07C01","Number of Graduates","2017","2017","IE05","Non-Irish","10","PPSN - Available","10","Male","201","Dentistry","Number","3"
"HGO07C01","Number of Graduates","2017","2017","IE05","Non-Irish","10","PPSN - Available","10","Male","401","Medical Science","Number",""
"HGO07C01","Number of Graduates","2017","2017","IE05","Non-Irish","10","PPSN - Available","10","Male","202","Medicine","Number","33"
"HGO07C01","Number of Graduates","2017","2017","IE05","Non-Irish","10","PPSN - Available","10","Male","30","Nursing and Midwifery","Number","6"
"HGO07C01","Number of Graduates","2017","2017","IE05","Non-Irish","10","PPSN - Available","10","Male","501","Occupational Therapy","Number",""
"HGO07C01","Number of Graduates","2017","2017","IE05","Non-Irish","10","PPSN - Available","10","Male","60","Pharmacy","Number",""
"HGO07C01","Number of Graduates","2017","2017","IE05","Non-Irish","10","PPSN - Available","10","Male","504","Physiotherapy","Number",""
"HGO07C01","Number of Graduates","2017","2017","IE05","Non-Irish","10","PPSN - Available","10","Male","402","Radiography and Radiation Therapy","Number",""
"HGO07C01","Number of Graduates","2017","2017","IE05","Non-Irish","10","PPSN - Available","10","Male","702","Social Care","Number","9"
"HGO07C01","Number of Graduates","2017","2017","IE05","Non-Irish","10","PPSN - Available","10","Male","701","Social Work","Number","3"
"HGO07C01","Number of Graduates","2017","2017","IE05","Non-Irish","10","PPSN - Available","10","Male","10","Speech and Language Therapy","Number",""
"HGO07C01","Number of Graduates","2017","2017","IE05","Non-Irish","10","PPSN - Available","10","Male","V52","Dietetics, Optometry and Podiatry","Number",""
"HGO07C01","Number of Graduates","2017","2017","IE05","Non-Irish","10","PPSN - Available","20","Female","201","Dentistry","Number",""
"HGO07C01","Number of Graduates","2017","2017","IE05","Non-Irish","10","PPSN - Available","20","Female","401","Medical Science","Number","3"
"HGO07C01","Number of Graduates","2017","2017","IE05","Non-Irish","10","PPSN - Available","20","Female","202","Medicine","Number","18"
"HGO07C01","Number of Graduates","2017","2017","IE05","Non-Irish","10","PPSN - Available","20","Female","30","Nursing and Midwifery","Number","30"
"HGO07C01","Number of Graduates","2017","2017","IE05","Non-Irish","10","PPSN - Available","20","Female","501","Occupational Therapy","Number","3"
"HGO07C01","Number of Graduates","2017","2017","IE05","Non-Irish","10","PPSN - Available","20","Female","60","Pharmacy","Number",""
"HGO07C01","Number of Graduates","2017","2017","IE05","Non-Irish","10","PPSN - Available","20","Female","504","Physiotherapy","Number","3"
"HGO07C01","Number of Graduates","2017","2017","IE05","Non-Irish","10","PPSN - Available","20","Female","402","Radiography and Radiation Therapy","Number",""
"HGO07C01","Number of Graduates","2017","2017","IE05","Non-Irish","10","PPSN - Available","20","Female","702","Social Care","Number","36"
"HGO07C01","Number of Graduates","2017","2017","IE05","Non-Irish","10","PPSN - Available","20","Female","701","Social Work","Number","6"
"HGO07C01","Number of Graduates","2017","2017","IE05","Non-Irish","10","PPSN - Available","20","Female","10","Speech and Language Therapy","Number","3"
"HGO07C01","Number of Graduates","2017","2017","IE05","Non-Irish","10","PPSN - Available","20","Female","V52","Dietetics, Optometry and Podiatry","Number",""
"HGO07C01","Number of Graduates","2017","2017","IE05","Non-Irish","10","PPSN - Available","-","All genders","201","Dentistry","Number","3"
"HGO07C01","Number of Graduates","2017","2017","IE05","Non-Irish","10","PPSN - Available","-","All genders","401","Medical Science","Number","3"
"HGO07C01","Number of Graduates","2017","2017","IE05","Non-Irish","10","PPSN - Available","-","All genders","202","Medicine","Number","51"
"HGO07C01","Number of Graduates","2017","2017","IE05","Non-Irish","10","PPSN - Available","-","All genders","30","Nursing and Midwifery","Number","39"
"HGO07C01","Number of Graduates","2017","2017","IE05","Non-Irish","10","PPSN - Available","-","All genders","501","Occupational Therapy","Number","3"
"HGO07C01","Number of Graduates","2017","2017","IE05","Non-Irish","10","PPSN - Available","-","All genders","60","Pharmacy","Number",""
"HGO07C01","Number of Graduates","2017","2017","IE05","Non-Irish","10","PPSN - Available","-","All genders","504","Physiotherapy","Number","3"
"HGO07C01","Number of Graduates","2017","2017","IE05","Non-Irish","10","PPSN - Available","-","All genders","402","Radiography and Radiation Therapy","Number",""
"HGO07C01","Number of Graduates","2017","2017","IE05","Non-Irish","10","PPSN - Available","-","All genders","702","Social Care","Number","45"
"HGO07C01","Number of Graduates","2017","2017","IE05","Non-Irish","10","PPSN - Available","-","All genders","701","Social Work","Number","9"
"HGO07C01","Number of Graduates","2017","2017","IE05","Non-Irish","10","PPSN - Available","-","All genders","10","Speech and Language Therapy","Number","3"
"HGO07C01","Number of Graduates","2017","2017","IE05","Non-Irish","10","PPSN - Available","-","All genders","V52","Dietetics, Optometry and Podiatry","Number",""
"HGO07C01","Number of Graduates","2017","2017","IE05","Non-Irish","20","PPSN - Missing","10","Male","201","Dentistry","Number","15"
"HGO07C01","Number of Graduates","2017","2017","IE05","Non-Irish","20","PPSN - Missing","10","Male","401","Medical Science","Number",""
"HGO07C01","Number of Graduates","2017","2017","IE05","Non-Irish","20","PPSN - Missing","10","Male","202","Medicine","Number","219"
"HGO07C01","Number of Graduates","2017","2017","IE05","Non-Irish","20","PPSN - Missing","10","Male","30","Nursing and Midwifery","Number",""
"HGO07C01","Number of Graduates","2017","2017","IE05","Non-Irish","20","PPSN - Missing","10","Male","501","Occupational Therapy","Number","3"
"HGO07C01","Number of Graduates","2017","2017","IE05","Non-Irish","20","PPSN - Missing","10","Male","60","Pharmacy","Number",""
"HGO07C01","Number of Graduates","2017","2017","IE05","Non-Irish","20","PPSN - Missing","10","Male","504","Physiotherapy","Number","24"
"HGO07C01","Number of Graduates","2017","2017","IE05","Non-Irish","20","PPSN - Missing","10","Male","402","Radiography and Radiation Therapy","Number",""
"HGO07C01","Number of Graduates","2017","2017","IE05","Non-Irish","20","PPSN - Missing","10","Male","702","Social Care","Number",""
"HGO07C01","Number of Graduates","2017","2017","IE05","Non-Irish","20","PPSN - Missing","10","Male","701","Social Work","Number",""
"HGO07C01","Number of Graduates","2017","2017","IE05","Non-Irish","20","PPSN - Missing","10","Male","10","Speech and Language Therapy","Number",""
"HGO07C01","Number of Graduates","2017","2017","IE05","Non-Irish","20","PPSN - Missing","10","Male","V52","Dietetics, Optometry and Podiatry","Number",""
"HGO07C01","Number of Graduates","2017","2017","IE05","Non-Irish","20","PPSN - Missing","20","Female","201","Dentistry","Number","15"
"HGO07C01","Number of Graduates","2017","2017","IE05","Non-Irish","20","PPSN - Missing","20","Female","401","Medical Science","Number",""
"HGO07C01","Number of Graduates","2017","2017","IE05","Non-Irish","20","PPSN - Missing","20","Female","202","Medicine","Number","243"
"HGO07C01","Number of Graduates","2017","2017","IE05","Non-Irish","20","PPSN - Missing","20","Female","30","Nursing and Midwifery","Number","27"
"HGO07C01","Number of Graduates","2017","2017","IE05","Non-Irish","20","PPSN - Missing","20","Female","501","Occupational Therapy","Number","39"
"HGO07C01","Number of Graduates","2017","2017","IE05","Non-Irish","20","PPSN - Missing","20","Female","60","Pharmacy","Number",""
"HGO07C01","Number of Graduates","2017","2017","IE05","Non-Irish","20","PPSN - Missing","20","Female","504","Physiotherapy","Number","72"
"HGO07C01","Number of Graduates","2017","2017","IE05","Non-Irish","20","PPSN - Missing","20","Female","402","Radiography and Radiation Therapy","Number","3"
"HGO07C01","Number of Graduates","2017","2017","IE05","Non-Irish","20","PPSN - Missing","20","Female","702","Social Care","Number","6"
"HGO07C01","Number of Graduates","2017","2017","IE05","Non-Irish","20","PPSN - Missing","20","Female","701","Social Work","Number","3"
"HGO07C01","Number of Graduates","2017","2017","IE05","Non-Irish","20","PPSN - Missing","20","Female","10","Speech and Language Therapy","Number","3"
"HGO07C01","Number of Graduates","2017","2017","IE05","Non-Irish","20","PPSN - Missing","20","Female","V52","Dietetics, Optometry and Podiatry","Number",""
"HGO07C01","Number of Graduates","2017","2017","IE05","Non-Irish","20","PPSN - Missing","-","All genders","201","Dentistry","Number","30"
"HGO07C01","Number of Graduates","2017","2017","IE05","Non-Irish","20","PPSN - Missing","-","All genders","401","Medical Science","Number",""
"HGO07C01","Number of Graduates","2017","2017","IE05","Non-Irish","20","PPSN - Missing","-","All genders","202","Medicine","Number","462"
"HGO07C01","Number of Graduates","2017","2017","IE05","Non-Irish","20","PPSN - Missing","-","All genders","30","Nursing and Midwifery","Number","30"
"HGO07C01","Number of Graduates","2017","2017","IE05","Non-Irish","20","PPSN - Missing","-","All genders","501","Occupational Therapy","Number","42"
"HGO07C01","Number of Graduates","2017","2017","IE05","Non-Irish","20","PPSN - Missing","-","All genders","60","Pharmacy","Number",""
"HGO07C01","Number of Graduates","2017","2017","IE05","Non-Irish","20","PPSN - Missing","-","All genders","504","Physiotherapy","Number","96"
"HGO07C01","Number of Graduates","2017","2017","IE05","Non-Irish","20","PPSN - Missing","-","All genders","402","Radiography and Radiation Therapy","Number","3"
"HGO07C01","Number of Graduates","2017","2017","IE05","Non-Irish","20","PPSN - Missing","-","All genders","702","Social Care","Number","6"
"HGO07C01","Number of Graduates","2017","2017","IE05","Non-Irish","20","PPSN - Missing","-","All genders","701","Social Work","Number","3"
"HGO07C01","Number of Graduates","2017","2017","IE05","Non-Irish","20","PPSN - Missing","-","All genders","10","Speech and Language Therapy","Number","3"
"HGO07C01","Number of Graduates","2017","2017","IE05","Non-Irish","20","PPSN - Missing","-","All genders","V52","Dietetics, Optometry and Podiatry","Number",""
"HGO07C01","Number of Graduates","2017","2017","IE05","Non-Irish","-","PPSN - All","10","Male","201","Dentistry","Number","15"
"HGO07C01","Number of Graduates","2017","2017","IE05","Non-Irish","-","PPSN - All","10","Male","401","Medical Science","Number",""
"HGO07C01","Number of Graduates","2017","2017","IE05","Non-Irish","-","PPSN - All","10","Male","202","Medicine","Number","252"
"HGO07C01","Number of Graduates","2017","2017","IE05","Non-Irish","-","PPSN - All","10","Male","30","Nursing and Midwifery","Number","9"
"HGO07C01","Number of Graduates","2017","2017","IE05","Non-Irish","-","PPSN - All","10","Male","501","Occupational Therapy","Number","3"
"HGO07C01","Number of Graduates","2017","2017","IE05","Non-Irish","-","PPSN - All","10","Male","60","Pharmacy","Number",""
"HGO07C01","Number of Graduates","2017","2017","IE05","Non-Irish","-","PPSN - All","10","Male","504","Physiotherapy","Number","24"
"HGO07C01","Number of Graduates","2017","2017","IE05","Non-Irish","-","PPSN - All","10","Male","402","Radiography and Radiation Therapy","Number",""
"HGO07C01","Number of Graduates","2017","2017","IE05","Non-Irish","-","PPSN - All","10","Male","702","Social Care","Number","9"
"HGO07C01","Number of Graduates","2017","2017","IE05","Non-Irish","-","PPSN - All","10","Male","701","Social Work","Number","3"
"HGO07C01","Number of Graduates","2017","2017","IE05","Non-Irish","-","PPSN - All","10","Male","10","Speech and Language Therapy","Number",""
"HGO07C01","Number of Graduates","2017","2017","IE05","Non-Irish","-","PPSN - All","10","Male","V52","Dietetics, Optometry and Podiatry","Number",""
"HGO07C01","Number of Graduates","2017","2017","IE05","Non-Irish","-","PPSN - All","20","Female","201","Dentistry","Number","15"
"HGO07C01","Number of Graduates","2017","2017","IE05","Non-Irish","-","PPSN - All","20","Female","401","Medical Science","Number","3"
"HGO07C01","Number of Graduates","2017","2017","IE05","Non-Irish","-","PPSN - All","20","Female","202","Medicine","Number","261"
"HGO07C01","Number of Graduates","2017","2017","IE05","Non-Irish","-","PPSN - All","20","Female","30","Nursing and Midwifery","Number","60"
"HGO07C01","Number of Graduates","2017","2017","IE05","Non-Irish","-","PPSN - All","20","Female","501","Occupational Therapy","Number","39"
"HGO07C01","Number of Graduates","2017","2017","IE05","Non-Irish","-","PPSN - All","20","Female","60","Pharmacy","Number",""
"HGO07C01","Number of Graduates","2017","2017","IE05","Non-Irish","-","PPSN - All","20","Female","504","Physiotherapy","Number","75"
"HGO07C01","Number of Graduates","2017","2017","IE05","Non-Irish","-","PPSN - All","20","Female","402","Radiography and Radiation Therapy","Number","3"
"HGO07C01","Number of Graduates","2017","2017","IE05","Non-Irish","-","PPSN - All","20","Female","702","Social Care","Number","42"
"HGO07C01","Number of Graduates","2017","2017","IE05","Non-Irish","-","PPSN - All","20","Female","701","Social Work","Number","9"
"HGO07C01","Number of Graduates","2017","2017","IE05","Non-Irish","-","PPSN - All","20","Female","10","Speech and Language Therapy","Number","3"
"HGO07C01","Number of Graduates","2017","2017","IE05","Non-Irish","-","PPSN - All","20","Female","V52","Dietetics, Optometry and Podiatry","Number",""
"HGO07C01","Number of Graduates","2017","2017","IE05","Non-Irish","-","PPSN - All","-","All genders","201","Dentistry","Number","33"
"HGO07C01","Number of Graduates","2017","2017","IE05","Non-Irish","-","PPSN - All","-","All genders","401","Medical Science","Number","3"
"HGO07C01","Number of Graduates","2017","2017","IE05","Non-Irish","-","PPSN - All","-","All genders","202","Medicine","Number","513"
"HGO07C01","Number of Graduates","2017","2017","IE05","Non-Irish","-","PPSN - All","-","All genders","30","Nursing and Midwifery","Number","66"
"HGO07C01","Number of Graduates","2017","2017","IE05","Non-Irish","-","PPSN - All","-","All genders","501","Occupational Therapy","Number","42"
"HGO07C01","Number of Graduates","2017","2017","IE05","Non-Irish","-","PPSN - All","-","All genders","60","Pharmacy","Number",""
"HGO07C01","Number of Graduates","2017","2017","IE05","Non-Irish","-","PPSN - All","-","All genders","504","Physiotherapy","Number","99"
"HGO07C01","Number of Graduates","2017","2017","IE05","Non-Irish","-","PPSN - All","-","All genders","402","Radiography and Radiation Therapy","Number","3"
"HGO07C01","Number of Graduates","2017","2017","IE05","Non-Irish","-","PPSN - All","-","All genders","702","Social Care","Number","51"
"HGO07C01","Number of Graduates","2017","2017","IE05","Non-Irish","-","PPSN - All","-","All genders","701","Social Work","Number","12"
"HGO07C01","Number of Graduates","2017","2017","IE05","Non-Irish","-","PPSN - All","-","All genders","10","Speech and Language Therapy","Number","3"
"HGO07C01","Number of Graduates","2017","2017","IE05","Non-Irish","-","PPSN - All","-","All genders","V52","Dietetics, Optometry and Podiatry","Number",""
"HGO07C01","Number of Graduates","2017","2017","-","All nationalities","10","PPSN - Available","10","Male","201","Dentistry","Number","15"
"HGO07C01","Number of Graduates","2017","2017","-","All nationalities","10","PPSN - Available","10","Male","401","Medical Science","Number","27"
"HGO07C01","Number of Graduates","2017","2017","-","All nationalities","10","PPSN - Available","10","Male","202","Medicine","Number","354"
"HGO07C01","Number of Graduates","2017","2017","-","All nationalities","10","PPSN - Available","10","Male","30","Nursing and Midwifery","Number","99"
"HGO07C01","Number of Graduates","2017","2017","-","All nationalities","10","PPSN - Available","10","Male","501","Occupational Therapy","Number","12"
"HGO07C01","Number of Graduates","2017","2017","-","All nationalities","10","PPSN - Available","10","Male","60","Pharmacy","Number",""
"HGO07C01","Number of Graduates","2017","2017","-","All nationalities","10","PPSN - Available","10","Male","504","Physiotherapy","Number","48"
"HGO07C01","Number of Graduates","2017","2017","-","All nationalities","10","PPSN - Available","10","Male","402","Radiography and Radiation Therapy","Number","12"
"HGO07C01","Number of Graduates","2017","2017","-","All nationalities","10","PPSN - Available","10","Male","702","Social Care","Number","177"
"HGO07C01","Number of Graduates","2017","2017","-","All nationalities","10","PPSN - Available","10","Male","701","Social Work","Number","27"
"HGO07C01","Number of Graduates","2017","2017","-","All nationalities","10","PPSN - Available","10","Male","10","Speech and Language Therapy","Number","3"
"HGO07C01","Number of Graduates","2017","2017","-","All nationalities","10","PPSN - Available","10","Male","V52","Dietetics, Optometry and Podiatry","Number","12"
"HGO07C01","Number of Graduates","2017","2017","-","All nationalities","10","PPSN - Available","20","Female","201","Dentistry","Number","33"
"HGO07C01","Number of Graduates","2017","2017","-","All nationalities","10","PPSN - Available","20","Female","401","Medical Science","Number","54"
"HGO07C01","Number of Graduates","2017","2017","-","All nationalities","10","PPSN - Available","20","Female","202","Medicine","Number","345"
"HGO07C01","Number of Graduates","2017","2017","-","All nationalities","10","PPSN - Available","20","Female","30","Nursing and Midwifery","Number","1227"
"HGO07C01","Number of Graduates","2017","2017","-","All nationalities","10","PPSN - Available","20","Female","501","Occupational Therapy","Number","93"
"HGO07C01","Number of Graduates","2017","2017","-","All nationalities","10","PPSN - Available","20","Female","60","Pharmacy","Number",""
"HGO07C01","Number of Graduates","2017","2017","-","All nationalities","10","PPSN - Available","20","Female","504","Physiotherapy","Number","117"
"HGO07C01","Number of Graduates","2017","2017","-","All nationalities","10","PPSN - Available","20","Female","402","Radiography and Radiation Therapy","Number","51"
"HGO07C01","Number of Graduates","2017","2017","-","All nationalities","10","PPSN - Available","20","Female","702","Social Care","Number","834"
"HGO07C01","Number of Graduates","2017","2017","-","All nationalities","10","PPSN - Available","20","Female","701","Social Work","Number","135"
"HGO07C01","Number of Graduates","2017","2017","-","All nationalities","10","PPSN - Available","20","Female","10","Speech and Language Therapy","Number","96"
"HGO07C01","Number of Graduates","2017","2017","-","All nationalities","10","PPSN - Available","20","Female","V52","Dietetics, Optometry and Podiatry","Number","51"
"HGO07C01","Number of Graduates","2017","2017","-","All nationalities","10","PPSN - Available","-","All genders","201","Dentistry","Number","48"
"HGO07C01","Number of Graduates","2017","2017","-","All nationalities","10","PPSN - Available","-","All genders","401","Medical Science","Number","78"
"HGO07C01","Number of Graduates","2017","2017","-","All nationalities","10","PPSN - Available","-","All genders","202","Medicine","Number","699"
"HGO07C01","Number of Graduates","2017","2017","-","All nationalities","10","PPSN - Available","-","All genders","30","Nursing and Midwifery","Number","1326"
"HGO07C01","Number of Graduates","2017","2017","-","All nationalities","10","PPSN - Available","-","All genders","501","Occupational Therapy","Number","105"
"HGO07C01","Number of Graduates","2017","2017","-","All nationalities","10","PPSN - Available","-","All genders","60","Pharmacy","Number",""
"HGO07C01","Number of Graduates","2017","2017","-","All nationalities","10","PPSN - Available","-","All genders","504","Physiotherapy","Number","165"
"HGO07C01","Number of Graduates","2017","2017","-","All nationalities","10","PPSN - Available","-","All genders","402","Radiography and Radiation Therapy","Number","63"
"HGO07C01","Number of Graduates","2017","2017","-","All nationalities","10","PPSN - Available","-","All genders","702","Social Care","Number","1011"
"HGO07C01","Number of Graduates","2017","2017","-","All nationalities","10","PPSN - Available","-","All genders","701","Social Work","Number","162"
"HGO07C01","Number of Graduates","2017","2017","-","All nationalities","10","PPSN - Available","-","All genders","10","Speech and Language Therapy","Number","99"
"HGO07C01","Number of Graduates","2017","2017","-","All nationalities","10","PPSN - Available","-","All genders","V52","Dietetics, Optometry and Podiatry","Number","63"
"HGO07C01","Number of Graduates","2017","2017","-","All nationalities","20","PPSN - Missing","10","Male","201","Dentistry","Number","15"
"HGO07C01","Number of Graduates","2017","2017","-","All nationalities","20","PPSN - Missing","10","Male","401","Medical Science","Number",""
"HGO07C01","Number of Graduates","2017","2017","-","All nationalities","20","PPSN - Missing","10","Male","202","Medicine","Number","225"
"HGO07C01","Number of Graduates","2017","2017","-","All nationalities","20","PPSN - Missing","10","Male","30","Nursing and Midwifery","Number",""
"HGO07C01","Number of Graduates","2017","2017","-","All nationalities","20","PPSN - Missing","10","Male","501","Occupational Therapy","Number","3"
"HGO07C01","Number of Graduates","2017","2017","-","All nationalities","20","PPSN - Missing","10","Male","60","Pharmacy","Number",""
"HGO07C01","Number of Graduates","2017","2017","-","All nationalities","20","PPSN - Missing","10","Male","504","Physiotherapy","Number","30"
"HGO07C01","Number of Graduates","2017","2017","-","All nationalities","20","PPSN - Missing","10","Male","402","Radiography and Radiation Therapy","Number",""
"HGO07C01","Number of Graduates","2017","2017","-","All nationalities","20","PPSN - Missing","10","Male","702","Social Care","Number","3"
"HGO07C01","Number of Graduates","2017","2017","-","All nationalities","20","PPSN - Missing","10","Male","701","Social Work","Number","3"
"HGO07C01","Number of Graduates","2017","2017","-","All nationalities","20","PPSN - Missing","10","Male","10","Speech and Language Therapy","Number",""
"HGO07C01","Number of Graduates","2017","2017","-","All nationalities","20","PPSN - Missing","10","Male","V52","Dietetics, Optometry and Podiatry","Number",""
"HGO07C01","Number of Graduates","2017","2017","-","All nationalities","20","PPSN - Missing","20","Female","201","Dentistry","Number","18"
"HGO07C01","Number of Graduates","2017","2017","-","All nationalities","20","PPSN - Missing","20","Female","401","Medical Science","Number",""
"HGO07C01","Number of Graduates","2017","2017","-","All nationalities","20","PPSN - Missing","20","Female","202","Medicine","Number","267"
"HGO07C01","Number of Graduates","2017","2017","-","All nationalities","20","PPSN - Missing","20","Female","30","Nursing and Midwifery","Number","45"
"HGO07C01","Number of Graduates","2017","2017","-","All nationalities","20","PPSN - Missing","20","Female","501","Occupational Therapy","Number","39"
"HGO07C01","Number of Graduates","2017","2017","-","All nationalities","20","PPSN - Missing","20","Female","60","Pharmacy","Number",""
"HGO07C01","Number of Graduates","2017","2017","-","All nationalities","20","PPSN - Missing","20","Female","504","Physiotherapy","Number","72"
"HGO07C01","Number of Graduates","2017","2017","-","All nationalities","20","PPSN - Missing","20","Female","402","Radiography and Radiation Therapy","Number","3"
"HGO07C01","Number of Graduates","2017","2017","-","All nationalities","20","PPSN - Missing","20","Female","702","Social Care","Number","12"
"HGO07C01","Number of Graduates","2017","2017","-","All nationalities","20","PPSN - Missing","20","Female","701","Social Work","Number","3"
"HGO07C01","Number of Graduates","2017","2017","-","All nationalities","20","PPSN - Missing","20","Female","10","Speech and Language Therapy","Number","3"
"HGO07C01","Number of Graduates","2017","2017","-","All nationalities","20","PPSN - Missing","20","Female","V52","Dietetics, Optometry and Podiatry","Number","3"
"HGO07C01","Number of Graduates","2017","2017","-","All nationalities","20","PPSN - Missing","-","All genders","201","Dentistry","Number","30"
"HGO07C01","Number of Graduates","2017","2017","-","All nationalities","20","PPSN - Missing","-","All genders","401","Medical Science","Number",""
"HGO07C01","Number of Graduates","2017","2017","-","All nationalities","20","PPSN - Missing","-","All genders","202","Medicine","Number","492"
"HGO07C01","Number of Graduates","2017","2017","-","All nationalities","20","PPSN - Missing","-","All genders","30","Nursing and Midwifery","Number","45"
"HGO07C01","Number of Graduates","2017","2017","-","All nationalities","20","PPSN - Missing","-","All genders","501","Occupational Therapy","Number","42"
"HGO07C01","Number of Graduates","2017","2017","-","All nationalities","20","PPSN - Missing","-","All genders","60","Pharmacy","Number",""
"HGO07C01","Number of Graduates","2017","2017","-","All nationalities","20","PPSN - Missing","-","All genders","504","Physiotherapy","Number","102"
"HGO07C01","Number of Graduates","2017","2017","-","All nationalities","20","PPSN - Missing","-","All genders","402","Radiography and Radiation Therapy","Number","3"
"HGO07C01","Number of Graduates","2017","2017","-","All nationalities","20","PPSN - Missing","-","All genders","702","Social Care","Number","15"
"HGO07C01","Number of Graduates","2017","2017","-","All nationalities","20","PPSN - Missing","-","All genders","701","Social Work","Number","6"
"HGO07C01","Number of Graduates","2017","2017","-","All nationalities","20","PPSN - Missing","-","All genders","10","Speech and Language Therapy","Number","3"
"HGO07C01","Number of Graduates","2017","2017","-","All nationalities","20","PPSN - Missing","-","All genders","V52","Dietetics, Optometry and Podiatry","Number","3"
"HGO07C01","Number of Graduates","2017","2017","-","All nationalities","-","PPSN - All","10","Male","201","Dentistry","Number","30"
"HGO07C01","Number of Graduates","2017","2017","-","All nationalities","-","PPSN - All","10","Male","401","Medical Science","Number","27"
"HGO07C01","Number of Graduates","2017","2017","-","All nationalities","-","PPSN - All","10","Male","202","Medicine","Number","582"
"HGO07C01","Number of Graduates","2017","2017","-","All nationalities","-","PPSN - All","10","Male","30","Nursing and Midwifery","Number","102"
"HGO07C01","Number of Graduates","2017","2017","-","All nationalities","-","PPSN - All","10","Male","501","Occupational Therapy","Number","15"
"HGO07C01","Number of Graduates","2017","2017","-","All nationalities","-","PPSN - All","10","Male","60","Pharmacy","Number",""
"HGO07C01","Number of Graduates","2017","2017","-","All nationalities","-","PPSN - All","10","Male","504","Physiotherapy","Number","78"
"HGO07C01","Number of Graduates","2017","2017","-","All nationalities","-","PPSN - All","10","Male","402","Radiography and Radiation Therapy","Number","12"
"HGO07C01","Number of Graduates","2017","2017","-","All nationalities","-","PPSN - All","10","Male","702","Social Care","Number","180"
"HGO07C01","Number of Graduates","2017","2017","-","All nationalities","-","PPSN - All","10","Male","701","Social Work","Number","30"
"HGO07C01","Number of Graduates","2017","2017","-","All nationalities","-","PPSN - All","10","Male","10","Speech and Language Therapy","Number","3"
"HGO07C01","Number of Graduates","2017","2017","-","All nationalities","-","PPSN - All","10","Male","V52","Dietetics, Optometry and Podiatry","Number","12"
"HGO07C01","Number of Graduates","2017","2017","-","All nationalities","-","PPSN - All","20","Female","201","Dentistry","Number","48"
"HGO07C01","Number of Graduates","2017","2017","-","All nationalities","-","PPSN - All","20","Female","401","Medical Science","Number","54"
"HGO07C01","Number of Graduates","2017","2017","-","All nationalities","-","PPSN - All","20","Female","202","Medicine","Number","609"
"HGO07C01","Number of Graduates","2017","2017","-","All nationalities","-","PPSN - All","20","Female","30","Nursing and Midwifery","Number","1272"
"HGO07C01","Number of Graduates","2017","2017","-","All nationalities","-","PPSN - All","20","Female","501","Occupational Therapy","Number","132"
"HGO07C01","Number of Graduates","2017","2017","-","All nationalities","-","PPSN - All","20","Female","60","Pharmacy","Number",""
"HGO07C01","Number of Graduates","2017","2017","-","All nationalities","-","PPSN - All","20","Female","504","Physiotherapy","Number","189"
"HGO07C01","Number of Graduates","2017","2017","-","All nationalities","-","PPSN - All","20","Female","402","Radiography and Radiation Therapy","Number","54"
"HGO07C01","Number of Graduates","2017","2017","-","All nationalities","-","PPSN - All","20","Female","702","Social Care","Number","843"
"HGO07C01","Number of Graduates","2017","2017","-","All nationalities","-","PPSN - All","20","Female","701","Social Work","Number","138"
"HGO07C01","Number of Graduates","2017","2017","-","All nationalities","-","PPSN - All","20","Female","10","Speech and Language Therapy","Number","99"
"HGO07C01","Number of Graduates","2017","2017","-","All nationalities","-","PPSN - All","20","Female","V52","Dietetics, Optometry and Podiatry","Number","54"
"HGO07C01","Number of Graduates","2017","2017","-","All nationalities","-","PPSN - All","-","All genders","201","Dentistry","Number","78"
"HGO07C01","Number of Graduates","2017","2017","-","All nationalities","-","PPSN - All","-","All genders","401","Medical Science","Number","78"
"HGO07C01","Number of Graduates","2017","2017","-","All nationalities","-","PPSN - All","-","All genders","202","Medicine","Number","1191"
"HGO07C01","Number of Graduates","2017","2017","-","All nationalities","-","PPSN - All","-","All genders","30","Nursing and Midwifery","Number","1374"
"HGO07C01","Number of Graduates","2017","2017","-","All nationalities","-","PPSN - All","-","All genders","501","Occupational Therapy","Number","147"
"HGO07C01","Number of Graduates","2017","2017","-","All nationalities","-","PPSN - All","-","All genders","60","Pharmacy","Number",""
"HGO07C01","Number of Graduates","2017","2017","-","All nationalities","-","PPSN - All","-","All genders","504","Physiotherapy","Number","264"
"HGO07C01","Number of Graduates","2017","2017","-","All nationalities","-","PPSN - All","-","All genders","402","Radiography and Radiation Therapy","Number","66"
"HGO07C01","Number of Graduates","2017","2017","-","All nationalities","-","PPSN - All","-","All genders","702","Social Care","Number","1026"
"HGO07C01","Number of Graduates","2017","2017","-","All nationalities","-","PPSN - All","-","All genders","701","Social Work","Number","168"
"HGO07C01","Number of Graduates","2017","2017","-","All nationalities","-","PPSN - All","-","All genders","10","Speech and Language Therapy","Number","102"
"HGO07C01","Number of Graduates","2017","2017","-","All nationalities","-","PPSN - All","-","All genders","V52","Dietetics, Optometry and Podiatry","Number","66"
"HGO07C01","Number of Graduates","2018","2018","IE","All Irish","10","PPSN - Available","10","Male","201","Dentistry","Number","18"
"HGO07C01","Number of Graduates","2018","2018","IE","All Irish","10","PPSN - Available","10","Male","401","Medical Science","Number","18"
"HGO07C01","Number of Graduates","2018","2018","IE","All Irish","10","PPSN - Available","10","Male","202","Medicine","Number","300"
"HGO07C01","Number of Graduates","2018","2018","IE","All Irish","10","PPSN - Available","10","Male","30","Nursing and Midwifery","Number","99"
"HGO07C01","Number of Graduates","2018","2018","IE","All Irish","10","PPSN - Available","10","Male","501","Occupational Therapy","Number","12"
"HGO07C01","Number of Graduates","2018","2018","IE","All Irish","10","PPSN - Available","10","Male","60","Pharmacy","Number",""
"HGO07C01","Number of Graduates","2018","2018","IE","All Irish","10","PPSN - Available","10","Male","504","Physiotherapy","Number","45"
"HGO07C01","Number of Graduates","2018","2018","IE","All Irish","10","PPSN - Available","10","Male","402","Radiography and Radiation Therapy","Number","12"
"HGO07C01","Number of Graduates","2018","2018","IE","All Irish","10","PPSN - Available","10","Male","702","Social Care","Number","168"
"HGO07C01","Number of Graduates","2018","2018","IE","All Irish","10","PPSN - Available","10","Male","701","Social Work","Number","27"
"HGO07C01","Number of Graduates","2018","2018","IE","All Irish","10","PPSN - Available","10","Male","10","Speech and Language Therapy","Number","6"
"HGO07C01","Number of Graduates","2018","2018","IE","All Irish","10","PPSN - Available","10","Male","V52","Dietetics, Optometry and Podiatry","Number","9"
"HGO07C01","Number of Graduates","2018","2018","IE","All Irish","10","PPSN - Available","20","Female","201","Dentistry","Number","33"
"HGO07C01","Number of Graduates","2018","2018","IE","All Irish","10","PPSN - Available","20","Female","401","Medical Science","Number","60"
"HGO07C01","Number of Graduates","2018","2018","IE","All Irish","10","PPSN - Available","20","Female","202","Medicine","Number","351"
"HGO07C01","Number of Graduates","2018","2018","IE","All Irish","10","PPSN - Available","20","Female","30","Nursing and Midwifery","Number","1173"
"HGO07C01","Number of Graduates","2018","2018","IE","All Irish","10","PPSN - Available","20","Female","501","Occupational Therapy","Number","117"
"HGO07C01","Number of Graduates","2018","2018","IE","All Irish","10","PPSN - Available","20","Female","60","Pharmacy","Number",""
"HGO07C01","Number of Graduates","2018","2018","IE","All Irish","10","PPSN - Available","20","Female","504","Physiotherapy","Number","111"
"HGO07C01","Number of Graduates","2018","2018","IE","All Irish","10","PPSN - Available","20","Female","402","Radiography and Radiation Therapy","Number","51"
"HGO07C01","Number of Graduates","2018","2018","IE","All Irish","10","PPSN - Available","20","Female","702","Social Care","Number","777"
"HGO07C01","Number of Graduates","2018","2018","IE","All Irish","10","PPSN - Available","20","Female","701","Social Work","Number","150"
"HGO07C01","Number of Graduates","2018","2018","IE","All Irish","10","PPSN - Available","20","Female","10","Speech and Language Therapy","Number","96"
"HGO07C01","Number of Graduates","2018","2018","IE","All Irish","10","PPSN - Available","20","Female","V52","Dietetics, Optometry and Podiatry","Number","66"
"HGO07C01","Number of Graduates","2018","2018","IE","All Irish","10","PPSN - Available","-","All genders","201","Dentistry","Number","51"
"HGO07C01","Number of Graduates","2018","2018","IE","All Irish","10","PPSN - Available","-","All genders","401","Medical Science","Number","81"
"HGO07C01","Number of Graduates","2018","2018","IE","All Irish","10","PPSN - Available","-","All genders","202","Medicine","Number","654"
"HGO07C01","Number of Graduates","2018","2018","IE","All Irish","10","PPSN - Available","-","All genders","30","Nursing and Midwifery","Number","1272"
"HGO07C01","Number of Graduates","2018","2018","IE","All Irish","10","PPSN - Available","-","All genders","501","Occupational Therapy","Number","129"
"HGO07C01","Number of Graduates","2018","2018","IE","All Irish","10","PPSN - Available","-","All genders","60","Pharmacy","Number",""
"HGO07C01","Number of Graduates","2018","2018","IE","All Irish","10","PPSN - Available","-","All genders","504","Physiotherapy","Number","156"
"HGO07C01","Number of Graduates","2018","2018","IE","All Irish","10","PPSN - Available","-","All genders","402","Radiography and Radiation Therapy","Number","63"
"HGO07C01","Number of Graduates","2018","2018","IE","All Irish","10","PPSN - Available","-","All genders","702","Social Care","Number","945"
"HGO07C01","Number of Graduates","2018","2018","IE","All Irish","10","PPSN - Available","-","All genders","701","Social Work","Number","180"
"HGO07C01","Number of Graduates","2018","2018","IE","All Irish","10","PPSN - Available","-","All genders","10","Speech and Language Therapy","Number","105"
"HGO07C01","Number of Graduates","2018","2018","IE","All Irish","10","PPSN - Available","-","All genders","V52","Dietetics, Optometry and Podiatry","Number","75"
"HGO07C01","Number of Graduates","2018","2018","IE","All Irish","20","PPSN - Missing","10","Male","201","Dentistry","Number",""
"HGO07C01","Number of Graduates","2018","2018","IE","All Irish","20","PPSN - Missing","10","Male","401","Medical Science","Number",""
"HGO07C01","Number of Graduates","2018","2018","IE","All Irish","20","PPSN - Missing","10","Male","202","Medicine","Number","9"
"HGO07C01","Number of Graduates","2018","2018","IE","All Irish","20","PPSN - Missing","10","Male","30","Nursing and Midwifery","Number",""
"HGO07C01","Number of Graduates","2018","2018","IE","All Irish","20","PPSN - Missing","10","Male","501","Occupational Therapy","Number",""
"HGO07C01","Number of Graduates","2018","2018","IE","All Irish","20","PPSN - Missing","10","Male","60","Pharmacy","Number",""
"HGO07C01","Number of Graduates","2018","2018","IE","All Irish","20","PPSN - Missing","10","Male","504","Physiotherapy","Number",""
"HGO07C01","Number of Graduates","2018","2018","IE","All Irish","20","PPSN - Missing","10","Male","402","Radiography and Radiation Therapy","Number",""
"HGO07C01","Number of Graduates","2018","2018","IE","All Irish","20","PPSN - Missing","10","Male","702","Social Care","Number",""
"HGO07C01","Number of Graduates","2018","2018","IE","All Irish","20","PPSN - Missing","10","Male","701","Social Work","Number",""
"HGO07C01","Number of Graduates","2018","2018","IE","All Irish","20","PPSN - Missing","10","Male","10","Speech and Language Therapy","Number",""
"HGO07C01","Number of Graduates","2018","2018","IE","All Irish","20","PPSN - Missing","10","Male","V52","Dietetics, Optometry and Podiatry","Number",""
"HGO07C01","Number of Graduates","2018","2018","IE","All Irish","20","PPSN - Missing","20","Female","201","Dentistry","Number",""
"HGO07C01","Number of Graduates","2018","2018","IE","All Irish","20","PPSN - Missing","20","Female","401","Medical Science","Number",""
"HGO07C01","Number of Graduates","2018","2018","IE","All Irish","20","PPSN - Missing","20","Female","202","Medicine","Number","9"
"HGO07C01","Number of Graduates","2018","2018","IE","All Irish","20","PPSN - Missing","20","Female","30","Nursing and Midwifery","Number","9"
"HGO07C01","Number of Graduates","2018","2018","IE","All Irish","20","PPSN - Missing","20","Female","501","Occupational Therapy","Number",""
"HGO07C01","Number of Graduates","2018","2018","IE","All Irish","20","PPSN - Missing","20","Female","60","Pharmacy","Number",""
"HGO07C01","Number of Graduates","2018","2018","IE","All Irish","20","PPSN - Missing","20","Female","504","Physiotherapy","Number",""
"HGO07C01","Number of Graduates","2018","2018","IE","All Irish","20","PPSN - Missing","20","Female","402","Radiography and Radiation Therapy","Number",""
"HGO07C01","Number of Graduates","2018","2018","IE","All Irish","20","PPSN - Missing","20","Female","702","Social Care","Number","9"
"HGO07C01","Number of Graduates","2018","2018","IE","All Irish","20","PPSN - Missing","20","Female","701","Social Work","Number",""
"HGO07C01","Number of Graduates","2018","2018","IE","All Irish","20","PPSN - Missing","20","Female","10","Speech and Language Therapy","Number",""
"HGO07C01","Number of Graduates","2018","2018","IE","All Irish","20","PPSN - Missing","20","Female","V52","Dietetics, Optometry and Podiatry","Number",""
"HGO07C01","Number of Graduates","2018","2018","IE","All Irish","20","PPSN - Missing","-","All genders","201","Dentistry","Number",""
"HGO07C01","Number of Graduates","2018","2018","IE","All Irish","20","PPSN - Missing","-","All genders","401","Medical Science","Number",""
"HGO07C01","Number of Graduates","2018","2018","IE","All Irish","20","PPSN - Missing","-","All genders","202","Medicine","Number","21"
"HGO07C01","Number of Graduates","2018","2018","IE","All Irish","20","PPSN - Missing","-","All genders","30","Nursing and Midwifery","Number","12"
"HGO07C01","Number of Graduates","2018","2018","IE","All Irish","20","PPSN - Missing","-","All genders","501","Occupational Therapy","Number",""
"HGO07C01","Number of Graduates","2018","2018","IE","All Irish","20","PPSN - Missing","-","All genders","60","Pharmacy","Number",""
"HGO07C01","Number of Graduates","2018","2018","IE","All Irish","20","PPSN - Missing","-","All genders","504","Physiotherapy","Number","3"
"HGO07C01","Number of Graduates","2018","2018","IE","All Irish","20","PPSN - Missing","-","All genders","402","Radiography and Radiation Therapy","Number",""
"HGO07C01","Number of Graduates","2018","2018","IE","All Irish","20","PPSN - Missing","-","All genders","702","Social Care","Number","9"
"HGO07C01","Number of Graduates","2018","2018","IE","All Irish","20","PPSN - Missing","-","All genders","701","Social Work","Number",""
"HGO07C01","Number of Graduates","2018","2018","IE","All Irish","20","PPSN - Missing","-","All genders","10","Speech and Language Therapy","Number",""
"HGO07C01","Number of Graduates","2018","2018","IE","All Irish","20","PPSN - Missing","-","All genders","V52","Dietetics, Optometry and Podiatry","Number",""
"HGO07C01","Number of Graduates","2018","2018","IE","All Irish","-","PPSN - All","10","Male","201","Dentistry","Number","18"
"HGO07C01","Number of Graduates","2018","2018","IE","All Irish","-","PPSN - All","10","Male","401","Medical Science","Number","18"
"HGO07C01","Number of Graduates","2018","2018","IE","All Irish","-","PPSN - All","10","Male","202","Medicine","Number","312"
"HGO07C01","Number of Graduates","2018","2018","IE","All Irish","-","PPSN - All","10","Male","30","Nursing and Midwifery","Number","102"
"HGO07C01","Number of Graduates","2018","2018","IE","All Irish","-","PPSN - All","10","Male","501","Occupational Therapy","Number","12"
"HGO07C01","Number of Graduates","2018","2018","IE","All Irish","-","PPSN - All","10","Male","60","Pharmacy","Number",""
"HGO07C01","Number of Graduates","2018","2018","IE","All Irish","-","PPSN - All","10","Male","504","Physiotherapy","Number","45"
"HGO07C01","Number of Graduates","2018","2018","IE","All Irish","-","PPSN - All","10","Male","402","Radiography and Radiation Therapy","Number","12"
"HGO07C01","Number of Graduates","2018","2018","IE","All Irish","-","PPSN - All","10","Male","702","Social Care","Number","168"
"HGO07C01","Number of Graduates","2018","2018","IE","All Irish","-","PPSN - All","10","Male","701","Social Work","Number","27"
"HGO07C01","Number of Graduates","2018","2018","IE","All Irish","-","PPSN - All","10","Male","10","Speech and Language Therapy","Number","6"
"HGO07C01","Number of Graduates","2018","2018","IE","All Irish","-","PPSN - All","10","Male","V52","Dietetics, Optometry and Podiatry","Number","9"
"HGO07C01","Number of Graduates","2018","2018","IE","All Irish","-","PPSN - All","20","Female","201","Dentistry","Number","33"
"HGO07C01","Number of Graduates","2018","2018","IE","All Irish","-","PPSN - All","20","Female","401","Medical Science","Number","60"
"HGO07C01","Number of Graduates","2018","2018","IE","All Irish","-","PPSN - All","20","Female","202","Medicine","Number","363"
"HGO07C01","Number of Graduates","2018","2018","IE","All Irish","-","PPSN - All","20","Female","30","Nursing and Midwifery","Number","1182"
"HGO07C01","Number of Graduates","2018","2018","IE","All Irish","-","PPSN - All","20","Female","501","Occupational Therapy","Number","117"
"HGO07C01","Number of Graduates","2018","2018","IE","All Irish","-","PPSN - All","20","Female","60","Pharmacy","Number",""
"HGO07C01","Number of Graduates","2018","2018","IE","All Irish","-","PPSN - All","20","Female","504","Physiotherapy","Number","111"
"HGO07C01","Number of Graduates","2018","2018","IE","All Irish","-","PPSN - All","20","Female","402","Radiography and Radiation Therapy","Number","51"
"HGO07C01","Number of Graduates","2018","2018","IE","All Irish","-","PPSN - All","20","Female","702","Social Care","Number","786"
"HGO07C01","Number of Graduates","2018","2018","IE","All Irish","-","PPSN - All","20","Female","701","Social Work","Number","153"
"HGO07C01","Number of Graduates","2018","2018","IE","All Irish","-","PPSN - All","20","Female","10","Speech and Language Therapy","Number","99"
"HGO07C01","Number of Graduates","2018","2018","IE","All Irish","-","PPSN - All","20","Female","V52","Dietetics, Optometry and Podiatry","Number","66"
"HGO07C01","Number of Graduates","2018","2018","IE","All Irish","-","PPSN - All","-","All genders","201","Dentistry","Number","54"
"HGO07C01","Number of Graduates","2018","2018","IE","All Irish","-","PPSN - All","-","All genders","401","Medical Science","Number","81"
"HGO07C01","Number of Graduates","2018","2018","IE","All Irish","-","PPSN - All","-","All genders","202","Medicine","Number","672"
"HGO07C01","Number of Graduates","2018","2018","IE","All Irish","-","PPSN - All","-","All genders","30","Nursing and Midwifery","Number","1284"
"HGO07C01","Number of Graduates","2018","2018","IE","All Irish","-","PPSN - All","-","All genders","501","Occupational Therapy","Number","129"
"HGO07C01","Number of Graduates","2018","2018","IE","All Irish","-","PPSN - All","-","All genders","60","Pharmacy","Number",""
"HGO07C01","Number of Graduates","2018","2018","IE","All Irish","-","PPSN - All","-","All genders","504","Physiotherapy","Number","159"
"HGO07C01","Number of Graduates","2018","2018","IE","All Irish","-","PPSN - All","-","All genders","402","Radiography and Radiation Therapy","Number","63"
"HGO07C01","Number of Graduates","2018","2018","IE","All Irish","-","PPSN - All","-","All genders","702","Social Care","Number","954"
"HGO07C01","Number of Graduates","2018","2018","IE","All Irish","-","PPSN - All","-","All genders","701","Social Work","Number","180"
"HGO07C01","Number of Graduates","2018","2018","IE","All Irish","-","PPSN - All","-","All genders","10","Speech and Language Therapy","Number","105"
"HGO07C01","Number of Graduates","2018","2018","IE","All Irish","-","PPSN - All","-","All genders","V52","Dietetics, Optometry and Podiatry","Number","75"
"HGO07C01","Number of Graduates","2018","2018","IE05","Non-Irish","10","PPSN - Available","10","Male","201","Dentistry","Number",""
"HGO07C01","Number of Graduates","2018","2018","IE05","Non-Irish","10","PPSN - Available","10","Male","401","Medical Science","Number","3"
"HGO07C01","Number of Graduates","2018","2018","IE05","Non-Irish","10","PPSN - Available","10","Male","202","Medicine","Number","36"
"HGO07C01","Number of Graduates","2018","2018","IE05","Non-Irish","10","PPSN - Available","10","Male","30","Nursing and Midwifery","Number","6"
"HGO07C01","Number of Graduates","2018","2018","IE05","Non-Irish","10","PPSN - Available","10","Male","501","Occupational Therapy","Number",""
"HGO07C01","Number of Graduates","2018","2018","IE05","Non-Irish","10","PPSN - Available","10","Male","60","Pharmacy","Number",""
"HGO07C01","Number of Graduates","2018","2018","IE05","Non-Irish","10","PPSN - Available","10","Male","504","Physiotherapy","Number",""
"HGO07C01","Number of Graduates","2018","2018","IE05","Non-Irish","10","PPSN - Available","10","Male","402","Radiography and Radiation Therapy","Number",""
"HGO07C01","Number of Graduates","2018","2018","IE05","Non-Irish","10","PPSN - Available","10","Male","702","Social Care","Number","6"
"HGO07C01","Number of Graduates","2018","2018","IE05","Non-Irish","10","PPSN - Available","10","Male","701","Social Work","Number",""
"HGO07C01","Number of Graduates","2018","2018","IE05","Non-Irish","10","PPSN - Available","10","Male","10","Speech and Language Therapy","Number",""
"HGO07C01","Number of Graduates","2018","2018","IE05","Non-Irish","10","PPSN - Available","10","Male","V52","Dietetics, Optometry and Podiatry","Number",""
"HGO07C01","Number of Graduates","2018","2018","IE05","Non-Irish","10","PPSN - Available","20","Female","201","Dentistry","Number",""
"HGO07C01","Number of Graduates","2018","2018","IE05","Non-Irish","10","PPSN - Available","20","Female","401","Medical Science","Number","3"
"HGO07C01","Number of Graduates","2018","2018","IE05","Non-Irish","10","PPSN - Available","20","Female","202","Medicine","Number","24"
"HGO07C01","Number of Graduates","2018","2018","IE05","Non-Irish","10","PPSN - Available","20","Female","30","Nursing and Midwifery","Number","48"
"HGO07C01","Number of Graduates","2018","2018","IE05","Non-Irish","10","PPSN - Available","20","Female","501","Occupational Therapy","Number","3"
"HGO07C01","Number of Graduates","2018","2018","IE05","Non-Irish","10","PPSN - Available","20","Female","60","Pharmacy","Number",""
"HGO07C01","Number of Graduates","2018","2018","IE05","Non-Irish","10","PPSN - Available","20","Female","504","Physiotherapy","Number","3"
"HGO07C01","Number of Graduates","2018","2018","IE05","Non-Irish","10","PPSN - Available","20","Female","402","Radiography and Radiation Therapy","Number",""
"HGO07C01","Number of Graduates","2018","2018","IE05","Non-Irish","10","PPSN - Available","20","Female","702","Social Care","Number","45"
"HGO07C01","Number of Graduates","2018","2018","IE05","Non-Irish","10","PPSN - Available","20","Female","701","Social Work","Number","9"
"HGO07C01","Number of Graduates","2018","2018","IE05","Non-Irish","10","PPSN - Available","20","Female","10","Speech and Language Therapy","Number",""
"HGO07C01","Number of Graduates","2018","2018","IE05","Non-Irish","10","PPSN - Available","20","Female","V52","Dietetics, Optometry and Podiatry","Number","3"
"HGO07C01","Number of Graduates","2018","2018","IE05","Non-Irish","10","PPSN - Available","-","All genders","201","Dentistry","Number","3"
"HGO07C01","Number of Graduates","2018","2018","IE05","Non-Irish","10","PPSN - Available","-","All genders","401","Medical Science","Number","6"
"HGO07C01","Number of Graduates","2018","2018","IE05","Non-Irish","10","PPSN - Available","-","All genders","202","Medicine","Number","60"
"HGO07C01","Number of Graduates","2018","2018","IE05","Non-Irish","10","PPSN - Available","-","All genders","30","Nursing and Midwifery","Number","54"
"HGO07C01","Number of Graduates","2018","2018","IE05","Non-Irish","10","PPSN - Available","-","All genders","501","Occupational Therapy","Number","3"
"HGO07C01","Number of Graduates","2018","2018","IE05","Non-Irish","10","PPSN - Available","-","All genders","60","Pharmacy","Number",""
"HGO07C01","Number of Graduates","2018","2018","IE05","Non-Irish","10","PPSN - Available","-","All genders","504","Physiotherapy","Number","3"
"HGO07C01","Number of Graduates","2018","2018","IE05","Non-Irish","10","PPSN - Available","-","All genders","402","Radiography and Radiation Therapy","Number",""
"HGO07C01","Number of Graduates","2018","2018","IE05","Non-Irish","10","PPSN - Available","-","All genders","702","Social Care","Number","51"
"HGO07C01","Number of Graduates","2018","2018","IE05","Non-Irish","10","PPSN - Available","-","All genders","701","Social Work","Number","9"
"HGO07C01","Number of Graduates","2018","2018","IE05","Non-Irish","10","PPSN - Available","-","All genders","10","Speech and Language Therapy","Number",""
"HGO07C01","Number of Graduates","2018","2018","IE05","Non-Irish","10","PPSN - Available","-","All genders","V52","Dietetics, Optometry and Podiatry","Number","3"
"HGO07C01","Number of Graduates","2018","2018","IE05","Non-Irish","20","PPSN - Missing","10","Male","201","Dentistry","Number","6"
"HGO07C01","Number of Graduates","2018","2018","IE05","Non-Irish","20","PPSN - Missing","10","Male","401","Medical Science","Number",""
"HGO07C01","Number of Graduates","2018","2018","IE05","Non-Irish","20","PPSN - Missing","10","Male","202","Medicine","Number","249"
"HGO07C01","Number of Graduates","2018","2018","IE05","Non-Irish","20","PPSN - Missing","10","Male","30","Nursing and Midwifery","Number",""
"HGO07C01","Number of Graduates","2018","2018","IE05","Non-Irish","20","PPSN - Missing","10","Male","501","Occupational Therapy","Number","6"
"HGO07C01","Number of Graduates","2018","2018","IE05","Non-Irish","20","PPSN - Missing","10","Male","60","Pharmacy","Number",""
"HGO07C01","Number of Graduates","2018","2018","IE05","Non-Irish","20","PPSN - Missing","10","Male","504","Physiotherapy","Number","30"
"HGO07C01","Number of Graduates","2018","2018","IE05","Non-Irish","20","PPSN - Missing","10","Male","402","Radiography and Radiation Therapy","Number","3"
"HGO07C01","Number of Graduates","2018","2018","IE05","Non-Irish","20","PPSN - Missing","10","Male","702","Social Care","Number",""
"HGO07C01","Number of Graduates","2018","2018","IE05","Non-Irish","20","PPSN - Missing","10","Male","701","Social Work","Number",""
"HGO07C01","Number of Graduates","2018","2018","IE05","Non-Irish","20","PPSN - Missing","10","Male","10","Speech and Language Therapy","Number",""
"HGO07C01","Number of Graduates","2018","2018","IE05","Non-Irish","20","PPSN - Missing","10","Male","V52","Dietetics, Optometry and Podiatry","Number",""
"HGO07C01","Number of Graduates","2018","2018","IE05","Non-Irish","20","PPSN - Missing","20","Female","201","Dentistry","Number","12"
"HGO07C01","Number of Graduates","2018","2018","IE05","Non-Irish","20","PPSN - Missing","20","Female","401","Medical Science","Number",""
"HGO07C01","Number of Graduates","2018","2018","IE05","Non-Irish","20","PPSN - Missing","20","Female","202","Medicine","Number","270"
"HGO07C01","Number of Graduates","2018","2018","IE05","Non-Irish","20","PPSN - Missing","20","Female","30","Nursing and Midwifery","Number","15"
"HGO07C01","Number of Graduates","2018","2018","IE05","Non-Irish","20","PPSN - Missing","20","Female","501","Occupational Therapy","Number","39"
"HGO07C01","Number of Graduates","2018","2018","IE05","Non-Irish","20","PPSN - Missing","20","Female","60","Pharmacy","Number",""
"HGO07C01","Number of Graduates","2018","2018","IE05","Non-Irish","20","PPSN - Missing","20","Female","504","Physiotherapy","Number","66"
"HGO07C01","Number of Graduates","2018","2018","IE05","Non-Irish","20","PPSN - Missing","20","Female","402","Radiography and Radiation Therapy","Number","6"
"HGO07C01","Number of Graduates","2018","2018","IE05","Non-Irish","20","PPSN - Missing","20","Female","702","Social Care","Number","3"
"HGO07C01","Number of Graduates","2018","2018","IE05","Non-Irish","20","PPSN - Missing","20","Female","701","Social Work","Number","6"
"HGO07C01","Number of Graduates","2018","2018","IE05","Non-Irish","20","PPSN - Missing","20","Female","10","Speech and Language Therapy","Number","3"
"HGO07C01","Number of Graduates","2018","2018","IE05","Non-Irish","20","PPSN - Missing","20","Female","V52","Dietetics, Optometry and Podiatry","Number","6"
"HGO07C01","Number of Graduates","2018","2018","IE05","Non-Irish","20","PPSN - Missing","-","All genders","201","Dentistry","Number","18"
"HGO07C01","Number of Graduates","2018","2018","IE05","Non-Irish","20","PPSN - Missing","-","All genders","401","Medical Science","Number",""
"HGO07C01","Number of Graduates","2018","2018","IE05","Non-Irish","20","PPSN - Missing","-","All genders","202","Medicine","Number","519"
"HGO07C01","Number of Graduates","2018","2018","IE05","Non-Irish","20","PPSN - Missing","-","All genders","30","Nursing and Midwifery","Number","18"
"HGO07C01","Number of Graduates","2018","2018","IE05","Non-Irish","20","PPSN - Missing","-","All genders","501","Occupational Therapy","Number","45"
"HGO07C01","Number of Graduates","2018","2018","IE05","Non-Irish","20","PPSN - Missing","-","All genders","60","Pharmacy","Number",""
"HGO07C01","Number of Graduates","2018","2018","IE05","Non-Irish","20","PPSN - Missing","-","All genders","504","Physiotherapy","Number","96"
"HGO07C01","Number of Graduates","2018","2018","IE05","Non-Irish","20","PPSN - Missing","-","All genders","402","Radiography and Radiation Therapy","Number","9"
"HGO07C01","Number of Graduates","2018","2018","IE05","Non-Irish","20","PPSN - Missing","-","All genders","702","Social Care","Number","6"
"HGO07C01","Number of Graduates","2018","2018","IE05","Non-Irish","20","PPSN - Missing","-","All genders","701","Social Work","Number","6"
"HGO07C01","Number of Graduates","2018","2018","IE05","Non-Irish","20","PPSN - Missing","-","All genders","10","Speech and Language Therapy","Number","3"
"HGO07C01","Number of Graduates","2018","2018","IE05","Non-Irish","20","PPSN - Missing","-","All genders","V52","Dietetics, Optometry and Podiatry","Number","6"
"HGO07C01","Number of Graduates","2018","2018","IE05","Non-Irish","-","PPSN - All","10","Male","201","Dentistry","Number","6"
"HGO07C01","Number of Graduates","2018","2018","IE05","Non-Irish","-","PPSN - All","10","Male","401","Medical Science","Number","3"
"HGO07C01","Number of Graduates","2018","2018","IE05","Non-Irish","-","PPSN - All","10","Male","202","Medicine","Number","285"
"HGO07C01","Number of Graduates","2018","2018","IE05","Non-Irish","-","PPSN - All","10","Male","30","Nursing and Midwifery","Number","6"
"HGO07C01","Number of Graduates","2018","2018","IE05","Non-Irish","-","PPSN - All","10","Male","501","Occupational Therapy","Number","6"
"HGO07C01","Number of Graduates","2018","2018","IE05","Non-Irish","-","PPSN - All","10","Male","60","Pharmacy","Number",""
"HGO07C01","Number of Graduates","2018","2018","IE05","Non-Irish","-","PPSN - All","10","Male","504","Physiotherapy","Number","30"
"HGO07C01","Number of Graduates","2018","2018","IE05","Non-Irish","-","PPSN - All","10","Male","402","Radiography and Radiation Therapy","Number","3"
"HGO07C01","Number of Graduates","2018","2018","IE05","Non-Irish","-","PPSN - All","10","Male","702","Social Care","Number","6"
"HGO07C01","Number of Graduates","2018","2018","IE05","Non-Irish","-","PPSN - All","10","Male","701","Social Work","Number",""
"HGO07C01","Number of Graduates","2018","2018","IE05","Non-Irish","-","PPSN - All","10","Male","10","Speech and Language Therapy","Number",""
"HGO07C01","Number of Graduates","2018","2018","IE05","Non-Irish","-","PPSN - All","10","Male","V52","Dietetics, Optometry and Podiatry","Number",""
"HGO07C01","Number of Graduates","2018","2018","IE05","Non-Irish","-","PPSN - All","20","Female","201","Dentistry","Number","15"
"HGO07C01","Number of Graduates","2018","2018","IE05","Non-Irish","-","PPSN - All","20","Female","401","Medical Science","Number","3"
"HGO07C01","Number of Graduates","2018","2018","IE05","Non-Irish","-","PPSN - All","20","Female","202","Medicine","Number","294"
"HGO07C01","Number of Graduates","2018","2018","IE05","Non-Irish","-","PPSN - All","20","Female","30","Nursing and Midwifery","Number","66"
"HGO07C01","Number of Graduates","2018","2018","IE05","Non-Irish","-","PPSN - All","20","Female","501","Occupational Therapy","Number","42"
"HGO07C01","Number of Graduates","2018","2018","IE05","Non-Irish","-","PPSN - All","20","Female","60","Pharmacy","Number",""
"HGO07C01","Number of Graduates","2018","2018","IE05","Non-Irish","-","PPSN - All","20","Female","504","Physiotherapy","Number","69"
"HGO07C01","Number of Graduates","2018","2018","IE05","Non-Irish","-","PPSN - All","20","Female","402","Radiography and Radiation Therapy","Number","6"
"HGO07C01","Number of Graduates","2018","2018","IE05","Non-Irish","-","PPSN - All","20","Female","702","Social Care","Number","48"
"HGO07C01","Number of Graduates","2018","2018","IE05","Non-Irish","-","PPSN - All","20","Female","701","Social Work","Number","12"
"HGO07C01","Number of Graduates","2018","2018","IE05","Non-Irish","-","PPSN - All","20","Female","10","Speech and Language Therapy","Number","3"
"HGO07C01","Number of Graduates","2018","2018","IE05","Non-Irish","-","PPSN - All","20","Female","V52","Dietetics, Optometry and Podiatry","Number","12"
"HGO07C01","Number of Graduates","2018","2018","IE05","Non-Irish","-","PPSN - All","-","All genders","201","Dentistry","Number","21"
"HGO07C01","Number of Graduates","2018","2018","IE05","Non-Irish","-","PPSN - All","-","All genders","401","Medical Science","Number","6"
"HGO07C01","Number of Graduates","2018","2018","IE05","Non-Irish","-","PPSN - All","-","All genders","202","Medicine","Number","579"
"HGO07C01","Number of Graduates","2018","2018","IE05","Non-Irish","-","PPSN - All","-","All genders","30","Nursing and Midwifery","Number","72"
"HGO07C01","Number of Graduates","2018","2018","IE05","Non-Irish","-","PPSN - All","-","All genders","501","Occupational Therapy","Number","45"
"HGO07C01","Number of Graduates","2018","2018","IE05","Non-Irish","-","PPSN - All","-","All genders","60","Pharmacy","Number",""
"HGO07C01","Number of Graduates","2018","2018","IE05","Non-Irish","-","PPSN - All","-","All genders","504","Physiotherapy","Number","99"
"HGO07C01","Number of Graduates","2018","2018","IE05","Non-Irish","-","PPSN - All","-","All genders","402","Radiography and Radiation Therapy","Number","9"
"HGO07C01","Number of Graduates","2018","2018","IE05","Non-Irish","-","PPSN - All","-","All genders","702","Social Care","Number","57"
"HGO07C01","Number of Graduates","2018","2018","IE05","Non-Irish","-","PPSN - All","-","All genders","701","Social Work","Number","12"
"HGO07C01","Number of Graduates","2018","2018","IE05","Non-Irish","-","PPSN - All","-","All genders","10","Speech and Language Therapy","Number","3"
"HGO07C01","Number of Graduates","2018","2018","IE05","Non-Irish","-","PPSN - All","-","All genders","V52","Dietetics, Optometry and Podiatry","Number","12"
"HGO07C01","Number of Graduates","2018","2018","-","All nationalities","10","PPSN - Available","10","Male","201","Dentistry","Number","21"
"HGO07C01","Number of Graduates","2018","2018","-","All nationalities","10","PPSN - Available","10","Male","401","Medical Science","Number","21"
"HGO07C01","Number of Graduates","2018","2018","-","All nationalities","10","PPSN - Available","10","Male","202","Medicine","Number","339"
"HGO07C01","Number of Graduates","2018","2018","-","All nationalities","10","PPSN - Available","10","Male","30","Nursing and Midwifery","Number","105"
"HGO07C01","Number of Graduates","2018","2018","-","All nationalities","10","PPSN - Available","10","Male","501","Occupational Therapy","Number","12"
"HGO07C01","Number of Graduates","2018","2018","-","All nationalities","10","PPSN - Available","10","Male","60","Pharmacy","Number",""
"HGO07C01","Number of Graduates","2018","2018","-","All nationalities","10","PPSN - Available","10","Male","504","Physiotherapy","Number","45"
"HGO07C01","Number of Graduates","2018","2018","-","All nationalities","10","PPSN - Available","10","Male","402","Radiography and Radiation Therapy","Number","12"
"HGO07C01","Number of Graduates","2018","2018","-","All nationalities","10","PPSN - Available","10","Male","702","Social Care","Number","174"
"HGO07C01","Number of Graduates","2018","2018","-","All nationalities","10","PPSN - Available","10","Male","701","Social Work","Number","27"
"HGO07C01","Number of Graduates","2018","2018","-","All nationalities","10","PPSN - Available","10","Male","10","Speech and Language Therapy","Number","6"
"HGO07C01","Number of Graduates","2018","2018","-","All nationalities","10","PPSN - Available","10","Male","V52","Dietetics, Optometry and Podiatry","Number","9"
"HGO07C01","Number of Graduates","2018","2018","-","All nationalities","10","PPSN - Available","20","Female","201","Dentistry","Number","33"
"HGO07C01","Number of Graduates","2018","2018","-","All nationalities","10","PPSN - Available","20","Female","401","Medical Science","Number","63"
"HGO07C01","Number of Graduates","2018","2018","-","All nationalities","10","PPSN - Available","20","Female","202","Medicine","Number","375"
"HGO07C01","Number of Graduates","2018","2018","-","All nationalities","10","PPSN - Available","20","Female","30","Nursing and Midwifery","Number","1221"
"HGO07C01","Number of Graduates","2018","2018","-","All nationalities","10","PPSN - Available","20","Female","501","Occupational Therapy","Number","120"
"HGO07C01","Number of Graduates","2018","2018","-","All nationalities","10","PPSN - Available","20","Female","60","Pharmacy","Number",""
"HGO07C01","Number of Graduates","2018","2018","-","All nationalities","10","PPSN - Available","20","Female","504","Physiotherapy","Number","114"
"HGO07C01","Number of Graduates","2018","2018","-","All nationalities","10","PPSN - Available","20","Female","402","Radiography and Radiation Therapy","Number","51"
"HGO07C01","Number of Graduates","2018","2018","-","All nationalities","10","PPSN - Available","20","Female","702","Social Care","Number","822"
"HGO07C01","Number of Graduates","2018","2018","-","All nationalities","10","PPSN - Available","20","Female","701","Social Work","Number","159"
"HGO07C01","Number of Graduates","2018","2018","-","All nationalities","10","PPSN - Available","20","Female","10","Speech and Language Therapy","Number","99"
"HGO07C01","Number of Graduates","2018","2018","-","All nationalities","10","PPSN - Available","20","Female","V52","Dietetics, Optometry and Podiatry","Number","72"
"HGO07C01","Number of Graduates","2018","2018","-","All nationalities","10","PPSN - Available","-","All genders","201","Dentistry","Number","54"
"HGO07C01","Number of Graduates","2018","2018","-","All nationalities","10","PPSN - Available","-","All genders","401","Medical Science","Number","84"
"HGO07C01","Number of Graduates","2018","2018","-","All nationalities","10","PPSN - Available","-","All genders","202","Medicine","Number","714"
"HGO07C01","Number of Graduates","2018","2018","-","All nationalities","10","PPSN - Available","-","All genders","30","Nursing and Midwifery","Number","1326"
"HGO07C01","Number of Graduates","2018","2018","-","All nationalities","10","PPSN - Available","-","All genders","501","Occupational Therapy","Number","129"
"HGO07C01","Number of Graduates","2018","2018","-","All nationalities","10","PPSN - Available","-","All genders","60","Pharmacy","Number",""
"HGO07C01","Number of Graduates","2018","2018","-","All nationalities","10","PPSN - Available","-","All genders","504","Physiotherapy","Number","159"
"HGO07C01","Number of Graduates","2018","2018","-","All nationalities","10","PPSN - Available","-","All genders","402","Radiography and Radiation Therapy","Number","63"
"HGO07C01","Number of Graduates","2018","2018","-","All nationalities","10","PPSN - Available","-","All genders","702","Social Care","Number","996"
"HGO07C01","Number of Graduates","2018","2018","-","All nationalities","10","PPSN - Available","-","All genders","701","Social Work","Number","186"
"HGO07C01","Number of Graduates","2018","2018","-","All nationalities","10","PPSN - Available","-","All genders","10","Speech and Language Therapy","Number","105"
"HGO07C01","Number of Graduates","2018","2018","-","All nationalities","10","PPSN - Available","-","All genders","V52","Dietetics, Optometry and Podiatry","Number","78"
"HGO07C01","Number of Graduates","2018","2018","-","All nationalities","20","PPSN - Missing","10","Male","201","Dentistry","Number","6"
"HGO07C01","Number of Graduates","2018","2018","-","All nationalities","20","PPSN - Missing","10","Male","401","Medical Science","Number",""
"HGO07C01","Number of Graduates","2018","2018","-","All nationalities","20","PPSN - Missing","10","Male","202","Medicine","Number","258"
"HGO07C01","Number of Graduates","2018","2018","-","All nationalities","20","PPSN - Missing","10","Male","30","Nursing and Midwifery","Number","3"
"HGO07C01","Number of Graduates","2018","2018","-","All nationalities","20","PPSN - Missing","10","Male","501","Occupational Therapy","Number","6"
"HGO07C01","Number of Graduates","2018","2018","-","All nationalities","20","PPSN - Missing","10","Male","60","Pharmacy","Number",""
"HGO07C01","Number of Graduates","2018","2018","-","All nationalities","20","PPSN - Missing","10","Male","504","Physiotherapy","Number","33"
"HGO07C01","Number of Graduates","2018","2018","-","All nationalities","20","PPSN - Missing","10","Male","402","Radiography and Radiation Therapy","Number","3"
"HGO07C01","Number of Graduates","2018","2018","-","All nationalities","20","PPSN - Missing","10","Male","702","Social Care","Number","3"
"HGO07C01","Number of Graduates","2018","2018","-","All nationalities","20","PPSN - Missing","10","Male","701","Social Work","Number",""
"HGO07C01","Number of Graduates","2018","2018","-","All nationalities","20","PPSN - Missing","10","Male","10","Speech and Language Therapy","Number",""
"HGO07C01","Number of Graduates","2018","2018","-","All nationalities","20","PPSN - Missing","10","Male","V52","Dietetics, Optometry and Podiatry","Number",""
"HGO07C01","Number of Graduates","2018","2018","-","All nationalities","20","PPSN - Missing","20","Female","201","Dentistry","Number","15"
"HGO07C01","Number of Graduates","2018","2018","-","All nationalities","20","PPSN - Missing","20","Female","401","Medical Science","Number",""
"HGO07C01","Number of Graduates","2018","2018","-","All nationalities","20","PPSN - Missing","20","Female","202","Medicine","Number","282"
"HGO07C01","Number of Graduates","2018","2018","-","All nationalities","20","PPSN - Missing","20","Female","30","Nursing and Midwifery","Number","27"
"HGO07C01","Number of Graduates","2018","2018","-","All nationalities","20","PPSN - Missing","20","Female","501","Occupational Therapy","Number","39"
"HGO07C01","Number of Graduates","2018","2018","-","All nationalities","20","PPSN - Missing","20","Female","60","Pharmacy","Number",""
"HGO07C01","Number of Graduates","2018","2018","-","All nationalities","20","PPSN - Missing","20","Female","504","Physiotherapy","Number","66"
"HGO07C01","Number of Graduates","2018","2018","-","All nationalities","20","PPSN - Missing","20","Female","402","Radiography and Radiation Therapy","Number","6"
"HGO07C01","Number of Graduates","2018","2018","-","All nationalities","20","PPSN - Missing","20","Female","702","Social Care","Number","12"
"HGO07C01","Number of Graduates","2018","2018","-","All nationalities","20","PPSN - Missing","20","Female","701","Social Work","Number","6"
"HGO07C01","Number of Graduates","2018","2018","-","All nationalities","20","PPSN - Missing","20","Female","10","Speech and Language Therapy","Number","3"
"HGO07C01","Number of Graduates","2018","2018","-","All nationalities","20","PPSN - Missing","20","Female","V52","Dietetics, Optometry and Podiatry","Number","6"
"HGO07C01","Number of Graduates","2018","2018","-","All nationalities","20","PPSN - Missing","-","All genders","201","Dentistry","Number","21"
"HGO07C01","Number of Graduates","2018","2018","-","All nationalities","20","PPSN - Missing","-","All genders","401","Medical Science","Number",""
"HGO07C01","Number of Graduates","2018","2018","-","All nationalities","20","PPSN - Missing","-","All genders","202","Medicine","Number","540"
"HGO07C01","Number of Graduates","2018","2018","-","All nationalities","20","PPSN - Missing","-","All genders","30","Nursing and Midwifery","Number","27"
"HGO07C01","Number of Graduates","2018","2018","-","All nationalities","20","PPSN - Missing","-","All genders","501","Occupational Therapy","Number","45"
"HGO07C01","Number of Graduates","2018","2018","-","All nationalities","20","PPSN - Missing","-","All genders","60","Pharmacy","Number",""
"HGO07C01","Number of Graduates","2018","2018","-","All nationalities","20","PPSN - Missing","-","All genders","504","Physiotherapy","Number","99"
"HGO07C01","Number of Graduates","2018","2018","-","All nationalities","20","PPSN - Missing","-","All genders","402","Radiography and Radiation Therapy","Number","9"
"HGO07C01","Number of Graduates","2018","2018","-","All nationalities","20","PPSN - Missing","-","All genders","702","Social Care","Number","15"
"HGO07C01","Number of Graduates","2018","2018","-","All nationalities","20","PPSN - Missing","-","All genders","701","Social Work","Number","6"
"HGO07C01","Number of Graduates","2018","2018","-","All nationalities","20","PPSN - Missing","-","All genders","10","Speech and Language Therapy","Number","3"
"HGO07C01","Number of Graduates","2018","2018","-","All nationalities","20","PPSN - Missing","-","All genders","V52","Dietetics, Optometry and Podiatry","Number","6"
"HGO07C01","Number of Graduates","2018","2018","-","All nationalities","-","PPSN - All","10","Male","201","Dentistry","Number","27"
"HGO07C01","Number of Graduates","2018","2018","-","All nationalities","-","PPSN - All","10","Male","401","Medical Science","Number","21"
"HGO07C01","Number of Graduates","2018","2018","-","All nationalities","-","PPSN - All","10","Male","202","Medicine","Number","597"
"HGO07C01","Number of Graduates","2018","2018","-","All nationalities","-","PPSN - All","10","Male","30","Nursing and Midwifery","Number","108"
"HGO07C01","Number of Graduates","2018","2018","-","All nationalities","-","PPSN - All","10","Male","501","Occupational Therapy","Number","15"
"HGO07C01","Number of Graduates","2018","2018","-","All nationalities","-","PPSN - All","10","Male","60","Pharmacy","Number",""
"HGO07C01","Number of Graduates","2018","2018","-","All nationalities","-","PPSN - All","10","Male","504","Physiotherapy","Number","78"
"HGO07C01","Number of Graduates","2018","2018","-","All nationalities","-","PPSN - All","10","Male","402","Radiography and Radiation Therapy","Number","15"
"HGO07C01","Number of Graduates","2018","2018","-","All nationalities","-","PPSN - All","10","Male","702","Social Care","Number","177"
"HGO07C01","Number of Graduates","2018","2018","-","All nationalities","-","PPSN - All","10","Male","701","Social Work","Number","27"
"HGO07C01","Number of Graduates","2018","2018","-","All nationalities","-","PPSN - All","10","Male","10","Speech and Language Therapy","Number","6"
"HGO07C01","Number of Graduates","2018","2018","-","All nationalities","-","PPSN - All","10","Male","V52","Dietetics, Optometry and Podiatry","Number","9"
"HGO07C01","Number of Graduates","2018","2018","-","All nationalities","-","PPSN - All","20","Female","201","Dentistry","Number","48"
"HGO07C01","Number of Graduates","2018","2018","-","All nationalities","-","PPSN - All","20","Female","401","Medical Science","Number","66"
"HGO07C01","Number of Graduates","2018","2018","-","All nationalities","-","PPSN - All","20","Female","202","Medicine","Number","657"
"HGO07C01","Number of Graduates","2018","2018","-","All nationalities","-","PPSN - All","20","Female","30","Nursing and Midwifery","Number","1248"
"HGO07C01","Number of Graduates","2018","2018","-","All nationalities","-","PPSN - All","20","Female","501","Occupational Therapy","Number","159"
"HGO07C01","Number of Graduates","2018","2018","-","All nationalities","-","PPSN - All","20","Female","60","Pharmacy","Number",""
"HGO07C01","Number of Graduates","2018","2018","-","All nationalities","-","PPSN - All","20","Female","504","Physiotherapy","Number","180"
"HGO07C01","Number of Graduates","2018","2018","-","All nationalities","-","PPSN - All","20","Female","402","Radiography and Radiation Therapy","Number","57"
"HGO07C01","Number of Graduates","2018","2018","-","All nationalities","-","PPSN - All","20","Female","702","Social Care","Number","834"
"HGO07C01","Number of Graduates","2018","2018","-","All nationalities","-","PPSN - All","20","Female","701","Social Work","Number","165"
"HGO07C01","Number of Graduates","2018","2018","-","All nationalities","-","PPSN - All","20","Female","10","Speech and Language Therapy","Number","102"
"HGO07C01","Number of Graduates","2018","2018","-","All nationalities","-","PPSN - All","20","Female","V52","Dietetics, Optometry and Podiatry","Number","78"
"HGO07C01","Number of Graduates","2018","2018","-","All nationalities","-","PPSN - All","-","All genders","201","Dentistry","Number","75"
"HGO07C01","Number of Graduates","2018","2018","-","All nationalities","-","PPSN - All","-","All genders","401","Medical Science","Number","87"
"HGO07C01","Number of Graduates","2018","2018","-","All nationalities","-","PPSN - All","-","All genders","202","Medicine","Number","1251"
"HGO07C01","Number of Graduates","2018","2018","-","All nationalities","-","PPSN - All","-","All genders","30","Nursing and Midwifery","Number","1353"
"HGO07C01","Number of Graduates","2018","2018","-","All nationalities","-","PPSN - All","-","All genders","501","Occupational Therapy","Number","174"
"HGO07C01","Number of Graduates","2018","2018","-","All nationalities","-","PPSN - All","-","All genders","60","Pharmacy","Number",""
"HGO07C01","Number of Graduates","2018","2018","-","All nationalities","-","PPSN - All","-","All genders","504","Physiotherapy","Number","258"
"HGO07C01","Number of Graduates","2018","2018","-","All nationalities","-","PPSN - All","-","All genders","402","Radiography and Radiation Therapy","Number","72"
"HGO07C01","Number of Graduates","2018","2018","-","All nationalities","-","PPSN - All","-","All genders","702","Social Care","Number","1011"
"HGO07C01","Number of Graduates","2018","2018","-","All nationalities","-","PPSN - All","-","All genders","701","Social Work","Number","192"
"HGO07C01","Number of Graduates","2018","2018","-","All nationalities","-","PPSN - All","-","All genders","10","Speech and Language Therapy","Number","108"
"HGO07C01","Number of Graduates","2018","2018","-","All nationalities","-","PPSN - All","-","All genders","V52","Dietetics, Optometry and Podiatry","Number","87"
"HGO07C01","Number of Graduates","2019","2019","IE","All Irish","10","PPSN - Available","10","Male","201","Dentistry","Number","15"
"HGO07C01","Number of Graduates","2019","2019","IE","All Irish","10","PPSN - Available","10","Male","401","Medical Science","Number","21"
"HGO07C01","Number of Graduates","2019","2019","IE","All Irish","10","PPSN - Available","10","Male","202","Medicine","Number","237"
"HGO07C01","Number of Graduates","2019","2019","IE","All Irish","10","PPSN - Available","10","Male","30","Nursing and Midwifery","Number","111"
"HGO07C01","Number of Graduates","2019","2019","IE","All Irish","10","PPSN - Available","10","Male","501","Occupational Therapy","Number","6"
"HGO07C01","Number of Graduates","2019","2019","IE","All Irish","10","PPSN - Available","10","Male","60","Pharmacy","Number",""
"HGO07C01","Number of Graduates","2019","2019","IE","All Irish","10","PPSN - Available","10","Male","504","Physiotherapy","Number","66"
"HGO07C01","Number of Graduates","2019","2019","IE","All Irish","10","PPSN - Available","10","Male","402","Radiography and Radiation Therapy","Number","9"
"HGO07C01","Number of Graduates","2019","2019","IE","All Irish","10","PPSN - Available","10","Male","702","Social Care","Number","189"
"HGO07C01","Number of Graduates","2019","2019","IE","All Irish","10","PPSN - Available","10","Male","701","Social Work","Number","36"
"HGO07C01","Number of Graduates","2019","2019","IE","All Irish","10","PPSN - Available","10","Male","10","Speech and Language Therapy","Number","3"
"HGO07C01","Number of Graduates","2019","2019","IE","All Irish","10","PPSN - Available","10","Male","V52","Dietetics, Optometry and Podiatry","Number","12"
"HGO07C01","Number of Graduates","2019","2019","IE","All Irish","10","PPSN - Available","20","Female","201","Dentistry","Number","36"
"HGO07C01","Number of Graduates","2019","2019","IE","All Irish","10","PPSN - Available","20","Female","401","Medical Science","Number","63"
"HGO07C01","Number of Graduates","2019","2019","IE","All Irish","10","PPSN - Available","20","Female","202","Medicine","Number","339"
"HGO07C01","Number of Graduates","2019","2019","IE","All Irish","10","PPSN - Available","20","Female","30","Nursing and Midwifery","Number","1212"
"HGO07C01","Number of Graduates","2019","2019","IE","All Irish","10","PPSN - Available","20","Female","501","Occupational Therapy","Number","108"
"HGO07C01","Number of Graduates","2019","2019","IE","All Irish","10","PPSN - Available","20","Female","60","Pharmacy","Number",""
"HGO07C01","Number of Graduates","2019","2019","IE","All Irish","10","PPSN - Available","20","Female","504","Physiotherapy","Number","99"
"HGO07C01","Number of Graduates","2019","2019","IE","All Irish","10","PPSN - Available","20","Female","402","Radiography and Radiation Therapy","Number","48"
"HGO07C01","Number of Graduates","2019","2019","IE","All Irish","10","PPSN - Available","20","Female","702","Social Care","Number","828"
"HGO07C01","Number of Graduates","2019","2019","IE","All Irish","10","PPSN - Available","20","Female","701","Social Work","Number","135"
"HGO07C01","Number of Graduates","2019","2019","IE","All Irish","10","PPSN - Available","20","Female","10","Speech and Language Therapy","Number","93"
"HGO07C01","Number of Graduates","2019","2019","IE","All Irish","10","PPSN - Available","20","Female","V52","Dietetics, Optometry and Podiatry","Number","69"
"HGO07C01","Number of Graduates","2019","2019","IE","All Irish","10","PPSN - Available","-","All genders","201","Dentistry","Number","51"
"HGO07C01","Number of Graduates","2019","2019","IE","All Irish","10","PPSN - Available","-","All genders","401","Medical Science","Number","84"
"HGO07C01","Number of Graduates","2019","2019","IE","All Irish","10","PPSN - Available","-","All genders","202","Medicine","Number","576"
"HGO07C01","Number of Graduates","2019","2019","IE","All Irish","10","PPSN - Available","-","All genders","30","Nursing and Midwifery","Number","1320"
"HGO07C01","Number of Graduates","2019","2019","IE","All Irish","10","PPSN - Available","-","All genders","501","Occupational Therapy","Number","114"
"HGO07C01","Number of Graduates","2019","2019","IE","All Irish","10","PPSN - Available","-","All genders","60","Pharmacy","Number",""
"HGO07C01","Number of Graduates","2019","2019","IE","All Irish","10","PPSN - Available","-","All genders","504","Physiotherapy","Number","165"
"HGO07C01","Number of Graduates","2019","2019","IE","All Irish","10","PPSN - Available","-","All genders","402","Radiography and Radiation Therapy","Number","60"
"HGO07C01","Number of Graduates","2019","2019","IE","All Irish","10","PPSN - Available","-","All genders","702","Social Care","Number","1017"
"HGO07C01","Number of Graduates","2019","2019","IE","All Irish","10","PPSN - Available","-","All genders","701","Social Work","Number","171"
"HGO07C01","Number of Graduates","2019","2019","IE","All Irish","10","PPSN - Available","-","All genders","10","Speech and Language Therapy","Number","96"
"HGO07C01","Number of Graduates","2019","2019","IE","All Irish","10","PPSN - Available","-","All genders","V52","Dietetics, Optometry and Podiatry","Number","84"
"HGO07C01","Number of Graduates","2019","2019","IE","All Irish","20","PPSN - Missing","10","Male","201","Dentistry","Number",""
"HGO07C01","Number of Graduates","2019","2019","IE","All Irish","20","PPSN - Missing","10","Male","401","Medical Science","Number",""
"HGO07C01","Number of Graduates","2019","2019","IE","All Irish","20","PPSN - Missing","10","Male","202","Medicine","Number","12"
"HGO07C01","Number of Graduates","2019","2019","IE","All Irish","20","PPSN - Missing","10","Male","30","Nursing and Midwifery","Number","3"
"HGO07C01","Number of Graduates","2019","2019","IE","All Irish","20","PPSN - Missing","10","Male","501","Occupational Therapy","Number",""
"HGO07C01","Number of Graduates","2019","2019","IE","All Irish","20","PPSN - Missing","10","Male","60","Pharmacy","Number",""
"HGO07C01","Number of Graduates","2019","2019","IE","All Irish","20","PPSN - Missing","10","Male","504","Physiotherapy","Number","3"
"HGO07C01","Number of Graduates","2019","2019","IE","All Irish","20","PPSN - Missing","10","Male","402","Radiography and Radiation Therapy","Number",""
"HGO07C01","Number of Graduates","2019","2019","IE","All Irish","20","PPSN - Missing","10","Male","702","Social Care","Number","3"
"HGO07C01","Number of Graduates","2019","2019","IE","All Irish","20","PPSN - Missing","10","Male","701","Social Work","Number",""
"HGO07C01","Number of Graduates","2019","2019","IE","All Irish","20","PPSN - Missing","10","Male","10","Speech and Language Therapy","Number",""
"HGO07C01","Number of Graduates","2019","2019","IE","All Irish","20","PPSN - Missing","10","Male","V52","Dietetics, Optometry and Podiatry","Number",""
"HGO07C01","Number of Graduates","2019","2019","IE","All Irish","20","PPSN - Missing","20","Female","201","Dentistry","Number",""
"HGO07C01","Number of Graduates","2019","2019","IE","All Irish","20","PPSN - Missing","20","Female","401","Medical Science","Number",""
"HGO07C01","Number of Graduates","2019","2019","IE","All Irish","20","PPSN - Missing","20","Female","202","Medicine","Number","6"
"HGO07C01","Number of Graduates","2019","2019","IE","All Irish","20","PPSN - Missing","20","Female","30","Nursing and Midwifery","Number","18"
"HGO07C01","Number of Graduates","2019","2019","IE","All Irish","20","PPSN - Missing","20","Female","501","Occupational Therapy","Number","3"
"HGO07C01","Number of Graduates","2019","2019","IE","All Irish","20","PPSN - Missing","20","Female","60","Pharmacy","Number",""
"HGO07C01","Number of Graduates","2019","2019","IE","All Irish","20","PPSN - Missing","20","Female","504","Physiotherapy","Number","3"
"HGO07C01","Number of Graduates","2019","2019","IE","All Irish","20","PPSN - Missing","20","Female","402","Radiography and Radiation Therapy","Number",""
"HGO07C01","Number of Graduates","2019","2019","IE","All Irish","20","PPSN - Missing","20","Female","702","Social Care","Number","6"
"HGO07C01","Number of Graduates","2019","2019","IE","All Irish","20","PPSN - Missing","20","Female","701","Social Work","Number","3"
"HGO07C01","Number of Graduates","2019","2019","IE","All Irish","20","PPSN - Missing","20","Female","10","Speech and Language Therapy","Number",""
"HGO07C01","Number of Graduates","2019","2019","IE","All Irish","20","PPSN - Missing","20","Female","V52","Dietetics, Optometry and Podiatry","Number",""
"HGO07C01","Number of Graduates","2019","2019","IE","All Irish","20","PPSN - Missing","-","All genders","201","Dentistry","Number",""
"HGO07C01","Number of Graduates","2019","2019","IE","All Irish","20","PPSN - Missing","-","All genders","401","Medical Science","Number",""
"HGO07C01","Number of Graduates","2019","2019","IE","All Irish","20","PPSN - Missing","-","All genders","202","Medicine","Number","18"
"HGO07C01","Number of Graduates","2019","2019","IE","All Irish","20","PPSN - Missing","-","All genders","30","Nursing and Midwifery","Number","21"
"HGO07C01","Number of Graduates","2019","2019","IE","All Irish","20","PPSN - Missing","-","All genders","501","Occupational Therapy","Number","3"
"HGO07C01","Number of Graduates","2019","2019","IE","All Irish","20","PPSN - Missing","-","All genders","60","Pharmacy","Number",""
"HGO07C01","Number of Graduates","2019","2019","IE","All Irish","20","PPSN - Missing","-","All genders","504","Physiotherapy","Number","3"
"HGO07C01","Number of Graduates","2019","2019","IE","All Irish","20","PPSN - Missing","-","All genders","402","Radiography and Radiation Therapy","Number",""
"HGO07C01","Number of Graduates","2019","2019","IE","All Irish","20","PPSN - Missing","-","All genders","702","Social Care","Number","9"
"HGO07C01","Number of Graduates","2019","2019","IE","All Irish","20","PPSN - Missing","-","All genders","701","Social Work","Number","3"
"HGO07C01","Number of Graduates","2019","2019","IE","All Irish","20","PPSN - Missing","-","All genders","10","Speech and Language Therapy","Number",""
"HGO07C01","Number of Graduates","2019","2019","IE","All Irish","20","PPSN - Missing","-","All genders","V52","Dietetics, Optometry and Podiatry","Number",""
"HGO07C01","Number of Graduates","2019","2019","IE","All Irish","-","PPSN - All","10","Male","201","Dentistry","Number","15"
"HGO07C01","Number of Graduates","2019","2019","IE","All Irish","-","PPSN - All","10","Male","401","Medical Science","Number","21"
"HGO07C01","Number of Graduates","2019","2019","IE","All Irish","-","PPSN - All","10","Male","202","Medicine","Number","249"
"HGO07C01","Number of Graduates","2019","2019","IE","All Irish","-","PPSN - All","10","Male","30","Nursing and Midwifery","Number","111"
"HGO07C01","Number of Graduates","2019","2019","IE","All Irish","-","PPSN - All","10","Male","501","Occupational Therapy","Number","6"
"HGO07C01","Number of Graduates","2019","2019","IE","All Irish","-","PPSN - All","10","Male","60","Pharmacy","Number",""
"HGO07C01","Number of Graduates","2019","2019","IE","All Irish","-","PPSN - All","10","Male","504","Physiotherapy","Number","69"
"HGO07C01","Number of Graduates","2019","2019","IE","All Irish","-","PPSN - All","10","Male","402","Radiography and Radiation Therapy","Number","9"
"HGO07C01","Number of Graduates","2019","2019","IE","All Irish","-","PPSN - All","10","Male","702","Social Care","Number","192"
"HGO07C01","Number of Graduates","2019","2019","IE","All Irish","-","PPSN - All","10","Male","701","Social Work","Number","36"
"HGO07C01","Number of Graduates","2019","2019","IE","All Irish","-","PPSN - All","10","Male","10","Speech and Language Therapy","Number","3"
"HGO07C01","Number of Graduates","2019","2019","IE","All Irish","-","PPSN - All","10","Male","V52","Dietetics, Optometry and Podiatry","Number","12"
"HGO07C01","Number of Graduates","2019","2019","IE","All Irish","-","PPSN - All","20","Female","201","Dentistry","Number","36"
"HGO07C01","Number of Graduates","2019","2019","IE","All Irish","-","PPSN - All","20","Female","401","Medical Science","Number","63"
"HGO07C01","Number of Graduates","2019","2019","IE","All Irish","-","PPSN - All","20","Female","202","Medicine","Number","345"
"HGO07C01","Number of Graduates","2019","2019","IE","All Irish","-","PPSN - All","20","Female","30","Nursing and Midwifery","Number","1230"
"HGO07C01","Number of Graduates","2019","2019","IE","All Irish","-","PPSN - All","20","Female","501","Occupational Therapy","Number","111"
"HGO07C01","Number of Graduates","2019","2019","IE","All Irish","-","PPSN - All","20","Female","60","Pharmacy","Number",""
"HGO07C01","Number of Graduates","2019","2019","IE","All Irish","-","PPSN - All","20","Female","504","Physiotherapy","Number","102"
"HGO07C01","Number of Graduates","2019","2019","IE","All Irish","-","PPSN - All","20","Female","402","Radiography and Radiation Therapy","Number","48"
"HGO07C01","Number of Graduates","2019","2019","IE","All Irish","-","PPSN - All","20","Female","702","Social Care","Number","834"
"HGO07C01","Number of Graduates","2019","2019","IE","All Irish","-","PPSN - All","20","Female","701","Social Work","Number","138"
"HGO07C01","Number of Graduates","2019","2019","IE","All Irish","-","PPSN - All","20","Female","10","Speech and Language Therapy","Number","93"
"HGO07C01","Number of Graduates","2019","2019","IE","All Irish","-","PPSN - All","20","Female","V52","Dietetics, Optometry and Podiatry","Number","72"
"HGO07C01","Number of Graduates","2019","2019","IE","All Irish","-","PPSN - All","-","All genders","201","Dentistry","Number","51"
"HGO07C01","Number of Graduates","2019","2019","IE","All Irish","-","PPSN - All","-","All genders","401","Medical Science","Number","84"
"HGO07C01","Number of Graduates","2019","2019","IE","All Irish","-","PPSN - All","-","All genders","202","Medicine","Number","594"
"HGO07C01","Number of Graduates","2019","2019","IE","All Irish","-","PPSN - All","-","All genders","30","Nursing and Midwifery","Number","1341"
"HGO07C01","Number of Graduates","2019","2019","IE","All Irish","-","PPSN - All","-","All genders","501","Occupational Therapy","Number","117"
"HGO07C01","Number of Graduates","2019","2019","IE","All Irish","-","PPSN - All","-","All genders","60","Pharmacy","Number",""
"HGO07C01","Number of Graduates","2019","2019","IE","All Irish","-","PPSN - All","-","All genders","504","Physiotherapy","Number","168"
"HGO07C01","Number of Graduates","2019","2019","IE","All Irish","-","PPSN - All","-","All genders","402","Radiography and Radiation Therapy","Number","60"
"HGO07C01","Number of Graduates","2019","2019","IE","All Irish","-","PPSN - All","-","All genders","702","Social Care","Number","1026"
"HGO07C01","Number of Graduates","2019","2019","IE","All Irish","-","PPSN - All","-","All genders","701","Social Work","Number","177"
"HGO07C01","Number of Graduates","2019","2019","IE","All Irish","-","PPSN - All","-","All genders","10","Speech and Language Therapy","Number","96"
"HGO07C01","Number of Graduates","2019","2019","IE","All Irish","-","PPSN - All","-","All genders","V52","Dietetics, Optometry and Podiatry","Number","84"
"HGO07C01","Number of Graduates","2019","2019","IE05","Non-Irish","10","PPSN - Available","10","Male","201","Dentistry","Number","3"
"HGO07C01","Number of Graduates","2019","2019","IE05","Non-Irish","10","PPSN - Available","10","Male","401","Medical Science","Number",""
"HGO07C01","Number of Graduates","2019","2019","IE05","Non-Irish","10","PPSN - Available","10","Male","202","Medicine","Number","36"
"HGO07C01","Number of Graduates","2019","2019","IE05","Non-Irish","10","PPSN - Available","10","Male","30","Nursing and Midwifery","Number","6"
"HGO07C01","Number of Graduates","2019","2019","IE05","Non-Irish","10","PPSN - Available","10","Male","501","Occupational Therapy","Number",""
"HGO07C01","Number of Graduates","2019","2019","IE05","Non-Irish","10","PPSN - Available","10","Male","60","Pharmacy","Number",""
"HGO07C01","Number of Graduates","2019","2019","IE05","Non-Irish","10","PPSN - Available","10","Male","504","Physiotherapy","Number",""
"HGO07C01","Number of Graduates","2019","2019","IE05","Non-Irish","10","PPSN - Available","10","Male","402","Radiography and Radiation Therapy","Number",""
"HGO07C01","Number of Graduates","2019","2019","IE05","Non-Irish","10","PPSN - Available","10","Male","702","Social Care","Number","12"
"HGO07C01","Number of Graduates","2019","2019","IE05","Non-Irish","10","PPSN - Available","10","Male","701","Social Work","Number",""
"HGO07C01","Number of Graduates","2019","2019","IE05","Non-Irish","10","PPSN - Available","10","Male","10","Speech and Language Therapy","Number",""
"HGO07C01","Number of Graduates","2019","2019","IE05","Non-Irish","10","PPSN - Available","10","Male","V52","Dietetics, Optometry and Podiatry","Number",""
"HGO07C01","Number of Graduates","2019","2019","IE05","Non-Irish","10","PPSN - Available","20","Female","201","Dentistry","Number",""
"HGO07C01","Number of Graduates","2019","2019","IE05","Non-Irish","10","PPSN - Available","20","Female","401","Medical Science","Number","9"
"HGO07C01","Number of Graduates","2019","2019","IE05","Non-Irish","10","PPSN - Available","20","Female","202","Medicine","Number","45"
"HGO07C01","Number of Graduates","2019","2019","IE05","Non-Irish","10","PPSN - Available","20","Female","30","Nursing and Midwifery","Number","45"
"HGO07C01","Number of Graduates","2019","2019","IE05","Non-Irish","10","PPSN - Available","20","Female","501","Occupational Therapy","Number",""
"HGO07C01","Number of Graduates","2019","2019","IE05","Non-Irish","10","PPSN - Available","20","Female","60","Pharmacy","Number",""
"HGO07C01","Number of Graduates","2019","2019","IE05","Non-Irish","10","PPSN - Available","20","Female","504","Physiotherapy","Number","3"
"HGO07C01","Number of Graduates","2019","2019","IE05","Non-Irish","10","PPSN - Available","20","Female","402","Radiography and Radiation Therapy","Number",""
"HGO07C01","Number of Graduates","2019","2019","IE05","Non-Irish","10","PPSN - Available","20","Female","702","Social Care","Number","60"
"HGO07C01","Number of Graduates","2019","2019","IE05","Non-Irish","10","PPSN - Available","20","Female","701","Social Work","Number","9"
"HGO07C01","Number of Graduates","2019","2019","IE05","Non-Irish","10","PPSN - Available","20","Female","10","Speech and Language Therapy","Number",""
"HGO07C01","Number of Graduates","2019","2019","IE05","Non-Irish","10","PPSN - Available","20","Female","V52","Dietetics, Optometry and Podiatry","Number","3"
"HGO07C01","Number of Graduates","2019","2019","IE05","Non-Irish","10","PPSN - Available","-","All genders","201","Dentistry","Number","3"
"HGO07C01","Number of Graduates","2019","2019","IE05","Non-Irish","10","PPSN - Available","-","All genders","401","Medical Science","Number","9"
"HGO07C01","Number of Graduates","2019","2019","IE05","Non-Irish","10","PPSN - Available","-","All genders","202","Medicine","Number","81"
"HGO07C01","Number of Graduates","2019","2019","IE05","Non-Irish","10","PPSN - Available","-","All genders","30","Nursing and Midwifery","Number","51"
"HGO07C01","Number of Graduates","2019","2019","IE05","Non-Irish","10","PPSN - Available","-","All genders","501","Occupational Therapy","Number",""
"HGO07C01","Number of Graduates","2019","2019","IE05","Non-Irish","10","PPSN - Available","-","All genders","60","Pharmacy","Number",""
"HGO07C01","Number of Graduates","2019","2019","IE05","Non-Irish","10","PPSN - Available","-","All genders","504","Physiotherapy","Number","3"
"HGO07C01","Number of Graduates","2019","2019","IE05","Non-Irish","10","PPSN - Available","-","All genders","402","Radiography and Radiation Therapy","Number",""
"HGO07C01","Number of Graduates","2019","2019","IE05","Non-Irish","10","PPSN - Available","-","All genders","702","Social Care","Number","72"
"HGO07C01","Number of Graduates","2019","2019","IE05","Non-Irish","10","PPSN - Available","-","All genders","701","Social Work","Number","9"
"HGO07C01","Number of Graduates","2019","2019","IE05","Non-Irish","10","PPSN - Available","-","All genders","10","Speech and Language Therapy","Number",""
"HGO07C01","Number of Graduates","2019","2019","IE05","Non-Irish","10","PPSN - Available","-","All genders","V52","Dietetics, Optometry and Podiatry","Number","3"
"HGO07C01","Number of Graduates","2019","2019","IE05","Non-Irish","20","PPSN - Missing","10","Male","201","Dentistry","Number","15"
"HGO07C01","Number of Graduates","2019","2019","IE05","Non-Irish","20","PPSN - Missing","10","Male","401","Medical Science","Number",""
"HGO07C01","Number of Graduates","2019","2019","IE05","Non-Irish","20","PPSN - Missing","10","Male","202","Medicine","Number","231"
"HGO07C01","Number of Graduates","2019","2019","IE05","Non-Irish","20","PPSN - Missing","10","Male","30","Nursing and Midwifery","Number","3"
"HGO07C01","Number of Graduates","2019","2019","IE05","Non-Irish","20","PPSN - Missing","10","Male","501","Occupational Therapy","Number","3"
"HGO07C01","Number of Graduates","2019","2019","IE05","Non-Irish","20","PPSN - Missing","10","Male","60","Pharmacy","Number",""
"HGO07C01","Number of Graduates","2019","2019","IE05","Non-Irish","20","PPSN - Missing","10","Male","504","Physiotherapy","Number","36"
"HGO07C01","Number of Graduates","2019","2019","IE05","Non-Irish","20","PPSN - Missing","10","Male","402","Radiography and Radiation Therapy","Number","3"
"HGO07C01","Number of Graduates","2019","2019","IE05","Non-Irish","20","PPSN - Missing","10","Male","702","Social Care","Number",""
"HGO07C01","Number of Graduates","2019","2019","IE05","Non-Irish","20","PPSN - Missing","10","Male","701","Social Work","Number",""
"HGO07C01","Number of Graduates","2019","2019","IE05","Non-Irish","20","PPSN - Missing","10","Male","10","Speech and Language Therapy","Number",""
"HGO07C01","Number of Graduates","2019","2019","IE05","Non-Irish","20","PPSN - Missing","10","Male","V52","Dietetics, Optometry and Podiatry","Number",""
"HGO07C01","Number of Graduates","2019","2019","IE05","Non-Irish","20","PPSN - Missing","20","Female","201","Dentistry","Number","15"
"HGO07C01","Number of Graduates","2019","2019","IE05","Non-Irish","20","PPSN - Missing","20","Female","401","Medical Science","Number",""
"HGO07C01","Number of Graduates","2019","2019","IE05","Non-Irish","20","PPSN - Missing","20","Female","202","Medicine","Number","315"
"HGO07C01","Number of Graduates","2019","2019","IE05","Non-Irish","20","PPSN - Missing","20","Female","30","Nursing and Midwifery","Number","27"
"HGO07C01","Number of Graduates","2019","2019","IE05","Non-Irish","20","PPSN - Missing","20","Female","501","Occupational Therapy","Number","42"
"HGO07C01","Number of Graduates","2019","2019","IE05","Non-Irish","20","PPSN - Missing","20","Female","60","Pharmacy","Number",""
"HGO07C01","Number of Graduates","2019","2019","IE05","Non-Irish","20","PPSN - Missing","20","Female","504","Physiotherapy","Number","60"
"HGO07C01","Number of Graduates","2019","2019","IE05","Non-Irish","20","PPSN - Missing","20","Female","402","Radiography and Radiation Therapy","Number","6"
"HGO07C01","Number of Graduates","2019","2019","IE05","Non-Irish","20","PPSN - Missing","20","Female","702","Social Care","Number","3"
"HGO07C01","Number of Graduates","2019","2019","IE05","Non-Irish","20","PPSN - Missing","20","Female","701","Social Work","Number","6"
"HGO07C01","Number of Graduates","2019","2019","IE05","Non-Irish","20","PPSN - Missing","20","Female","10","Speech and Language Therapy","Number","6"
"HGO07C01","Number of Graduates","2019","2019","IE05","Non-Irish","20","PPSN - Missing","20","Female","V52","Dietetics, Optometry and Podiatry","Number",""
"HGO07C01","Number of Graduates","2019","2019","IE05","Non-Irish","20","PPSN - Missing","-","All genders","201","Dentistry","Number","30"
"HGO07C01","Number of Graduates","2019","2019","IE05","Non-Irish","20","PPSN - Missing","-","All genders","401","Medical Science","Number",""
"HGO07C01","Number of Graduates","2019","2019","IE05","Non-Irish","20","PPSN - Missing","-","All genders","202","Medicine","Number","549"
"HGO07C01","Number of Graduates","2019","2019","IE05","Non-Irish","20","PPSN - Missing","-","All genders","30","Nursing and Midwifery","Number","30"
"HGO07C01","Number of Graduates","2019","2019","IE05","Non-Irish","20","PPSN - Missing","-","All genders","501","Occupational Therapy","Number","45"
"HGO07C01","Number of Graduates","2019","2019","IE05","Non-Irish","20","PPSN - Missing","-","All genders","60","Pharmacy","Number",""
"HGO07C01","Number of Graduates","2019","2019","IE05","Non-Irish","20","PPSN - Missing","-","All genders","504","Physiotherapy","Number","96"
"HGO07C01","Number of Graduates","2019","2019","IE05","Non-Irish","20","PPSN - Missing","-","All genders","402","Radiography and Radiation Therapy","Number","9"
"HGO07C01","Number of Graduates","2019","2019","IE05","Non-Irish","20","PPSN - Missing","-","All genders","702","Social Care","Number","3"
"HGO07C01","Number of Graduates","2019","2019","IE05","Non-Irish","20","PPSN - Missing","-","All genders","701","Social Work","Number","6"
"HGO07C01","Number of Graduates","2019","2019","IE05","Non-Irish","20","PPSN - Missing","-","All genders","10","Speech and Language Therapy","Number","6"
"HGO07C01","Number of Graduates","2019","2019","IE05","Non-Irish","20","PPSN - Missing","-","All genders","V52","Dietetics, Optometry and Podiatry","Number",""
"HGO07C01","Number of Graduates","2019","2019","IE05","Non-Irish","-","PPSN - All","10","Male","201","Dentistry","Number","15"
"HGO07C01","Number of Graduates","2019","2019","IE05","Non-Irish","-","PPSN - All","10","Male","401","Medical Science","Number",""
"HGO07C01","Number of Graduates","2019","2019","IE05","Non-Irish","-","PPSN - All","10","Male","202","Medicine","Number","267"
"HGO07C01","Number of Graduates","2019","2019","IE05","Non-Irish","-","PPSN - All","10","Male","30","Nursing and Midwifery","Number","9"
"HGO07C01","Number of Graduates","2019","2019","IE05","Non-Irish","-","PPSN - All","10","Male","501","Occupational Therapy","Number","3"
"HGO07C01","Number of Graduates","2019","2019","IE05","Non-Irish","-","PPSN - All","10","Male","60","Pharmacy","Number",""
"HGO07C01","Number of Graduates","2019","2019","IE05","Non-Irish","-","PPSN - All","10","Male","504","Physiotherapy","Number","36"
"HGO07C01","Number of Graduates","2019","2019","IE05","Non-Irish","-","PPSN - All","10","Male","402","Radiography and Radiation Therapy","Number","3"
"HGO07C01","Number of Graduates","2019","2019","IE05","Non-Irish","-","PPSN - All","10","Male","702","Social Care","Number","12"
"HGO07C01","Number of Graduates","2019","2019","IE05","Non-Irish","-","PPSN - All","10","Male","701","Social Work","Number",""
"HGO07C01","Number of Graduates","2019","2019","IE05","Non-Irish","-","PPSN - All","10","Male","10","Speech and Language Therapy","Number",""
"HGO07C01","Number of Graduates","2019","2019","IE05","Non-Irish","-","PPSN - All","10","Male","V52","Dietetics, Optometry and Podiatry","Number",""
"HGO07C01","Number of Graduates","2019","2019","IE05","Non-Irish","-","PPSN - All","20","Female","201","Dentistry","Number","18"
"HGO07C01","Number of Graduates","2019","2019","IE05","Non-Irish","-","PPSN - All","20","Female","401","Medical Science","Number","9"
"HGO07C01","Number of Graduates","2019","2019","IE05","Non-Irish","-","PPSN - All","20","Female","202","Medicine","Number","360"
"HGO07C01","Number of Graduates","2019","2019","IE05","Non-Irish","-","PPSN - All","20","Female","30","Nursing and Midwifery","Number","72"
"HGO07C01","Number of Graduates","2019","2019","IE05","Non-Irish","-","PPSN - All","20","Female","501","Occupational Therapy","Number","42"
"HGO07C01","Number of Graduates","2019","2019","IE05","Non-Irish","-","PPSN - All","20","Female","60","Pharmacy","Number",""
"HGO07C01","Number of Graduates","2019","2019","IE05","Non-Irish","-","PPSN - All","20","Female","504","Physiotherapy","Number","60"
"HGO07C01","Number of Graduates","2019","2019","IE05","Non-Irish","-","PPSN - All","20","Female","402","Radiography and Radiation Therapy","Number","6"
"HGO07C01","Number of Graduates","2019","2019","IE05","Non-Irish","-","PPSN - All","20","Female","702","Social Care","Number","63"
"HGO07C01","Number of Graduates","2019","2019","IE05","Non-Irish","-","PPSN - All","20","Female","701","Social Work","Number","15"
"HGO07C01","Number of Graduates","2019","2019","IE05","Non-Irish","-","PPSN - All","20","Female","10","Speech and Language Therapy","Number","6"
"HGO07C01","Number of Graduates","2019","2019","IE05","Non-Irish","-","PPSN - All","20","Female","V52","Dietetics, Optometry and Podiatry","Number","3"
"HGO07C01","Number of Graduates","2019","2019","IE05","Non-Irish","-","PPSN - All","-","All genders","201","Dentistry","Number","33"
"HGO07C01","Number of Graduates","2019","2019","IE05","Non-Irish","-","PPSN - All","-","All genders","401","Medical Science","Number","9"
"HGO07C01","Number of Graduates","2019","2019","IE05","Non-Irish","-","PPSN - All","-","All genders","202","Medicine","Number","627"
"HGO07C01","Number of Graduates","2019","2019","IE05","Non-Irish","-","PPSN - All","-","All genders","30","Nursing and Midwifery","Number","81"
"HGO07C01","Number of Graduates","2019","2019","IE05","Non-Irish","-","PPSN - All","-","All genders","501","Occupational Therapy","Number","45"
"HGO07C01","Number of Graduates","2019","2019","IE05","Non-Irish","-","PPSN - All","-","All genders","60","Pharmacy","Number",""
"HGO07C01","Number of Graduates","2019","2019","IE05","Non-Irish","-","PPSN - All","-","All genders","504","Physiotherapy","Number","96"
"HGO07C01","Number of Graduates","2019","2019","IE05","Non-Irish","-","PPSN - All","-","All genders","402","Radiography and Radiation Therapy","Number","9"
"HGO07C01","Number of Graduates","2019","2019","IE05","Non-Irish","-","PPSN - All","-","All genders","702","Social Care","Number","75"
"HGO07C01","Number of Graduates","2019","2019","IE05","Non-Irish","-","PPSN - All","-","All genders","701","Social Work","Number","15"
"HGO07C01","Number of Graduates","2019","2019","IE05","Non-Irish","-","PPSN - All","-","All genders","10","Speech and Language Therapy","Number","6"
"HGO07C01","Number of Graduates","2019","2019","IE05","Non-Irish","-","PPSN - All","-","All genders","V52","Dietetics, Optometry and Podiatry","Number","3"
"HGO07C01","Number of Graduates","2019","2019","-","All nationalities","10","PPSN - Available","10","Male","201","Dentistry","Number","18"
"HGO07C01","Number of Graduates","2019","2019","-","All nationalities","10","PPSN - Available","10","Male","401","Medical Science","Number","21"
"HGO07C01","Number of Graduates","2019","2019","-","All nationalities","10","PPSN - Available","10","Male","202","Medicine","Number","273"
"HGO07C01","Number of Graduates","2019","2019","-","All nationalities","10","PPSN - Available","10","Male","30","Nursing and Midwifery","Number","117"
"HGO07C01","Number of Graduates","2019","2019","-","All nationalities","10","PPSN - Available","10","Male","501","Occupational Therapy","Number","6"
"HGO07C01","Number of Graduates","2019","2019","-","All nationalities","10","PPSN - Available","10","Male","60","Pharmacy","Number",""
"HGO07C01","Number of Graduates","2019","2019","-","All nationalities","10","PPSN - Available","10","Male","504","Physiotherapy","Number","66"
"HGO07C01","Number of Graduates","2019","2019","-","All nationalities","10","PPSN - Available","10","Male","402","Radiography and Radiation Therapy","Number","9"
"HGO07C01","Number of Graduates","2019","2019","-","All nationalities","10","PPSN - Available","10","Male","702","Social Care","Number","201"
"HGO07C01","Number of Graduates","2019","2019","-","All nationalities","10","PPSN - Available","10","Male","701","Social Work","Number","36"
"HGO07C01","Number of Graduates","2019","2019","-","All nationalities","10","PPSN - Available","10","Male","10","Speech and Language Therapy","Number","3"
"HGO07C01","Number of Graduates","2019","2019","-","All nationalities","10","PPSN - Available","10","Male","V52","Dietetics, Optometry and Podiatry","Number","12"
"HGO07C01","Number of Graduates","2019","2019","-","All nationalities","10","PPSN - Available","20","Female","201","Dentistry","Number","36"
"HGO07C01","Number of Graduates","2019","2019","-","All nationalities","10","PPSN - Available","20","Female","401","Medical Science","Number","69"
"HGO07C01","Number of Graduates","2019","2019","-","All nationalities","10","PPSN - Available","20","Female","202","Medicine","Number","384"
"HGO07C01","Number of Graduates","2019","2019","-","All nationalities","10","PPSN - Available","20","Female","30","Nursing and Midwifery","Number","1257"
"HGO07C01","Number of Graduates","2019","2019","-","All nationalities","10","PPSN - Available","20","Female","501","Occupational Therapy","Number","108"
"HGO07C01","Number of Graduates","2019","2019","-","All nationalities","10","PPSN - Available","20","Female","60","Pharmacy","Number",""
"HGO07C01","Number of Graduates","2019","2019","-","All nationalities","10","PPSN - Available","20","Female","504","Physiotherapy","Number","102"
"HGO07C01","Number of Graduates","2019","2019","-","All nationalities","10","PPSN - Available","20","Female","402","Radiography and Radiation Therapy","Number","48"
"HGO07C01","Number of Graduates","2019","2019","-","All nationalities","10","PPSN - Available","20","Female","702","Social Care","Number","888"
"HGO07C01","Number of Graduates","2019","2019","-","All nationalities","10","PPSN - Available","20","Female","701","Social Work","Number","144"
"HGO07C01","Number of Graduates","2019","2019","-","All nationalities","10","PPSN - Available","20","Female","10","Speech and Language Therapy","Number","93"
"HGO07C01","Number of Graduates","2019","2019","-","All nationalities","10","PPSN - Available","20","Female","V52","Dietetics, Optometry and Podiatry","Number","72"
"HGO07C01","Number of Graduates","2019","2019","-","All nationalities","10","PPSN - Available","-","All genders","201","Dentistry","Number","54"
"HGO07C01","Number of Graduates","2019","2019","-","All nationalities","10","PPSN - Available","-","All genders","401","Medical Science","Number","90"
"HGO07C01","Number of Graduates","2019","2019","-","All nationalities","10","PPSN - Available","-","All genders","202","Medicine","Number","657"
"HGO07C01","Number of Graduates","2019","2019","-","All nationalities","10","PPSN - Available","-","All genders","30","Nursing and Midwifery","Number","1371"
"HGO07C01","Number of Graduates","2019","2019","-","All nationalities","10","PPSN - Available","-","All genders","501","Occupational Therapy","Number","114"
"HGO07C01","Number of Graduates","2019","2019","-","All nationalities","10","PPSN - Available","-","All genders","60","Pharmacy","Number",""
"HGO07C01","Number of Graduates","2019","2019","-","All nationalities","10","PPSN - Available","-","All genders","504","Physiotherapy","Number","168"
"HGO07C01","Number of Graduates","2019","2019","-","All nationalities","10","PPSN - Available","-","All genders","402","Radiography and Radiation Therapy","Number","60"
"HGO07C01","Number of Graduates","2019","2019","-","All nationalities","10","PPSN - Available","-","All genders","702","Social Care","Number","1089"
"HGO07C01","Number of Graduates","2019","2019","-","All nationalities","10","PPSN - Available","-","All genders","701","Social Work","Number","180"
"HGO07C01","Number of Graduates","2019","2019","-","All nationalities","10","PPSN - Available","-","All genders","10","Speech and Language Therapy","Number","96"
"HGO07C01","Number of Graduates","2019","2019","-","All nationalities","10","PPSN - Available","-","All genders","V52","Dietetics, Optometry and Podiatry","Number","84"
"HGO07C01","Number of Graduates","2019","2019","-","All nationalities","20","PPSN - Missing","10","Male","201","Dentistry","Number","15"
"HGO07C01","Number of Graduates","2019","2019","-","All nationalities","20","PPSN - Missing","10","Male","401","Medical Science","Number",""
"HGO07C01","Number of Graduates","2019","2019","-","All nationalities","20","PPSN - Missing","10","Male","202","Medicine","Number","243"
"HGO07C01","Number of Graduates","2019","2019","-","All nationalities","20","PPSN - Missing","10","Male","30","Nursing and Midwifery","Number","6"
"HGO07C01","Number of Graduates","2019","2019","-","All nationalities","20","PPSN - Missing","10","Male","501","Occupational Therapy","Number","3"
"HGO07C01","Number of Graduates","2019","2019","-","All nationalities","20","PPSN - Missing","10","Male","60","Pharmacy","Number",""
"HGO07C01","Number of Graduates","2019","2019","-","All nationalities","20","PPSN - Missing","10","Male","504","Physiotherapy","Number","39"
"HGO07C01","Number of Graduates","2019","2019","-","All nationalities","20","PPSN - Missing","10","Male","402","Radiography and Radiation Therapy","Number","3"
"HGO07C01","Number of Graduates","2019","2019","-","All nationalities","20","PPSN - Missing","10","Male","702","Social Care","Number","3"
"HGO07C01","Number of Graduates","2019","2019","-","All nationalities","20","PPSN - Missing","10","Male","701","Social Work","Number",""
"HGO07C01","Number of Graduates","2019","2019","-","All nationalities","20","PPSN - Missing","10","Male","10","Speech and Language Therapy","Number",""
"HGO07C01","Number of Graduates","2019","2019","-","All nationalities","20","PPSN - Missing","10","Male","V52","Dietetics, Optometry and Podiatry","Number",""
"HGO07C01","Number of Graduates","2019","2019","-","All nationalities","20","PPSN - Missing","20","Female","201","Dentistry","Number","18"
"HGO07C01","Number of Graduates","2019","2019","-","All nationalities","20","PPSN - Missing","20","Female","401","Medical Science","Number",""
"HGO07C01","Number of Graduates","2019","2019","-","All nationalities","20","PPSN - Missing","20","Female","202","Medicine","Number","324"
"HGO07C01","Number of Graduates","2019","2019","-","All nationalities","20","PPSN - Missing","20","Female","30","Nursing and Midwifery","Number","45"
"HGO07C01","Number of Graduates","2019","2019","-","All nationalities","20","PPSN - Missing","20","Female","501","Occupational Therapy","Number","45"
"HGO07C01","Number of Graduates","2019","2019","-","All nationalities","20","PPSN - Missing","20","Female","60","Pharmacy","Number",""
"HGO07C01","Number of Graduates","2019","2019","-","All nationalities","20","PPSN - Missing","20","Female","504","Physiotherapy","Number","60"
"HGO07C01","Number of Graduates","2019","2019","-","All nationalities","20","PPSN - Missing","20","Female","402","Radiography and Radiation Therapy","Number","6"
"HGO07C01","Number of Graduates","2019","2019","-","All nationalities","20","PPSN - Missing","20","Female","702","Social Care","Number","9"
"HGO07C01","Number of Graduates","2019","2019","-","All nationalities","20","PPSN - Missing","20","Female","701","Social Work","Number","9"
"HGO07C01","Number of Graduates","2019","2019","-","All nationalities","20","PPSN - Missing","20","Female","10","Speech and Language Therapy","Number","6"
"HGO07C01","Number of Graduates","2019","2019","-","All nationalities","20","PPSN - Missing","20","Female","V52","Dietetics, Optometry and Podiatry","Number","3"
"HGO07C01","Number of Graduates","2019","2019","-","All nationalities","20","PPSN - Missing","-","All genders","201","Dentistry","Number","30"
"HGO07C01","Number of Graduates","2019","2019","-","All nationalities","20","PPSN - Missing","-","All genders","401","Medical Science","Number",""
"HGO07C01","Number of Graduates","2019","2019","-","All nationalities","20","PPSN - Missing","-","All genders","202","Medicine","Number","567"
"HGO07C01","Number of Graduates","2019","2019","-","All nationalities","20","PPSN - Missing","-","All genders","30","Nursing and Midwifery","Number","51"
"HGO07C01","Number of Graduates","2019","2019","-","All nationalities","20","PPSN - Missing","-","All genders","501","Occupational Therapy","Number","48"
"HGO07C01","Number of Graduates","2019","2019","-","All nationalities","20","PPSN - Missing","-","All genders","60","Pharmacy","Number",""
"HGO07C01","Number of Graduates","2019","2019","-","All nationalities","20","PPSN - Missing","-","All genders","504","Physiotherapy","Number","99"
"HGO07C01","Number of Graduates","2019","2019","-","All nationalities","20","PPSN - Missing","-","All genders","402","Radiography and Radiation Therapy","Number","9"
"HGO07C01","Number of Graduates","2019","2019","-","All nationalities","20","PPSN - Missing","-","All genders","702","Social Care","Number","12"
"HGO07C01","Number of Graduates","2019","2019","-","All nationalities","20","PPSN - Missing","-","All genders","701","Social Work","Number","9"
"HGO07C01","Number of Graduates","2019","2019","-","All nationalities","20","PPSN - Missing","-","All genders","10","Speech and Language Therapy","Number","6"
"HGO07C01","Number of Graduates","2019","2019","-","All nationalities","20","PPSN - Missing","-","All genders","V52","Dietetics, Optometry and Podiatry","Number","3"
"HGO07C01","Number of Graduates","2019","2019","-","All nationalities","-","PPSN - All","10","Male","201","Dentistry","Number","33"
"HGO07C01","Number of Graduates","2019","2019","-","All nationalities","-","PPSN - All","10","Male","401","Medical Science","Number","21"
"HGO07C01","Number of Graduates","2019","2019","-","All nationalities","-","PPSN - All","10","Male","202","Medicine","Number","516"
"HGO07C01","Number of Graduates","2019","2019","-","All nationalities","-","PPSN - All","10","Male","30","Nursing and Midwifery","Number","120"
"HGO07C01","Number of Graduates","2019","2019","-","All nationalities","-","PPSN - All","10","Male","501","Occupational Therapy","Number","6"
"HGO07C01","Number of Graduates","2019","2019","-","All nationalities","-","PPSN - All","10","Male","60","Pharmacy","Number",""
"HGO07C01","Number of Graduates","2019","2019","-","All nationalities","-","PPSN - All","10","Male","504","Physiotherapy","Number","105"
"HGO07C01","Number of Graduates","2019","2019","-","All nationalities","-","PPSN - All","10","Male","402","Radiography and Radiation Therapy","Number","12"
"HGO07C01","Number of Graduates","2019","2019","-","All nationalities","-","PPSN - All","10","Male","702","Social Care","Number","204"
"HGO07C01","Number of Graduates","2019","2019","-","All nationalities","-","PPSN - All","10","Male","701","Social Work","Number","36"
"HGO07C01","Number of Graduates","2019","2019","-","All nationalities","-","PPSN - All","10","Male","10","Speech and Language Therapy","Number","3"
"HGO07C01","Number of Graduates","2019","2019","-","All nationalities","-","PPSN - All","10","Male","V52","Dietetics, Optometry and Podiatry","Number","12"
"HGO07C01","Number of Graduates","2019","2019","-","All nationalities","-","PPSN - All","20","Female","201","Dentistry","Number","54"
"HGO07C01","Number of Graduates","2019","2019","-","All nationalities","-","PPSN - All","20","Female","401","Medical Science","Number","69"
"HGO07C01","Number of Graduates","2019","2019","-","All nationalities","-","PPSN - All","20","Female","202","Medicine","Number","705"
"HGO07C01","Number of Graduates","2019","2019","-","All nationalities","-","PPSN - All","20","Female","30","Nursing and Midwifery","Number","1302"
"HGO07C01","Number of Graduates","2019","2019","-","All nationalities","-","PPSN - All","20","Female","501","Occupational Therapy","Number","153"
"HGO07C01","Number of Graduates","2019","2019","-","All nationalities","-","PPSN - All","20","Female","60","Pharmacy","Number",""
"HGO07C01","Number of Graduates","2019","2019","-","All nationalities","-","PPSN - All","20","Female","504","Physiotherapy","Number","162"
"HGO07C01","Number of Graduates","2019","2019","-","All nationalities","-","PPSN - All","20","Female","402","Radiography and Radiation Therapy","Number","54"
"HGO07C01","Number of Graduates","2019","2019","-","All nationalities","-","PPSN - All","20","Female","702","Social Care","Number","897"
"HGO07C01","Number of Graduates","2019","2019","-","All nationalities","-","PPSN - All","20","Female","701","Social Work","Number","153"
"HGO07C01","Number of Graduates","2019","2019","-","All nationalities","-","PPSN - All","20","Female","10","Speech and Language Therapy","Number","99"
"HGO07C01","Number of Graduates","2019","2019","-","All nationalities","-","PPSN - All","20","Female","V52","Dietetics, Optometry and Podiatry","Number","75"
"HGO07C01","Number of Graduates","2019","2019","-","All nationalities","-","PPSN - All","-","All genders","201","Dentistry","Number","84"
"HGO07C01","Number of Graduates","2019","2019","-","All nationalities","-","PPSN - All","-","All genders","401","Medical Science","Number","90"
"HGO07C01","Number of Graduates","2019","2019","-","All nationalities","-","PPSN - All","-","All genders","202","Medicine","Number","1224"
"HGO07C01","Number of Graduates","2019","2019","-","All nationalities","-","PPSN - All","-","All genders","30","Nursing and Midwifery","Number","1422"
"HGO07C01","Number of Graduates","2019","2019","-","All nationalities","-","PPSN - All","-","All genders","501","Occupational Therapy","Number","162"
"HGO07C01","Number of Graduates","2019","2019","-","All nationalities","-","PPSN - All","-","All genders","60","Pharmacy","Number",""
"HGO07C01","Number of Graduates","2019","2019","-","All nationalities","-","PPSN - All","-","All genders","504","Physiotherapy","Number","267"
"HGO07C01","Number of Graduates","2019","2019","-","All nationalities","-","PPSN - All","-","All genders","402","Radiography and Radiation Therapy","Number","69"
"HGO07C01","Number of Graduates","2019","2019","-","All nationalities","-","PPSN - All","-","All genders","702","Social Care","Number","1101"
"HGO07C01","Number of Graduates","2019","2019","-","All nationalities","-","PPSN - All","-","All genders","701","Social Work","Number","189"
"HGO07C01","Number of Graduates","2019","2019","-","All nationalities","-","PPSN - All","-","All genders","10","Speech and Language Therapy","Number","102"
"HGO07C01","Number of Graduates","2019","2019","-","All nationalities","-","PPSN - All","-","All genders","V52","Dietetics, Optometry and Podiatry","Number","87"
"HGO07C01","Number of Graduates","2020","2020","IE","All Irish","10","PPSN - Available","10","Male","201","Dentistry","Number","9"
"HGO07C01","Number of Graduates","2020","2020","IE","All Irish","10","PPSN - Available","10","Male","401","Medical Science","Number","12"
"HGO07C01","Number of Graduates","2020","2020","IE","All Irish","10","PPSN - Available","10","Male","202","Medicine","Number","291"
"HGO07C01","Number of Graduates","2020","2020","IE","All Irish","10","PPSN - Available","10","Male","30","Nursing and Midwifery","Number","126"
"HGO07C01","Number of Graduates","2020","2020","IE","All Irish","10","PPSN - Available","10","Male","501","Occupational Therapy","Number","12"
"HGO07C01","Number of Graduates","2020","2020","IE","All Irish","10","PPSN - Available","10","Male","60","Pharmacy","Number","39"
"HGO07C01","Number of Graduates","2020","2020","IE","All Irish","10","PPSN - Available","10","Male","504","Physiotherapy","Number","51"
"HGO07C01","Number of Graduates","2020","2020","IE","All Irish","10","PPSN - Available","10","Male","402","Radiography and Radiation Therapy","Number","12"
"HGO07C01","Number of Graduates","2020","2020","IE","All Irish","10","PPSN - Available","10","Male","702","Social Care","Number","192"
"HGO07C01","Number of Graduates","2020","2020","IE","All Irish","10","PPSN - Available","10","Male","701","Social Work","Number","36"
"HGO07C01","Number of Graduates","2020","2020","IE","All Irish","10","PPSN - Available","10","Male","10","Speech and Language Therapy","Number","6"
"HGO07C01","Number of Graduates","2020","2020","IE","All Irish","10","PPSN - Available","10","Male","V52","Dietetics, Optometry and Podiatry","Number","9"
"HGO07C01","Number of Graduates","2020","2020","IE","All Irish","10","PPSN - Available","20","Female","201","Dentistry","Number","30"
"HGO07C01","Number of Graduates","2020","2020","IE","All Irish","10","PPSN - Available","20","Female","401","Medical Science","Number","69"
"HGO07C01","Number of Graduates","2020","2020","IE","All Irish","10","PPSN - Available","20","Female","202","Medicine","Number","342"
"HGO07C01","Number of Graduates","2020","2020","IE","All Irish","10","PPSN - Available","20","Female","30","Nursing and Midwifery","Number","1290"
"HGO07C01","Number of Graduates","2020","2020","IE","All Irish","10","PPSN - Available","20","Female","501","Occupational Therapy","Number","96"
"HGO07C01","Number of Graduates","2020","2020","IE","All Irish","10","PPSN - Available","20","Female","60","Pharmacy","Number","108"
"HGO07C01","Number of Graduates","2020","2020","IE","All Irish","10","PPSN - Available","20","Female","504","Physiotherapy","Number","117"
"HGO07C01","Number of Graduates","2020","2020","IE","All Irish","10","PPSN - Available","20","Female","402","Radiography and Radiation Therapy","Number","78"
"HGO07C01","Number of Graduates","2020","2020","IE","All Irish","10","PPSN - Available","20","Female","702","Social Care","Number","786"
"HGO07C01","Number of Graduates","2020","2020","IE","All Irish","10","PPSN - Available","20","Female","701","Social Work","Number","129"
"HGO07C01","Number of Graduates","2020","2020","IE","All Irish","10","PPSN - Available","20","Female","10","Speech and Language Therapy","Number","111"
"HGO07C01","Number of Graduates","2020","2020","IE","All Irish","10","PPSN - Available","20","Female","V52","Dietetics, Optometry and Podiatry","Number","87"
"HGO07C01","Number of Graduates","2020","2020","IE","All Irish","10","PPSN - Available","-","All genders","201","Dentistry","Number","42"
"HGO07C01","Number of Graduates","2020","2020","IE","All Irish","10","PPSN - Available","-","All genders","401","Medical Science","Number","78"
"HGO07C01","Number of Graduates","2020","2020","IE","All Irish","10","PPSN - Available","-","All genders","202","Medicine","Number","633"
"HGO07C01","Number of Graduates","2020","2020","IE","All Irish","10","PPSN - Available","-","All genders","30","Nursing and Midwifery","Number","1419"
"HGO07C01","Number of Graduates","2020","2020","IE","All Irish","10","PPSN - Available","-","All genders","501","Occupational Therapy","Number","108"
"HGO07C01","Number of Graduates","2020","2020","IE","All Irish","10","PPSN - Available","-","All genders","60","Pharmacy","Number","147"
"HGO07C01","Number of Graduates","2020","2020","IE","All Irish","10","PPSN - Available","-","All genders","504","Physiotherapy","Number","168"
"HGO07C01","Number of Graduates","2020","2020","IE","All Irish","10","PPSN - Available","-","All genders","402","Radiography and Radiation Therapy","Number","90"
"HGO07C01","Number of Graduates","2020","2020","IE","All Irish","10","PPSN - Available","-","All genders","702","Social Care","Number","978"
"HGO07C01","Number of Graduates","2020","2020","IE","All Irish","10","PPSN - Available","-","All genders","701","Social Work","Number","165"
"HGO07C01","Number of Graduates","2020","2020","IE","All Irish","10","PPSN - Available","-","All genders","10","Speech and Language Therapy","Number","117"
"HGO07C01","Number of Graduates","2020","2020","IE","All Irish","10","PPSN - Available","-","All genders","V52","Dietetics, Optometry and Podiatry","Number","96"
"HGO07C01","Number of Graduates","2020","2020","IE","All Irish","20","PPSN - Missing","10","Male","201","Dentistry","Number",""
"HGO07C01","Number of Graduates","2020","2020","IE","All Irish","20","PPSN - Missing","10","Male","401","Medical Science","Number",""
"HGO07C01","Number of Graduates","2020","2020","IE","All Irish","20","PPSN - Missing","10","Male","202","Medicine","Number","6"
"HGO07C01","Number of Graduates","2020","2020","IE","All Irish","20","PPSN - Missing","10","Male","30","Nursing and Midwifery","Number",""
"HGO07C01","Number of Graduates","2020","2020","IE","All Irish","20","PPSN - Missing","10","Male","501","Occupational Therapy","Number",""
"HGO07C01","Number of Graduates","2020","2020","IE","All Irish","20","PPSN - Missing","10","Male","60","Pharmacy","Number",""
"HGO07C01","Number of Graduates","2020","2020","IE","All Irish","20","PPSN - Missing","10","Male","504","Physiotherapy","Number",""
"HGO07C01","Number of Graduates","2020","2020","IE","All Irish","20","PPSN - Missing","10","Male","402","Radiography and Radiation Therapy","Number",""
"HGO07C01","Number of Graduates","2020","2020","IE","All Irish","20","PPSN - Missing","10","Male","702","Social Care","Number",""
"HGO07C01","Number of Graduates","2020","2020","IE","All Irish","20","PPSN - Missing","10","Male","701","Social Work","Number",""
"HGO07C01","Number of Graduates","2020","2020","IE","All Irish","20","PPSN - Missing","10","Male","10","Speech and Language Therapy","Number",""
"HGO07C01","Number of Graduates","2020","2020","IE","All Irish","20","PPSN - Missing","10","Male","V52","Dietetics, Optometry and Podiatry","Number",""
"HGO07C01","Number of Graduates","2020","2020","IE","All Irish","20","PPSN - Missing","20","Female","201","Dentistry","Number",""
"HGO07C01","Number of Graduates","2020","2020","IE","All Irish","20","PPSN - Missing","20","Female","401","Medical Science","Number",""
"HGO07C01","Number of Graduates","2020","2020","IE","All Irish","20","PPSN - Missing","20","Female","202","Medicine","Number","3"
"HGO07C01","Number of Graduates","2020","2020","IE","All Irish","20","PPSN - Missing","20","Female","30","Nursing and Midwifery","Number","3"
"HGO07C01","Number of Graduates","2020","2020","IE","All Irish","20","PPSN - Missing","20","Female","501","Occupational Therapy","Number",""
"HGO07C01","Number of Graduates","2020","2020","IE","All Irish","20","PPSN - Missing","20","Female","60","Pharmacy","Number",""
"HGO07C01","Number of Graduates","2020","2020","IE","All Irish","20","PPSN - Missing","20","Female","504","Physiotherapy","Number",""
"HGO07C01","Number of Graduates","2020","2020","IE","All Irish","20","PPSN - Missing","20","Female","402","Radiography and Radiation Therapy","Number",""
"HGO07C01","Number of Graduates","2020","2020","IE","All Irish","20","PPSN - Missing","20","Female","702","Social Care","Number",""
"HGO07C01","Number of Graduates","2020","2020","IE","All Irish","20","PPSN - Missing","20","Female","701","Social Work","Number","6"
"HGO07C01","Number of Graduates","2020","2020","IE","All Irish","20","PPSN - Missing","20","Female","10","Speech and Language Therapy","Number",""
"HGO07C01","Number of Graduates","2020","2020","IE","All Irish","20","PPSN - Missing","20","Female","V52","Dietetics, Optometry and Podiatry","Number",""
"HGO07C01","Number of Graduates","2020","2020","IE","All Irish","20","PPSN - Missing","-","All genders","201","Dentistry","Number",""
"HGO07C01","Number of Graduates","2020","2020","IE","All Irish","20","PPSN - Missing","-","All genders","401","Medical Science","Number",""
"HGO07C01","Number of Graduates","2020","2020","IE","All Irish","20","PPSN - Missing","-","All genders","202","Medicine","Number","9"
"HGO07C01","Number of Graduates","2020","2020","IE","All Irish","20","PPSN - Missing","-","All genders","30","Nursing and Midwifery","Number","3"
"HGO07C01","Number of Graduates","2020","2020","IE","All Irish","20","PPSN - Missing","-","All genders","501","Occupational Therapy","Number",""
"HGO07C01","Number of Graduates","2020","2020","IE","All Irish","20","PPSN - Missing","-","All genders","60","Pharmacy","Number",""
"HGO07C01","Number of Graduates","2020","2020","IE","All Irish","20","PPSN - Missing","-","All genders","504","Physiotherapy","Number",""
"HGO07C01","Number of Graduates","2020","2020","IE","All Irish","20","PPSN - Missing","-","All genders","402","Radiography and Radiation Therapy","Number",""
"HGO07C01","Number of Graduates","2020","2020","IE","All Irish","20","PPSN - Missing","-","All genders","702","Social Care","Number",""
"HGO07C01","Number of Graduates","2020","2020","IE","All Irish","20","PPSN - Missing","-","All genders","701","Social Work","Number","6"
"HGO07C01","Number of Graduates","2020","2020","IE","All Irish","20","PPSN - Missing","-","All genders","10","Speech and Language Therapy","Number",""
"HGO07C01","Number of Graduates","2020","2020","IE","All Irish","20","PPSN - Missing","-","All genders","V52","Dietetics, Optometry and Podiatry","Number",""
"HGO07C01","Number of Graduates","2020","2020","IE","All Irish","-","PPSN - All","10","Male","201","Dentistry","Number","9"
"HGO07C01","Number of Graduates","2020","2020","IE","All Irish","-","PPSN - All","10","Male","401","Medical Science","Number","12"
"HGO07C01","Number of Graduates","2020","2020","IE","All Irish","-","PPSN - All","10","Male","202","Medicine","Number","297"
"HGO07C01","Number of Graduates","2020","2020","IE","All Irish","-","PPSN - All","10","Male","30","Nursing and Midwifery","Number","126"
"HGO07C01","Number of Graduates","2020","2020","IE","All Irish","-","PPSN - All","10","Male","501","Occupational Therapy","Number","12"
"HGO07C01","Number of Graduates","2020","2020","IE","All Irish","-","PPSN - All","10","Male","60","Pharmacy","Number","42"
"HGO07C01","Number of Graduates","2020","2020","IE","All Irish","-","PPSN - All","10","Male","504","Physiotherapy","Number","51"
"HGO07C01","Number of Graduates","2020","2020","IE","All Irish","-","PPSN - All","10","Male","402","Radiography and Radiation Therapy","Number","12"
"HGO07C01","Number of Graduates","2020","2020","IE","All Irish","-","PPSN - All","10","Male","702","Social Care","Number","192"
"HGO07C01","Number of Graduates","2020","2020","IE","All Irish","-","PPSN - All","10","Male","701","Social Work","Number","36"
"HGO07C01","Number of Graduates","2020","2020","IE","All Irish","-","PPSN - All","10","Male","10","Speech and Language Therapy","Number","6"
"HGO07C01","Number of Graduates","2020","2020","IE","All Irish","-","PPSN - All","10","Male","V52","Dietetics, Optometry and Podiatry","Number","9"
"HGO07C01","Number of Graduates","2020","2020","IE","All Irish","-","PPSN - All","20","Female","201","Dentistry","Number","33"
"HGO07C01","Number of Graduates","2020","2020","IE","All Irish","-","PPSN - All","20","Female","401","Medical Science","Number","69"
"HGO07C01","Number of Graduates","2020","2020","IE","All Irish","-","PPSN - All","20","Female","202","Medicine","Number","345"
"HGO07C01","Number of Graduates","2020","2020","IE","All Irish","-","PPSN - All","20","Female","30","Nursing and Midwifery","Number","1296"
"HGO07C01","Number of Graduates","2020","2020","IE","All Irish","-","PPSN - All","20","Female","501","Occupational Therapy","Number","99"
"HGO07C01","Number of Graduates","2020","2020","IE","All Irish","-","PPSN - All","20","Female","60","Pharmacy","Number","108"
"HGO07C01","Number of Graduates","2020","2020","IE","All Irish","-","PPSN - All","20","Female","504","Physiotherapy","Number","117"
"HGO07C01","Number of Graduates","2020","2020","IE","All Irish","-","PPSN - All","20","Female","402","Radiography and Radiation Therapy","Number","78"
"HGO07C01","Number of Graduates","2020","2020","IE","All Irish","-","PPSN - All","20","Female","702","Social Care","Number","786"
"HGO07C01","Number of Graduates","2020","2020","IE","All Irish","-","PPSN - All","20","Female","701","Social Work","Number","132"
"HGO07C01","Number of Graduates","2020","2020","IE","All Irish","-","PPSN - All","20","Female","10","Speech and Language Therapy","Number","114"
"HGO07C01","Number of Graduates","2020","2020","IE","All Irish","-","PPSN - All","20","Female","V52","Dietetics, Optometry and Podiatry","Number","87"
"HGO07C01","Number of Graduates","2020","2020","IE","All Irish","-","PPSN - All","-","All genders","201","Dentistry","Number","42"
"HGO07C01","Number of Graduates","2020","2020","IE","All Irish","-","PPSN - All","-","All genders","401","Medical Science","Number","78"
"HGO07C01","Number of Graduates","2020","2020","IE","All Irish","-","PPSN - All","-","All genders","202","Medicine","Number","642"
"HGO07C01","Number of Graduates","2020","2020","IE","All Irish","-","PPSN - All","-","All genders","30","Nursing and Midwifery","Number","1422"
"HGO07C01","Number of Graduates","2020","2020","IE","All Irish","-","PPSN - All","-","All genders","501","Occupational Therapy","Number","111"
"HGO07C01","Number of Graduates","2020","2020","IE","All Irish","-","PPSN - All","-","All genders","60","Pharmacy","Number","150"
"HGO07C01","Number of Graduates","2020","2020","IE","All Irish","-","PPSN - All","-","All genders","504","Physiotherapy","Number","168"
"HGO07C01","Number of Graduates","2020","2020","IE","All Irish","-","PPSN - All","-","All genders","402","Radiography and Radiation Therapy","Number","90"
"HGO07C01","Number of Graduates","2020","2020","IE","All Irish","-","PPSN - All","-","All genders","702","Social Care","Number","978"
"HGO07C01","Number of Graduates","2020","2020","IE","All Irish","-","PPSN - All","-","All genders","701","Social Work","Number","171"
"HGO07C01","Number of Graduates","2020","2020","IE","All Irish","-","PPSN - All","-","All genders","10","Speech and Language Therapy","Number","117"
"HGO07C01","Number of Graduates","2020","2020","IE","All Irish","-","PPSN - All","-","All genders","V52","Dietetics, Optometry and Podiatry","Number","96"
"HGO07C01","Number of Graduates","2020","2020","IE05","Non-Irish","10","PPSN - Available","10","Male","201","Dentistry","Number","3"
"HGO07C01","Number of Graduates","2020","2020","IE05","Non-Irish","10","PPSN - Available","10","Male","401","Medical Science","Number",""
"HGO07C01","Number of Graduates","2020","2020","IE05","Non-Irish","10","PPSN - Available","10","Male","202","Medicine","Number","57"
"HGO07C01","Number of Graduates","2020","2020","IE05","Non-Irish","10","PPSN - Available","10","Male","30","Nursing and Midwifery","Number","6"
"HGO07C01","Number of Graduates","2020","2020","IE05","Non-Irish","10","PPSN - Available","10","Male","501","Occupational Therapy","Number",""
"HGO07C01","Number of Graduates","2020","2020","IE05","Non-Irish","10","PPSN - Available","10","Male","60","Pharmacy","Number","3"
"HGO07C01","Number of Graduates","2020","2020","IE05","Non-Irish","10","PPSN - Available","10","Male","504","Physiotherapy","Number",""
"HGO07C01","Number of Graduates","2020","2020","IE05","Non-Irish","10","PPSN - Available","10","Male","402","Radiography and Radiation Therapy","Number",""
"HGO07C01","Number of Graduates","2020","2020","IE05","Non-Irish","10","PPSN - Available","10","Male","702","Social Care","Number","21"
"HGO07C01","Number of Graduates","2020","2020","IE05","Non-Irish","10","PPSN - Available","10","Male","701","Social Work","Number","3"
"HGO07C01","Number of Graduates","2020","2020","IE05","Non-Irish","10","PPSN - Available","10","Male","10","Speech and Language Therapy","Number",""
"HGO07C01","Number of Graduates","2020","2020","IE05","Non-Irish","10","PPSN - Available","10","Male","V52","Dietetics, Optometry and Podiatry","Number",""
"HGO07C01","Number of Graduates","2020","2020","IE05","Non-Irish","10","PPSN - Available","20","Female","201","Dentistry","Number","3"
"HGO07C01","Number of Graduates","2020","2020","IE05","Non-Irish","10","PPSN - Available","20","Female","401","Medical Science","Number","3"
"HGO07C01","Number of Graduates","2020","2020","IE05","Non-Irish","10","PPSN - Available","20","Female","202","Medicine","Number","57"
"HGO07C01","Number of Graduates","2020","2020","IE05","Non-Irish","10","PPSN - Available","20","Female","30","Nursing and Midwifery","Number","54"
"HGO07C01","Number of Graduates","2020","2020","IE05","Non-Irish","10","PPSN - Available","20","Female","501","Occupational Therapy","Number","3"
"HGO07C01","Number of Graduates","2020","2020","IE05","Non-Irish","10","PPSN - Available","20","Female","60","Pharmacy","Number","9"
"HGO07C01","Number of Graduates","2020","2020","IE05","Non-Irish","10","PPSN - Available","20","Female","504","Physiotherapy","Number",""
"HGO07C01","Number of Graduates","2020","2020","IE05","Non-Irish","10","PPSN - Available","20","Female","402","Radiography and Radiation Therapy","Number",""
"HGO07C01","Number of Graduates","2020","2020","IE05","Non-Irish","10","PPSN - Available","20","Female","702","Social Care","Number","57"
"HGO07C01","Number of Graduates","2020","2020","IE05","Non-Irish","10","PPSN - Available","20","Female","701","Social Work","Number","3"
"HGO07C01","Number of Graduates","2020","2020","IE05","Non-Irish","10","PPSN - Available","20","Female","10","Speech and Language Therapy","Number",""
"HGO07C01","Number of Graduates","2020","2020","IE05","Non-Irish","10","PPSN - Available","20","Female","V52","Dietetics, Optometry and Podiatry","Number","3"
"HGO07C01","Number of Graduates","2020","2020","IE05","Non-Irish","10","PPSN - Available","-","All genders","201","Dentistry","Number","6"
"HGO07C01","Number of Graduates","2020","2020","IE05","Non-Irish","10","PPSN - Available","-","All genders","401","Medical Science","Number","3"
"HGO07C01","Number of Graduates","2020","2020","IE05","Non-Irish","10","PPSN - Available","-","All genders","202","Medicine","Number","114"
"HGO07C01","Number of Graduates","2020","2020","IE05","Non-Irish","10","PPSN - Available","-","All genders","30","Nursing and Midwifery","Number","57"
"HGO07C01","Number of Graduates","2020","2020","IE05","Non-Irish","10","PPSN - Available","-","All genders","501","Occupational Therapy","Number","3"
"HGO07C01","Number of Graduates","2020","2020","IE05","Non-Irish","10","PPSN - Available","-","All genders","60","Pharmacy","Number","9"
"HGO07C01","Number of Graduates","2020","2020","IE05","Non-Irish","10","PPSN - Available","-","All genders","504","Physiotherapy","Number","3"
"HGO07C01","Number of Graduates","2020","2020","IE05","Non-Irish","10","PPSN - Available","-","All genders","402","Radiography and Radiation Therapy","Number","3"
"HGO07C01","Number of Graduates","2020","2020","IE05","Non-Irish","10","PPSN - Available","-","All genders","702","Social Care","Number","78"
"HGO07C01","Number of Graduates","2020","2020","IE05","Non-Irish","10","PPSN - Available","-","All genders","701","Social Work","Number","6"
"HGO07C01","Number of Graduates","2020","2020","IE05","Non-Irish","10","PPSN - Available","-","All genders","10","Speech and Language Therapy","Number",""
"HGO07C01","Number of Graduates","2020","2020","IE05","Non-Irish","10","PPSN - Available","-","All genders","V52","Dietetics, Optometry and Podiatry","Number","3"
"HGO07C01","Number of Graduates","2020","2020","IE05","Non-Irish","20","PPSN - Missing","10","Male","201","Dentistry","Number","12"
"HGO07C01","Number of Graduates","2020","2020","IE05","Non-Irish","20","PPSN - Missing","10","Male","401","Medical Science","Number",""
"HGO07C01","Number of Graduates","2020","2020","IE05","Non-Irish","20","PPSN - Missing","10","Male","202","Medicine","Number","234"
"HGO07C01","Number of Graduates","2020","2020","IE05","Non-Irish","20","PPSN - Missing","10","Male","30","Nursing and Midwifery","Number",""
"HGO07C01","Number of Graduates","2020","2020","IE05","Non-Irish","20","PPSN - Missing","10","Male","501","Occupational Therapy","Number",""
"HGO07C01","Number of Graduates","2020","2020","IE05","Non-Irish","20","PPSN - Missing","10","Male","60","Pharmacy","Number",""
"HGO07C01","Number of Graduates","2020","2020","IE05","Non-Irish","20","PPSN - Missing","10","Male","504","Physiotherapy","Number","30"
"HGO07C01","Number of Graduates","2020","2020","IE05","Non-Irish","20","PPSN - Missing","10","Male","402","Radiography and Radiation Therapy","Number",""
"HGO07C01","Number of Graduates","2020","2020","IE05","Non-Irish","20","PPSN - Missing","10","Male","702","Social Care","Number",""
"HGO07C01","Number of Graduates","2020","2020","IE05","Non-Irish","20","PPSN - Missing","10","Male","701","Social Work","Number",""
"HGO07C01","Number of Graduates","2020","2020","IE05","Non-Irish","20","PPSN - Missing","10","Male","10","Speech and Language Therapy","Number",""
"HGO07C01","Number of Graduates","2020","2020","IE05","Non-Irish","20","PPSN - Missing","10","Male","V52","Dietetics, Optometry and Podiatry","Number",""
"HGO07C01","Number of Graduates","2020","2020","IE05","Non-Irish","20","PPSN - Missing","20","Female","201","Dentistry","Number","15"
"HGO07C01","Number of Graduates","2020","2020","IE05","Non-Irish","20","PPSN - Missing","20","Female","401","Medical Science","Number",""
"HGO07C01","Number of Graduates","2020","2020","IE05","Non-Irish","20","PPSN - Missing","20","Female","202","Medicine","Number","276"
"HGO07C01","Number of Graduates","2020","2020","IE05","Non-Irish","20","PPSN - Missing","20","Female","30","Nursing and Midwifery","Number","9"
"HGO07C01","Number of Graduates","2020","2020","IE05","Non-Irish","20","PPSN - Missing","20","Female","501","Occupational Therapy","Number","12"
"HGO07C01","Number of Graduates","2020","2020","IE05","Non-Irish","20","PPSN - Missing","20","Female","60","Pharmacy","Number",""
"HGO07C01","Number of Graduates","2020","2020","IE05","Non-Irish","20","PPSN - Missing","20","Female","504","Physiotherapy","Number","24"
"HGO07C01","Number of Graduates","2020","2020","IE05","Non-Irish","20","PPSN - Missing","20","Female","402","Radiography and Radiation Therapy","Number","3"
"HGO07C01","Number of Graduates","2020","2020","IE05","Non-Irish","20","PPSN - Missing","20","Female","702","Social Care","Number","3"
"HGO07C01","Number of Graduates","2020","2020","IE05","Non-Irish","20","PPSN - Missing","20","Female","701","Social Work","Number","9"
"HGO07C01","Number of Graduates","2020","2020","IE05","Non-Irish","20","PPSN - Missing","20","Female","10","Speech and Language Therapy","Number",""
"HGO07C01","Number of Graduates","2020","2020","IE05","Non-Irish","20","PPSN - Missing","20","Female","V52","Dietetics, Optometry and Podiatry","Number",""
"HGO07C01","Number of Graduates","2020","2020","IE05","Non-Irish","20","PPSN - Missing","-","All genders","201","Dentistry","Number","27"
"HGO07C01","Number of Graduates","2020","2020","IE05","Non-Irish","20","PPSN - Missing","-","All genders","401","Medical Science","Number",""
"HGO07C01","Number of Graduates","2020","2020","IE05","Non-Irish","20","PPSN - Missing","-","All genders","202","Medicine","Number","510"
"HGO07C01","Number of Graduates","2020","2020","IE05","Non-Irish","20","PPSN - Missing","-","All genders","30","Nursing and Midwifery","Number","9"
"HGO07C01","Number of Graduates","2020","2020","IE05","Non-Irish","20","PPSN - Missing","-","All genders","501","Occupational Therapy","Number","12"
"HGO07C01","Number of Graduates","2020","2020","IE05","Non-Irish","20","PPSN - Missing","-","All genders","60","Pharmacy","Number","3"
"HGO07C01","Number of Graduates","2020","2020","IE05","Non-Irish","20","PPSN - Missing","-","All genders","504","Physiotherapy","Number","54"
"HGO07C01","Number of Graduates","2020","2020","IE05","Non-Irish","20","PPSN - Missing","-","All genders","402","Radiography and Radiation Therapy","Number","3"
"HGO07C01","Number of Graduates","2020","2020","IE05","Non-Irish","20","PPSN - Missing","-","All genders","702","Social Care","Number","3"
"HGO07C01","Number of Graduates","2020","2020","IE05","Non-Irish","20","PPSN - Missing","-","All genders","701","Social Work","Number","9"
"HGO07C01","Number of Graduates","2020","2020","IE05","Non-Irish","20","PPSN - Missing","-","All genders","10","Speech and Language Therapy","Number",""
"HGO07C01","Number of Graduates","2020","2020","IE05","Non-Irish","20","PPSN - Missing","-","All genders","V52","Dietetics, Optometry and Podiatry","Number","3"
"HGO07C01","Number of Graduates","2020","2020","IE05","Non-Irish","-","PPSN - All","10","Male","201","Dentistry","Number","15"
"HGO07C01","Number of Graduates","2020","2020","IE05","Non-Irish","-","PPSN - All","10","Male","401","Medical Science","Number",""
"HGO07C01","Number of Graduates","2020","2020","IE05","Non-Irish","-","PPSN - All","10","Male","202","Medicine","Number","291"
"HGO07C01","Number of Graduates","2020","2020","IE05","Non-Irish","-","PPSN - All","10","Male","30","Nursing and Midwifery","Number","6"
"HGO07C01","Number of Graduates","2020","2020","IE05","Non-Irish","-","PPSN - All","10","Male","501","Occupational Therapy","Number",""
"HGO07C01","Number of Graduates","2020","2020","IE05","Non-Irish","-","PPSN - All","10","Male","60","Pharmacy","Number","3"
"HGO07C01","Number of Graduates","2020","2020","IE05","Non-Irish","-","PPSN - All","10","Male","504","Physiotherapy","Number","30"
"HGO07C01","Number of Graduates","2020","2020","IE05","Non-Irish","-","PPSN - All","10","Male","402","Radiography and Radiation Therapy","Number",""
"HGO07C01","Number of Graduates","2020","2020","IE05","Non-Irish","-","PPSN - All","10","Male","702","Social Care","Number","21"
"HGO07C01","Number of Graduates","2020","2020","IE05","Non-Irish","-","PPSN - All","10","Male","701","Social Work","Number","3"
"HGO07C01","Number of Graduates","2020","2020","IE05","Non-Irish","-","PPSN - All","10","Male","10","Speech and Language Therapy","Number",""
"HGO07C01","Number of Graduates","2020","2020","IE05","Non-Irish","-","PPSN - All","10","Male","V52","Dietetics, Optometry and Podiatry","Number",""
"HGO07C01","Number of Graduates","2020","2020","IE05","Non-Irish","-","PPSN - All","20","Female","201","Dentistry","Number","18"
"HGO07C01","Number of Graduates","2020","2020","IE05","Non-Irish","-","PPSN - All","20","Female","401","Medical Science","Number","3"
"HGO07C01","Number of Graduates","2020","2020","IE05","Non-Irish","-","PPSN - All","20","Female","202","Medicine","Number","336"
"HGO07C01","Number of Graduates","2020","2020","IE05","Non-Irish","-","PPSN - All","20","Female","30","Nursing and Midwifery","Number","60"
"HGO07C01","Number of Graduates","2020","2020","IE05","Non-Irish","-","PPSN - All","20","Female","501","Occupational Therapy","Number","15"
"HGO07C01","Number of Graduates","2020","2020","IE05","Non-Irish","-","PPSN - All","20","Female","60","Pharmacy","Number","9"
"HGO07C01","Number of Graduates","2020","2020","IE05","Non-Irish","-","PPSN - All","20","Female","504","Physiotherapy","Number","27"
"HGO07C01","Number of Graduates","2020","2020","IE05","Non-Irish","-","PPSN - All","20","Female","402","Radiography and Radiation Therapy","Number","3"
"HGO07C01","Number of Graduates","2020","2020","IE05","Non-Irish","-","PPSN - All","20","Female","702","Social Care","Number","60"
"HGO07C01","Number of Graduates","2020","2020","IE05","Non-Irish","-","PPSN - All","20","Female","701","Social Work","Number","12"
"HGO07C01","Number of Graduates","2020","2020","IE05","Non-Irish","-","PPSN - All","20","Female","10","Speech and Language Therapy","Number",""
"HGO07C01","Number of Graduates","2020","2020","IE05","Non-Irish","-","PPSN - All","20","Female","V52","Dietetics, Optometry and Podiatry","Number","3"
"HGO07C01","Number of Graduates","2020","2020","IE05","Non-Irish","-","PPSN - All","-","All genders","201","Dentistry","Number","33"
"HGO07C01","Number of Graduates","2020","2020","IE05","Non-Irish","-","PPSN - All","-","All genders","401","Medical Science","Number","3"
"HGO07C01","Number of Graduates","2020","2020","IE05","Non-Irish","-","PPSN - All","-","All genders","202","Medicine","Number","627"
"HGO07C01","Number of Graduates","2020","2020","IE05","Non-Irish","-","PPSN - All","-","All genders","30","Nursing and Midwifery","Number","66"
"HGO07C01","Number of Graduates","2020","2020","IE05","Non-Irish","-","PPSN - All","-","All genders","501","Occupational Therapy","Number","15"
"HGO07C01","Number of Graduates","2020","2020","IE05","Non-Irish","-","PPSN - All","-","All genders","60","Pharmacy","Number","12"
"HGO07C01","Number of Graduates","2020","2020","IE05","Non-Irish","-","PPSN - All","-","All genders","504","Physiotherapy","Number","57"
"HGO07C01","Number of Graduates","2020","2020","IE05","Non-Irish","-","PPSN - All","-","All genders","402","Radiography and Radiation Therapy","Number","3"
"HGO07C01","Number of Graduates","2020","2020","IE05","Non-Irish","-","PPSN - All","-","All genders","702","Social Care","Number","81"
"HGO07C01","Number of Graduates","2020","2020","IE05","Non-Irish","-","PPSN - All","-","All genders","701","Social Work","Number","15"
"HGO07C01","Number of Graduates","2020","2020","IE05","Non-Irish","-","PPSN - All","-","All genders","10","Speech and Language Therapy","Number",""
"HGO07C01","Number of Graduates","2020","2020","IE05","Non-Irish","-","PPSN - All","-","All genders","V52","Dietetics, Optometry and Podiatry","Number","6"
"HGO07C01","Number of Graduates","2020","2020","-","All nationalities","10","PPSN - Available","10","Male","201","Dentistry","Number","12"
"HGO07C01","Number of Graduates","2020","2020","-","All nationalities","10","PPSN - Available","10","Male","401","Medical Science","Number","12"
"HGO07C01","Number of Graduates","2020","2020","-","All nationalities","10","PPSN - Available","10","Male","202","Medicine","Number","348"
"HGO07C01","Number of Graduates","2020","2020","-","All nationalities","10","PPSN - Available","10","Male","30","Nursing and Midwifery","Number","132"
"HGO07C01","Number of Graduates","2020","2020","-","All nationalities","10","PPSN - Available","10","Male","501","Occupational Therapy","Number","12"
"HGO07C01","Number of Graduates","2020","2020","-","All nationalities","10","PPSN - Available","10","Male","60","Pharmacy","Number","42"
"HGO07C01","Number of Graduates","2020","2020","-","All nationalities","10","PPSN - Available","10","Male","504","Physiotherapy","Number","51"
"HGO07C01","Number of Graduates","2020","2020","-","All nationalities","10","PPSN - Available","10","Male","402","Radiography and Radiation Therapy","Number","15"
"HGO07C01","Number of Graduates","2020","2020","-","All nationalities","10","PPSN - Available","10","Male","702","Social Care","Number","213"
"HGO07C01","Number of Graduates","2020","2020","-","All nationalities","10","PPSN - Available","10","Male","701","Social Work","Number","39"
"HGO07C01","Number of Graduates","2020","2020","-","All nationalities","10","PPSN - Available","10","Male","10","Speech and Language Therapy","Number","6"
"HGO07C01","Number of Graduates","2020","2020","-","All nationalities","10","PPSN - Available","10","Male","V52","Dietetics, Optometry and Podiatry","Number","9"
"HGO07C01","Number of Graduates","2020","2020","-","All nationalities","10","PPSN - Available","20","Female","201","Dentistry","Number","36"
"HGO07C01","Number of Graduates","2020","2020","-","All nationalities","10","PPSN - Available","20","Female","401","Medical Science","Number","72"
"HGO07C01","Number of Graduates","2020","2020","-","All nationalities","10","PPSN - Available","20","Female","202","Medicine","Number","399"
"HGO07C01","Number of Graduates","2020","2020","-","All nationalities","10","PPSN - Available","20","Female","30","Nursing and Midwifery","Number","1344"
"HGO07C01","Number of Graduates","2020","2020","-","All nationalities","10","PPSN - Available","20","Female","501","Occupational Therapy","Number","99"
"HGO07C01","Number of Graduates","2020","2020","-","All nationalities","10","PPSN - Available","20","Female","60","Pharmacy","Number","117"
"HGO07C01","Number of Graduates","2020","2020","-","All nationalities","10","PPSN - Available","20","Female","504","Physiotherapy","Number","117"
"HGO07C01","Number of Graduates","2020","2020","-","All nationalities","10","PPSN - Available","20","Female","402","Radiography and Radiation Therapy","Number","78"
"HGO07C01","Number of Graduates","2020","2020","-","All nationalities","10","PPSN - Available","20","Female","702","Social Care","Number","843"
"HGO07C01","Number of Graduates","2020","2020","-","All nationalities","10","PPSN - Available","20","Female","701","Social Work","Number","132"
"HGO07C01","Number of Graduates","2020","2020","-","All nationalities","10","PPSN - Available","20","Female","10","Speech and Language Therapy","Number","114"
"HGO07C01","Number of Graduates","2020","2020","-","All nationalities","10","PPSN - Available","20","Female","V52","Dietetics, Optometry and Podiatry","Number","90"
"HGO07C01","Number of Graduates","2020","2020","-","All nationalities","10","PPSN - Available","-","All genders","201","Dentistry","Number","48"
"HGO07C01","Number of Graduates","2020","2020","-","All nationalities","10","PPSN - Available","-","All genders","401","Medical Science","Number","81"
"HGO07C01","Number of Graduates","2020","2020","-","All nationalities","10","PPSN - Available","-","All genders","202","Medicine","Number","747"
"HGO07C01","Number of Graduates","2020","2020","-","All nationalities","10","PPSN - Available","-","All genders","30","Nursing and Midwifery","Number","1476"
"HGO07C01","Number of Graduates","2020","2020","-","All nationalities","10","PPSN - Available","-","All genders","501","Occupational Therapy","Number","111"
"HGO07C01","Number of Graduates","2020","2020","-","All nationalities","10","PPSN - Available","-","All genders","60","Pharmacy","Number","159"
"HGO07C01","Number of Graduates","2020","2020","-","All nationalities","10","PPSN - Available","-","All genders","504","Physiotherapy","Number","168"
"HGO07C01","Number of Graduates","2020","2020","-","All nationalities","10","PPSN - Available","-","All genders","402","Radiography and Radiation Therapy","Number","93"
"HGO07C01","Number of Graduates","2020","2020","-","All nationalities","10","PPSN - Available","-","All genders","702","Social Care","Number","1056"
"HGO07C01","Number of Graduates","2020","2020","-","All nationalities","10","PPSN - Available","-","All genders","701","Social Work","Number","171"
"HGO07C01","Number of Graduates","2020","2020","-","All nationalities","10","PPSN - Available","-","All genders","10","Speech and Language Therapy","Number","117"
"HGO07C01","Number of Graduates","2020","2020","-","All nationalities","10","PPSN - Available","-","All genders","V52","Dietetics, Optometry and Podiatry","Number","99"
"HGO07C01","Number of Graduates","2020","2020","-","All nationalities","20","PPSN - Missing","10","Male","201","Dentistry","Number","12"
"HGO07C01","Number of Graduates","2020","2020","-","All nationalities","20","PPSN - Missing","10","Male","401","Medical Science","Number",""
"HGO07C01","Number of Graduates","2020","2020","-","All nationalities","20","PPSN - Missing","10","Male","202","Medicine","Number","240"
"HGO07C01","Number of Graduates","2020","2020","-","All nationalities","20","PPSN - Missing","10","Male","30","Nursing and Midwifery","Number",""
"HGO07C01","Number of Graduates","2020","2020","-","All nationalities","20","PPSN - Missing","10","Male","501","Occupational Therapy","Number",""
"HGO07C01","Number of Graduates","2020","2020","-","All nationalities","20","PPSN - Missing","10","Male","60","Pharmacy","Number","3"
"HGO07C01","Number of Graduates","2020","2020","-","All nationalities","20","PPSN - Missing","10","Male","504","Physiotherapy","Number","30"
"HGO07C01","Number of Graduates","2020","2020","-","All nationalities","20","PPSN - Missing","10","Male","402","Radiography and Radiation Therapy","Number",""
"HGO07C01","Number of Graduates","2020","2020","-","All nationalities","20","PPSN - Missing","10","Male","702","Social Care","Number",""
"HGO07C01","Number of Graduates","2020","2020","-","All nationalities","20","PPSN - Missing","10","Male","701","Social Work","Number",""
"HGO07C01","Number of Graduates","2020","2020","-","All nationalities","20","PPSN - Missing","10","Male","10","Speech and Language Therapy","Number",""
"HGO07C01","Number of Graduates","2020","2020","-","All nationalities","20","PPSN - Missing","10","Male","V52","Dietetics, Optometry and Podiatry","Number",""
"HGO07C01","Number of Graduates","2020","2020","-","All nationalities","20","PPSN - Missing","20","Female","201","Dentistry","Number","15"
"HGO07C01","Number of Graduates","2020","2020","-","All nationalities","20","PPSN - Missing","20","Female","401","Medical Science","Number",""
"HGO07C01","Number of Graduates","2020","2020","-","All nationalities","20","PPSN - Missing","20","Female","202","Medicine","Number","282"
"HGO07C01","Number of Graduates","2020","2020","-","All nationalities","20","PPSN - Missing","20","Female","30","Nursing and Midwifery","Number","12"
"HGO07C01","Number of Graduates","2020","2020","-","All nationalities","20","PPSN - Missing","20","Female","501","Occupational Therapy","Number","15"
"HGO07C01","Number of Graduates","2020","2020","-","All nationalities","20","PPSN - Missing","20","Female","60","Pharmacy","Number",""
"HGO07C01","Number of Graduates","2020","2020","-","All nationalities","20","PPSN - Missing","20","Female","504","Physiotherapy","Number","24"
"HGO07C01","Number of Graduates","2020","2020","-","All nationalities","20","PPSN - Missing","20","Female","402","Radiography and Radiation Therapy","Number","3"
"HGO07C01","Number of Graduates","2020","2020","-","All nationalities","20","PPSN - Missing","20","Female","702","Social Care","Number","3"
"HGO07C01","Number of Graduates","2020","2020","-","All nationalities","20","PPSN - Missing","20","Female","701","Social Work","Number","12"
"HGO07C01","Number of Graduates","2020","2020","-","All nationalities","20","PPSN - Missing","20","Female","10","Speech and Language Therapy","Number",""
"HGO07C01","Number of Graduates","2020","2020","-","All nationalities","20","PPSN - Missing","20","Female","V52","Dietetics, Optometry and Podiatry","Number",""
"HGO07C01","Number of Graduates","2020","2020","-","All nationalities","20","PPSN - Missing","-","All genders","201","Dentistry","Number","27"
"HGO07C01","Number of Graduates","2020","2020","-","All nationalities","20","PPSN - Missing","-","All genders","401","Medical Science","Number",""
"HGO07C01","Number of Graduates","2020","2020","-","All nationalities","20","PPSN - Missing","-","All genders","202","Medicine","Number","519"
"HGO07C01","Number of Graduates","2020","2020","-","All nationalities","20","PPSN - Missing","-","All genders","30","Nursing and Midwifery","Number","12"
"HGO07C01","Number of Graduates","2020","2020","-","All nationalities","20","PPSN - Missing","-","All genders","501","Occupational Therapy","Number","15"
"HGO07C01","Number of Graduates","2020","2020","-","All nationalities","20","PPSN - Missing","-","All genders","60","Pharmacy","Number","3"
"HGO07C01","Number of Graduates","2020","2020","-","All nationalities","20","PPSN - Missing","-","All genders","504","Physiotherapy","Number","54"
"HGO07C01","Number of Graduates","2020","2020","-","All nationalities","20","PPSN - Missing","-","All genders","402","Radiography and Radiation Therapy","Number","3"
"HGO07C01","Number of Graduates","2020","2020","-","All nationalities","20","PPSN - Missing","-","All genders","702","Social Care","Number","3"
"HGO07C01","Number of Graduates","2020","2020","-","All nationalities","20","PPSN - Missing","-","All genders","701","Social Work","Number","15"
"HGO07C01","Number of Graduates","2020","2020","-","All nationalities","20","PPSN - Missing","-","All genders","10","Speech and Language Therapy","Number",""
"HGO07C01","Number of Graduates","2020","2020","-","All nationalities","20","PPSN - Missing","-","All genders","V52","Dietetics, Optometry and Podiatry","Number","3"
"HGO07C01","Number of Graduates","2020","2020","-","All nationalities","-","PPSN - All","10","Male","201","Dentistry","Number","24"
"HGO07C01","Number of Graduates","2020","2020","-","All nationalities","-","PPSN - All","10","Male","401","Medical Science","Number","12"
"HGO07C01","Number of Graduates","2020","2020","-","All nationalities","-","PPSN - All","10","Male","202","Medicine","Number","588"
"HGO07C01","Number of Graduates","2020","2020","-","All nationalities","-","PPSN - All","10","Male","30","Nursing and Midwifery","Number","132"
"HGO07C01","Number of Graduates","2020","2020","-","All nationalities","-","PPSN - All","10","Male","501","Occupational Therapy","Number","12"
"HGO07C01","Number of Graduates","2020","2020","-","All nationalities","-","PPSN - All","10","Male","60","Pharmacy","Number","45"
"HGO07C01","Number of Graduates","2020","2020","-","All nationalities","-","PPSN - All","10","Male","504","Physiotherapy","Number","81"
"HGO07C01","Number of Graduates","2020","2020","-","All nationalities","-","PPSN - All","10","Male","402","Radiography and Radiation Therapy","Number","15"
"HGO07C01","Number of Graduates","2020","2020","-","All nationalities","-","PPSN - All","10","Male","702","Social Care","Number","213"
"HGO07C01","Number of Graduates","2020","2020","-","All nationalities","-","PPSN - All","10","Male","701","Social Work","Number","42"
"HGO07C01","Number of Graduates","2020","2020","-","All nationalities","-","PPSN - All","10","Male","10","Speech and Language Therapy","Number","6"
"HGO07C01","Number of Graduates","2020","2020","-","All nationalities","-","PPSN - All","10","Male","V52","Dietetics, Optometry and Podiatry","Number","9"
"HGO07C01","Number of Graduates","2020","2020","-","All nationalities","-","PPSN - All","20","Female","201","Dentistry","Number","51"
"HGO07C01","Number of Graduates","2020","2020","-","All nationalities","-","PPSN - All","20","Female","401","Medical Science","Number","72"
"HGO07C01","Number of Graduates","2020","2020","-","All nationalities","-","PPSN - All","20","Female","202","Medicine","Number","681"
"HGO07C01","Number of Graduates","2020","2020","-","All nationalities","-","PPSN - All","20","Female","30","Nursing and Midwifery","Number","1356"
"HGO07C01","Number of Graduates","2020","2020","-","All nationalities","-","PPSN - All","20","Female","501","Occupational Therapy","Number","114"
"HGO07C01","Number of Graduates","2020","2020","-","All nationalities","-","PPSN - All","20","Female","60","Pharmacy","Number","117"
"HGO07C01","Number of Graduates","2020","2020","-","All nationalities","-","PPSN - All","20","Female","504","Physiotherapy","Number","141"
"HGO07C01","Number of Graduates","2020","2020","-","All nationalities","-","PPSN - All","20","Female","402","Radiography and Radiation Therapy","Number","81"
"HGO07C01","Number of Graduates","2020","2020","-","All nationalities","-","PPSN - All","20","Female","702","Social Care","Number","846"
"HGO07C01","Number of Graduates","2020","2020","-","All nationalities","-","PPSN - All","20","Female","701","Social Work","Number","144"
"HGO07C01","Number of Graduates","2020","2020","-","All nationalities","-","PPSN - All","20","Female","10","Speech and Language Therapy","Number","114"
"HGO07C01","Number of Graduates","2020","2020","-","All nationalities","-","PPSN - All","20","Female","V52","Dietetics, Optometry and Podiatry","Number","90"
"HGO07C01","Number of Graduates","2020","2020","-","All nationalities","-","PPSN - All","-","All genders","201","Dentistry","Number","75"
"HGO07C01","Number of Graduates","2020","2020","-","All nationalities","-","PPSN - All","-","All genders","401","Medical Science","Number","81"
"HGO07C01","Number of Graduates","2020","2020","-","All nationalities","-","PPSN - All","-","All genders","202","Medicine","Number","1269"
"HGO07C01","Number of Graduates","2020","2020","-","All nationalities","-","PPSN - All","-","All genders","30","Nursing and Midwifery","Number","1488"
"HGO07C01","Number of Graduates","2020","2020","-","All nationalities","-","PPSN - All","-","All genders","501","Occupational Therapy","Number","126"
"HGO07C01","Number of Graduates","2020","2020","-","All nationalities","-","PPSN - All","-","All genders","60","Pharmacy","Number","162"
"HGO07C01","Number of Graduates","2020","2020","-","All nationalities","-","PPSN - All","-","All genders","504","Physiotherapy","Number","222"
"HGO07C01","Number of Graduates","2020","2020","-","All nationalities","-","PPSN - All","-","All genders","402","Radiography and Radiation Therapy","Number","96"
"HGO07C01","Number of Graduates","2020","2020","-","All nationalities","-","PPSN - All","-","All genders","702","Social Care","Number","1059"
"HGO07C01","Number of Graduates","2020","2020","-","All nationalities","-","PPSN - All","-","All genders","701","Social Work","Number","186"
"HGO07C01","Number of Graduates","2020","2020","-","All nationalities","-","PPSN - All","-","All genders","10","Speech and Language Therapy","Number","120"
"HGO07C01","Number of Graduates","2020","2020","-","All nationalities","-","PPSN - All","-","All genders","V52","Dietetics, Optometry and Podiatry","Number","102"
"HGO07C01","Number of Graduates","2021","2021","IE","All Irish","10","PPSN - Available","10","Male","201","Dentistry","Number","21"
"HGO07C01","Number of Graduates","2021","2021","IE","All Irish","10","PPSN - Available","10","Male","401","Medical Science","Number","18"
"HGO07C01","Number of Graduates","2021","2021","IE","All Irish","10","PPSN - Available","10","Male","202","Medicine","Number","294"
"HGO07C01","Number of Graduates","2021","2021","IE","All Irish","10","PPSN - Available","10","Male","30","Nursing and Midwifery","Number","120"
"HGO07C01","Number of Graduates","2021","2021","IE","All Irish","10","PPSN - Available","10","Male","501","Occupational Therapy","Number","12"
"HGO07C01","Number of Graduates","2021","2021","IE","All Irish","10","PPSN - Available","10","Male","60","Pharmacy","Number","39"
"HGO07C01","Number of Graduates","2021","2021","IE","All Irish","10","PPSN - Available","10","Male","504","Physiotherapy","Number","75"
"HGO07C01","Number of Graduates","2021","2021","IE","All Irish","10","PPSN - Available","10","Male","402","Radiography and Radiation Therapy","Number","18"
"HGO07C01","Number of Graduates","2021","2021","IE","All Irish","10","PPSN - Available","10","Male","702","Social Care","Number","225"
"HGO07C01","Number of Graduates","2021","2021","IE","All Irish","10","PPSN - Available","10","Male","701","Social Work","Number","33"
"HGO07C01","Number of Graduates","2021","2021","IE","All Irish","10","PPSN - Available","10","Male","10","Speech and Language Therapy","Number","3"
"HGO07C01","Number of Graduates","2021","2021","IE","All Irish","10","PPSN - Available","10","Male","V52","Dietetics, Optometry and Podiatry","Number","9"
"HGO07C01","Number of Graduates","2021","2021","IE","All Irish","10","PPSN - Available","20","Female","201","Dentistry","Number","30"
"HGO07C01","Number of Graduates","2021","2021","IE","All Irish","10","PPSN - Available","20","Female","401","Medical Science","Number","57"
"HGO07C01","Number of Graduates","2021","2021","IE","All Irish","10","PPSN - Available","20","Female","202","Medicine","Number","369"
"HGO07C01","Number of Graduates","2021","2021","IE","All Irish","10","PPSN - Available","20","Female","30","Nursing and Midwifery","Number","1371"
"HGO07C01","Number of Graduates","2021","2021","IE","All Irish","10","PPSN - Available","20","Female","501","Occupational Therapy","Number","108"
"HGO07C01","Number of Graduates","2021","2021","IE","All Irish","10","PPSN - Available","20","Female","60","Pharmacy","Number","99"
"HGO07C01","Number of Graduates","2021","2021","IE","All Irish","10","PPSN - Available","20","Female","504","Physiotherapy","Number","126"
"HGO07C01","Number of Graduates","2021","2021","IE","All Irish","10","PPSN - Available","20","Female","402","Radiography and Radiation Therapy","Number","111"
"HGO07C01","Number of Graduates","2021","2021","IE","All Irish","10","PPSN - Available","20","Female","702","Social Care","Number","999"
"HGO07C01","Number of Graduates","2021","2021","IE","All Irish","10","PPSN - Available","20","Female","701","Social Work","Number","159"
"HGO07C01","Number of Graduates","2021","2021","IE","All Irish","10","PPSN - Available","20","Female","10","Speech and Language Therapy","Number","108"
"HGO07C01","Number of Graduates","2021","2021","IE","All Irish","10","PPSN - Available","20","Female","V52","Dietetics, Optometry and Podiatry","Number","99"
"HGO07C01","Number of Graduates","2021","2021","IE","All Irish","10","PPSN - Available","-","All genders","201","Dentistry","Number","51"
"HGO07C01","Number of Graduates","2021","2021","IE","All Irish","10","PPSN - Available","-","All genders","401","Medical Science","Number","75"
"HGO07C01","Number of Graduates","2021","2021","IE","All Irish","10","PPSN - Available","-","All genders","202","Medicine","Number","663"
"HGO07C01","Number of Graduates","2021","2021","IE","All Irish","10","PPSN - Available","-","All genders","30","Nursing and Midwifery","Number","1494"
"HGO07C01","Number of Graduates","2021","2021","IE","All Irish","10","PPSN - Available","-","All genders","501","Occupational Therapy","Number","120"
"HGO07C01","Number of Graduates","2021","2021","IE","All Irish","10","PPSN - Available","-","All genders","60","Pharmacy","Number","138"
"HGO07C01","Number of Graduates","2021","2021","IE","All Irish","10","PPSN - Available","-","All genders","504","Physiotherapy","Number","201"
"HGO07C01","Number of Graduates","2021","2021","IE","All Irish","10","PPSN - Available","-","All genders","402","Radiography and Radiation Therapy","Number","129"
"HGO07C01","Number of Graduates","2021","2021","IE","All Irish","10","PPSN - Available","-","All genders","702","Social Care","Number","1224"
"HGO07C01","Number of Graduates","2021","2021","IE","All Irish","10","PPSN - Available","-","All genders","701","Social Work","Number","192"
"HGO07C01","Number of Graduates","2021","2021","IE","All Irish","10","PPSN - Available","-","All genders","10","Speech and Language Therapy","Number","111"
"HGO07C01","Number of Graduates","2021","2021","IE","All Irish","10","PPSN - Available","-","All genders","V52","Dietetics, Optometry and Podiatry","Number","111"
"HGO07C01","Number of Graduates","2021","2021","IE","All Irish","20","PPSN - Missing","10","Male","201","Dentistry","Number",""
"HGO07C01","Number of Graduates","2021","2021","IE","All Irish","20","PPSN - Missing","10","Male","401","Medical Science","Number",""
"HGO07C01","Number of Graduates","2021","2021","IE","All Irish","20","PPSN - Missing","10","Male","202","Medicine","Number","9"
"HGO07C01","Number of Graduates","2021","2021","IE","All Irish","20","PPSN - Missing","10","Male","30","Nursing and Midwifery","Number",""
"HGO07C01","Number of Graduates","2021","2021","IE","All Irish","20","PPSN - Missing","10","Male","501","Occupational Therapy","Number",""
"HGO07C01","Number of Graduates","2021","2021","IE","All Irish","20","PPSN - Missing","10","Male","60","Pharmacy","Number",""
"HGO07C01","Number of Graduates","2021","2021","IE","All Irish","20","PPSN - Missing","10","Male","504","Physiotherapy","Number",""
"HGO07C01","Number of Graduates","2021","2021","IE","All Irish","20","PPSN - Missing","10","Male","402","Radiography and Radiation Therapy","Number",""
"HGO07C01","Number of Graduates","2021","2021","IE","All Irish","20","PPSN - Missing","10","Male","702","Social Care","Number",""
"HGO07C01","Number of Graduates","2021","2021","IE","All Irish","20","PPSN - Missing","10","Male","701","Social Work","Number",""
"HGO07C01","Number of Graduates","2021","2021","IE","All Irish","20","PPSN - Missing","10","Male","10","Speech and Language Therapy","Number",""
"HGO07C01","Number of Graduates","2021","2021","IE","All Irish","20","PPSN - Missing","10","Male","V52","Dietetics, Optometry and Podiatry","Number",""
"HGO07C01","Number of Graduates","2021","2021","IE","All Irish","20","PPSN - Missing","20","Female","201","Dentistry","Number",""
"HGO07C01","Number of Graduates","2021","2021","IE","All Irish","20","PPSN - Missing","20","Female","401","Medical Science","Number",""
"HGO07C01","Number of Graduates","2021","2021","IE","All Irish","20","PPSN - Missing","20","Female","202","Medicine","Number","6"
"HGO07C01","Number of Graduates","2021","2021","IE","All Irish","20","PPSN - Missing","20","Female","30","Nursing and Midwifery","Number",""
"HGO07C01","Number of Graduates","2021","2021","IE","All Irish","20","PPSN - Missing","20","Female","501","Occupational Therapy","Number",""
"HGO07C01","Number of Graduates","2021","2021","IE","All Irish","20","PPSN - Missing","20","Female","60","Pharmacy","Number",""
"HGO07C01","Number of Graduates","2021","2021","IE","All Irish","20","PPSN - Missing","20","Female","504","Physiotherapy","Number","3"
"HGO07C01","Number of Graduates","2021","2021","IE","All Irish","20","PPSN - Missing","20","Female","402","Radiography and Radiation Therapy","Number",""
"HGO07C01","Number of Graduates","2021","2021","IE","All Irish","20","PPSN - Missing","20","Female","702","Social Care","Number",""
"HGO07C01","Number of Graduates","2021","2021","IE","All Irish","20","PPSN - Missing","20","Female","701","Social Work","Number",""
"HGO07C01","Number of Graduates","2021","2021","IE","All Irish","20","PPSN - Missing","20","Female","10","Speech and Language Therapy","Number",""
"HGO07C01","Number of Graduates","2021","2021","IE","All Irish","20","PPSN - Missing","20","Female","V52","Dietetics, Optometry and Podiatry","Number","3"
"HGO07C01","Number of Graduates","2021","2021","IE","All Irish","20","PPSN - Missing","-","All genders","201","Dentistry","Number","3"
"HGO07C01","Number of Graduates","2021","2021","IE","All Irish","20","PPSN - Missing","-","All genders","401","Medical Science","Number",""
"HGO07C01","Number of Graduates","2021","2021","IE","All Irish","20","PPSN - Missing","-","All genders","202","Medicine","Number","15"
"HGO07C01","Number of Graduates","2021","2021","IE","All Irish","20","PPSN - Missing","-","All genders","30","Nursing and Midwifery","Number",""
"HGO07C01","Number of Graduates","2021","2021","IE","All Irish","20","PPSN - Missing","-","All genders","501","Occupational Therapy","Number",""
"HGO07C01","Number of Graduates","2021","2021","IE","All Irish","20","PPSN - Missing","-","All genders","60","Pharmacy","Number",""
"HGO07C01","Number of Graduates","2021","2021","IE","All Irish","20","PPSN - Missing","-","All genders","504","Physiotherapy","Number","6"
"HGO07C01","Number of Graduates","2021","2021","IE","All Irish","20","PPSN - Missing","-","All genders","402","Radiography and Radiation Therapy","Number",""
"HGO07C01","Number of Graduates","2021","2021","IE","All Irish","20","PPSN - Missing","-","All genders","702","Social Care","Number",""
"HGO07C01","Number of Graduates","2021","2021","IE","All Irish","20","PPSN - Missing","-","All genders","701","Social Work","Number",""
"HGO07C01","Number of Graduates","2021","2021","IE","All Irish","20","PPSN - Missing","-","All genders","10","Speech and Language Therapy","Number",""
"HGO07C01","Number of Graduates","2021","2021","IE","All Irish","20","PPSN - Missing","-","All genders","V52","Dietetics, Optometry and Podiatry","Number","3"
"HGO07C01","Number of Graduates","2021","2021","IE","All Irish","-","PPSN - All","10","Male","201","Dentistry","Number","21"
"HGO07C01","Number of Graduates","2021","2021","IE","All Irish","-","PPSN - All","10","Male","401","Medical Science","Number","18"
"HGO07C01","Number of Graduates","2021","2021","IE","All Irish","-","PPSN - All","10","Male","202","Medicine","Number","303"
"HGO07C01","Number of Graduates","2021","2021","IE","All Irish","-","PPSN - All","10","Male","30","Nursing and Midwifery","Number","120"
"HGO07C01","Number of Graduates","2021","2021","IE","All Irish","-","PPSN - All","10","Male","501","Occupational Therapy","Number","12"
"HGO07C01","Number of Graduates","2021","2021","IE","All Irish","-","PPSN - All","10","Male","60","Pharmacy","Number","39"
"HGO07C01","Number of Graduates","2021","2021","IE","All Irish","-","PPSN - All","10","Male","504","Physiotherapy","Number","75"
"HGO07C01","Number of Graduates","2021","2021","IE","All Irish","-","PPSN - All","10","Male","402","Radiography and Radiation Therapy","Number","18"
"HGO07C01","Number of Graduates","2021","2021","IE","All Irish","-","PPSN - All","10","Male","702","Social Care","Number","228"
"HGO07C01","Number of Graduates","2021","2021","IE","All Irish","-","PPSN - All","10","Male","701","Social Work","Number","33"
"HGO07C01","Number of Graduates","2021","2021","IE","All Irish","-","PPSN - All","10","Male","10","Speech and Language Therapy","Number","3"
"HGO07C01","Number of Graduates","2021","2021","IE","All Irish","-","PPSN - All","10","Male","V52","Dietetics, Optometry and Podiatry","Number","12"
"HGO07C01","Number of Graduates","2021","2021","IE","All Irish","-","PPSN - All","20","Female","201","Dentistry","Number","30"
"HGO07C01","Number of Graduates","2021","2021","IE","All Irish","-","PPSN - All","20","Female","401","Medical Science","Number","57"
"HGO07C01","Number of Graduates","2021","2021","IE","All Irish","-","PPSN - All","20","Female","202","Medicine","Number","375"
"HGO07C01","Number of Graduates","2021","2021","IE","All Irish","-","PPSN - All","20","Female","30","Nursing and Midwifery","Number","1374"
"HGO07C01","Number of Graduates","2021","2021","IE","All Irish","-","PPSN - All","20","Female","501","Occupational Therapy","Number","108"
"HGO07C01","Number of Graduates","2021","2021","IE","All Irish","-","PPSN - All","20","Female","60","Pharmacy","Number","99"
"HGO07C01","Number of Graduates","2021","2021","IE","All Irish","-","PPSN - All","20","Female","504","Physiotherapy","Number","132"
"HGO07C01","Number of Graduates","2021","2021","IE","All Irish","-","PPSN - All","20","Female","402","Radiography and Radiation Therapy","Number","111"
"HGO07C01","Number of Graduates","2021","2021","IE","All Irish","-","PPSN - All","20","Female","702","Social Care","Number","999"
"HGO07C01","Number of Graduates","2021","2021","IE","All Irish","-","PPSN - All","20","Female","701","Social Work","Number","159"
"HGO07C01","Number of Graduates","2021","2021","IE","All Irish","-","PPSN - All","20","Female","10","Speech and Language Therapy","Number","108"
"HGO07C01","Number of Graduates","2021","2021","IE","All Irish","-","PPSN - All","20","Female","V52","Dietetics, Optometry and Podiatry","Number","102"
"HGO07C01","Number of Graduates","2021","2021","IE","All Irish","-","PPSN - All","-","All genders","201","Dentistry","Number","51"
"HGO07C01","Number of Graduates","2021","2021","IE","All Irish","-","PPSN - All","-","All genders","401","Medical Science","Number","75"
"HGO07C01","Number of Graduates","2021","2021","IE","All Irish","-","PPSN - All","-","All genders","202","Medicine","Number","678"
"HGO07C01","Number of Graduates","2021","2021","IE","All Irish","-","PPSN - All","-","All genders","30","Nursing and Midwifery","Number","1494"
"HGO07C01","Number of Graduates","2021","2021","IE","All Irish","-","PPSN - All","-","All genders","501","Occupational Therapy","Number","120"
"HGO07C01","Number of Graduates","2021","2021","IE","All Irish","-","PPSN - All","-","All genders","60","Pharmacy","Number","138"
"HGO07C01","Number of Graduates","2021","2021","IE","All Irish","-","PPSN - All","-","All genders","504","Physiotherapy","Number","207"
"HGO07C01","Number of Graduates","2021","2021","IE","All Irish","-","PPSN - All","-","All genders","402","Radiography and Radiation Therapy","Number","132"
"HGO07C01","Number of Graduates","2021","2021","IE","All Irish","-","PPSN - All","-","All genders","702","Social Care","Number","1224"
"HGO07C01","Number of Graduates","2021","2021","IE","All Irish","-","PPSN - All","-","All genders","701","Social Work","Number","192"
"HGO07C01","Number of Graduates","2021","2021","IE","All Irish","-","PPSN - All","-","All genders","10","Speech and Language Therapy","Number","111"
"HGO07C01","Number of Graduates","2021","2021","IE","All Irish","-","PPSN - All","-","All genders","V52","Dietetics, Optometry and Podiatry","Number","114"
"HGO07C01","Number of Graduates","2021","2021","IE05","Non-Irish","10","PPSN - Available","10","Male","201","Dentistry","Number",""
"HGO07C01","Number of Graduates","2021","2021","IE05","Non-Irish","10","PPSN - Available","10","Male","401","Medical Science","Number",""
"HGO07C01","Number of Graduates","2021","2021","IE05","Non-Irish","10","PPSN - Available","10","Male","202","Medicine","Number","54"
"HGO07C01","Number of Graduates","2021","2021","IE05","Non-Irish","10","PPSN - Available","10","Male","30","Nursing and Midwifery","Number","3"
"HGO07C01","Number of Graduates","2021","2021","IE05","Non-Irish","10","PPSN - Available","10","Male","501","Occupational Therapy","Number",""
"HGO07C01","Number of Graduates","2021","2021","IE05","Non-Irish","10","PPSN - Available","10","Male","60","Pharmacy","Number","6"
"HGO07C01","Number of Graduates","2021","2021","IE05","Non-Irish","10","PPSN - Available","10","Male","504","Physiotherapy","Number",""
"HGO07C01","Number of Graduates","2021","2021","IE05","Non-Irish","10","PPSN - Available","10","Male","402","Radiography and Radiation Therapy","Number",""
"HGO07C01","Number of Graduates","2021","2021","IE05","Non-Irish","10","PPSN - Available","10","Male","702","Social Care","Number","24"
"HGO07C01","Number of Graduates","2021","2021","IE05","Non-Irish","10","PPSN - Available","10","Male","701","Social Work","Number",""
"HGO07C01","Number of Graduates","2021","2021","IE05","Non-Irish","10","PPSN - Available","10","Male","10","Speech and Language Therapy","Number",""
"HGO07C01","Number of Graduates","2021","2021","IE05","Non-Irish","10","PPSN - Available","10","Male","V52","Dietetics, Optometry and Podiatry","Number",""
"HGO07C01","Number of Graduates","2021","2021","IE05","Non-Irish","10","PPSN - Available","20","Female","201","Dentistry","Number","3"
"HGO07C01","Number of Graduates","2021","2021","IE05","Non-Irish","10","PPSN - Available","20","Female","401","Medical Science","Number","6"
"HGO07C01","Number of Graduates","2021","2021","IE05","Non-Irish","10","PPSN - Available","20","Female","202","Medicine","Number","66"
"HGO07C01","Number of Graduates","2021","2021","IE05","Non-Irish","10","PPSN - Available","20","Female","30","Nursing and Midwifery","Number","78"
"HGO07C01","Number of Graduates","2021","2021","IE05","Non-Irish","10","PPSN - Available","20","Female","501","Occupational Therapy","Number","3"
"HGO07C01","Number of Graduates","2021","2021","IE05","Non-Irish","10","PPSN - Available","20","Female","60","Pharmacy","Number","3"
"HGO07C01","Number of Graduates","2021","2021","IE05","Non-Irish","10","PPSN - Available","20","Female","504","Physiotherapy","Number",""
"HGO07C01","Number of Graduates","2021","2021","IE05","Non-Irish","10","PPSN - Available","20","Female","402","Radiography and Radiation Therapy","Number","3"
"HGO07C01","Number of Graduates","2021","2021","IE05","Non-Irish","10","PPSN - Available","20","Female","702","Social Care","Number","84"
"HGO07C01","Number of Graduates","2021","2021","IE05","Non-Irish","10","PPSN - Available","20","Female","701","Social Work","Number","12"
"HGO07C01","Number of Graduates","2021","2021","IE05","Non-Irish","10","PPSN - Available","20","Female","10","Speech and Language Therapy","Number","6"
"HGO07C01","Number of Graduates","2021","2021","IE05","Non-Irish","10","PPSN - Available","20","Female","V52","Dietetics, Optometry and Podiatry","Number","6"
"HGO07C01","Number of Graduates","2021","2021","IE05","Non-Irish","10","PPSN - Available","-","All genders","201","Dentistry","Number","3"
"HGO07C01","Number of Graduates","2021","2021","IE05","Non-Irish","10","PPSN - Available","-","All genders","401","Medical Science","Number","6"
"HGO07C01","Number of Graduates","2021","2021","IE05","Non-Irish","10","PPSN - Available","-","All genders","202","Medicine","Number","120"
"HGO07C01","Number of Graduates","2021","2021","IE05","Non-Irish","10","PPSN - Available","-","All genders","30","Nursing and Midwifery","Number","78"
"HGO07C01","Number of Graduates","2021","2021","IE05","Non-Irish","10","PPSN - Available","-","All genders","501","Occupational Therapy","Number","3"
"HGO07C01","Number of Graduates","2021","2021","IE05","Non-Irish","10","PPSN - Available","-","All genders","60","Pharmacy","Number","9"
"HGO07C01","Number of Graduates","2021","2021","IE05","Non-Irish","10","PPSN - Available","-","All genders","504","Physiotherapy","Number",""
"HGO07C01","Number of Graduates","2021","2021","IE05","Non-Irish","10","PPSN - Available","-","All genders","402","Radiography and Radiation Therapy","Number","3"
"HGO07C01","Number of Graduates","2021","2021","IE05","Non-Irish","10","PPSN - Available","-","All genders","702","Social Care","Number","108"
"HGO07C01","Number of Graduates","2021","2021","IE05","Non-Irish","10","PPSN - Available","-","All genders","701","Social Work","Number","12"
"HGO07C01","Number of Graduates","2021","2021","IE05","Non-Irish","10","PPSN - Available","-","All genders","10","Speech and Language Therapy","Number","6"
"HGO07C01","Number of Graduates","2021","2021","IE05","Non-Irish","10","PPSN - Available","-","All genders","V52","Dietetics, Optometry and Podiatry","Number","6"
"HGO07C01","Number of Graduates","2021","2021","IE05","Non-Irish","20","PPSN - Missing","10","Male","201","Dentistry","Number","9"
"HGO07C01","Number of Graduates","2021","2021","IE05","Non-Irish","20","PPSN - Missing","10","Male","401","Medical Science","Number",""
"HGO07C01","Number of Graduates","2021","2021","IE05","Non-Irish","20","PPSN - Missing","10","Male","202","Medicine","Number","219"
"HGO07C01","Number of Graduates","2021","2021","IE05","Non-Irish","20","PPSN - Missing","10","Male","30","Nursing and Midwifery","Number",""
"HGO07C01","Number of Graduates","2021","2021","IE05","Non-Irish","20","PPSN - Missing","10","Male","501","Occupational Therapy","Number",""
"HGO07C01","Number of Graduates","2021","2021","IE05","Non-Irish","20","PPSN - Missing","10","Male","60","Pharmacy","Number",""
"HGO07C01","Number of Graduates","2021","2021","IE05","Non-Irish","20","PPSN - Missing","10","Male","504","Physiotherapy","Number","12"
"HGO07C01","Number of Graduates","2021","2021","IE05","Non-Irish","20","PPSN - Missing","10","Male","402","Radiography and Radiation Therapy","Number","3"
"HGO07C01","Number of Graduates","2021","2021","IE05","Non-Irish","20","PPSN - Missing","10","Male","702","Social Care","Number",""
"HGO07C01","Number of Graduates","2021","2021","IE05","Non-Irish","20","PPSN - Missing","10","Male","701","Social Work","Number",""
"HGO07C01","Number of Graduates","2021","2021","IE05","Non-Irish","20","PPSN - Missing","10","Male","10","Speech and Language Therapy","Number",""
"HGO07C01","Number of Graduates","2021","2021","IE05","Non-Irish","20","PPSN - Missing","10","Male","V52","Dietetics, Optometry and Podiatry","Number",""
"HGO07C01","Number of Graduates","2021","2021","IE05","Non-Irish","20","PPSN - Missing","20","Female","201","Dentistry","Number","15"
"HGO07C01","Number of Graduates","2021","2021","IE05","Non-Irish","20","PPSN - Missing","20","Female","401","Medical Science","Number",""
"HGO07C01","Number of Graduates","2021","2021","IE05","Non-Irish","20","PPSN - Missing","20","Female","202","Medicine","Number","288"
"HGO07C01","Number of Graduates","2021","2021","IE05","Non-Irish","20","PPSN - Missing","20","Female","30","Nursing and Midwifery","Number","6"
"HGO07C01","Number of Graduates","2021","2021","IE05","Non-Irish","20","PPSN - Missing","20","Female","501","Occupational Therapy","Number",""
"HGO07C01","Number of Graduates","2021","2021","IE05","Non-Irish","20","PPSN - Missing","20","Female","60","Pharmacy","Number",""
"HGO07C01","Number of Graduates","2021","2021","IE05","Non-Irish","20","PPSN - Missing","20","Female","504","Physiotherapy","Number","9"
"HGO07C01","Number of Graduates","2021","2021","IE05","Non-Irish","20","PPSN - Missing","20","Female","402","Radiography and Radiation Therapy","Number","3"
"HGO07C01","Number of Graduates","2021","2021","IE05","Non-Irish","20","PPSN - Missing","20","Female","702","Social Care","Number","3"
"HGO07C01","Number of Graduates","2021","2021","IE05","Non-Irish","20","PPSN - Missing","20","Female","701","Social Work","Number","6"
"HGO07C01","Number of Graduates","2021","2021","IE05","Non-Irish","20","PPSN - Missing","20","Female","10","Speech and Language Therapy","Number","3"
"HGO07C01","Number of Graduates","2021","2021","IE05","Non-Irish","20","PPSN - Missing","20","Female","V52","Dietetics, Optometry and Podiatry","Number","6"
"HGO07C01","Number of Graduates","2021","2021","IE05","Non-Irish","20","PPSN - Missing","-","All genders","201","Dentistry","Number","24"
"HGO07C01","Number of Graduates","2021","2021","IE05","Non-Irish","20","PPSN - Missing","-","All genders","401","Medical Science","Number",""
"HGO07C01","Number of Graduates","2021","2021","IE05","Non-Irish","20","PPSN - Missing","-","All genders","202","Medicine","Number","507"
"HGO07C01","Number of Graduates","2021","2021","IE05","Non-Irish","20","PPSN - Missing","-","All genders","30","Nursing and Midwifery","Number","6"
"HGO07C01","Number of Graduates","2021","2021","IE05","Non-Irish","20","PPSN - Missing","-","All genders","501","Occupational Therapy","Number",""
"HGO07C01","Number of Graduates","2021","2021","IE05","Non-Irish","20","PPSN - Missing","-","All genders","60","Pharmacy","Number",""
"HGO07C01","Number of Graduates","2021","2021","IE05","Non-Irish","20","PPSN - Missing","-","All genders","504","Physiotherapy","Number","21"
"HGO07C01","Number of Graduates","2021","2021","IE05","Non-Irish","20","PPSN - Missing","-","All genders","402","Radiography and Radiation Therapy","Number","3"
"HGO07C01","Number of Graduates","2021","2021","IE05","Non-Irish","20","PPSN - Missing","-","All genders","702","Social Care","Number","3"
"HGO07C01","Number of Graduates","2021","2021","IE05","Non-Irish","20","PPSN - Missing","-","All genders","701","Social Work","Number","6"
"HGO07C01","Number of Graduates","2021","2021","IE05","Non-Irish","20","PPSN - Missing","-","All genders","10","Speech and Language Therapy","Number","3"
"HGO07C01","Number of Graduates","2021","2021","IE05","Non-Irish","20","PPSN - Missing","-","All genders","V52","Dietetics, Optometry and Podiatry","Number","6"
"HGO07C01","Number of Graduates","2021","2021","IE05","Non-Irish","-","PPSN - All","10","Male","201","Dentistry","Number","9"
"HGO07C01","Number of Graduates","2021","2021","IE05","Non-Irish","-","PPSN - All","10","Male","401","Medical Science","Number",""
"HGO07C01","Number of Graduates","2021","2021","IE05","Non-Irish","-","PPSN - All","10","Male","202","Medicine","Number","273"
"HGO07C01","Number of Graduates","2021","2021","IE05","Non-Irish","-","PPSN - All","10","Male","30","Nursing and Midwifery","Number","3"
"HGO07C01","Number of Graduates","2021","2021","IE05","Non-Irish","-","PPSN - All","10","Male","501","Occupational Therapy","Number",""
"HGO07C01","Number of Graduates","2021","2021","IE05","Non-Irish","-","PPSN - All","10","Male","60","Pharmacy","Number","6"
"HGO07C01","Number of Graduates","2021","2021","IE05","Non-Irish","-","PPSN - All","10","Male","504","Physiotherapy","Number","12"
"HGO07C01","Number of Graduates","2021","2021","IE05","Non-Irish","-","PPSN - All","10","Male","402","Radiography and Radiation Therapy","Number","3"
"HGO07C01","Number of Graduates","2021","2021","IE05","Non-Irish","-","PPSN - All","10","Male","702","Social Care","Number","27"
"HGO07C01","Number of Graduates","2021","2021","IE05","Non-Irish","-","PPSN - All","10","Male","701","Social Work","Number","3"
"HGO07C01","Number of Graduates","2021","2021","IE05","Non-Irish","-","PPSN - All","10","Male","10","Speech and Language Therapy","Number",""
"HGO07C01","Number of Graduates","2021","2021","IE05","Non-Irish","-","PPSN - All","10","Male","V52","Dietetics, Optometry and Podiatry","Number",""
"HGO07C01","Number of Graduates","2021","2021","IE05","Non-Irish","-","PPSN - All","20","Female","201","Dentistry","Number","18"
"HGO07C01","Number of Graduates","2021","2021","IE05","Non-Irish","-","PPSN - All","20","Female","401","Medical Science","Number","6"
"HGO07C01","Number of Graduates","2021","2021","IE05","Non-Irish","-","PPSN - All","20","Female","202","Medicine","Number","354"
"HGO07C01","Number of Graduates","2021","2021","IE05","Non-Irish","-","PPSN - All","20","Female","30","Nursing and Midwifery","Number","81"
"HGO07C01","Number of Graduates","2021","2021","IE05","Non-Irish","-","PPSN - All","20","Female","501","Occupational Therapy","Number","3"
"HGO07C01","Number of Graduates","2021","2021","IE05","Non-Irish","-","PPSN - All","20","Female","60","Pharmacy","Number","3"
"HGO07C01","Number of Graduates","2021","2021","IE05","Non-Irish","-","PPSN - All","20","Female","504","Physiotherapy","Number","12"
"HGO07C01","Number of Graduates","2021","2021","IE05","Non-Irish","-","PPSN - All","20","Female","402","Radiography and Radiation Therapy","Number","3"
"HGO07C01","Number of Graduates","2021","2021","IE05","Non-Irish","-","PPSN - All","20","Female","702","Social Care","Number","84"
"HGO07C01","Number of Graduates","2021","2021","IE05","Non-Irish","-","PPSN - All","20","Female","701","Social Work","Number","18"
"HGO07C01","Number of Graduates","2021","2021","IE05","Non-Irish","-","PPSN - All","20","Female","10","Speech and Language Therapy","Number","9"
"HGO07C01","Number of Graduates","2021","2021","IE05","Non-Irish","-","PPSN - All","20","Female","V52","Dietetics, Optometry and Podiatry","Number","9"
"HGO07C01","Number of Graduates","2021","2021","IE05","Non-Irish","-","PPSN - All","-","All genders","201","Dentistry","Number","27"
"HGO07C01","Number of Graduates","2021","2021","IE05","Non-Irish","-","PPSN - All","-","All genders","401","Medical Science","Number","6"
"HGO07C01","Number of Graduates","2021","2021","IE05","Non-Irish","-","PPSN - All","-","All genders","202","Medicine","Number","627"
"HGO07C01","Number of Graduates","2021","2021","IE05","Non-Irish","-","PPSN - All","-","All genders","30","Nursing and Midwifery","Number","84"
"HGO07C01","Number of Graduates","2021","2021","IE05","Non-Irish","-","PPSN - All","-","All genders","501","Occupational Therapy","Number","3"
"HGO07C01","Number of Graduates","2021","2021","IE05","Non-Irish","-","PPSN - All","-","All genders","60","Pharmacy","Number","9"
"HGO07C01","Number of Graduates","2021","2021","IE05","Non-Irish","-","PPSN - All","-","All genders","504","Physiotherapy","Number","24"
"HGO07C01","Number of Graduates","2021","2021","IE05","Non-Irish","-","PPSN - All","-","All genders","402","Radiography and Radiation Therapy","Number","6"
"HGO07C01","Number of Graduates","2021","2021","IE05","Non-Irish","-","PPSN - All","-","All genders","702","Social Care","Number","111"
"HGO07C01","Number of Graduates","2021","2021","IE05","Non-Irish","-","PPSN - All","-","All genders","701","Social Work","Number","21"
"HGO07C01","Number of Graduates","2021","2021","IE05","Non-Irish","-","PPSN - All","-","All genders","10","Speech and Language Therapy","Number","9"
"HGO07C01","Number of Graduates","2021","2021","IE05","Non-Irish","-","PPSN - All","-","All genders","V52","Dietetics, Optometry and Podiatry","Number","9"
"HGO07C01","Number of Graduates","2021","2021","-","All nationalities","10","PPSN - Available","10","Male","201","Dentistry","Number","21"
"HGO07C01","Number of Graduates","2021","2021","-","All nationalities","10","PPSN - Available","10","Male","401","Medical Science","Number","18"
"HGO07C01","Number of Graduates","2021","2021","-","All nationalities","10","PPSN - Available","10","Male","202","Medicine","Number","348"
"HGO07C01","Number of Graduates","2021","2021","-","All nationalities","10","PPSN - Available","10","Male","30","Nursing and Midwifery","Number","123"
"HGO07C01","Number of Graduates","2021","2021","-","All nationalities","10","PPSN - Available","10","Male","501","Occupational Therapy","Number","12"
"HGO07C01","Number of Graduates","2021","2021","-","All nationalities","10","PPSN - Available","10","Male","60","Pharmacy","Number","45"
"HGO07C01","Number of Graduates","2021","2021","-","All nationalities","10","PPSN - Available","10","Male","504","Physiotherapy","Number","75"
"HGO07C01","Number of Graduates","2021","2021","-","All nationalities","10","PPSN - Available","10","Male","402","Radiography and Radiation Therapy","Number","18"
"HGO07C01","Number of Graduates","2021","2021","-","All nationalities","10","PPSN - Available","10","Male","702","Social Care","Number","252"
"HGO07C01","Number of Graduates","2021","2021","-","All nationalities","10","PPSN - Available","10","Male","701","Social Work","Number","36"
"HGO07C01","Number of Graduates","2021","2021","-","All nationalities","10","PPSN - Available","10","Male","10","Speech and Language Therapy","Number","3"
"HGO07C01","Number of Graduates","2021","2021","-","All nationalities","10","PPSN - Available","10","Male","V52","Dietetics, Optometry and Podiatry","Number","9"
"HGO07C01","Number of Graduates","2021","2021","-","All nationalities","10","PPSN - Available","20","Female","201","Dentistry","Number","33"
"HGO07C01","Number of Graduates","2021","2021","-","All nationalities","10","PPSN - Available","20","Female","401","Medical Science","Number","63"
"HGO07C01","Number of Graduates","2021","2021","-","All nationalities","10","PPSN - Available","20","Female","202","Medicine","Number","435"
"HGO07C01","Number of Graduates","2021","2021","-","All nationalities","10","PPSN - Available","20","Female","30","Nursing and Midwifery","Number","1449"
"HGO07C01","Number of Graduates","2021","2021","-","All nationalities","10","PPSN - Available","20","Female","501","Occupational Therapy","Number","111"
"HGO07C01","Number of Graduates","2021","2021","-","All nationalities","10","PPSN - Available","20","Female","60","Pharmacy","Number","102"
"HGO07C01","Number of Graduates","2021","2021","-","All nationalities","10","PPSN - Available","20","Female","504","Physiotherapy","Number","129"
"HGO07C01","Number of Graduates","2021","2021","-","All nationalities","10","PPSN - Available","20","Female","402","Radiography and Radiation Therapy","Number","114"
"HGO07C01","Number of Graduates","2021","2021","-","All nationalities","10","PPSN - Available","20","Female","702","Social Care","Number","1080"
"HGO07C01","Number of Graduates","2021","2021","-","All nationalities","10","PPSN - Available","20","Female","701","Social Work","Number","171"
"HGO07C01","Number of Graduates","2021","2021","-","All nationalities","10","PPSN - Available","20","Female","10","Speech and Language Therapy","Number","111"
"HGO07C01","Number of Graduates","2021","2021","-","All nationalities","10","PPSN - Available","20","Female","V52","Dietetics, Optometry and Podiatry","Number","105"
"HGO07C01","Number of Graduates","2021","2021","-","All nationalities","10","PPSN - Available","-","All genders","201","Dentistry","Number","54"
"HGO07C01","Number of Graduates","2021","2021","-","All nationalities","10","PPSN - Available","-","All genders","401","Medical Science","Number","81"
"HGO07C01","Number of Graduates","2021","2021","-","All nationalities","10","PPSN - Available","-","All genders","202","Medicine","Number","783"
"HGO07C01","Number of Graduates","2021","2021","-","All nationalities","10","PPSN - Available","-","All genders","30","Nursing and Midwifery","Number","1572"
"HGO07C01","Number of Graduates","2021","2021","-","All nationalities","10","PPSN - Available","-","All genders","501","Occupational Therapy","Number","123"
"HGO07C01","Number of Graduates","2021","2021","-","All nationalities","10","PPSN - Available","-","All genders","60","Pharmacy","Number","147"
"HGO07C01","Number of Graduates","2021","2021","-","All nationalities","10","PPSN - Available","-","All genders","504","Physiotherapy","Number","201"
"HGO07C01","Number of Graduates","2021","2021","-","All nationalities","10","PPSN - Available","-","All genders","402","Radiography and Radiation Therapy","Number","132"
"HGO07C01","Number of Graduates","2021","2021","-","All nationalities","10","PPSN - Available","-","All genders","702","Social Care","Number","1332"
"HGO07C01","Number of Graduates","2021","2021","-","All nationalities","10","PPSN - Available","-","All genders","701","Social Work","Number","207"
"HGO07C01","Number of Graduates","2021","2021","-","All nationalities","10","PPSN - Available","-","All genders","10","Speech and Language Therapy","Number","114"
"HGO07C01","Number of Graduates","2021","2021","-","All nationalities","10","PPSN - Available","-","All genders","V52","Dietetics, Optometry and Podiatry","Number","114"
"HGO07C01","Number of Graduates","2021","2021","-","All nationalities","20","PPSN - Missing","10","Male","201","Dentistry","Number","9"
"HGO07C01","Number of Graduates","2021","2021","-","All nationalities","20","PPSN - Missing","10","Male","401","Medical Science","Number",""
"HGO07C01","Number of Graduates","2021","2021","-","All nationalities","20","PPSN - Missing","10","Male","202","Medicine","Number","228"
"HGO07C01","Number of Graduates","2021","2021","-","All nationalities","20","PPSN - Missing","10","Male","30","Nursing and Midwifery","Number",""
"HGO07C01","Number of Graduates","2021","2021","-","All nationalities","20","PPSN - Missing","10","Male","501","Occupational Therapy","Number",""
"HGO07C01","Number of Graduates","2021","2021","-","All nationalities","20","PPSN - Missing","10","Male","60","Pharmacy","Number",""
"HGO07C01","Number of Graduates","2021","2021","-","All nationalities","20","PPSN - Missing","10","Male","504","Physiotherapy","Number","12"
"HGO07C01","Number of Graduates","2021","2021","-","All nationalities","20","PPSN - Missing","10","Male","402","Radiography and Radiation Therapy","Number","3"
"HGO07C01","Number of Graduates","2021","2021","-","All nationalities","20","PPSN - Missing","10","Male","702","Social Care","Number","3"
"HGO07C01","Number of Graduates","2021","2021","-","All nationalities","20","PPSN - Missing","10","Male","701","Social Work","Number",""
"HGO07C01","Number of Graduates","2021","2021","-","All nationalities","20","PPSN - Missing","10","Male","10","Speech and Language Therapy","Number",""
"HGO07C01","Number of Graduates","2021","2021","-","All nationalities","20","PPSN - Missing","10","Male","V52","Dietetics, Optometry and Podiatry","Number",""
"HGO07C01","Number of Graduates","2021","2021","-","All nationalities","20","PPSN - Missing","20","Female","201","Dentistry","Number","18"
"HGO07C01","Number of Graduates","2021","2021","-","All nationalities","20","PPSN - Missing","20","Female","401","Medical Science","Number",""
"HGO07C01","Number of Graduates","2021","2021","-","All nationalities","20","PPSN - Missing","20","Female","202","Medicine","Number","294"
"HGO07C01","Number of Graduates","2021","2021","-","All nationalities","20","PPSN - Missing","20","Female","30","Nursing and Midwifery","Number","6"
"HGO07C01","Number of Graduates","2021","2021","-","All nationalities","20","PPSN - Missing","20","Female","501","Occupational Therapy","Number",""
"HGO07C01","Number of Graduates","2021","2021","-","All nationalities","20","PPSN - Missing","20","Female","60","Pharmacy","Number",""
"HGO07C01","Number of Graduates","2021","2021","-","All nationalities","20","PPSN - Missing","20","Female","504","Physiotherapy","Number","15"
"HGO07C01","Number of Graduates","2021","2021","-","All nationalities","20","PPSN - Missing","20","Female","402","Radiography and Radiation Therapy","Number","3"
"HGO07C01","Number of Graduates","2021","2021","-","All nationalities","20","PPSN - Missing","20","Female","702","Social Care","Number","3"
"HGO07C01","Number of Graduates","2021","2021","-","All nationalities","20","PPSN - Missing","20","Female","701","Social Work","Number","6"
"HGO07C01","Number of Graduates","2021","2021","-","All nationalities","20","PPSN - Missing","20","Female","10","Speech and Language Therapy","Number","3"
"HGO07C01","Number of Graduates","2021","2021","-","All nationalities","20","PPSN - Missing","20","Female","V52","Dietetics, Optometry and Podiatry","Number","6"
"HGO07C01","Number of Graduates","2021","2021","-","All nationalities","20","PPSN - Missing","-","All genders","201","Dentistry","Number","27"
"HGO07C01","Number of Graduates","2021","2021","-","All nationalities","20","PPSN - Missing","-","All genders","401","Medical Science","Number",""
"HGO07C01","Number of Graduates","2021","2021","-","All nationalities","20","PPSN - Missing","-","All genders","202","Medicine","Number","522"
"HGO07C01","Number of Graduates","2021","2021","-","All nationalities","20","PPSN - Missing","-","All genders","30","Nursing and Midwifery","Number","6"
"HGO07C01","Number of Graduates","2021","2021","-","All nationalities","20","PPSN - Missing","-","All genders","501","Occupational Therapy","Number",""
"HGO07C01","Number of Graduates","2021","2021","-","All nationalities","20","PPSN - Missing","-","All genders","60","Pharmacy","Number",""
"HGO07C01","Number of Graduates","2021","2021","-","All nationalities","20","PPSN - Missing","-","All genders","504","Physiotherapy","Number","27"
"HGO07C01","Number of Graduates","2021","2021","-","All nationalities","20","PPSN - Missing","-","All genders","402","Radiography and Radiation Therapy","Number","6"
"HGO07C01","Number of Graduates","2021","2021","-","All nationalities","20","PPSN - Missing","-","All genders","702","Social Care","Number","3"
"HGO07C01","Number of Graduates","2021","2021","-","All nationalities","20","PPSN - Missing","-","All genders","701","Social Work","Number","6"
"HGO07C01","Number of Graduates","2021","2021","-","All nationalities","20","PPSN - Missing","-","All genders","10","Speech and Language Therapy","Number","3"
"HGO07C01","Number of Graduates","2021","2021","-","All nationalities","20","PPSN - Missing","-","All genders","V52","Dietetics, Optometry and Podiatry","Number","9"
"HGO07C01","Number of Graduates","2021","2021","-","All nationalities","-","PPSN - All","10","Male","201","Dentistry","Number","30"
"HGO07C01","Number of Graduates","2021","2021","-","All nationalities","-","PPSN - All","10","Male","401","Medical Science","Number","18"
"HGO07C01","Number of Graduates","2021","2021","-","All nationalities","-","PPSN - All","10","Male","202","Medicine","Number","576"
"HGO07C01","Number of Graduates","2021","2021","-","All nationalities","-","PPSN - All","10","Male","30","Nursing and Midwifery","Number","123"
"HGO07C01","Number of Graduates","2021","2021","-","All nationalities","-","PPSN - All","10","Male","501","Occupational Therapy","Number","12"
"HGO07C01","Number of Graduates","2021","2021","-","All nationalities","-","PPSN - All","10","Male","60","Pharmacy","Number","45"
"HGO07C01","Number of Graduates","2021","2021","-","All nationalities","-","PPSN - All","10","Male","504","Physiotherapy","Number","87"
"HGO07C01","Number of Graduates","2021","2021","-","All nationalities","-","PPSN - All","10","Male","402","Radiography and Radiation Therapy","Number","21"
"HGO07C01","Number of Graduates","2021","2021","-","All nationalities","-","PPSN - All","10","Male","702","Social Care","Number","252"
"HGO07C01","Number of Graduates","2021","2021","-","All nationalities","-","PPSN - All","10","Male","701","Social Work","Number","36"
"HGO07C01","Number of Graduates","2021","2021","-","All nationalities","-","PPSN - All","10","Male","10","Speech and Language Therapy","Number","3"
"HGO07C01","Number of Graduates","2021","2021","-","All nationalities","-","PPSN - All","10","Male","V52","Dietetics, Optometry and Podiatry","Number","12"
"HGO07C01","Number of Graduates","2021","2021","-","All nationalities","-","PPSN - All","20","Female","201","Dentistry","Number","48"
"HGO07C01","Number of Graduates","2021","2021","-","All nationalities","-","PPSN - All","20","Female","401","Medical Science","Number","63"
"HGO07C01","Number of Graduates","2021","2021","-","All nationalities","-","PPSN - All","20","Female","202","Medicine","Number","729"
"HGO07C01","Number of Graduates","2021","2021","-","All nationalities","-","PPSN - All","20","Female","30","Nursing and Midwifery","Number","1455"
"HGO07C01","Number of Graduates","2021","2021","-","All nationalities","-","PPSN - All","20","Female","501","Occupational Therapy","Number","111"
"HGO07C01","Number of Graduates","2021","2021","-","All nationalities","-","PPSN - All","20","Female","60","Pharmacy","Number","102"
"HGO07C01","Number of Graduates","2021","2021","-","All nationalities","-","PPSN - All","20","Female","504","Physiotherapy","Number","141"
"HGO07C01","Number of Graduates","2021","2021","-","All nationalities","-","PPSN - All","20","Female","402","Radiography and Radiation Therapy","Number","117"
"HGO07C01","Number of Graduates","2021","2021","-","All nationalities","-","PPSN - All","20","Female","702","Social Care","Number","1083"
"HGO07C01","Number of Graduates","2021","2021","-","All nationalities","-","PPSN - All","20","Female","701","Social Work","Number","177"
"HGO07C01","Number of Graduates","2021","2021","-","All nationalities","-","PPSN - All","20","Female","10","Speech and Language Therapy","Number","117"
"HGO07C01","Number of Graduates","2021","2021","-","All nationalities","-","PPSN - All","20","Female","V52","Dietetics, Optometry and Podiatry","Number","111"
"HGO07C01","Number of Graduates","2021","2021","-","All nationalities","-","PPSN - All","-","All genders","201","Dentistry","Number","81"
"HGO07C01","Number of Graduates","2021","2021","-","All nationalities","-","PPSN - All","-","All genders","401","Medical Science","Number","81"
"HGO07C01","Number of Graduates","2021","2021","-","All nationalities","-","PPSN - All","-","All genders","202","Medicine","Number","1305"
"HGO07C01","Number of Graduates","2021","2021","-","All nationalities","-","PPSN - All","-","All genders","30","Nursing and Midwifery","Number","1578"
"HGO07C01","Number of Graduates","2021","2021","-","All nationalities","-","PPSN - All","-","All genders","501","Occupational Therapy","Number","123"
"HGO07C01","Number of Graduates","2021","2021","-","All nationalities","-","PPSN - All","-","All genders","60","Pharmacy","Number","147"
"HGO07C01","Number of Graduates","2021","2021","-","All nationalities","-","PPSN - All","-","All genders","504","Physiotherapy","Number","228"
"HGO07C01","Number of Graduates","2021","2021","-","All nationalities","-","PPSN - All","-","All genders","402","Radiography and Radiation Therapy","Number","138"
"HGO07C01","Number of Graduates","2021","2021","-","All nationalities","-","PPSN - All","-","All genders","702","Social Care","Number","1335"
"HGO07C01","Number of Graduates","2021","2021","-","All nationalities","-","PPSN - All","-","All genders","701","Social Work","Number","213"
"HGO07C01","Number of Graduates","2021","2021","-","All nationalities","-","PPSN - All","-","All genders","10","Speech and Language Therapy","Number","120"
"HGO07C01","Number of Graduates","2021","2021","-","All nationalities","-","PPSN - All","-","All genders","V52","Dietetics, Optometry and Podiatry","Number","123"
"HGO07C01","Number of Graduates","2022","2022","IE","All Irish","10","PPSN - Available","10","Male","201","Dentistry","Number","9"
"HGO07C01","Number of Graduates","2022","2022","IE","All Irish","10","PPSN - Available","10","Male","401","Medical Science","Number","15"
"HGO07C01","Number of Graduates","2022","2022","IE","All Irish","10","PPSN - Available","10","Male","202","Medicine","Number","276"
"HGO07C01","Number of Graduates","2022","2022","IE","All Irish","10","PPSN - Available","10","Male","30","Nursing and Midwifery","Number","108"
"HGO07C01","Number of Graduates","2022","2022","IE","All Irish","10","PPSN - Available","10","Male","501","Occupational Therapy","Number","9"
"HGO07C01","Number of Graduates","2022","2022","IE","All Irish","10","PPSN - Available","10","Male","60","Pharmacy","Number","39"
"HGO07C01","Number of Graduates","2022","2022","IE","All Irish","10","PPSN - Available","10","Male","504","Physiotherapy","Number","69"
"HGO07C01","Number of Graduates","2022","2022","IE","All Irish","10","PPSN - Available","10","Male","402","Radiography and Radiation Therapy","Number","33"
"HGO07C01","Number of Graduates","2022","2022","IE","All Irish","10","PPSN - Available","10","Male","702","Social Care","Number","216"
"HGO07C01","Number of Graduates","2022","2022","IE","All Irish","10","PPSN - Available","10","Male","701","Social Work","Number","30"
"HGO07C01","Number of Graduates","2022","2022","IE","All Irish","10","PPSN - Available","10","Male","10","Speech and Language Therapy","Number","3"
"HGO07C01","Number of Graduates","2022","2022","IE","All Irish","10","PPSN - Available","10","Male","V52","Dietetics, Optometry and Podiatry","Number","15"
"HGO07C01","Number of Graduates","2022","2022","IE","All Irish","10","PPSN - Available","20","Female","201","Dentistry","Number","33"
"HGO07C01","Number of Graduates","2022","2022","IE","All Irish","10","PPSN - Available","20","Female","401","Medical Science","Number","60"
"HGO07C01","Number of Graduates","2022","2022","IE","All Irish","10","PPSN - Available","20","Female","202","Medicine","Number","351"
"HGO07C01","Number of Graduates","2022","2022","IE","All Irish","10","PPSN - Available","20","Female","30","Nursing and Midwifery","Number","1341"
"HGO07C01","Number of Graduates","2022","2022","IE","All Irish","10","PPSN - Available","20","Female","501","Occupational Therapy","Number","108"
"HGO07C01","Number of Graduates","2022","2022","IE","All Irish","10","PPSN - Available","20","Female","60","Pharmacy","Number","108"
"HGO07C01","Number of Graduates","2022","2022","IE","All Irish","10","PPSN - Available","20","Female","504","Physiotherapy","Number","123"
"HGO07C01","Number of Graduates","2022","2022","IE","All Irish","10","PPSN - Available","20","Female","402","Radiography and Radiation Therapy","Number","105"
"HGO07C01","Number of Graduates","2022","2022","IE","All Irish","10","PPSN - Available","20","Female","702","Social Care","Number","1002"
"HGO07C01","Number of Graduates","2022","2022","IE","All Irish","10","PPSN - Available","20","Female","701","Social Work","Number","192"
"HGO07C01","Number of Graduates","2022","2022","IE","All Irish","10","PPSN - Available","20","Female","10","Speech and Language Therapy","Number","96"
"HGO07C01","Number of Graduates","2022","2022","IE","All Irish","10","PPSN - Available","20","Female","V52","Dietetics, Optometry and Podiatry","Number","93"
"HGO07C01","Number of Graduates","2022","2022","IE","All Irish","10","PPSN - Available","-","All genders","201","Dentistry","Number","42"
"HGO07C01","Number of Graduates","2022","2022","IE","All Irish","10","PPSN - Available","-","All genders","401","Medical Science","Number","75"
"HGO07C01","Number of Graduates","2022","2022","IE","All Irish","10","PPSN - Available","-","All genders","202","Medicine","Number","627"
"HGO07C01","Number of Graduates","2022","2022","IE","All Irish","10","PPSN - Available","-","All genders","30","Nursing and Midwifery","Number","1449"
"HGO07C01","Number of Graduates","2022","2022","IE","All Irish","10","PPSN - Available","-","All genders","501","Occupational Therapy","Number","120"
"HGO07C01","Number of Graduates","2022","2022","IE","All Irish","10","PPSN - Available","-","All genders","60","Pharmacy","Number","147"
"HGO07C01","Number of Graduates","2022","2022","IE","All Irish","10","PPSN - Available","-","All genders","504","Physiotherapy","Number","192"
"HGO07C01","Number of Graduates","2022","2022","IE","All Irish","10","PPSN - Available","-","All genders","402","Radiography and Radiation Therapy","Number","138"
"HGO07C01","Number of Graduates","2022","2022","IE","All Irish","10","PPSN - Available","-","All genders","702","Social Care","Number","1218"
"HGO07C01","Number of Graduates","2022","2022","IE","All Irish","10","PPSN - Available","-","All genders","701","Social Work","Number","219"
"HGO07C01","Number of Graduates","2022","2022","IE","All Irish","10","PPSN - Available","-","All genders","10","Speech and Language Therapy","Number","102"
"HGO07C01","Number of Graduates","2022","2022","IE","All Irish","10","PPSN - Available","-","All genders","V52","Dietetics, Optometry and Podiatry","Number","108"
"HGO07C01","Number of Graduates","2022","2022","IE","All Irish","20","PPSN - Missing","10","Male","201","Dentistry","Number",""
"HGO07C01","Number of Graduates","2022","2022","IE","All Irish","20","PPSN - Missing","10","Male","401","Medical Science","Number",""
"HGO07C01","Number of Graduates","2022","2022","IE","All Irish","20","PPSN - Missing","10","Male","202","Medicine","Number","3"
"HGO07C01","Number of Graduates","2022","2022","IE","All Irish","20","PPSN - Missing","10","Male","30","Nursing and Midwifery","Number","3"
"HGO07C01","Number of Graduates","2022","2022","IE","All Irish","20","PPSN - Missing","10","Male","501","Occupational Therapy","Number",""
"HGO07C01","Number of Graduates","2022","2022","IE","All Irish","20","PPSN - Missing","10","Male","60","Pharmacy","Number",""
"HGO07C01","Number of Graduates","2022","2022","IE","All Irish","20","PPSN - Missing","10","Male","504","Physiotherapy","Number",""
"HGO07C01","Number of Graduates","2022","2022","IE","All Irish","20","PPSN - Missing","10","Male","402","Radiography and Radiation Therapy","Number",""
"HGO07C01","Number of Graduates","2022","2022","IE","All Irish","20","PPSN - Missing","10","Male","702","Social Care","Number",""
"HGO07C01","Number of Graduates","2022","2022","IE","All Irish","20","PPSN - Missing","10","Male","701","Social Work","Number",""
"HGO07C01","Number of Graduates","2022","2022","IE","All Irish","20","PPSN - Missing","10","Male","10","Speech and Language Therapy","Number",""
"HGO07C01","Number of Graduates","2022","2022","IE","All Irish","20","PPSN - Missing","10","Male","V52","Dietetics, Optometry and Podiatry","Number",""
"HGO07C01","Number of Graduates","2022","2022","IE","All Irish","20","PPSN - Missing","20","Female","201","Dentistry","Number",""
"HGO07C01","Number of Graduates","2022","2022","IE","All Irish","20","PPSN - Missing","20","Female","401","Medical Science","Number",""
"HGO07C01","Number of Graduates","2022","2022","IE","All Irish","20","PPSN - Missing","20","Female","202","Medicine","Number","6"
"HGO07C01","Number of Graduates","2022","2022","IE","All Irish","20","PPSN - Missing","20","Female","30","Nursing and Midwifery","Number","6"
"HGO07C01","Number of Graduates","2022","2022","IE","All Irish","20","PPSN - Missing","20","Female","501","Occupational Therapy","Number",""
"HGO07C01","Number of Graduates","2022","2022","IE","All Irish","20","PPSN - Missing","20","Female","60","Pharmacy","Number",""
"HGO07C01","Number of Graduates","2022","2022","IE","All Irish","20","PPSN - Missing","20","Female","504","Physiotherapy","Number","3"
"HGO07C01","Number of Graduates","2022","2022","IE","All Irish","20","PPSN - Missing","20","Female","402","Radiography and Radiation Therapy","Number",""
"HGO07C01","Number of Graduates","2022","2022","IE","All Irish","20","PPSN - Missing","20","Female","702","Social Care","Number",""
"HGO07C01","Number of Graduates","2022","2022","IE","All Irish","20","PPSN - Missing","20","Female","701","Social Work","Number",""
"HGO07C01","Number of Graduates","2022","2022","IE","All Irish","20","PPSN - Missing","20","Female","10","Speech and Language Therapy","Number",""
"HGO07C01","Number of Graduates","2022","2022","IE","All Irish","20","PPSN - Missing","20","Female","V52","Dietetics, Optometry and Podiatry","Number",""
"HGO07C01","Number of Graduates","2022","2022","IE","All Irish","20","PPSN - Missing","-","All genders","201","Dentistry","Number",""
"HGO07C01","Number of Graduates","2022","2022","IE","All Irish","20","PPSN - Missing","-","All genders","401","Medical Science","Number",""
"HGO07C01","Number of Graduates","2022","2022","IE","All Irish","20","PPSN - Missing","-","All genders","202","Medicine","Number","9"
"HGO07C01","Number of Graduates","2022","2022","IE","All Irish","20","PPSN - Missing","-","All genders","30","Nursing and Midwifery","Number","9"
"HGO07C01","Number of Graduates","2022","2022","IE","All Irish","20","PPSN - Missing","-","All genders","501","Occupational Therapy","Number",""
"HGO07C01","Number of Graduates","2022","2022","IE","All Irish","20","PPSN - Missing","-","All genders","60","Pharmacy","Number",""
"HGO07C01","Number of Graduates","2022","2022","IE","All Irish","20","PPSN - Missing","-","All genders","504","Physiotherapy","Number","3"
"HGO07C01","Number of Graduates","2022","2022","IE","All Irish","20","PPSN - Missing","-","All genders","402","Radiography and Radiation Therapy","Number",""
"HGO07C01","Number of Graduates","2022","2022","IE","All Irish","20","PPSN - Missing","-","All genders","702","Social Care","Number",""
"HGO07C01","Number of Graduates","2022","2022","IE","All Irish","20","PPSN - Missing","-","All genders","701","Social Work","Number",""
"HGO07C01","Number of Graduates","2022","2022","IE","All Irish","20","PPSN - Missing","-","All genders","10","Speech and Language Therapy","Number",""
"HGO07C01","Number of Graduates","2022","2022","IE","All Irish","20","PPSN - Missing","-","All genders","V52","Dietetics, Optometry and Podiatry","Number",""
"HGO07C01","Number of Graduates","2022","2022","IE","All Irish","-","PPSN - All","10","Male","201","Dentistry","Number","9"
"HGO07C01","Number of Graduates","2022","2022","IE","All Irish","-","PPSN - All","10","Male","401","Medical Science","Number","15"
"HGO07C01","Number of Graduates","2022","2022","IE","All Irish","-","PPSN - All","10","Male","202","Medicine","Number","279"
"HGO07C01","Number of Graduates","2022","2022","IE","All Irish","-","PPSN - All","10","Male","30","Nursing and Midwifery","Number","111"
"HGO07C01","Number of Graduates","2022","2022","IE","All Irish","-","PPSN - All","10","Male","501","Occupational Therapy","Number","9"
"HGO07C01","Number of Graduates","2022","2022","IE","All Irish","-","PPSN - All","10","Male","60","Pharmacy","Number","39"
"HGO07C01","Number of Graduates","2022","2022","IE","All Irish","-","PPSN - All","10","Male","504","Physiotherapy","Number","69"
"HGO07C01","Number of Graduates","2022","2022","IE","All Irish","-","PPSN - All","10","Male","402","Radiography and Radiation Therapy","Number","33"
"HGO07C01","Number of Graduates","2022","2022","IE","All Irish","-","PPSN - All","10","Male","702","Social Care","Number","216"
"HGO07C01","Number of Graduates","2022","2022","IE","All Irish","-","PPSN - All","10","Male","701","Social Work","Number","30"
"HGO07C01","Number of Graduates","2022","2022","IE","All Irish","-","PPSN - All","10","Male","10","Speech and Language Therapy","Number","3"
"HGO07C01","Number of Graduates","2022","2022","IE","All Irish","-","PPSN - All","10","Male","V52","Dietetics, Optometry and Podiatry","Number","15"
"HGO07C01","Number of Graduates","2022","2022","IE","All Irish","-","PPSN - All","20","Female","201","Dentistry","Number","33"
"HGO07C01","Number of Graduates","2022","2022","IE","All Irish","-","PPSN - All","20","Female","401","Medical Science","Number","60"
"HGO07C01","Number of Graduates","2022","2022","IE","All Irish","-","PPSN - All","20","Female","202","Medicine","Number","357"
"HGO07C01","Number of Graduates","2022","2022","IE","All Irish","-","PPSN - All","20","Female","30","Nursing and Midwifery","Number","1347"
"HGO07C01","Number of Graduates","2022","2022","IE","All Irish","-","PPSN - All","20","Female","501","Occupational Therapy","Number","108"
"HGO07C01","Number of Graduates","2022","2022","IE","All Irish","-","PPSN - All","20","Female","60","Pharmacy","Number","108"
"HGO07C01","Number of Graduates","2022","2022","IE","All Irish","-","PPSN - All","20","Female","504","Physiotherapy","Number","126"
"HGO07C01","Number of Graduates","2022","2022","IE","All Irish","-","PPSN - All","20","Female","402","Radiography and Radiation Therapy","Number","105"
"HGO07C01","Number of Graduates","2022","2022","IE","All Irish","-","PPSN - All","20","Female","702","Social Care","Number","1002"
"HGO07C01","Number of Graduates","2022","2022","IE","All Irish","-","PPSN - All","20","Female","701","Social Work","Number","192"
"HGO07C01","Number of Graduates","2022","2022","IE","All Irish","-","PPSN - All","20","Female","10","Speech and Language Therapy","Number","99"
"HGO07C01","Number of Graduates","2022","2022","IE","All Irish","-","PPSN - All","20","Female","V52","Dietetics, Optometry and Podiatry","Number","93"
"HGO07C01","Number of Graduates","2022","2022","IE","All Irish","-","PPSN - All","-","All genders","201","Dentistry","Number","42"
"HGO07C01","Number of Graduates","2022","2022","IE","All Irish","-","PPSN - All","-","All genders","401","Medical Science","Number","75"
"HGO07C01","Number of Graduates","2022","2022","IE","All Irish","-","PPSN - All","-","All genders","202","Medicine","Number","636"
"HGO07C01","Number of Graduates","2022","2022","IE","All Irish","-","PPSN - All","-","All genders","30","Nursing and Midwifery","Number","1458"
"HGO07C01","Number of Graduates","2022","2022","IE","All Irish","-","PPSN - All","-","All genders","501","Occupational Therapy","Number","120"
"HGO07C01","Number of Graduates","2022","2022","IE","All Irish","-","PPSN - All","-","All genders","60","Pharmacy","Number","147"
"HGO07C01","Number of Graduates","2022","2022","IE","All Irish","-","PPSN - All","-","All genders","504","Physiotherapy","Number","195"
"HGO07C01","Number of Graduates","2022","2022","IE","All Irish","-","PPSN - All","-","All genders","402","Radiography and Radiation Therapy","Number","138"
"HGO07C01","Number of Graduates","2022","2022","IE","All Irish","-","PPSN - All","-","All genders","702","Social Care","Number","1218"
"HGO07C01","Number of Graduates","2022","2022","IE","All Irish","-","PPSN - All","-","All genders","701","Social Work","Number","222"
"HGO07C01","Number of Graduates","2022","2022","IE","All Irish","-","PPSN - All","-","All genders","10","Speech and Language Therapy","Number","102"
"HGO07C01","Number of Graduates","2022","2022","IE","All Irish","-","PPSN - All","-","All genders","V52","Dietetics, Optometry and Podiatry","Number","108"
"HGO07C01","Number of Graduates","2022","2022","IE05","Non-Irish","10","PPSN - Available","10","Male","201","Dentistry","Number","3"
"HGO07C01","Number of Graduates","2022","2022","IE05","Non-Irish","10","PPSN - Available","10","Male","401","Medical Science","Number",""
"HGO07C01","Number of Graduates","2022","2022","IE05","Non-Irish","10","PPSN - Available","10","Male","202","Medicine","Number","63"
"HGO07C01","Number of Graduates","2022","2022","IE05","Non-Irish","10","PPSN - Available","10","Male","30","Nursing and Midwifery","Number","9"
"HGO07C01","Number of Graduates","2022","2022","IE05","Non-Irish","10","PPSN - Available","10","Male","501","Occupational Therapy","Number",""
"HGO07C01","Number of Graduates","2022","2022","IE05","Non-Irish","10","PPSN - Available","10","Male","60","Pharmacy","Number","3"
"HGO07C01","Number of Graduates","2022","2022","IE05","Non-Irish","10","PPSN - Available","10","Male","504","Physiotherapy","Number","3"
"HGO07C01","Number of Graduates","2022","2022","IE05","Non-Irish","10","PPSN - Available","10","Male","402","Radiography and Radiation Therapy","Number",""
"HGO07C01","Number of Graduates","2022","2022","IE05","Non-Irish","10","PPSN - Available","10","Male","702","Social Care","Number","30"
"HGO07C01","Number of Graduates","2022","2022","IE05","Non-Irish","10","PPSN - Available","10","Male","701","Social Work","Number","3"
"HGO07C01","Number of Graduates","2022","2022","IE05","Non-Irish","10","PPSN - Available","10","Male","10","Speech and Language Therapy","Number",""
"HGO07C01","Number of Graduates","2022","2022","IE05","Non-Irish","10","PPSN - Available","10","Male","V52","Dietetics, Optometry and Podiatry","Number",""
"HGO07C01","Number of Graduates","2022","2022","IE05","Non-Irish","10","PPSN - Available","20","Female","201","Dentistry","Number","9"
"HGO07C01","Number of Graduates","2022","2022","IE05","Non-Irish","10","PPSN - Available","20","Female","401","Medical Science","Number","12"
"HGO07C01","Number of Graduates","2022","2022","IE05","Non-Irish","10","PPSN - Available","20","Female","202","Medicine","Number","87"
"HGO07C01","Number of Graduates","2022","2022","IE05","Non-Irish","10","PPSN - Available","20","Female","30","Nursing and Midwifery","Number","78"
"HGO07C01","Number of Graduates","2022","2022","IE05","Non-Irish","10","PPSN - Available","20","Female","501","Occupational Therapy","Number","3"
"HGO07C01","Number of Graduates","2022","2022","IE05","Non-Irish","10","PPSN - Available","20","Female","60","Pharmacy","Number","3"
"HGO07C01","Number of Graduates","2022","2022","IE05","Non-Irish","10","PPSN - Available","20","Female","504","Physiotherapy","Number","15"
"HGO07C01","Number of Graduates","2022","2022","IE05","Non-Irish","10","PPSN - Available","20","Female","402","Radiography and Radiation Therapy","Number","3"
"HGO07C01","Number of Graduates","2022","2022","IE05","Non-Irish","10","PPSN - Available","20","Female","702","Social Care","Number","105"
"HGO07C01","Number of Graduates","2022","2022","IE05","Non-Irish","10","PPSN - Available","20","Female","701","Social Work","Number","9"
"HGO07C01","Number of Graduates","2022","2022","IE05","Non-Irish","10","PPSN - Available","20","Female","10","Speech and Language Therapy","Number","3"
"HGO07C01","Number of Graduates","2022","2022","IE05","Non-Irish","10","PPSN - Available","20","Female","V52","Dietetics, Optometry and Podiatry","Number","6"
"HGO07C01","Number of Graduates","2022","2022","IE05","Non-Irish","10","PPSN - Available","-","All genders","201","Dentistry","Number","12"
"HGO07C01","Number of Graduates","2022","2022","IE05","Non-Irish","10","PPSN - Available","-","All genders","401","Medical Science","Number","12"
"HGO07C01","Number of Graduates","2022","2022","IE05","Non-Irish","10","PPSN - Available","-","All genders","202","Medicine","Number","153"
"HGO07C01","Number of Graduates","2022","2022","IE05","Non-Irish","10","PPSN - Available","-","All genders","30","Nursing and Midwifery","Number","87"
"HGO07C01","Number of Graduates","2022","2022","IE05","Non-Irish","10","PPSN - Available","-","All genders","501","Occupational Therapy","Number","3"
"HGO07C01","Number of Graduates","2022","2022","IE05","Non-Irish","10","PPSN - Available","-","All genders","60","Pharmacy","Number","6"
"HGO07C01","Number of Graduates","2022","2022","IE05","Non-Irish","10","PPSN - Available","-","All genders","504","Physiotherapy","Number","18"
"HGO07C01","Number of Graduates","2022","2022","IE05","Non-Irish","10","PPSN - Available","-","All genders","402","Radiography and Radiation Therapy","Number","3"
"HGO07C01","Number of Graduates","2022","2022","IE05","Non-Irish","10","PPSN - Available","-","All genders","702","Social Care","Number","135"
"HGO07C01","Number of Graduates","2022","2022","IE05","Non-Irish","10","PPSN - Available","-","All genders","701","Social Work","Number","9"
"HGO07C01","Number of Graduates","2022","2022","IE05","Non-Irish","10","PPSN - Available","-","All genders","10","Speech and Language Therapy","Number","3"
"HGO07C01","Number of Graduates","2022","2022","IE05","Non-Irish","10","PPSN - Available","-","All genders","V52","Dietetics, Optometry and Podiatry","Number","6"
"HGO07C01","Number of Graduates","2022","2022","IE05","Non-Irish","20","PPSN - Missing","10","Male","201","Dentistry","Number","6"
"HGO07C01","Number of Graduates","2022","2022","IE05","Non-Irish","20","PPSN - Missing","10","Male","401","Medical Science","Number",""
"HGO07C01","Number of Graduates","2022","2022","IE05","Non-Irish","20","PPSN - Missing","10","Male","202","Medicine","Number","195"
"HGO07C01","Number of Graduates","2022","2022","IE05","Non-Irish","20","PPSN - Missing","10","Male","30","Nursing and Midwifery","Number",""
"HGO07C01","Number of Graduates","2022","2022","IE05","Non-Irish","20","PPSN - Missing","10","Male","501","Occupational Therapy","Number",""
"HGO07C01","Number of Graduates","2022","2022","IE05","Non-Irish","20","PPSN - Missing","10","Male","60","Pharmacy","Number",""
"HGO07C01","Number of Graduates","2022","2022","IE05","Non-Irish","20","PPSN - Missing","10","Male","504","Physiotherapy","Number","6"
"HGO07C01","Number of Graduates","2022","2022","IE05","Non-Irish","20","PPSN - Missing","10","Male","402","Radiography and Radiation Therapy","Number",""
"HGO07C01","Number of Graduates","2022","2022","IE05","Non-Irish","20","PPSN - Missing","10","Male","702","Social Care","Number","3"
"HGO07C01","Number of Graduates","2022","2022","IE05","Non-Irish","20","PPSN - Missing","10","Male","701","Social Work","Number",""
"HGO07C01","Number of Graduates","2022","2022","IE05","Non-Irish","20","PPSN - Missing","10","Male","10","Speech and Language Therapy","Number",""
"HGO07C01","Number of Graduates","2022","2022","IE05","Non-Irish","20","PPSN - Missing","10","Male","V52","Dietetics, Optometry and Podiatry","Number",""
"HGO07C01","Number of Graduates","2022","2022","IE05","Non-Irish","20","PPSN - Missing","20","Female","201","Dentistry","Number","12"
"HGO07C01","Number of Graduates","2022","2022","IE05","Non-Irish","20","PPSN - Missing","20","Female","401","Medical Science","Number",""
"HGO07C01","Number of Graduates","2022","2022","IE05","Non-Irish","20","PPSN - Missing","20","Female","202","Medicine","Number","270"
"HGO07C01","Number of Graduates","2022","2022","IE05","Non-Irish","20","PPSN - Missing","20","Female","30","Nursing and Midwifery","Number","3"
"HGO07C01","Number of Graduates","2022","2022","IE05","Non-Irish","20","PPSN - Missing","20","Female","501","Occupational Therapy","Number","3"
"HGO07C01","Number of Graduates","2022","2022","IE05","Non-Irish","20","PPSN - Missing","20","Female","60","Pharmacy","Number",""
"HGO07C01","Number of Graduates","2022","2022","IE05","Non-Irish","20","PPSN - Missing","20","Female","504","Physiotherapy","Number","3"
"HGO07C01","Number of Graduates","2022","2022","IE05","Non-Irish","20","PPSN - Missing","20","Female","402","Radiography and Radiation Therapy","Number",""
"HGO07C01","Number of Graduates","2022","2022","IE05","Non-Irish","20","PPSN - Missing","20","Female","702","Social Care","Number",""
"HGO07C01","Number of Graduates","2022","2022","IE05","Non-Irish","20","PPSN - Missing","20","Female","701","Social Work","Number",""
"HGO07C01","Number of Graduates","2022","2022","IE05","Non-Irish","20","PPSN - Missing","20","Female","10","Speech and Language Therapy","Number","6"
"HGO07C01","Number of Graduates","2022","2022","IE05","Non-Irish","20","PPSN - Missing","20","Female","V52","Dietetics, Optometry and Podiatry","Number","3"
"HGO07C01","Number of Graduates","2022","2022","IE05","Non-Irish","20","PPSN - Missing","-","All genders","201","Dentistry","Number","18"
"HGO07C01","Number of Graduates","2022","2022","IE05","Non-Irish","20","PPSN - Missing","-","All genders","401","Medical Science","Number",""
"HGO07C01","Number of Graduates","2022","2022","IE05","Non-Irish","20","PPSN - Missing","-","All genders","202","Medicine","Number","465"
"HGO07C01","Number of Graduates","2022","2022","IE05","Non-Irish","20","PPSN - Missing","-","All genders","30","Nursing and Midwifery","Number","3"
"HGO07C01","Number of Graduates","2022","2022","IE05","Non-Irish","20","PPSN - Missing","-","All genders","501","Occupational Therapy","Number","3"
"HGO07C01","Number of Graduates","2022","2022","IE05","Non-Irish","20","PPSN - Missing","-","All genders","60","Pharmacy","Number","3"
"HGO07C01","Number of Graduates","2022","2022","IE05","Non-Irish","20","PPSN - Missing","-","All genders","504","Physiotherapy","Number","6"
"HGO07C01","Number of Graduates","2022","2022","IE05","Non-Irish","20","PPSN - Missing","-","All genders","402","Radiography and Radiation Therapy","Number",""
"HGO07C01","Number of Graduates","2022","2022","IE05","Non-Irish","20","PPSN - Missing","-","All genders","702","Social Care","Number","3"
"HGO07C01","Number of Graduates","2022","2022","IE05","Non-Irish","20","PPSN - Missing","-","All genders","701","Social Work","Number",""
"HGO07C01","Number of Graduates","2022","2022","IE05","Non-Irish","20","PPSN - Missing","-","All genders","10","Speech and Language Therapy","Number","6"
"HGO07C01","Number of Graduates","2022","2022","IE05","Non-Irish","20","PPSN - Missing","-","All genders","V52","Dietetics, Optometry and Podiatry","Number","3"
"HGO07C01","Number of Graduates","2022","2022","IE05","Non-Irish","-","PPSN - All","10","Male","201","Dentistry","Number","9"
"HGO07C01","Number of Graduates","2022","2022","IE05","Non-Irish","-","PPSN - All","10","Male","401","Medical Science","Number",""
"HGO07C01","Number of Graduates","2022","2022","IE05","Non-Irish","-","PPSN - All","10","Male","202","Medicine","Number","261"
"HGO07C01","Number of Graduates","2022","2022","IE05","Non-Irish","-","PPSN - All","10","Male","30","Nursing and Midwifery","Number","9"
"HGO07C01","Number of Graduates","2022","2022","IE05","Non-Irish","-","PPSN - All","10","Male","501","Occupational Therapy","Number",""
"HGO07C01","Number of Graduates","2022","2022","IE05","Non-Irish","-","PPSN - All","10","Male","60","Pharmacy","Number","3"
"HGO07C01","Number of Graduates","2022","2022","IE05","Non-Irish","-","PPSN - All","10","Male","504","Physiotherapy","Number","9"
"HGO07C01","Number of Graduates","2022","2022","IE05","Non-Irish","-","PPSN - All","10","Male","402","Radiography and Radiation Therapy","Number",""
"HGO07C01","Number of Graduates","2022","2022","IE05","Non-Irish","-","PPSN - All","10","Male","702","Social Care","Number","33"
"HGO07C01","Number of Graduates","2022","2022","IE05","Non-Irish","-","PPSN - All","10","Male","701","Social Work","Number","3"
"HGO07C01","Number of Graduates","2022","2022","IE05","Non-Irish","-","PPSN - All","10","Male","10","Speech and Language Therapy","Number",""
"HGO07C01","Number of Graduates","2022","2022","IE05","Non-Irish","-","PPSN - All","10","Male","V52","Dietetics, Optometry and Podiatry","Number",""
"HGO07C01","Number of Graduates","2022","2022","IE05","Non-Irish","-","PPSN - All","20","Female","201","Dentistry","Number","21"
"HGO07C01","Number of Graduates","2022","2022","IE05","Non-Irish","-","PPSN - All","20","Female","401","Medical Science","Number","12"
"HGO07C01","Number of Graduates","2022","2022","IE05","Non-Irish","-","PPSN - All","20","Female","202","Medicine","Number","357"
"HGO07C01","Number of Graduates","2022","2022","IE05","Non-Irish","-","PPSN - All","20","Female","30","Nursing and Midwifery","Number","78"
"HGO07C01","Number of Graduates","2022","2022","IE05","Non-Irish","-","PPSN - All","20","Female","501","Occupational Therapy","Number","6"
"HGO07C01","Number of Graduates","2022","2022","IE05","Non-Irish","-","PPSN - All","20","Female","60","Pharmacy","Number","6"
"HGO07C01","Number of Graduates","2022","2022","IE05","Non-Irish","-","PPSN - All","20","Female","504","Physiotherapy","Number","18"
"HGO07C01","Number of Graduates","2022","2022","IE05","Non-Irish","-","PPSN - All","20","Female","402","Radiography and Radiation Therapy","Number","6"
"HGO07C01","Number of Graduates","2022","2022","IE05","Non-Irish","-","PPSN - All","20","Female","702","Social Care","Number","105"
"HGO07C01","Number of Graduates","2022","2022","IE05","Non-Irish","-","PPSN - All","20","Female","701","Social Work","Number","9"
"HGO07C01","Number of Graduates","2022","2022","IE05","Non-Irish","-","PPSN - All","20","Female","10","Speech and Language Therapy","Number","9"
"HGO07C01","Number of Graduates","2022","2022","IE05","Non-Irish","-","PPSN - All","20","Female","V52","Dietetics, Optometry and Podiatry","Number","9"
"HGO07C01","Number of Graduates","2022","2022","IE05","Non-Irish","-","PPSN - All","-","All genders","201","Dentistry","Number","30"
"HGO07C01","Number of Graduates","2022","2022","IE05","Non-Irish","-","PPSN - All","-","All genders","401","Medical Science","Number","12"
"HGO07C01","Number of Graduates","2022","2022","IE05","Non-Irish","-","PPSN - All","-","All genders","202","Medicine","Number","618"
"HGO07C01","Number of Graduates","2022","2022","IE05","Non-Irish","-","PPSN - All","-","All genders","30","Nursing and Midwifery","Number","90"
"HGO07C01","Number of Graduates","2022","2022","IE05","Non-Irish","-","PPSN - All","-","All genders","501","Occupational Therapy","Number","6"
"HGO07C01","Number of Graduates","2022","2022","IE05","Non-Irish","-","PPSN - All","-","All genders","60","Pharmacy","Number","9"
"HGO07C01","Number of Graduates","2022","2022","IE05","Non-Irish","-","PPSN - All","-","All genders","504","Physiotherapy","Number","27"
"HGO07C01","Number of Graduates","2022","2022","IE05","Non-Irish","-","PPSN - All","-","All genders","402","Radiography and Radiation Therapy","Number","6"
"HGO07C01","Number of Graduates","2022","2022","IE05","Non-Irish","-","PPSN - All","-","All genders","702","Social Care","Number","138"
"HGO07C01","Number of Graduates","2022","2022","IE05","Non-Irish","-","PPSN - All","-","All genders","701","Social Work","Number","9"
"HGO07C01","Number of Graduates","2022","2022","IE05","Non-Irish","-","PPSN - All","-","All genders","10","Speech and Language Therapy","Number","9"
"HGO07C01","Number of Graduates","2022","2022","IE05","Non-Irish","-","PPSN - All","-","All genders","V52","Dietetics, Optometry and Podiatry","Number","9"
"HGO07C01","Number of Graduates","2022","2022","-","All nationalities","10","PPSN - Available","10","Male","201","Dentistry","Number","15"
"HGO07C01","Number of Graduates","2022","2022","-","All nationalities","10","PPSN - Available","10","Male","401","Medical Science","Number","15"
"HGO07C01","Number of Graduates","2022","2022","-","All nationalities","10","PPSN - Available","10","Male","202","Medicine","Number","342"
"HGO07C01","Number of Graduates","2022","2022","-","All nationalities","10","PPSN - Available","10","Male","30","Nursing and Midwifery","Number","120"
"HGO07C01","Number of Graduates","2022","2022","-","All nationalities","10","PPSN - Available","10","Male","501","Occupational Therapy","Number","12"
"HGO07C01","Number of Graduates","2022","2022","-","All nationalities","10","PPSN - Available","10","Male","60","Pharmacy","Number","42"
"HGO07C01","Number of Graduates","2022","2022","-","All nationalities","10","PPSN - Available","10","Male","504","Physiotherapy","Number","75"
"HGO07C01","Number of Graduates","2022","2022","-","All nationalities","10","PPSN - Available","10","Male","402","Radiography and Radiation Therapy","Number","33"
"HGO07C01","Number of Graduates","2022","2022","-","All nationalities","10","PPSN - Available","10","Male","702","Social Care","Number","249"
"HGO07C01","Number of Graduates","2022","2022","-","All nationalities","10","PPSN - Available","10","Male","701","Social Work","Number","30"
"HGO07C01","Number of Graduates","2022","2022","-","All nationalities","10","PPSN - Available","10","Male","10","Speech and Language Therapy","Number","6"
"HGO07C01","Number of Graduates","2022","2022","-","All nationalities","10","PPSN - Available","10","Male","V52","Dietetics, Optometry and Podiatry","Number","18"
"HGO07C01","Number of Graduates","2022","2022","-","All nationalities","10","PPSN - Available","20","Female","201","Dentistry","Number","39"
"HGO07C01","Number of Graduates","2022","2022","-","All nationalities","10","PPSN - Available","20","Female","401","Medical Science","Number","69"
"HGO07C01","Number of Graduates","2022","2022","-","All nationalities","10","PPSN - Available","20","Female","202","Medicine","Number","438"
"HGO07C01","Number of Graduates","2022","2022","-","All nationalities","10","PPSN - Available","20","Female","30","Nursing and Midwifery","Number","1416"
"HGO07C01","Number of Graduates","2022","2022","-","All nationalities","10","PPSN - Available","20","Female","501","Occupational Therapy","Number","111"
"HGO07C01","Number of Graduates","2022","2022","-","All nationalities","10","PPSN - Available","20","Female","60","Pharmacy","Number","111"
"HGO07C01","Number of Graduates","2022","2022","-","All nationalities","10","PPSN - Available","20","Female","504","Physiotherapy","Number","138"
"HGO07C01","Number of Graduates","2022","2022","-","All nationalities","10","PPSN - Available","20","Female","402","Radiography and Radiation Therapy","Number","111"
"HGO07C01","Number of Graduates","2022","2022","-","All nationalities","10","PPSN - Available","20","Female","702","Social Care","Number","1107"
"HGO07C01","Number of Graduates","2022","2022","-","All nationalities","10","PPSN - Available","20","Female","701","Social Work","Number","198"
"HGO07C01","Number of Graduates","2022","2022","-","All nationalities","10","PPSN - Available","20","Female","10","Speech and Language Therapy","Number","99"
"HGO07C01","Number of Graduates","2022","2022","-","All nationalities","10","PPSN - Available","20","Female","V52","Dietetics, Optometry and Podiatry","Number","99"
"HGO07C01","Number of Graduates","2022","2022","-","All nationalities","10","PPSN - Available","-","All genders","201","Dentistry","Number","54"
"HGO07C01","Number of Graduates","2022","2022","-","All nationalities","10","PPSN - Available","-","All genders","401","Medical Science","Number","87"
"HGO07C01","Number of Graduates","2022","2022","-","All nationalities","10","PPSN - Available","-","All genders","202","Medicine","Number","780"
"HGO07C01","Number of Graduates","2022","2022","-","All nationalities","10","PPSN - Available","-","All genders","30","Nursing and Midwifery","Number","1536"
"HGO07C01","Number of Graduates","2022","2022","-","All nationalities","10","PPSN - Available","-","All genders","501","Occupational Therapy","Number","123"
"HGO07C01","Number of Graduates","2022","2022","-","All nationalities","10","PPSN - Available","-","All genders","60","Pharmacy","Number","153"
"HGO07C01","Number of Graduates","2022","2022","-","All nationalities","10","PPSN - Available","-","All genders","504","Physiotherapy","Number","213"
"HGO07C01","Number of Graduates","2022","2022","-","All nationalities","10","PPSN - Available","-","All genders","402","Radiography and Radiation Therapy","Number","141"
"HGO07C01","Number of Graduates","2022","2022","-","All nationalities","10","PPSN - Available","-","All genders","702","Social Care","Number","1353"
"HGO07C01","Number of Graduates","2022","2022","-","All nationalities","10","PPSN - Available","-","All genders","701","Social Work","Number","231"
"HGO07C01","Number of Graduates","2022","2022","-","All nationalities","10","PPSN - Available","-","All genders","10","Speech and Language Therapy","Number","105"
"HGO07C01","Number of Graduates","2022","2022","-","All nationalities","10","PPSN - Available","-","All genders","V52","Dietetics, Optometry and Podiatry","Number","114"
"HGO07C01","Number of Graduates","2022","2022","-","All nationalities","20","PPSN - Missing","10","Male","201","Dentistry","Number","6"
"HGO07C01","Number of Graduates","2022","2022","-","All nationalities","20","PPSN - Missing","10","Male","401","Medical Science","Number",""
"HGO07C01","Number of Graduates","2022","2022","-","All nationalities","20","PPSN - Missing","10","Male","202","Medicine","Number","198"
"HGO07C01","Number of Graduates","2022","2022","-","All nationalities","20","PPSN - Missing","10","Male","30","Nursing and Midwifery","Number","3"
"HGO07C01","Number of Graduates","2022","2022","-","All nationalities","20","PPSN - Missing","10","Male","501","Occupational Therapy","Number",""
"HGO07C01","Number of Graduates","2022","2022","-","All nationalities","20","PPSN - Missing","10","Male","60","Pharmacy","Number",""
"HGO07C01","Number of Graduates","2022","2022","-","All nationalities","20","PPSN - Missing","10","Male","504","Physiotherapy","Number","6"
"HGO07C01","Number of Graduates","2022","2022","-","All nationalities","20","PPSN - Missing","10","Male","402","Radiography and Radiation Therapy","Number",""
"HGO07C01","Number of Graduates","2022","2022","-","All nationalities","20","PPSN - Missing","10","Male","702","Social Care","Number","3"
"HGO07C01","Number of Graduates","2022","2022","-","All nationalities","20","PPSN - Missing","10","Male","701","Social Work","Number",""
"HGO07C01","Number of Graduates","2022","2022","-","All nationalities","20","PPSN - Missing","10","Male","10","Speech and Language Therapy","Number",""
"HGO07C01","Number of Graduates","2022","2022","-","All nationalities","20","PPSN - Missing","10","Male","V52","Dietetics, Optometry and Podiatry","Number",""
"HGO07C01","Number of Graduates","2022","2022","-","All nationalities","20","PPSN - Missing","20","Female","201","Dentistry","Number","12"
"HGO07C01","Number of Graduates","2022","2022","-","All nationalities","20","PPSN - Missing","20","Female","401","Medical Science","Number",""
"HGO07C01","Number of Graduates","2022","2022","-","All nationalities","20","PPSN - Missing","20","Female","202","Medicine","Number","276"
"HGO07C01","Number of Graduates","2022","2022","-","All nationalities","20","PPSN - Missing","20","Female","30","Nursing and Midwifery","Number","9"
"HGO07C01","Number of Graduates","2022","2022","-","All nationalities","20","PPSN - Missing","20","Female","501","Occupational Therapy","Number","3"
"HGO07C01","Number of Graduates","2022","2022","-","All nationalities","20","PPSN - Missing","20","Female","60","Pharmacy","Number","3"
"HGO07C01","Number of Graduates","2022","2022","-","All nationalities","20","PPSN - Missing","20","Female","504","Physiotherapy","Number","3"
"HGO07C01","Number of Graduates","2022","2022","-","All nationalities","20","PPSN - Missing","20","Female","402","Radiography and Radiation Therapy","Number",""
"HGO07C01","Number of Graduates","2022","2022","-","All nationalities","20","PPSN - Missing","20","Female","702","Social Care","Number","3"
"HGO07C01","Number of Graduates","2022","2022","-","All nationalities","20","PPSN - Missing","20","Female","701","Social Work","Number",""
"HGO07C01","Number of Graduates","2022","2022","-","All nationalities","20","PPSN - Missing","20","Female","10","Speech and Language Therapy","Number","6"
"HGO07C01","Number of Graduates","2022","2022","-","All nationalities","20","PPSN - Missing","20","Female","V52","Dietetics, Optometry and Podiatry","Number","3"
"HGO07C01","Number of Graduates","2022","2022","-","All nationalities","20","PPSN - Missing","-","All genders","201","Dentistry","Number","18"
"HGO07C01","Number of Graduates","2022","2022","-","All nationalities","20","PPSN - Missing","-","All genders","401","Medical Science","Number",""
"HGO07C01","Number of Graduates","2022","2022","-","All nationalities","20","PPSN - Missing","-","All genders","202","Medicine","Number","474"
"HGO07C01","Number of Graduates","2022","2022","-","All nationalities","20","PPSN - Missing","-","All genders","30","Nursing and Midwifery","Number","9"
"HGO07C01","Number of Graduates","2022","2022","-","All nationalities","20","PPSN - Missing","-","All genders","501","Occupational Therapy","Number","3"
"HGO07C01","Number of Graduates","2022","2022","-","All nationalities","20","PPSN - Missing","-","All genders","60","Pharmacy","Number","3"
"HGO07C01","Number of Graduates","2022","2022","-","All nationalities","20","PPSN - Missing","-","All genders","504","Physiotherapy","Number","9"
"HGO07C01","Number of Graduates","2022","2022","-","All nationalities","20","PPSN - Missing","-","All genders","402","Radiography and Radiation Therapy","Number",""
"HGO07C01","Number of Graduates","2022","2022","-","All nationalities","20","PPSN - Missing","-","All genders","702","Social Care","Number","3"
"HGO07C01","Number of Graduates","2022","2022","-","All nationalities","20","PPSN - Missing","-","All genders","701","Social Work","Number",""
"HGO07C01","Number of Graduates","2022","2022","-","All nationalities","20","PPSN - Missing","-","All genders","10","Speech and Language Therapy","Number","6"
"HGO07C01","Number of Graduates","2022","2022","-","All nationalities","20","PPSN - Missing","-","All genders","V52","Dietetics, Optometry and Podiatry","Number","3"
"HGO07C01","Number of Graduates","2022","2022","-","All nationalities","-","PPSN - All","10","Male","201","Dentistry","Number","18"
"HGO07C01","Number of Graduates","2022","2022","-","All nationalities","-","PPSN - All","10","Male","401","Medical Science","Number","15"
"HGO07C01","Number of Graduates","2022","2022","-","All nationalities","-","PPSN - All","10","Male","202","Medicine","Number","540"
"HGO07C01","Number of Graduates","2022","2022","-","All nationalities","-","PPSN - All","10","Male","30","Nursing and Midwifery","Number","120"
"HGO07C01","Number of Graduates","2022","2022","-","All nationalities","-","PPSN - All","10","Male","501","Occupational Therapy","Number","12"
"HGO07C01","Number of Graduates","2022","2022","-","All nationalities","-","PPSN - All","10","Male","60","Pharmacy","Number","42"
"HGO07C01","Number of Graduates","2022","2022","-","All nationalities","-","PPSN - All","10","Male","504","Physiotherapy","Number","78"
"HGO07C01","Number of Graduates","2022","2022","-","All nationalities","-","PPSN - All","10","Male","402","Radiography and Radiation Therapy","Number","33"
"HGO07C01","Number of Graduates","2022","2022","-","All nationalities","-","PPSN - All","10","Male","702","Social Care","Number","249"
"HGO07C01","Number of Graduates","2022","2022","-","All nationalities","-","PPSN - All","10","Male","701","Social Work","Number","30"
"HGO07C01","Number of Graduates","2022","2022","-","All nationalities","-","PPSN - All","10","Male","10","Speech and Language Therapy","Number","6"
"HGO07C01","Number of Graduates","2022","2022","-","All nationalities","-","PPSN - All","10","Male","V52","Dietetics, Optometry and Podiatry","Number","18"
"HGO07C01","Number of Graduates","2022","2022","-","All nationalities","-","PPSN - All","20","Female","201","Dentistry","Number","51"
"HGO07C01","Number of Graduates","2022","2022","-","All nationalities","-","PPSN - All","20","Female","401","Medical Science","Number","69"
"HGO07C01","Number of Graduates","2022","2022","-","All nationalities","-","PPSN - All","20","Female","202","Medicine","Number","714"
"HGO07C01","Number of Graduates","2022","2022","-","All nationalities","-","PPSN - All","20","Female","30","Nursing and Midwifery","Number","1425"
"HGO07C01","Number of Graduates","2022","2022","-","All nationalities","-","PPSN - All","20","Female","501","Occupational Therapy","Number","114"
"HGO07C01","Number of Graduates","2022","2022","-","All nationalities","-","PPSN - All","20","Female","60","Pharmacy","Number","114"
"HGO07C01","Number of Graduates","2022","2022","-","All nationalities","-","PPSN - All","20","Female","504","Physiotherapy","Number","141"
"HGO07C01","Number of Graduates","2022","2022","-","All nationalities","-","PPSN - All","20","Female","402","Radiography and Radiation Therapy","Number","111"
"HGO07C01","Number of Graduates","2022","2022","-","All nationalities","-","PPSN - All","20","Female","702","Social Care","Number","1107"
"HGO07C01","Number of Graduates","2022","2022","-","All nationalities","-","PPSN - All","20","Female","701","Social Work","Number","201"
"HGO07C01","Number of Graduates","2022","2022","-","All nationalities","-","PPSN - All","20","Female","10","Speech and Language Therapy","Number","105"
"HGO07C01","Number of Graduates","2022","2022","-","All nationalities","-","PPSN - All","20","Female","V52","Dietetics, Optometry and Podiatry","Number","99"
"HGO07C01","Number of Graduates","2022","2022","-","All nationalities","-","PPSN - All","-","All genders","201","Dentistry","Number","72"
"HGO07C01","Number of Graduates","2022","2022","-","All nationalities","-","PPSN - All","-","All genders","401","Medical Science","Number","87"
"HGO07C01","Number of Graduates","2022","2022","-","All nationalities","-","PPSN - All","-","All genders","202","Medicine","Number","1254"
"HGO07C01","Number of Graduates","2022","2022","-","All nationalities","-","PPSN - All","-","All genders","30","Nursing and Midwifery","Number","1548"
"HGO07C01","Number of Graduates","2022","2022","-","All nationalities","-","PPSN - All","-","All genders","501","Occupational Therapy","Number","126"
"HGO07C01","Number of Graduates","2022","2022","-","All nationalities","-","PPSN - All","-","All genders","60","Pharmacy","Number","156"
"HGO07C01","Number of Graduates","2022","2022","-","All nationalities","-","PPSN - All","-","All genders","504","Physiotherapy","Number","222"
"HGO07C01","Number of Graduates","2022","2022","-","All nationalities","-","PPSN - All","-","All genders","402","Radiography and Radiation Therapy","Number","144"
"HGO07C01","Number of Graduates","2022","2022","-","All nationalities","-","PPSN - All","-","All genders","702","Social Care","Number","1359"
"HGO07C01","Number of Graduates","2022","2022","-","All nationalities","-","PPSN - All","-","All genders","701","Social Work","Number","231"
"HGO07C01","Number of Graduates","2022","2022","-","All nationalities","-","PPSN - All","-","All genders","10","Speech and Language Therapy","Number","111"
"HGO07C01","Number of Graduates","2022","2022","-","All nationalities","-","PPSN - All","-","All genders","V52","Dietetics, Optometry and Podiatry","Number","117"
