ï»¿"STATISTIC","Statistic Label","TLIST(A1)","Graduation Year","C03433V04141","Years since Graduation","C02511V03040","Private or Public Sector","C04477V05260","Field of Study","UNIT","VALUE"
"HGO14C01","Number of Health Graduates","2010","2010","01","1","01","Private sector","201","Dentistry","Number",""
"HGO14C01","Number of Health Graduates","2010","2010","01","1","01","Private sector","401","Medical Science","Number","54"
"HGO14C01","Number of Health Graduates","2010","2010","01","1","01","Private sector","202","Medicine","Number","3"
"HGO14C01","Number of Health Graduates","2010","2010","01","1","01","Private sector","30","Nursing and Midwifery","Number","369"
"HGO14C01","Number of Health Graduates","2010","2010","01","1","01","Private sector","501","Occupational Therapy","Number","36"
"HGO14C01","Number of Health Graduates","2010","2010","01","1","01","Private sector","60","Pharmacy","Number",""
"HGO14C01","Number of Health Graduates","2010","2010","01","1","01","Private sector","504","Physiotherapy","Number","57"
"HGO14C01","Number of Health Graduates","2010","2010","01","1","01","Private sector","402","Radiography and Radiation Therapy","Number","30"
"HGO14C01","Number of Health Graduates","2010","2010","01","1","01","Private sector","702","Social Care","Number","399"
"HGO14C01","Number of Health Graduates","2010","2010","01","1","01","Private sector","701","Social Work","Number","18"
"HGO14C01","Number of Health Graduates","2010","2010","01","1","01","Private sector","10","Speech and Language Therapy","Number","39"
"HGO14C01","Number of Health Graduates","2010","2010","01","1","01","Private sector","V52","Dietetics, Optometry and Podiatry","Number","24"
"HGO14C01","Number of Health Graduates","2010","2010","01","1","02","Public sector","201","Dentistry","Number","6"
"HGO14C01","Number of Health Graduates","2010","2010","01","1","02","Public sector","401","Medical Science","Number","33"
"HGO14C01","Number of Health Graduates","2010","2010","01","1","02","Public sector","202","Medicine","Number","258"
"HGO14C01","Number of Health Graduates","2010","2010","01","1","02","Public sector","30","Nursing and Midwifery","Number","480"
"HGO14C01","Number of Health Graduates","2010","2010","01","1","02","Public sector","501","Occupational Therapy","Number","39"
"HGO14C01","Number of Health Graduates","2010","2010","01","1","02","Public sector","60","Pharmacy","Number",""
"HGO14C01","Number of Health Graduates","2010","2010","01","1","02","Public sector","504","Physiotherapy","Number","24"
"HGO14C01","Number of Health Graduates","2010","2010","01","1","02","Public sector","402","Radiography and Radiation Therapy","Number","27"
"HGO14C01","Number of Health Graduates","2010","2010","01","1","02","Public sector","702","Social Care","Number","78"
"HGO14C01","Number of Health Graduates","2010","2010","01","1","02","Public sector","701","Social Work","Number","75"
"HGO14C01","Number of Health Graduates","2010","2010","01","1","02","Public sector","10","Speech and Language Therapy","Number","24"
"HGO14C01","Number of Health Graduates","2010","2010","01","1","02","Public sector","V52","Dietetics, Optometry and Podiatry","Number","6"
"HGO14C01","Number of Health Graduates","2010","2010","01","1","-","All sectors","201","Dentistry","Number","6"
"HGO14C01","Number of Health Graduates","2010","2010","01","1","-","All sectors","401","Medical Science","Number","87"
"HGO14C01","Number of Health Graduates","2010","2010","01","1","-","All sectors","202","Medicine","Number","261"
"HGO14C01","Number of Health Graduates","2010","2010","01","1","-","All sectors","30","Nursing and Midwifery","Number","846"
"HGO14C01","Number of Health Graduates","2010","2010","01","1","-","All sectors","501","Occupational Therapy","Number","75"
"HGO14C01","Number of Health Graduates","2010","2010","01","1","-","All sectors","60","Pharmacy","Number",""
"HGO14C01","Number of Health Graduates","2010","2010","01","1","-","All sectors","504","Physiotherapy","Number","81"
"HGO14C01","Number of Health Graduates","2010","2010","01","1","-","All sectors","402","Radiography and Radiation Therapy","Number","54"
"HGO14C01","Number of Health Graduates","2010","2010","01","1","-","All sectors","702","Social Care","Number","477"
"HGO14C01","Number of Health Graduates","2010","2010","01","1","-","All sectors","701","Social Work","Number","93"
"HGO14C01","Number of Health Graduates","2010","2010","01","1","-","All sectors","10","Speech and Language Therapy","Number","66"
"HGO14C01","Number of Health Graduates","2010","2010","01","1","-","All sectors","V52","Dietetics, Optometry and Podiatry","Number","30"
"HGO14C01","Number of Health Graduates","2010","2010","02","2","01","Private sector","201","Dentistry","Number",""
"HGO14C01","Number of Health Graduates","2010","2010","02","2","01","Private sector","401","Medical Science","Number","45"
"HGO14C01","Number of Health Graduates","2010","2010","02","2","01","Private sector","202","Medicine","Number","9"
"HGO14C01","Number of Health Graduates","2010","2010","02","2","01","Private sector","30","Nursing and Midwifery","Number","360"
"HGO14C01","Number of Health Graduates","2010","2010","02","2","01","Private sector","501","Occupational Therapy","Number","27"
"HGO14C01","Number of Health Graduates","2010","2010","02","2","01","Private sector","60","Pharmacy","Number",""
"HGO14C01","Number of Health Graduates","2010","2010","02","2","01","Private sector","504","Physiotherapy","Number","51"
"HGO14C01","Number of Health Graduates","2010","2010","02","2","01","Private sector","402","Radiography and Radiation Therapy","Number","24"
"HGO14C01","Number of Health Graduates","2010","2010","02","2","01","Private sector","702","Social Care","Number","375"
"HGO14C01","Number of Health Graduates","2010","2010","02","2","01","Private sector","701","Social Work","Number","15"
"HGO14C01","Number of Health Graduates","2010","2010","02","2","01","Private sector","10","Speech and Language Therapy","Number","30"
"HGO14C01","Number of Health Graduates","2010","2010","02","2","01","Private sector","V52","Dietetics, Optometry and Podiatry","Number","18"
"HGO14C01","Number of Health Graduates","2010","2010","02","2","02","Public sector","201","Dentistry","Number","6"
"HGO14C01","Number of Health Graduates","2010","2010","02","2","02","Public sector","401","Medical Science","Number","42"
"HGO14C01","Number of Health Graduates","2010","2010","02","2","02","Public sector","202","Medicine","Number","201"
"HGO14C01","Number of Health Graduates","2010","2010","02","2","02","Public sector","30","Nursing and Midwifery","Number","477"
"HGO14C01","Number of Health Graduates","2010","2010","02","2","02","Public sector","501","Occupational Therapy","Number","42"
"HGO14C01","Number of Health Graduates","2010","2010","02","2","02","Public sector","60","Pharmacy","Number",""
"HGO14C01","Number of Health Graduates","2010","2010","02","2","02","Public sector","504","Physiotherapy","Number","27"
"HGO14C01","Number of Health Graduates","2010","2010","02","2","02","Public sector","402","Radiography and Radiation Therapy","Number","30"
"HGO14C01","Number of Health Graduates","2010","2010","02","2","02","Public sector","702","Social Care","Number","84"
"HGO14C01","Number of Health Graduates","2010","2010","02","2","02","Public sector","701","Social Work","Number","72"
"HGO14C01","Number of Health Graduates","2010","2010","02","2","02","Public sector","10","Speech and Language Therapy","Number","27"
"HGO14C01","Number of Health Graduates","2010","2010","02","2","02","Public sector","V52","Dietetics, Optometry and Podiatry","Number","9"
"HGO14C01","Number of Health Graduates","2010","2010","02","2","-","All sectors","201","Dentistry","Number","6"
"HGO14C01","Number of Health Graduates","2010","2010","02","2","-","All sectors","401","Medical Science","Number","87"
"HGO14C01","Number of Health Graduates","2010","2010","02","2","-","All sectors","202","Medicine","Number","210"
"HGO14C01","Number of Health Graduates","2010","2010","02","2","-","All sectors","30","Nursing and Midwifery","Number","837"
"HGO14C01","Number of Health Graduates","2010","2010","02","2","-","All sectors","501","Occupational Therapy","Number","69"
"HGO14C01","Number of Health Graduates","2010","2010","02","2","-","All sectors","60","Pharmacy","Number",""
"HGO14C01","Number of Health Graduates","2010","2010","02","2","-","All sectors","504","Physiotherapy","Number","78"
"HGO14C01","Number of Health Graduates","2010","2010","02","2","-","All sectors","402","Radiography and Radiation Therapy","Number","54"
"HGO14C01","Number of Health Graduates","2010","2010","02","2","-","All sectors","702","Social Care","Number","456"
"HGO14C01","Number of Health Graduates","2010","2010","02","2","-","All sectors","701","Social Work","Number","87"
"HGO14C01","Number of Health Graduates","2010","2010","02","2","-","All sectors","10","Speech and Language Therapy","Number","57"
"HGO14C01","Number of Health Graduates","2010","2010","02","2","-","All sectors","V52","Dietetics, Optometry and Podiatry","Number","27"
"HGO14C01","Number of Health Graduates","2010","2010","03","3","01","Private sector","201","Dentistry","Number","6"
"HGO14C01","Number of Health Graduates","2010","2010","03","3","01","Private sector","401","Medical Science","Number","39"
"HGO14C01","Number of Health Graduates","2010","2010","03","3","01","Private sector","202","Medicine","Number","9"
"HGO14C01","Number of Health Graduates","2010","2010","03","3","01","Private sector","30","Nursing and Midwifery","Number","348"
"HGO14C01","Number of Health Graduates","2010","2010","03","3","01","Private sector","501","Occupational Therapy","Number","15"
"HGO14C01","Number of Health Graduates","2010","2010","03","3","01","Private sector","60","Pharmacy","Number",""
"HGO14C01","Number of Health Graduates","2010","2010","03","3","01","Private sector","504","Physiotherapy","Number","42"
"HGO14C01","Number of Health Graduates","2010","2010","03","3","01","Private sector","402","Radiography and Radiation Therapy","Number","18"
"HGO14C01","Number of Health Graduates","2010","2010","03","3","01","Private sector","702","Social Care","Number","363"
"HGO14C01","Number of Health Graduates","2010","2010","03","3","01","Private sector","701","Social Work","Number","15"
"HGO14C01","Number of Health Graduates","2010","2010","03","3","01","Private sector","10","Speech and Language Therapy","Number","27"
"HGO14C01","Number of Health Graduates","2010","2010","03","3","01","Private sector","V52","Dietetics, Optometry and Podiatry","Number","12"
"HGO14C01","Number of Health Graduates","2010","2010","03","3","02","Public sector","201","Dentistry","Number","3"
"HGO14C01","Number of Health Graduates","2010","2010","03","3","02","Public sector","401","Medical Science","Number","48"
"HGO14C01","Number of Health Graduates","2010","2010","03","3","02","Public sector","202","Medicine","Number","216"
"HGO14C01","Number of Health Graduates","2010","2010","03","3","02","Public sector","30","Nursing and Midwifery","Number","492"
"HGO14C01","Number of Health Graduates","2010","2010","03","3","02","Public sector","501","Occupational Therapy","Number","54"
"HGO14C01","Number of Health Graduates","2010","2010","03","3","02","Public sector","60","Pharmacy","Number",""
"HGO14C01","Number of Health Graduates","2010","2010","03","3","02","Public sector","504","Physiotherapy","Number","27"
"HGO14C01","Number of Health Graduates","2010","2010","03","3","02","Public sector","402","Radiography and Radiation Therapy","Number","33"
"HGO14C01","Number of Health Graduates","2010","2010","03","3","02","Public sector","702","Social Care","Number","99"
"HGO14C01","Number of Health Graduates","2010","2010","03","3","02","Public sector","701","Social Work","Number","75"
"HGO14C01","Number of Health Graduates","2010","2010","03","3","02","Public sector","10","Speech and Language Therapy","Number","27"
"HGO14C01","Number of Health Graduates","2010","2010","03","3","02","Public sector","V52","Dietetics, Optometry and Podiatry","Number","9"
"HGO14C01","Number of Health Graduates","2010","2010","03","3","-","All sectors","201","Dentistry","Number","9"
"HGO14C01","Number of Health Graduates","2010","2010","03","3","-","All sectors","401","Medical Science","Number","87"
"HGO14C01","Number of Health Graduates","2010","2010","03","3","-","All sectors","202","Medicine","Number","225"
"HGO14C01","Number of Health Graduates","2010","2010","03","3","-","All sectors","30","Nursing and Midwifery","Number","840"
"HGO14C01","Number of Health Graduates","2010","2010","03","3","-","All sectors","501","Occupational Therapy","Number","69"
"HGO14C01","Number of Health Graduates","2010","2010","03","3","-","All sectors","60","Pharmacy","Number",""
"HGO14C01","Number of Health Graduates","2010","2010","03","3","-","All sectors","504","Physiotherapy","Number","69"
"HGO14C01","Number of Health Graduates","2010","2010","03","3","-","All sectors","402","Radiography and Radiation Therapy","Number","51"
"HGO14C01","Number of Health Graduates","2010","2010","03","3","-","All sectors","702","Social Care","Number","459"
"HGO14C01","Number of Health Graduates","2010","2010","03","3","-","All sectors","701","Social Work","Number","87"
"HGO14C01","Number of Health Graduates","2010","2010","03","3","-","All sectors","10","Speech and Language Therapy","Number","54"
"HGO14C01","Number of Health Graduates","2010","2010","03","3","-","All sectors","V52","Dietetics, Optometry and Podiatry","Number","21"
"HGO14C01","Number of Health Graduates","2010","2010","04","4","01","Private sector","201","Dentistry","Number","3"
"HGO14C01","Number of Health Graduates","2010","2010","04","4","01","Private sector","401","Medical Science","Number","36"
"HGO14C01","Number of Health Graduates","2010","2010","04","4","01","Private sector","202","Medicine","Number","12"
"HGO14C01","Number of Health Graduates","2010","2010","04","4","01","Private sector","30","Nursing and Midwifery","Number","330"
"HGO14C01","Number of Health Graduates","2010","2010","04","4","01","Private sector","501","Occupational Therapy","Number","9"
"HGO14C01","Number of Health Graduates","2010","2010","04","4","01","Private sector","60","Pharmacy","Number",""
"HGO14C01","Number of Health Graduates","2010","2010","04","4","01","Private sector","504","Physiotherapy","Number","30"
"HGO14C01","Number of Health Graduates","2010","2010","04","4","01","Private sector","402","Radiography and Radiation Therapy","Number","15"
"HGO14C01","Number of Health Graduates","2010","2010","04","4","01","Private sector","702","Social Care","Number","375"
"HGO14C01","Number of Health Graduates","2010","2010","04","4","01","Private sector","701","Social Work","Number","12"
"HGO14C01","Number of Health Graduates","2010","2010","04","4","01","Private sector","10","Speech and Language Therapy","Number","15"
"HGO14C01","Number of Health Graduates","2010","2010","04","4","01","Private sector","V52","Dietetics, Optometry and Podiatry","Number","15"
"HGO14C01","Number of Health Graduates","2010","2010","04","4","02","Public sector","201","Dentistry","Number","3"
"HGO14C01","Number of Health Graduates","2010","2010","04","4","02","Public sector","401","Medical Science","Number","57"
"HGO14C01","Number of Health Graduates","2010","2010","04","4","02","Public sector","202","Medicine","Number","207"
"HGO14C01","Number of Health Graduates","2010","2010","04","4","02","Public sector","30","Nursing and Midwifery","Number","531"
"HGO14C01","Number of Health Graduates","2010","2010","04","4","02","Public sector","501","Occupational Therapy","Number","63"
"HGO14C01","Number of Health Graduates","2010","2010","04","4","02","Public sector","60","Pharmacy","Number",""
"HGO14C01","Number of Health Graduates","2010","2010","04","4","02","Public sector","504","Physiotherapy","Number","42"
"HGO14C01","Number of Health Graduates","2010","2010","04","4","02","Public sector","402","Radiography and Radiation Therapy","Number","30"
"HGO14C01","Number of Health Graduates","2010","2010","04","4","02","Public sector","702","Social Care","Number","96"
"HGO14C01","Number of Health Graduates","2010","2010","04","4","02","Public sector","701","Social Work","Number","75"
"HGO14C01","Number of Health Graduates","2010","2010","04","4","02","Public sector","10","Speech and Language Therapy","Number","54"
"HGO14C01","Number of Health Graduates","2010","2010","04","4","02","Public sector","V52","Dietetics, Optometry and Podiatry","Number","12"
"HGO14C01","Number of Health Graduates","2010","2010","04","4","-","All sectors","201","Dentistry","Number","6"
"HGO14C01","Number of Health Graduates","2010","2010","04","4","-","All sectors","401","Medical Science","Number","93"
"HGO14C01","Number of Health Graduates","2010","2010","04","4","-","All sectors","202","Medicine","Number","219"
"HGO14C01","Number of Health Graduates","2010","2010","04","4","-","All sectors","30","Nursing and Midwifery","Number","861"
"HGO14C01","Number of Health Graduates","2010","2010","04","4","-","All sectors","501","Occupational Therapy","Number","72"
"HGO14C01","Number of Health Graduates","2010","2010","04","4","-","All sectors","60","Pharmacy","Number",""
"HGO14C01","Number of Health Graduates","2010","2010","04","4","-","All sectors","504","Physiotherapy","Number","69"
"HGO14C01","Number of Health Graduates","2010","2010","04","4","-","All sectors","402","Radiography and Radiation Therapy","Number","45"
"HGO14C01","Number of Health Graduates","2010","2010","04","4","-","All sectors","702","Social Care","Number","471"
"HGO14C01","Number of Health Graduates","2010","2010","04","4","-","All sectors","701","Social Work","Number","90"
"HGO14C01","Number of Health Graduates","2010","2010","04","4","-","All sectors","10","Speech and Language Therapy","Number","69"
"HGO14C01","Number of Health Graduates","2010","2010","04","4","-","All sectors","V52","Dietetics, Optometry and Podiatry","Number","27"
"HGO14C01","Number of Health Graduates","2010","2010","05","5","01","Private sector","201","Dentistry","Number","3"
"HGO14C01","Number of Health Graduates","2010","2010","05","5","01","Private sector","401","Medical Science","Number","21"
"HGO14C01","Number of Health Graduates","2010","2010","05","5","01","Private sector","202","Medicine","Number","9"
"HGO14C01","Number of Health Graduates","2010","2010","05","5","01","Private sector","30","Nursing and Midwifery","Number","276"
"HGO14C01","Number of Health Graduates","2010","2010","05","5","01","Private sector","501","Occupational Therapy","Number","6"
"HGO14C01","Number of Health Graduates","2010","2010","05","5","01","Private sector","60","Pharmacy","Number",""
"HGO14C01","Number of Health Graduates","2010","2010","05","5","01","Private sector","504","Physiotherapy","Number","24"
"HGO14C01","Number of Health Graduates","2010","2010","05","5","01","Private sector","402","Radiography and Radiation Therapy","Number","12"
"HGO14C01","Number of Health Graduates","2010","2010","05","5","01","Private sector","702","Social Care","Number","372"
"HGO14C01","Number of Health Graduates","2010","2010","05","5","01","Private sector","701","Social Work","Number","15"
"HGO14C01","Number of Health Graduates","2010","2010","05","5","01","Private sector","10","Speech and Language Therapy","Number","12"
"HGO14C01","Number of Health Graduates","2010","2010","05","5","01","Private sector","V52","Dietetics, Optometry and Podiatry","Number","18"
"HGO14C01","Number of Health Graduates","2010","2010","05","5","02","Public sector","201","Dentistry","Number","3"
"HGO14C01","Number of Health Graduates","2010","2010","05","5","02","Public sector","401","Medical Science","Number","75"
"HGO14C01","Number of Health Graduates","2010","2010","05","5","02","Public sector","202","Medicine","Number","207"
"HGO14C01","Number of Health Graduates","2010","2010","05","5","02","Public sector","30","Nursing and Midwifery","Number","600"
"HGO14C01","Number of Health Graduates","2010","2010","05","5","02","Public sector","501","Occupational Therapy","Number","66"
"HGO14C01","Number of Health Graduates","2010","2010","05","5","02","Public sector","60","Pharmacy","Number",""
"HGO14C01","Number of Health Graduates","2010","2010","05","5","02","Public sector","504","Physiotherapy","Number","48"
"HGO14C01","Number of Health Graduates","2010","2010","05","5","02","Public sector","402","Radiography and Radiation Therapy","Number","33"
"HGO14C01","Number of Health Graduates","2010","2010","05","5","02","Public sector","702","Social Care","Number","123"
"HGO14C01","Number of Health Graduates","2010","2010","05","5","02","Public sector","701","Social Work","Number","78"
"HGO14C01","Number of Health Graduates","2010","2010","05","5","02","Public sector","10","Speech and Language Therapy","Number","54"
"HGO14C01","Number of Health Graduates","2010","2010","05","5","02","Public sector","V52","Dietetics, Optometry and Podiatry","Number","12"
"HGO14C01","Number of Health Graduates","2010","2010","05","5","-","All sectors","201","Dentistry","Number","6"
"HGO14C01","Number of Health Graduates","2010","2010","05","5","-","All sectors","401","Medical Science","Number","96"
"HGO14C01","Number of Health Graduates","2010","2010","05","5","-","All sectors","202","Medicine","Number","216"
"HGO14C01","Number of Health Graduates","2010","2010","05","5","-","All sectors","30","Nursing and Midwifery","Number","876"
"HGO14C01","Number of Health Graduates","2010","2010","05","5","-","All sectors","501","Occupational Therapy","Number","72"
"HGO14C01","Number of Health Graduates","2010","2010","05","5","-","All sectors","60","Pharmacy","Number",""
"HGO14C01","Number of Health Graduates","2010","2010","05","5","-","All sectors","504","Physiotherapy","Number","75"
"HGO14C01","Number of Health Graduates","2010","2010","05","5","-","All sectors","402","Radiography and Radiation Therapy","Number","42"
"HGO14C01","Number of Health Graduates","2010","2010","05","5","-","All sectors","702","Social Care","Number","492"
"HGO14C01","Number of Health Graduates","2010","2010","05","5","-","All sectors","701","Social Work","Number","90"
"HGO14C01","Number of Health Graduates","2010","2010","05","5","-","All sectors","10","Speech and Language Therapy","Number","66"
"HGO14C01","Number of Health Graduates","2010","2010","05","5","-","All sectors","V52","Dietetics, Optometry and Podiatry","Number","30"
"HGO14C01","Number of Health Graduates","2010","2010","06","6","01","Private sector","201","Dentistry","Number","6"
"HGO14C01","Number of Health Graduates","2010","2010","06","6","01","Private sector","401","Medical Science","Number","24"
"HGO14C01","Number of Health Graduates","2010","2010","06","6","01","Private sector","202","Medicine","Number","30"
"HGO14C01","Number of Health Graduates","2010","2010","06","6","01","Private sector","30","Nursing and Midwifery","Number","246"
"HGO14C01","Number of Health Graduates","2010","2010","06","6","01","Private sector","501","Occupational Therapy","Number","9"
"HGO14C01","Number of Health Graduates","2010","2010","06","6","01","Private sector","60","Pharmacy","Number",""
"HGO14C01","Number of Health Graduates","2010","2010","06","6","01","Private sector","504","Physiotherapy","Number","24"
"HGO14C01","Number of Health Graduates","2010","2010","06","6","01","Private sector","402","Radiography and Radiation Therapy","Number","12"
"HGO14C01","Number of Health Graduates","2010","2010","06","6","01","Private sector","702","Social Care","Number","357"
"HGO14C01","Number of Health Graduates","2010","2010","06","6","01","Private sector","701","Social Work","Number","15"
"HGO14C01","Number of Health Graduates","2010","2010","06","6","01","Private sector","10","Speech and Language Therapy","Number","15"
"HGO14C01","Number of Health Graduates","2010","2010","06","6","01","Private sector","V52","Dietetics, Optometry and Podiatry","Number","15"
"HGO14C01","Number of Health Graduates","2010","2010","06","6","02","Public sector","201","Dentistry","Number","6"
"HGO14C01","Number of Health Graduates","2010","2010","06","6","02","Public sector","401","Medical Science","Number","78"
"HGO14C01","Number of Health Graduates","2010","2010","06","6","02","Public sector","202","Medicine","Number","180"
"HGO14C01","Number of Health Graduates","2010","2010","06","6","02","Public sector","30","Nursing and Midwifery","Number","660"
"HGO14C01","Number of Health Graduates","2010","2010","06","6","02","Public sector","501","Occupational Therapy","Number","66"
"HGO14C01","Number of Health Graduates","2010","2010","06","6","02","Public sector","60","Pharmacy","Number",""
"HGO14C01","Number of Health Graduates","2010","2010","06","6","02","Public sector","504","Physiotherapy","Number","54"
"HGO14C01","Number of Health Graduates","2010","2010","06","6","02","Public sector","402","Radiography and Radiation Therapy","Number","33"
"HGO14C01","Number of Health Graduates","2010","2010","06","6","02","Public sector","702","Social Care","Number","153"
"HGO14C01","Number of Health Graduates","2010","2010","06","6","02","Public sector","701","Social Work","Number","78"
"HGO14C01","Number of Health Graduates","2010","2010","06","6","02","Public sector","10","Speech and Language Therapy","Number","57"
"HGO14C01","Number of Health Graduates","2010","2010","06","6","02","Public sector","V52","Dietetics, Optometry and Podiatry","Number","18"
"HGO14C01","Number of Health Graduates","2010","2010","06","6","-","All sectors","201","Dentistry","Number","9"
"HGO14C01","Number of Health Graduates","2010","2010","06","6","-","All sectors","401","Medical Science","Number","102"
"HGO14C01","Number of Health Graduates","2010","2010","06","6","-","All sectors","202","Medicine","Number","207"
"HGO14C01","Number of Health Graduates","2010","2010","06","6","-","All sectors","30","Nursing and Midwifery","Number","909"
"HGO14C01","Number of Health Graduates","2010","2010","06","6","-","All sectors","501","Occupational Therapy","Number","75"
"HGO14C01","Number of Health Graduates","2010","2010","06","6","-","All sectors","60","Pharmacy","Number",""
"HGO14C01","Number of Health Graduates","2010","2010","06","6","-","All sectors","504","Physiotherapy","Number","78"
"HGO14C01","Number of Health Graduates","2010","2010","06","6","-","All sectors","402","Radiography and Radiation Therapy","Number","48"
"HGO14C01","Number of Health Graduates","2010","2010","06","6","-","All sectors","702","Social Care","Number","510"
"HGO14C01","Number of Health Graduates","2010","2010","06","6","-","All sectors","701","Social Work","Number","93"
"HGO14C01","Number of Health Graduates","2010","2010","06","6","-","All sectors","10","Speech and Language Therapy","Number","72"
"HGO14C01","Number of Health Graduates","2010","2010","06","6","-","All sectors","V52","Dietetics, Optometry and Podiatry","Number","33"
"HGO14C01","Number of Health Graduates","2010","2010","07","7","01","Private sector","201","Dentistry","Number","9"
"HGO14C01","Number of Health Graduates","2010","2010","07","7","01","Private sector","401","Medical Science","Number","24"
"HGO14C01","Number of Health Graduates","2010","2010","07","7","01","Private sector","202","Medicine","Number","45"
"HGO14C01","Number of Health Graduates","2010","2010","07","7","01","Private sector","30","Nursing and Midwifery","Number","252"
"HGO14C01","Number of Health Graduates","2010","2010","07","7","01","Private sector","501","Occupational Therapy","Number","12"
"HGO14C01","Number of Health Graduates","2010","2010","07","7","01","Private sector","60","Pharmacy","Number",""
"HGO14C01","Number of Health Graduates","2010","2010","07","7","01","Private sector","504","Physiotherapy","Number","21"
"HGO14C01","Number of Health Graduates","2010","2010","07","7","01","Private sector","402","Radiography and Radiation Therapy","Number","12"
"HGO14C01","Number of Health Graduates","2010","2010","07","7","01","Private sector","702","Social Care","Number","342"
"HGO14C01","Number of Health Graduates","2010","2010","07","7","01","Private sector","701","Social Work","Number","21"
"HGO14C01","Number of Health Graduates","2010","2010","07","7","01","Private sector","10","Speech and Language Therapy","Number","12"
"HGO14C01","Number of Health Graduates","2010","2010","07","7","01","Private sector","V52","Dietetics, Optometry and Podiatry","Number","15"
"HGO14C01","Number of Health Graduates","2010","2010","07","7","02","Public sector","201","Dentistry","Number","6"
"HGO14C01","Number of Health Graduates","2010","2010","07","7","02","Public sector","401","Medical Science","Number","75"
"HGO14C01","Number of Health Graduates","2010","2010","07","7","02","Public sector","202","Medicine","Number","156"
"HGO14C01","Number of Health Graduates","2010","2010","07","7","02","Public sector","30","Nursing and Midwifery","Number","675"
"HGO14C01","Number of Health Graduates","2010","2010","07","7","02","Public sector","501","Occupational Therapy","Number","72"
"HGO14C01","Number of Health Graduates","2010","2010","07","7","02","Public sector","60","Pharmacy","Number",""
"HGO14C01","Number of Health Graduates","2010","2010","07","7","02","Public sector","504","Physiotherapy","Number","66"
"HGO14C01","Number of Health Graduates","2010","2010","07","7","02","Public sector","402","Radiography and Radiation Therapy","Number","36"
"HGO14C01","Number of Health Graduates","2010","2010","07","7","02","Public sector","702","Social Care","Number","201"
"HGO14C01","Number of Health Graduates","2010","2010","07","7","02","Public sector","701","Social Work","Number","75"
"HGO14C01","Number of Health Graduates","2010","2010","07","7","02","Public sector","10","Speech and Language Therapy","Number","63"
"HGO14C01","Number of Health Graduates","2010","2010","07","7","02","Public sector","V52","Dietetics, Optometry and Podiatry","Number","21"
"HGO14C01","Number of Health Graduates","2010","2010","07","7","-","All sectors","201","Dentistry","Number","15"
"HGO14C01","Number of Health Graduates","2010","2010","07","7","-","All sectors","401","Medical Science","Number","102"
"HGO14C01","Number of Health Graduates","2010","2010","07","7","-","All sectors","202","Medicine","Number","201"
"HGO14C01","Number of Health Graduates","2010","2010","07","7","-","All sectors","30","Nursing and Midwifery","Number","927"
"HGO14C01","Number of Health Graduates","2010","2010","07","7","-","All sectors","501","Occupational Therapy","Number","84"
"HGO14C01","Number of Health Graduates","2010","2010","07","7","-","All sectors","60","Pharmacy","Number",""
"HGO14C01","Number of Health Graduates","2010","2010","07","7","-","All sectors","504","Physiotherapy","Number","87"
"HGO14C01","Number of Health Graduates","2010","2010","07","7","-","All sectors","402","Radiography and Radiation Therapy","Number","48"
"HGO14C01","Number of Health Graduates","2010","2010","07","7","-","All sectors","702","Social Care","Number","543"
"HGO14C01","Number of Health Graduates","2010","2010","07","7","-","All sectors","701","Social Work","Number","96"
"HGO14C01","Number of Health Graduates","2010","2010","07","7","-","All sectors","10","Speech and Language Therapy","Number","75"
"HGO14C01","Number of Health Graduates","2010","2010","07","7","-","All sectors","V52","Dietetics, Optometry and Podiatry","Number","36"
"HGO14C01","Number of Health Graduates","2010","2010","08","8","01","Private sector","201","Dentistry","Number","9"
"HGO14C01","Number of Health Graduates","2010","2010","08","8","01","Private sector","401","Medical Science","Number","24"
"HGO14C01","Number of Health Graduates","2010","2010","08","8","01","Private sector","202","Medicine","Number","54"
"HGO14C01","Number of Health Graduates","2010","2010","08","8","01","Private sector","30","Nursing and Midwifery","Number","264"
"HGO14C01","Number of Health Graduates","2010","2010","08","8","01","Private sector","501","Occupational Therapy","Number","12"
"HGO14C01","Number of Health Graduates","2010","2010","08","8","01","Private sector","60","Pharmacy","Number",""
"HGO14C01","Number of Health Graduates","2010","2010","08","8","01","Private sector","504","Physiotherapy","Number","24"
"HGO14C01","Number of Health Graduates","2010","2010","08","8","01","Private sector","402","Radiography and Radiation Therapy","Number","15"
"HGO14C01","Number of Health Graduates","2010","2010","08","8","01","Private sector","702","Social Care","Number","327"
"HGO14C01","Number of Health Graduates","2010","2010","08","8","01","Private sector","701","Social Work","Number","21"
"HGO14C01","Number of Health Graduates","2010","2010","08","8","01","Private sector","10","Speech and Language Therapy","Number","12"
"HGO14C01","Number of Health Graduates","2010","2010","08","8","01","Private sector","V52","Dietetics, Optometry and Podiatry","Number","15"
"HGO14C01","Number of Health Graduates","2010","2010","08","8","02","Public sector","201","Dentistry","Number","9"
"HGO14C01","Number of Health Graduates","2010","2010","08","8","02","Public sector","401","Medical Science","Number","78"
"HGO14C01","Number of Health Graduates","2010","2010","08","8","02","Public sector","202","Medicine","Number","138"
"HGO14C01","Number of Health Graduates","2010","2010","08","8","02","Public sector","30","Nursing and Midwifery","Number","681"
"HGO14C01","Number of Health Graduates","2010","2010","08","8","02","Public sector","501","Occupational Therapy","Number","78"
"HGO14C01","Number of Health Graduates","2010","2010","08","8","02","Public sector","60","Pharmacy","Number",""
"HGO14C01","Number of Health Graduates","2010","2010","08","8","02","Public sector","504","Physiotherapy","Number","63"
"HGO14C01","Number of Health Graduates","2010","2010","08","8","02","Public sector","402","Radiography and Radiation Therapy","Number","36"
"HGO14C01","Number of Health Graduates","2010","2010","08","8","02","Public sector","702","Social Care","Number","207"
"HGO14C01","Number of Health Graduates","2010","2010","08","8","02","Public sector","701","Social Work","Number","75"
"HGO14C01","Number of Health Graduates","2010","2010","08","8","02","Public sector","10","Speech and Language Therapy","Number","63"
"HGO14C01","Number of Health Graduates","2010","2010","08","8","02","Public sector","V52","Dietetics, Optometry and Podiatry","Number","21"
"HGO14C01","Number of Health Graduates","2010","2010","08","8","-","All sectors","201","Dentistry","Number","21"
"HGO14C01","Number of Health Graduates","2010","2010","08","8","-","All sectors","401","Medical Science","Number","102"
"HGO14C01","Number of Health Graduates","2010","2010","08","8","-","All sectors","202","Medicine","Number","192"
"HGO14C01","Number of Health Graduates","2010","2010","08","8","-","All sectors","30","Nursing and Midwifery","Number","942"
"HGO14C01","Number of Health Graduates","2010","2010","08","8","-","All sectors","501","Occupational Therapy","Number","87"
"HGO14C01","Number of Health Graduates","2010","2010","08","8","-","All sectors","60","Pharmacy","Number",""
"HGO14C01","Number of Health Graduates","2010","2010","08","8","-","All sectors","504","Physiotherapy","Number","87"
"HGO14C01","Number of Health Graduates","2010","2010","08","8","-","All sectors","402","Radiography and Radiation Therapy","Number","51"
"HGO14C01","Number of Health Graduates","2010","2010","08","8","-","All sectors","702","Social Care","Number","534"
"HGO14C01","Number of Health Graduates","2010","2010","08","8","-","All sectors","701","Social Work","Number","93"
"HGO14C01","Number of Health Graduates","2010","2010","08","8","-","All sectors","10","Speech and Language Therapy","Number","75"
"HGO14C01","Number of Health Graduates","2010","2010","08","8","-","All sectors","V52","Dietetics, Optometry and Podiatry","Number","36"
"HGO14C01","Number of Health Graduates","2010","2010","09","9","01","Private sector","201","Dentistry","Number","9"
"HGO14C01","Number of Health Graduates","2010","2010","09","9","01","Private sector","401","Medical Science","Number","24"
"HGO14C01","Number of Health Graduates","2010","2010","09","9","01","Private sector","202","Medicine","Number","60"
"HGO14C01","Number of Health Graduates","2010","2010","09","9","01","Private sector","30","Nursing and Midwifery","Number","255"
"HGO14C01","Number of Health Graduates","2010","2010","09","9","01","Private sector","501","Occupational Therapy","Number","12"
"HGO14C01","Number of Health Graduates","2010","2010","09","9","01","Private sector","60","Pharmacy","Number",""
"HGO14C01","Number of Health Graduates","2010","2010","09","9","01","Private sector","504","Physiotherapy","Number","24"
"HGO14C01","Number of Health Graduates","2010","2010","09","9","01","Private sector","402","Radiography and Radiation Therapy","Number","15"
"HGO14C01","Number of Health Graduates","2010","2010","09","9","01","Private sector","702","Social Care","Number","324"
"HGO14C01","Number of Health Graduates","2010","2010","09","9","01","Private sector","701","Social Work","Number","18"
"HGO14C01","Number of Health Graduates","2010","2010","09","9","01","Private sector","10","Speech and Language Therapy","Number","15"
"HGO14C01","Number of Health Graduates","2010","2010","09","9","01","Private sector","V52","Dietetics, Optometry and Podiatry","Number","15"
"HGO14C01","Number of Health Graduates","2010","2010","09","9","02","Public sector","201","Dentistry","Number","6"
"HGO14C01","Number of Health Graduates","2010","2010","09","9","02","Public sector","401","Medical Science","Number","75"
"HGO14C01","Number of Health Graduates","2010","2010","09","9","02","Public sector","202","Medicine","Number","126"
"HGO14C01","Number of Health Graduates","2010","2010","09","9","02","Public sector","30","Nursing and Midwifery","Number","702"
"HGO14C01","Number of Health Graduates","2010","2010","09","9","02","Public sector","501","Occupational Therapy","Number","75"
"HGO14C01","Number of Health Graduates","2010","2010","09","9","02","Public sector","60","Pharmacy","Number",""
"HGO14C01","Number of Health Graduates","2010","2010","09","9","02","Public sector","504","Physiotherapy","Number","66"
"HGO14C01","Number of Health Graduates","2010","2010","09","9","02","Public sector","402","Radiography and Radiation Therapy","Number","36"
"HGO14C01","Number of Health Graduates","2010","2010","09","9","02","Public sector","702","Social Care","Number","210"
"HGO14C01","Number of Health Graduates","2010","2010","09","9","02","Public sector","701","Social Work","Number","78"
"HGO14C01","Number of Health Graduates","2010","2010","09","9","02","Public sector","10","Speech and Language Therapy","Number","63"
"HGO14C01","Number of Health Graduates","2010","2010","09","9","02","Public sector","V52","Dietetics, Optometry and Podiatry","Number","21"
"HGO14C01","Number of Health Graduates","2010","2010","09","9","-","All sectors","201","Dentistry","Number","15"
"HGO14C01","Number of Health Graduates","2010","2010","09","9","-","All sectors","401","Medical Science","Number","102"
"HGO14C01","Number of Health Graduates","2010","2010","09","9","-","All sectors","202","Medicine","Number","186"
"HGO14C01","Number of Health Graduates","2010","2010","09","9","-","All sectors","30","Nursing and Midwifery","Number","960"
"HGO14C01","Number of Health Graduates","2010","2010","09","9","-","All sectors","501","Occupational Therapy","Number","87"
"HGO14C01","Number of Health Graduates","2010","2010","09","9","-","All sectors","60","Pharmacy","Number",""
"HGO14C01","Number of Health Graduates","2010","2010","09","9","-","All sectors","504","Physiotherapy","Number","90"
"HGO14C01","Number of Health Graduates","2010","2010","09","9","-","All sectors","402","Radiography and Radiation Therapy","Number","51"
"HGO14C01","Number of Health Graduates","2010","2010","09","9","-","All sectors","702","Social Care","Number","534"
"HGO14C01","Number of Health Graduates","2010","2010","09","9","-","All sectors","701","Social Work","Number","96"
"HGO14C01","Number of Health Graduates","2010","2010","09","9","-","All sectors","10","Speech and Language Therapy","Number","75"
"HGO14C01","Number of Health Graduates","2010","2010","09","9","-","All sectors","V52","Dietetics, Optometry and Podiatry","Number","36"
"HGO14C01","Number of Health Graduates","2010","2010","10","10","01","Private sector","201","Dentistry","Number","6"
"HGO14C01","Number of Health Graduates","2010","2010","10","10","01","Private sector","401","Medical Science","Number","27"
"HGO14C01","Number of Health Graduates","2010","2010","10","10","01","Private sector","202","Medicine","Number","57"
"HGO14C01","Number of Health Graduates","2010","2010","10","10","01","Private sector","30","Nursing and Midwifery","Number","252"
"HGO14C01","Number of Health Graduates","2010","2010","10","10","01","Private sector","501","Occupational Therapy","Number","9"
"HGO14C01","Number of Health Graduates","2010","2010","10","10","01","Private sector","60","Pharmacy","Number",""
"HGO14C01","Number of Health Graduates","2010","2010","10","10","01","Private sector","504","Physiotherapy","Number","21"
"HGO14C01","Number of Health Graduates","2010","2010","10","10","01","Private sector","402","Radiography and Radiation Therapy","Number","15"
"HGO14C01","Number of Health Graduates","2010","2010","10","10","01","Private sector","702","Social Care","Number","309"
"HGO14C01","Number of Health Graduates","2010","2010","10","10","01","Private sector","701","Social Work","Number","15"
"HGO14C01","Number of Health Graduates","2010","2010","10","10","01","Private sector","10","Speech and Language Therapy","Number","15"
"HGO14C01","Number of Health Graduates","2010","2010","10","10","01","Private sector","V52","Dietetics, Optometry and Podiatry","Number","15"
"HGO14C01","Number of Health Graduates","2010","2010","10","10","02","Public sector","201","Dentistry","Number","3"
"HGO14C01","Number of Health Graduates","2010","2010","10","10","02","Public sector","401","Medical Science","Number","69"
"HGO14C01","Number of Health Graduates","2010","2010","10","10","02","Public sector","202","Medicine","Number","111"
"HGO14C01","Number of Health Graduates","2010","2010","10","10","02","Public sector","30","Nursing and Midwifery","Number","675"
"HGO14C01","Number of Health Graduates","2010","2010","10","10","02","Public sector","501","Occupational Therapy","Number","72"
"HGO14C01","Number of Health Graduates","2010","2010","10","10","02","Public sector","60","Pharmacy","Number",""
"HGO14C01","Number of Health Graduates","2010","2010","10","10","02","Public sector","504","Physiotherapy","Number","69"
"HGO14C01","Number of Health Graduates","2010","2010","10","10","02","Public sector","402","Radiography and Radiation Therapy","Number","33"
"HGO14C01","Number of Health Graduates","2010","2010","10","10","02","Public sector","702","Social Care","Number","219"
"HGO14C01","Number of Health Graduates","2010","2010","10","10","02","Public sector","701","Social Work","Number","75"
"HGO14C01","Number of Health Graduates","2010","2010","10","10","02","Public sector","10","Speech and Language Therapy","Number","57"
"HGO14C01","Number of Health Graduates","2010","2010","10","10","02","Public sector","V52","Dietetics, Optometry and Podiatry","Number","21"
"HGO14C01","Number of Health Graduates","2010","2010","10","10","-","All sectors","201","Dentistry","Number","12"
"HGO14C01","Number of Health Graduates","2010","2010","10","10","-","All sectors","401","Medical Science","Number","96"
"HGO14C01","Number of Health Graduates","2010","2010","10","10","-","All sectors","202","Medicine","Number","168"
"HGO14C01","Number of Health Graduates","2010","2010","10","10","-","All sectors","30","Nursing and Midwifery","Number","924"
"HGO14C01","Number of Health Graduates","2010","2010","10","10","-","All sectors","501","Occupational Therapy","Number","84"
"HGO14C01","Number of Health Graduates","2010","2010","10","10","-","All sectors","60","Pharmacy","Number",""
"HGO14C01","Number of Health Graduates","2010","2010","10","10","-","All sectors","504","Physiotherapy","Number","87"
"HGO14C01","Number of Health Graduates","2010","2010","10","10","-","All sectors","402","Radiography and Radiation Therapy","Number","45"
"HGO14C01","Number of Health Graduates","2010","2010","10","10","-","All sectors","702","Social Care","Number","528"
"HGO14C01","Number of Health Graduates","2010","2010","10","10","-","All sectors","701","Social Work","Number","90"
"HGO14C01","Number of Health Graduates","2010","2010","10","10","-","All sectors","10","Speech and Language Therapy","Number","72"
"HGO14C01","Number of Health Graduates","2010","2010","10","10","-","All sectors","V52","Dietetics, Optometry and Podiatry","Number","36"
"HGO14C01","Number of Health Graduates","2010","2010","11","11","01","Private sector","201","Dentistry","Number","6"
"HGO14C01","Number of Health Graduates","2010","2010","11","11","01","Private sector","401","Medical Science","Number","27"
"HGO14C01","Number of Health Graduates","2010","2010","11","11","01","Private sector","202","Medicine","Number","51"
"HGO14C01","Number of Health Graduates","2010","2010","11","11","01","Private sector","30","Nursing and Midwifery","Number","243"
"HGO14C01","Number of Health Graduates","2010","2010","11","11","01","Private sector","501","Occupational Therapy","Number","12"
"HGO14C01","Number of Health Graduates","2010","2010","11","11","01","Private sector","60","Pharmacy","Number",""
"HGO14C01","Number of Health Graduates","2010","2010","11","11","01","Private sector","504","Physiotherapy","Number","21"
"HGO14C01","Number of Health Graduates","2010","2010","11","11","01","Private sector","402","Radiography and Radiation Therapy","Number","15"
"HGO14C01","Number of Health Graduates","2010","2010","11","11","01","Private sector","702","Social Care","Number","306"
"HGO14C01","Number of Health Graduates","2010","2010","11","11","01","Private sector","701","Social Work","Number","15"
"HGO14C01","Number of Health Graduates","2010","2010","11","11","01","Private sector","10","Speech and Language Therapy","Number","18"
"HGO14C01","Number of Health Graduates","2010","2010","11","11","01","Private sector","V52","Dietetics, Optometry and Podiatry","Number","15"
"HGO14C01","Number of Health Graduates","2010","2010","11","11","02","Public sector","201","Dentistry","Number","6"
"HGO14C01","Number of Health Graduates","2010","2010","11","11","02","Public sector","401","Medical Science","Number","75"
"HGO14C01","Number of Health Graduates","2010","2010","11","11","02","Public sector","202","Medicine","Number","111"
"HGO14C01","Number of Health Graduates","2010","2010","11","11","02","Public sector","30","Nursing and Midwifery","Number","717"
"HGO14C01","Number of Health Graduates","2010","2010","11","11","02","Public sector","501","Occupational Therapy","Number","75"
"HGO14C01","Number of Health Graduates","2010","2010","11","11","02","Public sector","60","Pharmacy","Number",""
"HGO14C01","Number of Health Graduates","2010","2010","11","11","02","Public sector","504","Physiotherapy","Number","72"
"HGO14C01","Number of Health Graduates","2010","2010","11","11","02","Public sector","402","Radiography and Radiation Therapy","Number","36"
"HGO14C01","Number of Health Graduates","2010","2010","11","11","02","Public sector","702","Social Care","Number","228"
"HGO14C01","Number of Health Graduates","2010","2010","11","11","02","Public sector","701","Social Work","Number","75"
"HGO14C01","Number of Health Graduates","2010","2010","11","11","02","Public sector","10","Speech and Language Therapy","Number","57"
"HGO14C01","Number of Health Graduates","2010","2010","11","11","02","Public sector","V52","Dietetics, Optometry and Podiatry","Number","24"
"HGO14C01","Number of Health Graduates","2010","2010","11","11","-","All sectors","201","Dentistry","Number","12"
"HGO14C01","Number of Health Graduates","2010","2010","11","11","-","All sectors","401","Medical Science","Number","102"
"HGO14C01","Number of Health Graduates","2010","2010","11","11","-","All sectors","202","Medicine","Number","162"
"HGO14C01","Number of Health Graduates","2010","2010","11","11","-","All sectors","30","Nursing and Midwifery","Number","960"
"HGO14C01","Number of Health Graduates","2010","2010","11","11","-","All sectors","501","Occupational Therapy","Number","87"
"HGO14C01","Number of Health Graduates","2010","2010","11","11","-","All sectors","60","Pharmacy","Number",""
"HGO14C01","Number of Health Graduates","2010","2010","11","11","-","All sectors","504","Physiotherapy","Number","93"
"HGO14C01","Number of Health Graduates","2010","2010","11","11","-","All sectors","402","Radiography and Radiation Therapy","Number","51"
"HGO14C01","Number of Health Graduates","2010","2010","11","11","-","All sectors","702","Social Care","Number","534"
"HGO14C01","Number of Health Graduates","2010","2010","11","11","-","All sectors","701","Social Work","Number","90"
"HGO14C01","Number of Health Graduates","2010","2010","11","11","-","All sectors","10","Speech and Language Therapy","Number","75"
"HGO14C01","Number of Health Graduates","2010","2010","11","11","-","All sectors","V52","Dietetics, Optometry and Podiatry","Number","39"
"HGO14C01","Number of Health Graduates","2010","2010","12","12","01","Private sector","201","Dentistry","Number","6"
"HGO14C01","Number of Health Graduates","2010","2010","12","12","01","Private sector","401","Medical Science","Number","30"
"HGO14C01","Number of Health Graduates","2010","2010","12","12","01","Private sector","202","Medicine","Number","54"
"HGO14C01","Number of Health Graduates","2010","2010","12","12","01","Private sector","30","Nursing and Midwifery","Number","255"
"HGO14C01","Number of Health Graduates","2010","2010","12","12","01","Private sector","501","Occupational Therapy","Number","12"
"HGO14C01","Number of Health Graduates","2010","2010","12","12","01","Private sector","60","Pharmacy","Number",""
"HGO14C01","Number of Health Graduates","2010","2010","12","12","01","Private sector","504","Physiotherapy","Number","21"
"HGO14C01","Number of Health Graduates","2010","2010","12","12","01","Private sector","402","Radiography and Radiation Therapy","Number","18"
"HGO14C01","Number of Health Graduates","2010","2010","12","12","01","Private sector","702","Social Care","Number","303"
"HGO14C01","Number of Health Graduates","2010","2010","12","12","01","Private sector","701","Social Work","Number","18"
"HGO14C01","Number of Health Graduates","2010","2010","12","12","01","Private sector","10","Speech and Language Therapy","Number","18"
"HGO14C01","Number of Health Graduates","2010","2010","12","12","01","Private sector","V52","Dietetics, Optometry and Podiatry","Number","15"
"HGO14C01","Number of Health Graduates","2010","2010","12","12","02","Public sector","201","Dentistry","Number","6"
"HGO14C01","Number of Health Graduates","2010","2010","12","12","02","Public sector","401","Medical Science","Number","75"
"HGO14C01","Number of Health Graduates","2010","2010","12","12","02","Public sector","202","Medicine","Number","111"
"HGO14C01","Number of Health Graduates","2010","2010","12","12","02","Public sector","30","Nursing and Midwifery","Number","711"
"HGO14C01","Number of Health Graduates","2010","2010","12","12","02","Public sector","501","Occupational Therapy","Number","72"
"HGO14C01","Number of Health Graduates","2010","2010","12","12","02","Public sector","60","Pharmacy","Number",""
"HGO14C01","Number of Health Graduates","2010","2010","12","12","02","Public sector","504","Physiotherapy","Number","72"
"HGO14C01","Number of Health Graduates","2010","2010","12","12","02","Public sector","402","Radiography and Radiation Therapy","Number","33"
"HGO14C01","Number of Health Graduates","2010","2010","12","12","02","Public sector","702","Social Care","Number","237"
"HGO14C01","Number of Health Graduates","2010","2010","12","12","02","Public sector","701","Social Work","Number","72"
"HGO14C01","Number of Health Graduates","2010","2010","12","12","02","Public sector","10","Speech and Language Therapy","Number","60"
"HGO14C01","Number of Health Graduates","2010","2010","12","12","02","Public sector","V52","Dietetics, Optometry and Podiatry","Number","24"
"HGO14C01","Number of Health Graduates","2010","2010","12","12","-","All sectors","201","Dentistry","Number","9"
"HGO14C01","Number of Health Graduates","2010","2010","12","12","-","All sectors","401","Medical Science","Number","105"
"HGO14C01","Number of Health Graduates","2010","2010","12","12","-","All sectors","202","Medicine","Number","165"
"HGO14C01","Number of Health Graduates","2010","2010","12","12","-","All sectors","30","Nursing and Midwifery","Number","963"
"HGO14C01","Number of Health Graduates","2010","2010","12","12","-","All sectors","501","Occupational Therapy","Number","84"
"HGO14C01","Number of Health Graduates","2010","2010","12","12","-","All sectors","60","Pharmacy","Number",""
"HGO14C01","Number of Health Graduates","2010","2010","12","12","-","All sectors","504","Physiotherapy","Number","96"
"HGO14C01","Number of Health Graduates","2010","2010","12","12","-","All sectors","402","Radiography and Radiation Therapy","Number","51"
"HGO14C01","Number of Health Graduates","2010","2010","12","12","-","All sectors","702","Social Care","Number","540"
"HGO14C01","Number of Health Graduates","2010","2010","12","12","-","All sectors","701","Social Work","Number","90"
"HGO14C01","Number of Health Graduates","2010","2010","12","12","-","All sectors","10","Speech and Language Therapy","Number","75"
"HGO14C01","Number of Health Graduates","2010","2010","12","12","-","All sectors","V52","Dietetics, Optometry and Podiatry","Number","39"
"HGO14C01","Number of Health Graduates","2010","2010","13","13","01","Private sector","201","Dentistry","Number","9"
"HGO14C01","Number of Health Graduates","2010","2010","13","13","01","Private sector","401","Medical Science","Number","30"
"HGO14C01","Number of Health Graduates","2010","2010","13","13","01","Private sector","202","Medicine","Number","60"
"HGO14C01","Number of Health Graduates","2010","2010","13","13","01","Private sector","30","Nursing and Midwifery","Number","258"
"HGO14C01","Number of Health Graduates","2010","2010","13","13","01","Private sector","501","Occupational Therapy","Number","15"
"HGO14C01","Number of Health Graduates","2010","2010","13","13","01","Private sector","60","Pharmacy","Number",""
"HGO14C01","Number of Health Graduates","2010","2010","13","13","01","Private sector","504","Physiotherapy","Number","18"
"HGO14C01","Number of Health Graduates","2010","2010","13","13","01","Private sector","402","Radiography and Radiation Therapy","Number","21"
"HGO14C01","Number of Health Graduates","2010","2010","13","13","01","Private sector","702","Social Care","Number","291"
"HGO14C01","Number of Health Graduates","2010","2010","13","13","01","Private sector","701","Social Work","Number","21"
"HGO14C01","Number of Health Graduates","2010","2010","13","13","01","Private sector","10","Speech and Language Therapy","Number","15"
"HGO14C01","Number of Health Graduates","2010","2010","13","13","01","Private sector","V52","Dietetics, Optometry and Podiatry","Number","15"
"HGO14C01","Number of Health Graduates","2010","2010","13","13","02","Public sector","201","Dentistry","Number","6"
"HGO14C01","Number of Health Graduates","2010","2010","13","13","02","Public sector","401","Medical Science","Number","72"
"HGO14C01","Number of Health Graduates","2010","2010","13","13","02","Public sector","202","Medicine","Number","111"
"HGO14C01","Number of Health Graduates","2010","2010","13","13","02","Public sector","30","Nursing and Midwifery","Number","702"
"HGO14C01","Number of Health Graduates","2010","2010","13","13","02","Public sector","501","Occupational Therapy","Number","72"
"HGO14C01","Number of Health Graduates","2010","2010","13","13","02","Public sector","60","Pharmacy","Number",""
"HGO14C01","Number of Health Graduates","2010","2010","13","13","02","Public sector","504","Physiotherapy","Number","75"
"HGO14C01","Number of Health Graduates","2010","2010","13","13","02","Public sector","402","Radiography and Radiation Therapy","Number","30"
"HGO14C01","Number of Health Graduates","2010","2010","13","13","02","Public sector","702","Social Care","Number","246"
"HGO14C01","Number of Health Graduates","2010","2010","13","13","02","Public sector","701","Social Work","Number","69"
"HGO14C01","Number of Health Graduates","2010","2010","13","13","02","Public sector","10","Speech and Language Therapy","Number","57"
"HGO14C01","Number of Health Graduates","2010","2010","13","13","02","Public sector","V52","Dietetics, Optometry and Podiatry","Number","24"
"HGO14C01","Number of Health Graduates","2010","2010","13","13","-","All sectors","201","Dentistry","Number","15"
"HGO14C01","Number of Health Graduates","2010","2010","13","13","-","All sectors","401","Medical Science","Number","102"
"HGO14C01","Number of Health Graduates","2010","2010","13","13","-","All sectors","202","Medicine","Number","171"
"HGO14C01","Number of Health Graduates","2010","2010","13","13","-","All sectors","30","Nursing and Midwifery","Number","960"
"HGO14C01","Number of Health Graduates","2010","2010","13","13","-","All sectors","501","Occupational Therapy","Number","87"
"HGO14C01","Number of Health Graduates","2010","2010","13","13","-","All sectors","60","Pharmacy","Number",""
"HGO14C01","Number of Health Graduates","2010","2010","13","13","-","All sectors","504","Physiotherapy","Number","93"
"HGO14C01","Number of Health Graduates","2010","2010","13","13","-","All sectors","402","Radiography and Radiation Therapy","Number","51"
"HGO14C01","Number of Health Graduates","2010","2010","13","13","-","All sectors","702","Social Care","Number","540"
"HGO14C01","Number of Health Graduates","2010","2010","13","13","-","All sectors","701","Social Work","Number","90"
"HGO14C01","Number of Health Graduates","2010","2010","13","13","-","All sectors","10","Speech and Language Therapy","Number","72"
"HGO14C01","Number of Health Graduates","2010","2010","13","13","-","All sectors","V52","Dietetics, Optometry and Podiatry","Number","39"
"HGO14C01","Number of Health Graduates","2011","2011","01","1","01","Private sector","201","Dentistry","Number","3"
"HGO14C01","Number of Health Graduates","2011","2011","01","1","01","Private sector","401","Medical Science","Number","60"
"HGO14C01","Number of Health Graduates","2011","2011","01","1","01","Private sector","202","Medicine","Number","3"
"HGO14C01","Number of Health Graduates","2011","2011","01","1","01","Private sector","30","Nursing and Midwifery","Number","456"
"HGO14C01","Number of Health Graduates","2011","2011","01","1","01","Private sector","501","Occupational Therapy","Number","51"
"HGO14C01","Number of Health Graduates","2011","2011","01","1","01","Private sector","60","Pharmacy","Number",""
"HGO14C01","Number of Health Graduates","2011","2011","01","1","01","Private sector","504","Physiotherapy","Number","27"
"HGO14C01","Number of Health Graduates","2011","2011","01","1","01","Private sector","402","Radiography and Radiation Therapy","Number","15"
"HGO14C01","Number of Health Graduates","2011","2011","01","1","01","Private sector","702","Social Care","Number","399"
"HGO14C01","Number of Health Graduates","2011","2011","01","1","01","Private sector","701","Social Work","Number","42"
"HGO14C01","Number of Health Graduates","2011","2011","01","1","01","Private sector","10","Speech and Language Therapy","Number","48"
"HGO14C01","Number of Health Graduates","2011","2011","01","1","01","Private sector","V52","Dietetics, Optometry and Podiatry","Number","18"
"HGO14C01","Number of Health Graduates","2011","2011","01","1","02","Public sector","201","Dentistry","Number","6"
"HGO14C01","Number of Health Graduates","2011","2011","01","1","02","Public sector","401","Medical Science","Number","39"
"HGO14C01","Number of Health Graduates","2011","2011","01","1","02","Public sector","202","Medicine","Number","315"
"HGO14C01","Number of Health Graduates","2011","2011","01","1","02","Public sector","30","Nursing and Midwifery","Number","672"
"HGO14C01","Number of Health Graduates","2011","2011","01","1","02","Public sector","501","Occupational Therapy","Number","15"
"HGO14C01","Number of Health Graduates","2011","2011","01","1","02","Public sector","60","Pharmacy","Number",""
"HGO14C01","Number of Health Graduates","2011","2011","01","1","02","Public sector","504","Physiotherapy","Number","18"
"HGO14C01","Number of Health Graduates","2011","2011","01","1","02","Public sector","402","Radiography and Radiation Therapy","Number","3"
"HGO14C01","Number of Health Graduates","2011","2011","01","1","02","Public sector","702","Social Care","Number","51"
"HGO14C01","Number of Health Graduates","2011","2011","01","1","02","Public sector","701","Social Work","Number","24"
"HGO14C01","Number of Health Graduates","2011","2011","01","1","02","Public sector","10","Speech and Language Therapy","Number","12"
"HGO14C01","Number of Health Graduates","2011","2011","01","1","02","Public sector","V52","Dietetics, Optometry and Podiatry","Number","3"
"HGO14C01","Number of Health Graduates","2011","2011","01","1","-","All sectors","201","Dentistry","Number","9"
"HGO14C01","Number of Health Graduates","2011","2011","01","1","-","All sectors","401","Medical Science","Number","99"
"HGO14C01","Number of Health Graduates","2011","2011","01","1","-","All sectors","202","Medicine","Number","321"
"HGO14C01","Number of Health Graduates","2011","2011","01","1","-","All sectors","30","Nursing and Midwifery","Number","1128"
"HGO14C01","Number of Health Graduates","2011","2011","01","1","-","All sectors","501","Occupational Therapy","Number","66"
"HGO14C01","Number of Health Graduates","2011","2011","01","1","-","All sectors","60","Pharmacy","Number",""
"HGO14C01","Number of Health Graduates","2011","2011","01","1","-","All sectors","504","Physiotherapy","Number","45"
"HGO14C01","Number of Health Graduates","2011","2011","01","1","-","All sectors","402","Radiography and Radiation Therapy","Number","18"
"HGO14C01","Number of Health Graduates","2011","2011","01","1","-","All sectors","702","Social Care","Number","450"
"HGO14C01","Number of Health Graduates","2011","2011","01","1","-","All sectors","701","Social Work","Number","66"
"HGO14C01","Number of Health Graduates","2011","2011","01","1","-","All sectors","10","Speech and Language Therapy","Number","60"
"HGO14C01","Number of Health Graduates","2011","2011","01","1","-","All sectors","V52","Dietetics, Optometry and Podiatry","Number","21"
"HGO14C01","Number of Health Graduates","2011","2011","02","2","01","Private sector","201","Dentistry","Number",""
"HGO14C01","Number of Health Graduates","2011","2011","02","2","01","Private sector","401","Medical Science","Number","51"
"HGO14C01","Number of Health Graduates","2011","2011","02","2","01","Private sector","202","Medicine","Number","9"
"HGO14C01","Number of Health Graduates","2011","2011","02","2","01","Private sector","30","Nursing and Midwifery","Number","435"
"HGO14C01","Number of Health Graduates","2011","2011","02","2","01","Private sector","501","Occupational Therapy","Number","27"
"HGO14C01","Number of Health Graduates","2011","2011","02","2","01","Private sector","60","Pharmacy","Number",""
"HGO14C01","Number of Health Graduates","2011","2011","02","2","01","Private sector","504","Physiotherapy","Number","21"
"HGO14C01","Number of Health Graduates","2011","2011","02","2","01","Private sector","402","Radiography and Radiation Therapy","Number","12"
"HGO14C01","Number of Health Graduates","2011","2011","02","2","01","Private sector","702","Social Care","Number","390"
"HGO14C01","Number of Health Graduates","2011","2011","02","2","01","Private sector","701","Social Work","Number","33"
"HGO14C01","Number of Health Graduates","2011","2011","02","2","01","Private sector","10","Speech and Language Therapy","Number","42"
"HGO14C01","Number of Health Graduates","2011","2011","02","2","01","Private sector","V52","Dietetics, Optometry and Podiatry","Number","9"
"HGO14C01","Number of Health Graduates","2011","2011","02","2","02","Public sector","201","Dentistry","Number","3"
"HGO14C01","Number of Health Graduates","2011","2011","02","2","02","Public sector","401","Medical Science","Number","42"
"HGO14C01","Number of Health Graduates","2011","2011","02","2","02","Public sector","202","Medicine","Number","255"
"HGO14C01","Number of Health Graduates","2011","2011","02","2","02","Public sector","30","Nursing and Midwifery","Number","642"
"HGO14C01","Number of Health Graduates","2011","2011","02","2","02","Public sector","501","Occupational Therapy","Number","24"
"HGO14C01","Number of Health Graduates","2011","2011","02","2","02","Public sector","60","Pharmacy","Number",""
"HGO14C01","Number of Health Graduates","2011","2011","02","2","02","Public sector","504","Physiotherapy","Number","21"
"HGO14C01","Number of Health Graduates","2011","2011","02","2","02","Public sector","402","Radiography and Radiation Therapy","Number","6"
"HGO14C01","Number of Health Graduates","2011","2011","02","2","02","Public sector","702","Social Care","Number","66"
"HGO14C01","Number of Health Graduates","2011","2011","02","2","02","Public sector","701","Social Work","Number","33"
"HGO14C01","Number of Health Graduates","2011","2011","02","2","02","Public sector","10","Speech and Language Therapy","Number","15"
"HGO14C01","Number of Health Graduates","2011","2011","02","2","02","Public sector","V52","Dietetics, Optometry and Podiatry","Number","3"
"HGO14C01","Number of Health Graduates","2011","2011","02","2","-","All sectors","201","Dentistry","Number","3"
"HGO14C01","Number of Health Graduates","2011","2011","02","2","-","All sectors","401","Medical Science","Number","93"
"HGO14C01","Number of Health Graduates","2011","2011","02","2","-","All sectors","202","Medicine","Number","264"
"HGO14C01","Number of Health Graduates","2011","2011","02","2","-","All sectors","30","Nursing and Midwifery","Number","1077"
"HGO14C01","Number of Health Graduates","2011","2011","02","2","-","All sectors","501","Occupational Therapy","Number","51"
"HGO14C01","Number of Health Graduates","2011","2011","02","2","-","All sectors","60","Pharmacy","Number",""
"HGO14C01","Number of Health Graduates","2011","2011","02","2","-","All sectors","504","Physiotherapy","Number","42"
"HGO14C01","Number of Health Graduates","2011","2011","02","2","-","All sectors","402","Radiography and Radiation Therapy","Number","18"
"HGO14C01","Number of Health Graduates","2011","2011","02","2","-","All sectors","702","Social Care","Number","453"
"HGO14C01","Number of Health Graduates","2011","2011","02","2","-","All sectors","701","Social Work","Number","66"
"HGO14C01","Number of Health Graduates","2011","2011","02","2","-","All sectors","10","Speech and Language Therapy","Number","57"
"HGO14C01","Number of Health Graduates","2011","2011","02","2","-","All sectors","V52","Dietetics, Optometry and Podiatry","Number","15"
"HGO14C01","Number of Health Graduates","2011","2011","03","3","01","Private sector","201","Dentistry","Number","3"
"HGO14C01","Number of Health Graduates","2011","2011","03","3","01","Private sector","401","Medical Science","Number","48"
"HGO14C01","Number of Health Graduates","2011","2011","03","3","01","Private sector","202","Medicine","Number","6"
"HGO14C01","Number of Health Graduates","2011","2011","03","3","01","Private sector","30","Nursing and Midwifery","Number","393"
"HGO14C01","Number of Health Graduates","2011","2011","03","3","01","Private sector","501","Occupational Therapy","Number","21"
"HGO14C01","Number of Health Graduates","2011","2011","03","3","01","Private sector","60","Pharmacy","Number",""
"HGO14C01","Number of Health Graduates","2011","2011","03","3","01","Private sector","504","Physiotherapy","Number","21"
"HGO14C01","Number of Health Graduates","2011","2011","03","3","01","Private sector","402","Radiography and Radiation Therapy","Number","6"
"HGO14C01","Number of Health Graduates","2011","2011","03","3","01","Private sector","702","Social Care","Number","393"
"HGO14C01","Number of Health Graduates","2011","2011","03","3","01","Private sector","701","Social Work","Number","30"
"HGO14C01","Number of Health Graduates","2011","2011","03","3","01","Private sector","10","Speech and Language Therapy","Number","42"
"HGO14C01","Number of Health Graduates","2011","2011","03","3","01","Private sector","V52","Dietetics, Optometry and Podiatry","Number","9"
"HGO14C01","Number of Health Graduates","2011","2011","03","3","02","Public sector","201","Dentistry","Number","3"
"HGO14C01","Number of Health Graduates","2011","2011","03","3","02","Public sector","401","Medical Science","Number","48"
"HGO14C01","Number of Health Graduates","2011","2011","03","3","02","Public sector","202","Medicine","Number","261"
"HGO14C01","Number of Health Graduates","2011","2011","03","3","02","Public sector","30","Nursing and Midwifery","Number","687"
"HGO14C01","Number of Health Graduates","2011","2011","03","3","02","Public sector","501","Occupational Therapy","Number","42"
"HGO14C01","Number of Health Graduates","2011","2011","03","3","02","Public sector","60","Pharmacy","Number",""
"HGO14C01","Number of Health Graduates","2011","2011","03","3","02","Public sector","504","Physiotherapy","Number","24"
"HGO14C01","Number of Health Graduates","2011","2011","03","3","02","Public sector","402","Radiography and Radiation Therapy","Number","9"
"HGO14C01","Number of Health Graduates","2011","2011","03","3","02","Public sector","702","Social Care","Number","78"
"HGO14C01","Number of Health Graduates","2011","2011","03","3","02","Public sector","701","Social Work","Number","39"
"HGO14C01","Number of Health Graduates","2011","2011","03","3","02","Public sector","10","Speech and Language Therapy","Number","15"
"HGO14C01","Number of Health Graduates","2011","2011","03","3","02","Public sector","V52","Dietetics, Optometry and Podiatry","Number","6"
"HGO14C01","Number of Health Graduates","2011","2011","03","3","-","All sectors","201","Dentistry","Number","6"
"HGO14C01","Number of Health Graduates","2011","2011","03","3","-","All sectors","401","Medical Science","Number","96"
"HGO14C01","Number of Health Graduates","2011","2011","03","3","-","All sectors","202","Medicine","Number","267"
"HGO14C01","Number of Health Graduates","2011","2011","03","3","-","All sectors","30","Nursing and Midwifery","Number","1080"
"HGO14C01","Number of Health Graduates","2011","2011","03","3","-","All sectors","501","Occupational Therapy","Number","60"
"HGO14C01","Number of Health Graduates","2011","2011","03","3","-","All sectors","60","Pharmacy","Number",""
"HGO14C01","Number of Health Graduates","2011","2011","03","3","-","All sectors","504","Physiotherapy","Number","45"
"HGO14C01","Number of Health Graduates","2011","2011","03","3","-","All sectors","402","Radiography and Radiation Therapy","Number","15"
"HGO14C01","Number of Health Graduates","2011","2011","03","3","-","All sectors","702","Social Care","Number","471"
"HGO14C01","Number of Health Graduates","2011","2011","03","3","-","All sectors","701","Social Work","Number","72"
"HGO14C01","Number of Health Graduates","2011","2011","03","3","-","All sectors","10","Speech and Language Therapy","Number","57"
"HGO14C01","Number of Health Graduates","2011","2011","03","3","-","All sectors","V52","Dietetics, Optometry and Podiatry","Number","15"
"HGO14C01","Number of Health Graduates","2011","2011","04","4","01","Private sector","201","Dentistry","Number","6"
"HGO14C01","Number of Health Graduates","2011","2011","04","4","01","Private sector","401","Medical Science","Number","33"
"HGO14C01","Number of Health Graduates","2011","2011","04","4","01","Private sector","202","Medicine","Number","12"
"HGO14C01","Number of Health Graduates","2011","2011","04","4","01","Private sector","30","Nursing and Midwifery","Number","342"
"HGO14C01","Number of Health Graduates","2011","2011","04","4","01","Private sector","501","Occupational Therapy","Number","15"
"HGO14C01","Number of Health Graduates","2011","2011","04","4","01","Private sector","60","Pharmacy","Number",""
"HGO14C01","Number of Health Graduates","2011","2011","04","4","01","Private sector","504","Physiotherapy","Number","21"
"HGO14C01","Number of Health Graduates","2011","2011","04","4","01","Private sector","402","Radiography and Radiation Therapy","Number","3"
"HGO14C01","Number of Health Graduates","2011","2011","04","4","01","Private sector","702","Social Care","Number","378"
"HGO14C01","Number of Health Graduates","2011","2011","04","4","01","Private sector","701","Social Work","Number","24"
"HGO14C01","Number of Health Graduates","2011","2011","04","4","01","Private sector","10","Speech and Language Therapy","Number","30"
"HGO14C01","Number of Health Graduates","2011","2011","04","4","01","Private sector","V52","Dietetics, Optometry and Podiatry","Number","12"
"HGO14C01","Number of Health Graduates","2011","2011","04","4","02","Public sector","201","Dentistry","Number","3"
"HGO14C01","Number of Health Graduates","2011","2011","04","4","02","Public sector","401","Medical Science","Number","66"
"HGO14C01","Number of Health Graduates","2011","2011","04","4","02","Public sector","202","Medicine","Number","255"
"HGO14C01","Number of Health Graduates","2011","2011","04","4","02","Public sector","30","Nursing and Midwifery","Number","732"
"HGO14C01","Number of Health Graduates","2011","2011","04","4","02","Public sector","501","Occupational Therapy","Number","51"
"HGO14C01","Number of Health Graduates","2011","2011","04","4","02","Public sector","60","Pharmacy","Number",""
"HGO14C01","Number of Health Graduates","2011","2011","04","4","02","Public sector","504","Physiotherapy","Number","24"
"HGO14C01","Number of Health Graduates","2011","2011","04","4","02","Public sector","402","Radiography and Radiation Therapy","Number","12"
"HGO14C01","Number of Health Graduates","2011","2011","04","4","02","Public sector","702","Social Care","Number","93"
"HGO14C01","Number of Health Graduates","2011","2011","04","4","02","Public sector","701","Social Work","Number","51"
"HGO14C01","Number of Health Graduates","2011","2011","04","4","02","Public sector","10","Speech and Language Therapy","Number","30"
"HGO14C01","Number of Health Graduates","2011","2011","04","4","02","Public sector","V52","Dietetics, Optometry and Podiatry","Number","6"
"HGO14C01","Number of Health Graduates","2011","2011","04","4","-","All sectors","201","Dentistry","Number","9"
"HGO14C01","Number of Health Graduates","2011","2011","04","4","-","All sectors","401","Medical Science","Number","99"
"HGO14C01","Number of Health Graduates","2011","2011","04","4","-","All sectors","202","Medicine","Number","264"
"HGO14C01","Number of Health Graduates","2011","2011","04","4","-","All sectors","30","Nursing and Midwifery","Number","1074"
"HGO14C01","Number of Health Graduates","2011","2011","04","4","-","All sectors","501","Occupational Therapy","Number","66"
"HGO14C01","Number of Health Graduates","2011","2011","04","4","-","All sectors","60","Pharmacy","Number",""
"HGO14C01","Number of Health Graduates","2011","2011","04","4","-","All sectors","504","Physiotherapy","Number","45"
"HGO14C01","Number of Health Graduates","2011","2011","04","4","-","All sectors","402","Radiography and Radiation Therapy","Number","18"
"HGO14C01","Number of Health Graduates","2011","2011","04","4","-","All sectors","702","Social Care","Number","471"
"HGO14C01","Number of Health Graduates","2011","2011","04","4","-","All sectors","701","Social Work","Number","75"
"HGO14C01","Number of Health Graduates","2011","2011","04","4","-","All sectors","10","Speech and Language Therapy","Number","57"
"HGO14C01","Number of Health Graduates","2011","2011","04","4","-","All sectors","V52","Dietetics, Optometry and Podiatry","Number","18"
"HGO14C01","Number of Health Graduates","2011","2011","05","5","01","Private sector","201","Dentistry","Number","9"
"HGO14C01","Number of Health Graduates","2011","2011","05","5","01","Private sector","401","Medical Science","Number","27"
"HGO14C01","Number of Health Graduates","2011","2011","05","5","01","Private sector","202","Medicine","Number","18"
"HGO14C01","Number of Health Graduates","2011","2011","05","5","01","Private sector","30","Nursing and Midwifery","Number","333"
"HGO14C01","Number of Health Graduates","2011","2011","05","5","01","Private sector","501","Occupational Therapy","Number","9"
"HGO14C01","Number of Health Graduates","2011","2011","05","5","01","Private sector","60","Pharmacy","Number",""
"HGO14C01","Number of Health Graduates","2011","2011","05","5","01","Private sector","504","Physiotherapy","Number","15"
"HGO14C01","Number of Health Graduates","2011","2011","05","5","01","Private sector","402","Radiography and Radiation Therapy","Number","3"
"HGO14C01","Number of Health Graduates","2011","2011","05","5","01","Private sector","702","Social Care","Number","342"
"HGO14C01","Number of Health Graduates","2011","2011","05","5","01","Private sector","701","Social Work","Number","21"
"HGO14C01","Number of Health Graduates","2011","2011","05","5","01","Private sector","10","Speech and Language Therapy","Number","27"
"HGO14C01","Number of Health Graduates","2011","2011","05","5","01","Private sector","V52","Dietetics, Optometry and Podiatry","Number","9"
"HGO14C01","Number of Health Graduates","2011","2011","05","5","02","Public sector","201","Dentistry","Number","6"
"HGO14C01","Number of Health Graduates","2011","2011","05","5","02","Public sector","401","Medical Science","Number","69"
"HGO14C01","Number of Health Graduates","2011","2011","05","5","02","Public sector","202","Medicine","Number","237"
"HGO14C01","Number of Health Graduates","2011","2011","05","5","02","Public sector","30","Nursing and Midwifery","Number","747"
"HGO14C01","Number of Health Graduates","2011","2011","05","5","02","Public sector","501","Occupational Therapy","Number","60"
"HGO14C01","Number of Health Graduates","2011","2011","05","5","02","Public sector","60","Pharmacy","Number",""
"HGO14C01","Number of Health Graduates","2011","2011","05","5","02","Public sector","504","Physiotherapy","Number","33"
"HGO14C01","Number of Health Graduates","2011","2011","05","5","02","Public sector","402","Radiography and Radiation Therapy","Number","15"
"HGO14C01","Number of Health Graduates","2011","2011","05","5","02","Public sector","702","Social Care","Number","129"
"HGO14C01","Number of Health Graduates","2011","2011","05","5","02","Public sector","701","Social Work","Number","54"
"HGO14C01","Number of Health Graduates","2011","2011","05","5","02","Public sector","10","Speech and Language Therapy","Number","36"
"HGO14C01","Number of Health Graduates","2011","2011","05","5","02","Public sector","V52","Dietetics, Optometry and Podiatry","Number","9"
"HGO14C01","Number of Health Graduates","2011","2011","05","5","-","All sectors","201","Dentistry","Number","15"
"HGO14C01","Number of Health Graduates","2011","2011","05","5","-","All sectors","401","Medical Science","Number","96"
"HGO14C01","Number of Health Graduates","2011","2011","05","5","-","All sectors","202","Medicine","Number","255"
"HGO14C01","Number of Health Graduates","2011","2011","05","5","-","All sectors","30","Nursing and Midwifery","Number","1080"
"HGO14C01","Number of Health Graduates","2011","2011","05","5","-","All sectors","501","Occupational Therapy","Number","72"
"HGO14C01","Number of Health Graduates","2011","2011","05","5","-","All sectors","60","Pharmacy","Number",""
"HGO14C01","Number of Health Graduates","2011","2011","05","5","-","All sectors","504","Physiotherapy","Number","48"
"HGO14C01","Number of Health Graduates","2011","2011","05","5","-","All sectors","402","Radiography and Radiation Therapy","Number","18"
"HGO14C01","Number of Health Graduates","2011","2011","05","5","-","All sectors","702","Social Care","Number","471"
"HGO14C01","Number of Health Graduates","2011","2011","05","5","-","All sectors","701","Social Work","Number","75"
"HGO14C01","Number of Health Graduates","2011","2011","05","5","-","All sectors","10","Speech and Language Therapy","Number","63"
"HGO14C01","Number of Health Graduates","2011","2011","05","5","-","All sectors","V52","Dietetics, Optometry and Podiatry","Number","18"
"HGO14C01","Number of Health Graduates","2011","2011","06","6","01","Private sector","201","Dentistry","Number","9"
"HGO14C01","Number of Health Graduates","2011","2011","06","6","01","Private sector","401","Medical Science","Number","33"
"HGO14C01","Number of Health Graduates","2011","2011","06","6","01","Private sector","202","Medicine","Number","48"
"HGO14C01","Number of Health Graduates","2011","2011","06","6","01","Private sector","30","Nursing and Midwifery","Number","321"
"HGO14C01","Number of Health Graduates","2011","2011","06","6","01","Private sector","501","Occupational Therapy","Number","18"
"HGO14C01","Number of Health Graduates","2011","2011","06","6","01","Private sector","60","Pharmacy","Number",""
"HGO14C01","Number of Health Graduates","2011","2011","06","6","01","Private sector","504","Physiotherapy","Number","15"
"HGO14C01","Number of Health Graduates","2011","2011","06","6","01","Private sector","402","Radiography and Radiation Therapy","Number","6"
"HGO14C01","Number of Health Graduates","2011","2011","06","6","01","Private sector","702","Social Care","Number","333"
"HGO14C01","Number of Health Graduates","2011","2011","06","6","01","Private sector","701","Social Work","Number","21"
"HGO14C01","Number of Health Graduates","2011","2011","06","6","01","Private sector","10","Speech and Language Therapy","Number","24"
"HGO14C01","Number of Health Graduates","2011","2011","06","6","01","Private sector","V52","Dietetics, Optometry and Podiatry","Number","9"
"HGO14C01","Number of Health Graduates","2011","2011","06","6","02","Public sector","201","Dentistry","Number","6"
"HGO14C01","Number of Health Graduates","2011","2011","06","6","02","Public sector","401","Medical Science","Number","72"
"HGO14C01","Number of Health Graduates","2011","2011","06","6","02","Public sector","202","Medicine","Number","201"
"HGO14C01","Number of Health Graduates","2011","2011","06","6","02","Public sector","30","Nursing and Midwifery","Number","789"
"HGO14C01","Number of Health Graduates","2011","2011","06","6","02","Public sector","501","Occupational Therapy","Number","63"
"HGO14C01","Number of Health Graduates","2011","2011","06","6","02","Public sector","60","Pharmacy","Number",""
"HGO14C01","Number of Health Graduates","2011","2011","06","6","02","Public sector","504","Physiotherapy","Number","33"
"HGO14C01","Number of Health Graduates","2011","2011","06","6","02","Public sector","402","Radiography and Radiation Therapy","Number","12"
"HGO14C01","Number of Health Graduates","2011","2011","06","6","02","Public sector","702","Social Care","Number","177"
"HGO14C01","Number of Health Graduates","2011","2011","06","6","02","Public sector","701","Social Work","Number","57"
"HGO14C01","Number of Health Graduates","2011","2011","06","6","02","Public sector","10","Speech and Language Therapy","Number","42"
"HGO14C01","Number of Health Graduates","2011","2011","06","6","02","Public sector","V52","Dietetics, Optometry and Podiatry","Number","9"
"HGO14C01","Number of Health Graduates","2011","2011","06","6","-","All sectors","201","Dentistry","Number","15"
"HGO14C01","Number of Health Graduates","2011","2011","06","6","-","All sectors","401","Medical Science","Number","102"
"HGO14C01","Number of Health Graduates","2011","2011","06","6","-","All sectors","202","Medicine","Number","246"
"HGO14C01","Number of Health Graduates","2011","2011","06","6","-","All sectors","30","Nursing and Midwifery","Number","1110"
"HGO14C01","Number of Health Graduates","2011","2011","06","6","-","All sectors","501","Occupational Therapy","Number","81"
"HGO14C01","Number of Health Graduates","2011","2011","06","6","-","All sectors","60","Pharmacy","Number",""
"HGO14C01","Number of Health Graduates","2011","2011","06","6","-","All sectors","504","Physiotherapy","Number","48"
"HGO14C01","Number of Health Graduates","2011","2011","06","6","-","All sectors","402","Radiography and Radiation Therapy","Number","18"
"HGO14C01","Number of Health Graduates","2011","2011","06","6","-","All sectors","702","Social Care","Number","510"
"HGO14C01","Number of Health Graduates","2011","2011","06","6","-","All sectors","701","Social Work","Number","78"
"HGO14C01","Number of Health Graduates","2011","2011","06","6","-","All sectors","10","Speech and Language Therapy","Number","66"
"HGO14C01","Number of Health Graduates","2011","2011","06","6","-","All sectors","V52","Dietetics, Optometry and Podiatry","Number","18"
"HGO14C01","Number of Health Graduates","2011","2011","07","7","01","Private sector","201","Dentistry","Number","9"
"HGO14C01","Number of Health Graduates","2011","2011","07","7","01","Private sector","401","Medical Science","Number","30"
"HGO14C01","Number of Health Graduates","2011","2011","07","7","01","Private sector","202","Medicine","Number","51"
"HGO14C01","Number of Health Graduates","2011","2011","07","7","01","Private sector","30","Nursing and Midwifery","Number","315"
"HGO14C01","Number of Health Graduates","2011","2011","07","7","01","Private sector","501","Occupational Therapy","Number","24"
"HGO14C01","Number of Health Graduates","2011","2011","07","7","01","Private sector","60","Pharmacy","Number",""
"HGO14C01","Number of Health Graduates","2011","2011","07","7","01","Private sector","504","Physiotherapy","Number","15"
"HGO14C01","Number of Health Graduates","2011","2011","07","7","01","Private sector","402","Radiography and Radiation Therapy","Number","6"
"HGO14C01","Number of Health Graduates","2011","2011","07","7","01","Private sector","702","Social Care","Number","327"
"HGO14C01","Number of Health Graduates","2011","2011","07","7","01","Private sector","701","Social Work","Number","21"
"HGO14C01","Number of Health Graduates","2011","2011","07","7","01","Private sector","10","Speech and Language Therapy","Number","21"
"HGO14C01","Number of Health Graduates","2011","2011","07","7","01","Private sector","V52","Dietetics, Optometry and Podiatry","Number","12"
"HGO14C01","Number of Health Graduates","2011","2011","07","7","02","Public sector","201","Dentistry","Number","6"
"HGO14C01","Number of Health Graduates","2011","2011","07","7","02","Public sector","401","Medical Science","Number","69"
"HGO14C01","Number of Health Graduates","2011","2011","07","7","02","Public sector","202","Medicine","Number","183"
"HGO14C01","Number of Health Graduates","2011","2011","07","7","02","Public sector","30","Nursing and Midwifery","Number","804"
"HGO14C01","Number of Health Graduates","2011","2011","07","7","02","Public sector","501","Occupational Therapy","Number","60"
"HGO14C01","Number of Health Graduates","2011","2011","07","7","02","Public sector","60","Pharmacy","Number",""
"HGO14C01","Number of Health Graduates","2011","2011","07","7","02","Public sector","504","Physiotherapy","Number","30"
"HGO14C01","Number of Health Graduates","2011","2011","07","7","02","Public sector","402","Radiography and Radiation Therapy","Number","12"
"HGO14C01","Number of Health Graduates","2011","2011","07","7","02","Public sector","702","Social Care","Number","189"
"HGO14C01","Number of Health Graduates","2011","2011","07","7","02","Public sector","701","Social Work","Number","60"
"HGO14C01","Number of Health Graduates","2011","2011","07","7","02","Public sector","10","Speech and Language Therapy","Number","45"
"HGO14C01","Number of Health Graduates","2011","2011","07","7","02","Public sector","V52","Dietetics, Optometry and Podiatry","Number","6"
"HGO14C01","Number of Health Graduates","2011","2011","07","7","-","All sectors","201","Dentistry","Number","12"
"HGO14C01","Number of Health Graduates","2011","2011","07","7","-","All sectors","401","Medical Science","Number","99"
"HGO14C01","Number of Health Graduates","2011","2011","07","7","-","All sectors","202","Medicine","Number","234"
"HGO14C01","Number of Health Graduates","2011","2011","07","7","-","All sectors","30","Nursing and Midwifery","Number","1119"
"HGO14C01","Number of Health Graduates","2011","2011","07","7","-","All sectors","501","Occupational Therapy","Number","84"
"HGO14C01","Number of Health Graduates","2011","2011","07","7","-","All sectors","60","Pharmacy","Number",""
"HGO14C01","Number of Health Graduates","2011","2011","07","7","-","All sectors","504","Physiotherapy","Number","45"
"HGO14C01","Number of Health Graduates","2011","2011","07","7","-","All sectors","402","Radiography and Radiation Therapy","Number","18"
"HGO14C01","Number of Health Graduates","2011","2011","07","7","-","All sectors","702","Social Care","Number","519"
"HGO14C01","Number of Health Graduates","2011","2011","07","7","-","All sectors","701","Social Work","Number","81"
"HGO14C01","Number of Health Graduates","2011","2011","07","7","-","All sectors","10","Speech and Language Therapy","Number","66"
"HGO14C01","Number of Health Graduates","2011","2011","07","7","-","All sectors","V52","Dietetics, Optometry and Podiatry","Number","18"
"HGO14C01","Number of Health Graduates","2011","2011","08","8","01","Private sector","201","Dentistry","Number","12"
"HGO14C01","Number of Health Graduates","2011","2011","08","8","01","Private sector","401","Medical Science","Number","36"
"HGO14C01","Number of Health Graduates","2011","2011","08","8","01","Private sector","202","Medicine","Number","63"
"HGO14C01","Number of Health Graduates","2011","2011","08","8","01","Private sector","30","Nursing and Midwifery","Number","330"
"HGO14C01","Number of Health Graduates","2011","2011","08","8","01","Private sector","501","Occupational Therapy","Number","18"
"HGO14C01","Number of Health Graduates","2011","2011","08","8","01","Private sector","60","Pharmacy","Number",""
"HGO14C01","Number of Health Graduates","2011","2011","08","8","01","Private sector","504","Physiotherapy","Number","12"
"HGO14C01","Number of Health Graduates","2011","2011","08","8","01","Private sector","402","Radiography and Radiation Therapy","Number","3"
"HGO14C01","Number of Health Graduates","2011","2011","08","8","01","Private sector","702","Social Care","Number","312"
"HGO14C01","Number of Health Graduates","2011","2011","08","8","01","Private sector","701","Social Work","Number","21"
"HGO14C01","Number of Health Graduates","2011","2011","08","8","01","Private sector","10","Speech and Language Therapy","Number","21"
"HGO14C01","Number of Health Graduates","2011","2011","08","8","01","Private sector","V52","Dietetics, Optometry and Podiatry","Number","12"
"HGO14C01","Number of Health Graduates","2011","2011","08","8","02","Public sector","201","Dentistry","Number","9"
"HGO14C01","Number of Health Graduates","2011","2011","08","8","02","Public sector","401","Medical Science","Number","69"
"HGO14C01","Number of Health Graduates","2011","2011","08","8","02","Public sector","202","Medicine","Number","156"
"HGO14C01","Number of Health Graduates","2011","2011","08","8","02","Public sector","30","Nursing and Midwifery","Number","798"
"HGO14C01","Number of Health Graduates","2011","2011","08","8","02","Public sector","501","Occupational Therapy","Number","66"
"HGO14C01","Number of Health Graduates","2011","2011","08","8","02","Public sector","60","Pharmacy","Number",""
"HGO14C01","Number of Health Graduates","2011","2011","08","8","02","Public sector","504","Physiotherapy","Number","27"
"HGO14C01","Number of Health Graduates","2011","2011","08","8","02","Public sector","402","Radiography and Radiation Therapy","Number","12"
"HGO14C01","Number of Health Graduates","2011","2011","08","8","02","Public sector","702","Social Care","Number","198"
"HGO14C01","Number of Health Graduates","2011","2011","08","8","02","Public sector","701","Social Work","Number","60"
"HGO14C01","Number of Health Graduates","2011","2011","08","8","02","Public sector","10","Speech and Language Therapy","Number","51"
"HGO14C01","Number of Health Graduates","2011","2011","08","8","02","Public sector","V52","Dietetics, Optometry and Podiatry","Number","6"
"HGO14C01","Number of Health Graduates","2011","2011","08","8","-","All sectors","201","Dentistry","Number","21"
"HGO14C01","Number of Health Graduates","2011","2011","08","8","-","All sectors","401","Medical Science","Number","105"
"HGO14C01","Number of Health Graduates","2011","2011","08","8","-","All sectors","202","Medicine","Number","219"
"HGO14C01","Number of Health Graduates","2011","2011","08","8","-","All sectors","30","Nursing and Midwifery","Number","1128"
"HGO14C01","Number of Health Graduates","2011","2011","08","8","-","All sectors","501","Occupational Therapy","Number","84"
"HGO14C01","Number of Health Graduates","2011","2011","08","8","-","All sectors","60","Pharmacy","Number",""
"HGO14C01","Number of Health Graduates","2011","2011","08","8","-","All sectors","504","Physiotherapy","Number","42"
"HGO14C01","Number of Health Graduates","2011","2011","08","8","-","All sectors","402","Radiography and Radiation Therapy","Number","18"
"HGO14C01","Number of Health Graduates","2011","2011","08","8","-","All sectors","702","Social Care","Number","510"
"HGO14C01","Number of Health Graduates","2011","2011","08","8","-","All sectors","701","Social Work","Number","81"
"HGO14C01","Number of Health Graduates","2011","2011","08","8","-","All sectors","10","Speech and Language Therapy","Number","69"
"HGO14C01","Number of Health Graduates","2011","2011","08","8","-","All sectors","V52","Dietetics, Optometry and Podiatry","Number","18"
"HGO14C01","Number of Health Graduates","2011","2011","09","9","01","Private sector","201","Dentistry","Number","9"
"HGO14C01","Number of Health Graduates","2011","2011","09","9","01","Private sector","401","Medical Science","Number","33"
"HGO14C01","Number of Health Graduates","2011","2011","09","9","01","Private sector","202","Medicine","Number","63"
"HGO14C01","Number of Health Graduates","2011","2011","09","9","01","Private sector","30","Nursing and Midwifery","Number","333"
"HGO14C01","Number of Health Graduates","2011","2011","09","9","01","Private sector","501","Occupational Therapy","Number","21"
"HGO14C01","Number of Health Graduates","2011","2011","09","9","01","Private sector","60","Pharmacy","Number",""
"HGO14C01","Number of Health Graduates","2011","2011","09","9","01","Private sector","504","Physiotherapy","Number","18"
"HGO14C01","Number of Health Graduates","2011","2011","09","9","01","Private sector","402","Radiography and Radiation Therapy","Number","6"
"HGO14C01","Number of Health Graduates","2011","2011","09","9","01","Private sector","702","Social Care","Number","306"
"HGO14C01","Number of Health Graduates","2011","2011","09","9","01","Private sector","701","Social Work","Number","21"
"HGO14C01","Number of Health Graduates","2011","2011","09","9","01","Private sector","10","Speech and Language Therapy","Number","18"
"HGO14C01","Number of Health Graduates","2011","2011","09","9","01","Private sector","V52","Dietetics, Optometry and Podiatry","Number","12"
"HGO14C01","Number of Health Graduates","2011","2011","09","9","02","Public sector","201","Dentistry","Number","6"
"HGO14C01","Number of Health Graduates","2011","2011","09","9","02","Public sector","401","Medical Science","Number","66"
"HGO14C01","Number of Health Graduates","2011","2011","09","9","02","Public sector","202","Medicine","Number","141"
"HGO14C01","Number of Health Graduates","2011","2011","09","9","02","Public sector","30","Nursing and Midwifery","Number","771"
"HGO14C01","Number of Health Graduates","2011","2011","09","9","02","Public sector","501","Occupational Therapy","Number","63"
"HGO14C01","Number of Health Graduates","2011","2011","09","9","02","Public sector","60","Pharmacy","Number",""
"HGO14C01","Number of Health Graduates","2011","2011","09","9","02","Public sector","504","Physiotherapy","Number","27"
"HGO14C01","Number of Health Graduates","2011","2011","09","9","02","Public sector","402","Radiography and Radiation Therapy","Number","12"
"HGO14C01","Number of Health Graduates","2011","2011","09","9","02","Public sector","702","Social Care","Number","210"
"HGO14C01","Number of Health Graduates","2011","2011","09","9","02","Public sector","701","Social Work","Number","57"
"HGO14C01","Number of Health Graduates","2011","2011","09","9","02","Public sector","10","Speech and Language Therapy","Number","51"
"HGO14C01","Number of Health Graduates","2011","2011","09","9","02","Public sector","V52","Dietetics, Optometry and Podiatry","Number","6"
"HGO14C01","Number of Health Graduates","2011","2011","09","9","-","All sectors","201","Dentistry","Number","15"
"HGO14C01","Number of Health Graduates","2011","2011","09","9","-","All sectors","401","Medical Science","Number","99"
"HGO14C01","Number of Health Graduates","2011","2011","09","9","-","All sectors","202","Medicine","Number","204"
"HGO14C01","Number of Health Graduates","2011","2011","09","9","-","All sectors","30","Nursing and Midwifery","Number","1104"
"HGO14C01","Number of Health Graduates","2011","2011","09","9","-","All sectors","501","Occupational Therapy","Number","84"
"HGO14C01","Number of Health Graduates","2011","2011","09","9","-","All sectors","60","Pharmacy","Number",""
"HGO14C01","Number of Health Graduates","2011","2011","09","9","-","All sectors","504","Physiotherapy","Number","45"
"HGO14C01","Number of Health Graduates","2011","2011","09","9","-","All sectors","402","Radiography and Radiation Therapy","Number","18"
"HGO14C01","Number of Health Graduates","2011","2011","09","9","-","All sectors","702","Social Care","Number","516"
"HGO14C01","Number of Health Graduates","2011","2011","09","9","-","All sectors","701","Social Work","Number","78"
"HGO14C01","Number of Health Graduates","2011","2011","09","9","-","All sectors","10","Speech and Language Therapy","Number","72"
"HGO14C01","Number of Health Graduates","2011","2011","09","9","-","All sectors","V52","Dietetics, Optometry and Podiatry","Number","18"
"HGO14C01","Number of Health Graduates","2011","2011","10","10","01","Private sector","201","Dentistry","Number","9"
"HGO14C01","Number of Health Graduates","2011","2011","10","10","01","Private sector","401","Medical Science","Number","33"
"HGO14C01","Number of Health Graduates","2011","2011","10","10","01","Private sector","202","Medicine","Number","75"
"HGO14C01","Number of Health Graduates","2011","2011","10","10","01","Private sector","30","Nursing and Midwifery","Number","318"
"HGO14C01","Number of Health Graduates","2011","2011","10","10","01","Private sector","501","Occupational Therapy","Number","18"
"HGO14C01","Number of Health Graduates","2011","2011","10","10","01","Private sector","60","Pharmacy","Number",""
"HGO14C01","Number of Health Graduates","2011","2011","10","10","01","Private sector","504","Physiotherapy","Number","18"
"HGO14C01","Number of Health Graduates","2011","2011","10","10","01","Private sector","402","Radiography and Radiation Therapy","Number","3"
"HGO14C01","Number of Health Graduates","2011","2011","10","10","01","Private sector","702","Social Care","Number","294"
"HGO14C01","Number of Health Graduates","2011","2011","10","10","01","Private sector","701","Social Work","Number","18"
"HGO14C01","Number of Health Graduates","2011","2011","10","10","01","Private sector","10","Speech and Language Therapy","Number","18"
"HGO14C01","Number of Health Graduates","2011","2011","10","10","01","Private sector","V52","Dietetics, Optometry and Podiatry","Number","12"
"HGO14C01","Number of Health Graduates","2011","2011","10","10","02","Public sector","201","Dentistry","Number","9"
"HGO14C01","Number of Health Graduates","2011","2011","10","10","02","Public sector","401","Medical Science","Number","75"
"HGO14C01","Number of Health Graduates","2011","2011","10","10","02","Public sector","202","Medicine","Number","132"
"HGO14C01","Number of Health Graduates","2011","2011","10","10","02","Public sector","30","Nursing and Midwifery","Number","843"
"HGO14C01","Number of Health Graduates","2011","2011","10","10","02","Public sector","501","Occupational Therapy","Number","66"
"HGO14C01","Number of Health Graduates","2011","2011","10","10","02","Public sector","60","Pharmacy","Number",""
"HGO14C01","Number of Health Graduates","2011","2011","10","10","02","Public sector","504","Physiotherapy","Number","33"
"HGO14C01","Number of Health Graduates","2011","2011","10","10","02","Public sector","402","Radiography and Radiation Therapy","Number","12"
"HGO14C01","Number of Health Graduates","2011","2011","10","10","02","Public sector","702","Social Care","Number","219"
"HGO14C01","Number of Health Graduates","2011","2011","10","10","02","Public sector","701","Social Work","Number","60"
"HGO14C01","Number of Health Graduates","2011","2011","10","10","02","Public sector","10","Speech and Language Therapy","Number","57"
"HGO14C01","Number of Health Graduates","2011","2011","10","10","02","Public sector","V52","Dietetics, Optometry and Podiatry","Number","9"
"HGO14C01","Number of Health Graduates","2011","2011","10","10","-","All sectors","201","Dentistry","Number","18"
"HGO14C01","Number of Health Graduates","2011","2011","10","10","-","All sectors","401","Medical Science","Number","108"
"HGO14C01","Number of Health Graduates","2011","2011","10","10","-","All sectors","202","Medicine","Number","210"
"HGO14C01","Number of Health Graduates","2011","2011","10","10","-","All sectors","30","Nursing and Midwifery","Number","1164"
"HGO14C01","Number of Health Graduates","2011","2011","10","10","-","All sectors","501","Occupational Therapy","Number","84"
"HGO14C01","Number of Health Graduates","2011","2011","10","10","-","All sectors","60","Pharmacy","Number",""
"HGO14C01","Number of Health Graduates","2011","2011","10","10","-","All sectors","504","Physiotherapy","Number","51"
"HGO14C01","Number of Health Graduates","2011","2011","10","10","-","All sectors","402","Radiography and Radiation Therapy","Number","18"
"HGO14C01","Number of Health Graduates","2011","2011","10","10","-","All sectors","702","Social Care","Number","513"
"HGO14C01","Number of Health Graduates","2011","2011","10","10","-","All sectors","701","Social Work","Number","78"
"HGO14C01","Number of Health Graduates","2011","2011","10","10","-","All sectors","10","Speech and Language Therapy","Number","75"
"HGO14C01","Number of Health Graduates","2011","2011","10","10","-","All sectors","V52","Dietetics, Optometry and Podiatry","Number","21"
"HGO14C01","Number of Health Graduates","2011","2011","11","11","01","Private sector","201","Dentistry","Number","9"
"HGO14C01","Number of Health Graduates","2011","2011","11","11","01","Private sector","401","Medical Science","Number","33"
"HGO14C01","Number of Health Graduates","2011","2011","11","11","01","Private sector","202","Medicine","Number","78"
"HGO14C01","Number of Health Graduates","2011","2011","11","11","01","Private sector","30","Nursing and Midwifery","Number","327"
"HGO14C01","Number of Health Graduates","2011","2011","11","11","01","Private sector","501","Occupational Therapy","Number","18"
"HGO14C01","Number of Health Graduates","2011","2011","11","11","01","Private sector","60","Pharmacy","Number",""
"HGO14C01","Number of Health Graduates","2011","2011","11","11","01","Private sector","504","Physiotherapy","Number","21"
"HGO14C01","Number of Health Graduates","2011","2011","11","11","01","Private sector","402","Radiography and Radiation Therapy","Number","3"
"HGO14C01","Number of Health Graduates","2011","2011","11","11","01","Private sector","702","Social Care","Number","294"
"HGO14C01","Number of Health Graduates","2011","2011","11","11","01","Private sector","701","Social Work","Number","21"
"HGO14C01","Number of Health Graduates","2011","2011","11","11","01","Private sector","10","Speech and Language Therapy","Number","15"
"HGO14C01","Number of Health Graduates","2011","2011","11","11","01","Private sector","V52","Dietetics, Optometry and Podiatry","Number","12"
"HGO14C01","Number of Health Graduates","2011","2011","11","11","02","Public sector","201","Dentistry","Number","6"
"HGO14C01","Number of Health Graduates","2011","2011","11","11","02","Public sector","401","Medical Science","Number","72"
"HGO14C01","Number of Health Graduates","2011","2011","11","11","02","Public sector","202","Medicine","Number","129"
"HGO14C01","Number of Health Graduates","2011","2011","11","11","02","Public sector","30","Nursing and Midwifery","Number","849"
"HGO14C01","Number of Health Graduates","2011","2011","11","11","02","Public sector","501","Occupational Therapy","Number","66"
"HGO14C01","Number of Health Graduates","2011","2011","11","11","02","Public sector","60","Pharmacy","Number",""
"HGO14C01","Number of Health Graduates","2011","2011","11","11","02","Public sector","504","Physiotherapy","Number","30"
"HGO14C01","Number of Health Graduates","2011","2011","11","11","02","Public sector","402","Radiography and Radiation Therapy","Number","12"
"HGO14C01","Number of Health Graduates","2011","2011","11","11","02","Public sector","702","Social Care","Number","228"
"HGO14C01","Number of Health Graduates","2011","2011","11","11","02","Public sector","701","Social Work","Number","60"
"HGO14C01","Number of Health Graduates","2011","2011","11","11","02","Public sector","10","Speech and Language Therapy","Number","60"
"HGO14C01","Number of Health Graduates","2011","2011","11","11","02","Public sector","V52","Dietetics, Optometry and Podiatry","Number","9"
"HGO14C01","Number of Health Graduates","2011","2011","11","11","-","All sectors","201","Dentistry","Number","15"
"HGO14C01","Number of Health Graduates","2011","2011","11","11","-","All sectors","401","Medical Science","Number","105"
"HGO14C01","Number of Health Graduates","2011","2011","11","11","-","All sectors","202","Medicine","Number","207"
"HGO14C01","Number of Health Graduates","2011","2011","11","11","-","All sectors","30","Nursing and Midwifery","Number","1176"
"HGO14C01","Number of Health Graduates","2011","2011","11","11","-","All sectors","501","Occupational Therapy","Number","84"
"HGO14C01","Number of Health Graduates","2011","2011","11","11","-","All sectors","60","Pharmacy","Number",""
"HGO14C01","Number of Health Graduates","2011","2011","11","11","-","All sectors","504","Physiotherapy","Number","48"
"HGO14C01","Number of Health Graduates","2011","2011","11","11","-","All sectors","402","Radiography and Radiation Therapy","Number","18"
"HGO14C01","Number of Health Graduates","2011","2011","11","11","-","All sectors","702","Social Care","Number","522"
"HGO14C01","Number of Health Graduates","2011","2011","11","11","-","All sectors","701","Social Work","Number","81"
"HGO14C01","Number of Health Graduates","2011","2011","11","11","-","All sectors","10","Speech and Language Therapy","Number","75"
"HGO14C01","Number of Health Graduates","2011","2011","11","11","-","All sectors","V52","Dietetics, Optometry and Podiatry","Number","21"
"HGO14C01","Number of Health Graduates","2011","2011","12","12","01","Private sector","201","Dentistry","Number","6"
"HGO14C01","Number of Health Graduates","2011","2011","12","12","01","Private sector","401","Medical Science","Number","36"
"HGO14C01","Number of Health Graduates","2011","2011","12","12","01","Private sector","202","Medicine","Number","75"
"HGO14C01","Number of Health Graduates","2011","2011","12","12","01","Private sector","30","Nursing and Midwifery","Number","327"
"HGO14C01","Number of Health Graduates","2011","2011","12","12","01","Private sector","501","Occupational Therapy","Number","18"
"HGO14C01","Number of Health Graduates","2011","2011","12","12","01","Private sector","60","Pharmacy","Number",""
"HGO14C01","Number of Health Graduates","2011","2011","12","12","01","Private sector","504","Physiotherapy","Number","21"
"HGO14C01","Number of Health Graduates","2011","2011","12","12","01","Private sector","402","Radiography and Radiation Therapy","Number","3"
"HGO14C01","Number of Health Graduates","2011","2011","12","12","01","Private sector","702","Social Care","Number","285"
"HGO14C01","Number of Health Graduates","2011","2011","12","12","01","Private sector","701","Social Work","Number","21"
"HGO14C01","Number of Health Graduates","2011","2011","12","12","01","Private sector","10","Speech and Language Therapy","Number","15"
"HGO14C01","Number of Health Graduates","2011","2011","12","12","01","Private sector","V52","Dietetics, Optometry and Podiatry","Number","12"
"HGO14C01","Number of Health Graduates","2011","2011","12","12","02","Public sector","201","Dentistry","Number","9"
"HGO14C01","Number of Health Graduates","2011","2011","12","12","02","Public sector","401","Medical Science","Number","69"
"HGO14C01","Number of Health Graduates","2011","2011","12","12","02","Public sector","202","Medicine","Number","129"
"HGO14C01","Number of Health Graduates","2011","2011","12","12","02","Public sector","30","Nursing and Midwifery","Number","843"
"HGO14C01","Number of Health Graduates","2011","2011","12","12","02","Public sector","501","Occupational Therapy","Number","63"
"HGO14C01","Number of Health Graduates","2011","2011","12","12","02","Public sector","60","Pharmacy","Number",""
"HGO14C01","Number of Health Graduates","2011","2011","12","12","02","Public sector","504","Physiotherapy","Number","30"
"HGO14C01","Number of Health Graduates","2011","2011","12","12","02","Public sector","402","Radiography and Radiation Therapy","Number","12"
"HGO14C01","Number of Health Graduates","2011","2011","12","12","02","Public sector","702","Social Care","Number","237"
"HGO14C01","Number of Health Graduates","2011","2011","12","12","02","Public sector","701","Social Work","Number","60"
"HGO14C01","Number of Health Graduates","2011","2011","12","12","02","Public sector","10","Speech and Language Therapy","Number","63"
"HGO14C01","Number of Health Graduates","2011","2011","12","12","02","Public sector","V52","Dietetics, Optometry and Podiatry","Number","12"
"HGO14C01","Number of Health Graduates","2011","2011","12","12","-","All sectors","201","Dentistry","Number","15"
"HGO14C01","Number of Health Graduates","2011","2011","12","12","-","All sectors","401","Medical Science","Number","105"
"HGO14C01","Number of Health Graduates","2011","2011","12","12","-","All sectors","202","Medicine","Number","204"
"HGO14C01","Number of Health Graduates","2011","2011","12","12","-","All sectors","30","Nursing and Midwifery","Number","1170"
"HGO14C01","Number of Health Graduates","2011","2011","12","12","-","All sectors","501","Occupational Therapy","Number","84"
"HGO14C01","Number of Health Graduates","2011","2011","12","12","-","All sectors","60","Pharmacy","Number",""
"HGO14C01","Number of Health Graduates","2011","2011","12","12","-","All sectors","504","Physiotherapy","Number","51"
"HGO14C01","Number of Health Graduates","2011","2011","12","12","-","All sectors","402","Radiography and Radiation Therapy","Number","18"
"HGO14C01","Number of Health Graduates","2011","2011","12","12","-","All sectors","702","Social Care","Number","522"
"HGO14C01","Number of Health Graduates","2011","2011","12","12","-","All sectors","701","Social Work","Number","78"
"HGO14C01","Number of Health Graduates","2011","2011","12","12","-","All sectors","10","Speech and Language Therapy","Number","75"
"HGO14C01","Number of Health Graduates","2011","2011","12","12","-","All sectors","V52","Dietetics, Optometry and Podiatry","Number","24"
"HGO14C01","Number of Health Graduates","2011","2011","13","13","01","Private sector","201","Dentistry","Number",""
"HGO14C01","Number of Health Graduates","2011","2011","13","13","01","Private sector","401","Medical Science","Number",""
"HGO14C01","Number of Health Graduates","2011","2011","13","13","01","Private sector","202","Medicine","Number",""
"HGO14C01","Number of Health Graduates","2011","2011","13","13","01","Private sector","30","Nursing and Midwifery","Number",""
"HGO14C01","Number of Health Graduates","2011","2011","13","13","01","Private sector","501","Occupational Therapy","Number",""
"HGO14C01","Number of Health Graduates","2011","2011","13","13","01","Private sector","60","Pharmacy","Number",""
"HGO14C01","Number of Health Graduates","2011","2011","13","13","01","Private sector","504","Physiotherapy","Number",""
"HGO14C01","Number of Health Graduates","2011","2011","13","13","01","Private sector","402","Radiography and Radiation Therapy","Number",""
"HGO14C01","Number of Health Graduates","2011","2011","13","13","01","Private sector","702","Social Care","Number",""
"HGO14C01","Number of Health Graduates","2011","2011","13","13","01","Private sector","701","Social Work","Number",""
"HGO14C01","Number of Health Graduates","2011","2011","13","13","01","Private sector","10","Speech and Language Therapy","Number",""
"HGO14C01","Number of Health Graduates","2011","2011","13","13","01","Private sector","V52","Dietetics, Optometry and Podiatry","Number",""
"HGO14C01","Number of Health Graduates","2011","2011","13","13","02","Public sector","201","Dentistry","Number",""
"HGO14C01","Number of Health Graduates","2011","2011","13","13","02","Public sector","401","Medical Science","Number",""
"HGO14C01","Number of Health Graduates","2011","2011","13","13","02","Public sector","202","Medicine","Number",""
"HGO14C01","Number of Health Graduates","2011","2011","13","13","02","Public sector","30","Nursing and Midwifery","Number",""
"HGO14C01","Number of Health Graduates","2011","2011","13","13","02","Public sector","501","Occupational Therapy","Number",""
"HGO14C01","Number of Health Graduates","2011","2011","13","13","02","Public sector","60","Pharmacy","Number",""
"HGO14C01","Number of Health Graduates","2011","2011","13","13","02","Public sector","504","Physiotherapy","Number",""
"HGO14C01","Number of Health Graduates","2011","2011","13","13","02","Public sector","402","Radiography and Radiation Therapy","Number",""
"HGO14C01","Number of Health Graduates","2011","2011","13","13","02","Public sector","702","Social Care","Number",""
"HGO14C01","Number of Health Graduates","2011","2011","13","13","02","Public sector","701","Social Work","Number",""
"HGO14C01","Number of Health Graduates","2011","2011","13","13","02","Public sector","10","Speech and Language Therapy","Number",""
"HGO14C01","Number of Health Graduates","2011","2011","13","13","02","Public sector","V52","Dietetics, Optometry and Podiatry","Number",""
"HGO14C01","Number of Health Graduates","2011","2011","13","13","-","All sectors","201","Dentistry","Number",""
"HGO14C01","Number of Health Graduates","2011","2011","13","13","-","All sectors","401","Medical Science","Number",""
"HGO14C01","Number of Health Graduates","2011","2011","13","13","-","All sectors","202","Medicine","Number",""
"HGO14C01","Number of Health Graduates","2011","2011","13","13","-","All sectors","30","Nursing and Midwifery","Number",""
"HGO14C01","Number of Health Graduates","2011","2011","13","13","-","All sectors","501","Occupational Therapy","Number",""
"HGO14C01","Number of Health Graduates","2011","2011","13","13","-","All sectors","60","Pharmacy","Number",""
"HGO14C01","Number of Health Graduates","2011","2011","13","13","-","All sectors","504","Physiotherapy","Number",""
"HGO14C01","Number of Health Graduates","2011","2011","13","13","-","All sectors","402","Radiography and Radiation Therapy","Number",""
"HGO14C01","Number of Health Graduates","2011","2011","13","13","-","All sectors","702","Social Care","Number",""
"HGO14C01","Number of Health Graduates","2011","2011","13","13","-","All sectors","701","Social Work","Number",""
"HGO14C01","Number of Health Graduates","2011","2011","13","13","-","All sectors","10","Speech and Language Therapy","Number",""
"HGO14C01","Number of Health Graduates","2011","2011","13","13","-","All sectors","V52","Dietetics, Optometry and Podiatry","Number",""
"HGO14C01","Number of Health Graduates","2012","2012","01","1","01","Private sector","201","Dentistry","Number","9"
"HGO14C01","Number of Health Graduates","2012","2012","01","1","01","Private sector","401","Medical Science","Number","33"
"HGO14C01","Number of Health Graduates","2012","2012","01","1","01","Private sector","202","Medicine","Number","6"
"HGO14C01","Number of Health Graduates","2012","2012","01","1","01","Private sector","30","Nursing and Midwifery","Number","399"
"HGO14C01","Number of Health Graduates","2012","2012","01","1","01","Private sector","501","Occupational Therapy","Number","54"
"HGO14C01","Number of Health Graduates","2012","2012","01","1","01","Private sector","60","Pharmacy","Number",""
"HGO14C01","Number of Health Graduates","2012","2012","01","1","01","Private sector","504","Physiotherapy","Number","57"
"HGO14C01","Number of Health Graduates","2012","2012","01","1","01","Private sector","402","Radiography and Radiation Therapy","Number","15"
"HGO14C01","Number of Health Graduates","2012","2012","01","1","01","Private sector","702","Social Care","Number","498"
"HGO14C01","Number of Health Graduates","2012","2012","01","1","01","Private sector","701","Social Work","Number","75"
"HGO14C01","Number of Health Graduates","2012","2012","01","1","01","Private sector","10","Speech and Language Therapy","Number","27"
"HGO14C01","Number of Health Graduates","2012","2012","01","1","01","Private sector","V52","Dietetics, Optometry and Podiatry","Number","30"
"HGO14C01","Number of Health Graduates","2012","2012","01","1","02","Public sector","201","Dentistry","Number","9"
"HGO14C01","Number of Health Graduates","2012","2012","01","1","02","Public sector","401","Medical Science","Number","30"
"HGO14C01","Number of Health Graduates","2012","2012","01","1","02","Public sector","202","Medicine","Number","303"
"HGO14C01","Number of Health Graduates","2012","2012","01","1","02","Public sector","30","Nursing and Midwifery","Number","651"
"HGO14C01","Number of Health Graduates","2012","2012","01","1","02","Public sector","501","Occupational Therapy","Number","24"
"HGO14C01","Number of Health Graduates","2012","2012","01","1","02","Public sector","60","Pharmacy","Number",""
"HGO14C01","Number of Health Graduates","2012","2012","01","1","02","Public sector","504","Physiotherapy","Number","15"
"HGO14C01","Number of Health Graduates","2012","2012","01","1","02","Public sector","402","Radiography and Radiation Therapy","Number","27"
"HGO14C01","Number of Health Graduates","2012","2012","01","1","02","Public sector","702","Social Care","Number","63"
"HGO14C01","Number of Health Graduates","2012","2012","01","1","02","Public sector","701","Social Work","Number","27"
"HGO14C01","Number of Health Graduates","2012","2012","01","1","02","Public sector","10","Speech and Language Therapy","Number","12"
"HGO14C01","Number of Health Graduates","2012","2012","01","1","02","Public sector","V52","Dietetics, Optometry and Podiatry","Number","6"
"HGO14C01","Number of Health Graduates","2012","2012","01","1","-","All sectors","201","Dentistry","Number","18"
"HGO14C01","Number of Health Graduates","2012","2012","01","1","-","All sectors","401","Medical Science","Number","63"
"HGO14C01","Number of Health Graduates","2012","2012","01","1","-","All sectors","202","Medicine","Number","309"
"HGO14C01","Number of Health Graduates","2012","2012","01","1","-","All sectors","30","Nursing and Midwifery","Number","1053"
"HGO14C01","Number of Health Graduates","2012","2012","01","1","-","All sectors","501","Occupational Therapy","Number","78"
"HGO14C01","Number of Health Graduates","2012","2012","01","1","-","All sectors","60","Pharmacy","Number",""
"HGO14C01","Number of Health Graduates","2012","2012","01","1","-","All sectors","504","Physiotherapy","Number","69"
"HGO14C01","Number of Health Graduates","2012","2012","01","1","-","All sectors","402","Radiography and Radiation Therapy","Number","42"
"HGO14C01","Number of Health Graduates","2012","2012","01","1","-","All sectors","702","Social Care","Number","561"
"HGO14C01","Number of Health Graduates","2012","2012","01","1","-","All sectors","701","Social Work","Number","105"
"HGO14C01","Number of Health Graduates","2012","2012","01","1","-","All sectors","10","Speech and Language Therapy","Number","42"
"HGO14C01","Number of Health Graduates","2012","2012","01","1","-","All sectors","V52","Dietetics, Optometry and Podiatry","Number","36"
"HGO14C01","Number of Health Graduates","2012","2012","02","2","01","Private sector","201","Dentistry","Number","9"
"HGO14C01","Number of Health Graduates","2012","2012","02","2","01","Private sector","401","Medical Science","Number","30"
"HGO14C01","Number of Health Graduates","2012","2012","02","2","01","Private sector","202","Medicine","Number","30"
"HGO14C01","Number of Health Graduates","2012","2012","02","2","01","Private sector","30","Nursing and Midwifery","Number","321"
"HGO14C01","Number of Health Graduates","2012","2012","02","2","01","Private sector","501","Occupational Therapy","Number","24"
"HGO14C01","Number of Health Graduates","2012","2012","02","2","01","Private sector","60","Pharmacy","Number",""
"HGO14C01","Number of Health Graduates","2012","2012","02","2","01","Private sector","504","Physiotherapy","Number","33"
"HGO14C01","Number of Health Graduates","2012","2012","02","2","01","Private sector","402","Radiography and Radiation Therapy","Number","9"
"HGO14C01","Number of Health Graduates","2012","2012","02","2","01","Private sector","702","Social Care","Number","480"
"HGO14C01","Number of Health Graduates","2012","2012","02","2","01","Private sector","701","Social Work","Number","54"
"HGO14C01","Number of Health Graduates","2012","2012","02","2","01","Private sector","10","Speech and Language Therapy","Number","21"
"HGO14C01","Number of Health Graduates","2012","2012","02","2","01","Private sector","V52","Dietetics, Optometry and Podiatry","Number","30"
"HGO14C01","Number of Health Graduates","2012","2012","02","2","02","Public sector","201","Dentistry","Number","9"
"HGO14C01","Number of Health Graduates","2012","2012","02","2","02","Public sector","401","Medical Science","Number","36"
"HGO14C01","Number of Health Graduates","2012","2012","02","2","02","Public sector","202","Medicine","Number","225"
"HGO14C01","Number of Health Graduates","2012","2012","02","2","02","Public sector","30","Nursing and Midwifery","Number","642"
"HGO14C01","Number of Health Graduates","2012","2012","02","2","02","Public sector","501","Occupational Therapy","Number","39"
"HGO14C01","Number of Health Graduates","2012","2012","02","2","02","Public sector","60","Pharmacy","Number",""
"HGO14C01","Number of Health Graduates","2012","2012","02","2","02","Public sector","504","Physiotherapy","Number","21"
"HGO14C01","Number of Health Graduates","2012","2012","02","2","02","Public sector","402","Radiography and Radiation Therapy","Number","30"
"HGO14C01","Number of Health Graduates","2012","2012","02","2","02","Public sector","702","Social Care","Number","93"
"HGO14C01","Number of Health Graduates","2012","2012","02","2","02","Public sector","701","Social Work","Number","48"
"HGO14C01","Number of Health Graduates","2012","2012","02","2","02","Public sector","10","Speech and Language Therapy","Number","18"
"HGO14C01","Number of Health Graduates","2012","2012","02","2","02","Public sector","V52","Dietetics, Optometry and Podiatry","Number","9"
"HGO14C01","Number of Health Graduates","2012","2012","02","2","-","All sectors","201","Dentistry","Number","18"
"HGO14C01","Number of Health Graduates","2012","2012","02","2","-","All sectors","401","Medical Science","Number","66"
"HGO14C01","Number of Health Graduates","2012","2012","02","2","-","All sectors","202","Medicine","Number","255"
"HGO14C01","Number of Health Graduates","2012","2012","02","2","-","All sectors","30","Nursing and Midwifery","Number","963"
"HGO14C01","Number of Health Graduates","2012","2012","02","2","-","All sectors","501","Occupational Therapy","Number","63"
"HGO14C01","Number of Health Graduates","2012","2012","02","2","-","All sectors","60","Pharmacy","Number",""
"HGO14C01","Number of Health Graduates","2012","2012","02","2","-","All sectors","504","Physiotherapy","Number","57"
"HGO14C01","Number of Health Graduates","2012","2012","02","2","-","All sectors","402","Radiography and Radiation Therapy","Number","39"
"HGO14C01","Number of Health Graduates","2012","2012","02","2","-","All sectors","702","Social Care","Number","573"
"HGO14C01","Number of Health Graduates","2012","2012","02","2","-","All sectors","701","Social Work","Number","105"
"HGO14C01","Number of Health Graduates","2012","2012","02","2","-","All sectors","10","Speech and Language Therapy","Number","39"
"HGO14C01","Number of Health Graduates","2012","2012","02","2","-","All sectors","V52","Dietetics, Optometry and Podiatry","Number","39"
"HGO14C01","Number of Health Graduates","2012","2012","03","3","01","Private sector","201","Dentistry","Number","6"
"HGO14C01","Number of Health Graduates","2012","2012","03","3","01","Private sector","401","Medical Science","Number","15"
"HGO14C01","Number of Health Graduates","2012","2012","03","3","01","Private sector","202","Medicine","Number","18"
"HGO14C01","Number of Health Graduates","2012","2012","03","3","01","Private sector","30","Nursing and Midwifery","Number","315"
"HGO14C01","Number of Health Graduates","2012","2012","03","3","01","Private sector","501","Occupational Therapy","Number","18"
"HGO14C01","Number of Health Graduates","2012","2012","03","3","01","Private sector","60","Pharmacy","Number",""
"HGO14C01","Number of Health Graduates","2012","2012","03","3","01","Private sector","504","Physiotherapy","Number","27"
"HGO14C01","Number of Health Graduates","2012","2012","03","3","01","Private sector","402","Radiography and Radiation Therapy","Number","6"
"HGO14C01","Number of Health Graduates","2012","2012","03","3","01","Private sector","702","Social Care","Number","501"
"HGO14C01","Number of Health Graduates","2012","2012","03","3","01","Private sector","701","Social Work","Number","39"
"HGO14C01","Number of Health Graduates","2012","2012","03","3","01","Private sector","10","Speech and Language Therapy","Number","12"
"HGO14C01","Number of Health Graduates","2012","2012","03","3","01","Private sector","V52","Dietetics, Optometry and Podiatry","Number","21"
"HGO14C01","Number of Health Graduates","2012","2012","03","3","02","Public sector","201","Dentistry","Number","6"
"HGO14C01","Number of Health Graduates","2012","2012","03","3","02","Public sector","401","Medical Science","Number","48"
"HGO14C01","Number of Health Graduates","2012","2012","03","3","02","Public sector","202","Medicine","Number","261"
"HGO14C01","Number of Health Graduates","2012","2012","03","3","02","Public sector","30","Nursing and Midwifery","Number","648"
"HGO14C01","Number of Health Graduates","2012","2012","03","3","02","Public sector","501","Occupational Therapy","Number","45"
"HGO14C01","Number of Health Graduates","2012","2012","03","3","02","Public sector","60","Pharmacy","Number",""
"HGO14C01","Number of Health Graduates","2012","2012","03","3","02","Public sector","504","Physiotherapy","Number","27"
"HGO14C01","Number of Health Graduates","2012","2012","03","3","02","Public sector","402","Radiography and Radiation Therapy","Number","33"
"HGO14C01","Number of Health Graduates","2012","2012","03","3","02","Public sector","702","Social Care","Number","102"
"HGO14C01","Number of Health Graduates","2012","2012","03","3","02","Public sector","701","Social Work","Number","66"
"HGO14C01","Number of Health Graduates","2012","2012","03","3","02","Public sector","10","Speech and Language Therapy","Number","33"
"HGO14C01","Number of Health Graduates","2012","2012","03","3","02","Public sector","V52","Dietetics, Optometry and Podiatry","Number","9"
"HGO14C01","Number of Health Graduates","2012","2012","03","3","-","All sectors","201","Dentistry","Number","12"
"HGO14C01","Number of Health Graduates","2012","2012","03","3","-","All sectors","401","Medical Science","Number","63"
"HGO14C01","Number of Health Graduates","2012","2012","03","3","-","All sectors","202","Medicine","Number","279"
"HGO14C01","Number of Health Graduates","2012","2012","03","3","-","All sectors","30","Nursing and Midwifery","Number","966"
"HGO14C01","Number of Health Graduates","2012","2012","03","3","-","All sectors","501","Occupational Therapy","Number","63"
"HGO14C01","Number of Health Graduates","2012","2012","03","3","-","All sectors","60","Pharmacy","Number",""
"HGO14C01","Number of Health Graduates","2012","2012","03","3","-","All sectors","504","Physiotherapy","Number","57"
"HGO14C01","Number of Health Graduates","2012","2012","03","3","-","All sectors","402","Radiography and Radiation Therapy","Number","39"
"HGO14C01","Number of Health Graduates","2012","2012","03","3","-","All sectors","702","Social Care","Number","603"
"HGO14C01","Number of Health Graduates","2012","2012","03","3","-","All sectors","701","Social Work","Number","105"
"HGO14C01","Number of Health Graduates","2012","2012","03","3","-","All sectors","10","Speech and Language Therapy","Number","45"
"HGO14C01","Number of Health Graduates","2012","2012","03","3","-","All sectors","V52","Dietetics, Optometry and Podiatry","Number","33"
"HGO14C01","Number of Health Graduates","2012","2012","04","4","01","Private sector","201","Dentistry","Number","6"
"HGO14C01","Number of Health Graduates","2012","2012","04","4","01","Private sector","401","Medical Science","Number","12"
"HGO14C01","Number of Health Graduates","2012","2012","04","4","01","Private sector","202","Medicine","Number","12"
"HGO14C01","Number of Health Graduates","2012","2012","04","4","01","Private sector","30","Nursing and Midwifery","Number","318"
"HGO14C01","Number of Health Graduates","2012","2012","04","4","01","Private sector","501","Occupational Therapy","Number","15"
"HGO14C01","Number of Health Graduates","2012","2012","04","4","01","Private sector","60","Pharmacy","Number",""
"HGO14C01","Number of Health Graduates","2012","2012","04","4","01","Private sector","504","Physiotherapy","Number","24"
"HGO14C01","Number of Health Graduates","2012","2012","04","4","01","Private sector","402","Radiography and Radiation Therapy","Number","6"
"HGO14C01","Number of Health Graduates","2012","2012","04","4","01","Private sector","702","Social Care","Number","462"
"HGO14C01","Number of Health Graduates","2012","2012","04","4","01","Private sector","701","Social Work","Number","27"
"HGO14C01","Number of Health Graduates","2012","2012","04","4","01","Private sector","10","Speech and Language Therapy","Number","9"
"HGO14C01","Number of Health Graduates","2012","2012","04","4","01","Private sector","V52","Dietetics, Optometry and Podiatry","Number","24"
"HGO14C01","Number of Health Graduates","2012","2012","04","4","02","Public sector","201","Dentistry","Number","6"
"HGO14C01","Number of Health Graduates","2012","2012","04","4","02","Public sector","401","Medical Science","Number","48"
"HGO14C01","Number of Health Graduates","2012","2012","04","4","02","Public sector","202","Medicine","Number","258"
"HGO14C01","Number of Health Graduates","2012","2012","04","4","02","Public sector","30","Nursing and Midwifery","Number","645"
"HGO14C01","Number of Health Graduates","2012","2012","04","4","02","Public sector","501","Occupational Therapy","Number","51"
"HGO14C01","Number of Health Graduates","2012","2012","04","4","02","Public sector","60","Pharmacy","Number",""
"HGO14C01","Number of Health Graduates","2012","2012","04","4","02","Public sector","504","Physiotherapy","Number","42"
"HGO14C01","Number of Health Graduates","2012","2012","04","4","02","Public sector","402","Radiography and Radiation Therapy","Number","33"
"HGO14C01","Number of Health Graduates","2012","2012","04","4","02","Public sector","702","Social Care","Number","147"
"HGO14C01","Number of Health Graduates","2012","2012","04","4","02","Public sector","701","Social Work","Number","81"
"HGO14C01","Number of Health Graduates","2012","2012","04","4","02","Public sector","10","Speech and Language Therapy","Number","39"
"HGO14C01","Number of Health Graduates","2012","2012","04","4","02","Public sector","V52","Dietetics, Optometry and Podiatry","Number","12"
"HGO14C01","Number of Health Graduates","2012","2012","04","4","-","All sectors","201","Dentistry","Number","12"
"HGO14C01","Number of Health Graduates","2012","2012","04","4","-","All sectors","401","Medical Science","Number","60"
"HGO14C01","Number of Health Graduates","2012","2012","04","4","-","All sectors","202","Medicine","Number","270"
"HGO14C01","Number of Health Graduates","2012","2012","04","4","-","All sectors","30","Nursing and Midwifery","Number","963"
"HGO14C01","Number of Health Graduates","2012","2012","04","4","-","All sectors","501","Occupational Therapy","Number","66"
"HGO14C01","Number of Health Graduates","2012","2012","04","4","-","All sectors","60","Pharmacy","Number",""
"HGO14C01","Number of Health Graduates","2012","2012","04","4","-","All sectors","504","Physiotherapy","Number","66"
"HGO14C01","Number of Health Graduates","2012","2012","04","4","-","All sectors","402","Radiography and Radiation Therapy","Number","39"
"HGO14C01","Number of Health Graduates","2012","2012","04","4","-","All sectors","702","Social Care","Number","609"
"HGO14C01","Number of Health Graduates","2012","2012","04","4","-","All sectors","701","Social Work","Number","105"
"HGO14C01","Number of Health Graduates","2012","2012","04","4","-","All sectors","10","Speech and Language Therapy","Number","48"
"HGO14C01","Number of Health Graduates","2012","2012","04","4","-","All sectors","V52","Dietetics, Optometry and Podiatry","Number","36"
"HGO14C01","Number of Health Graduates","2012","2012","05","5","01","Private sector","201","Dentistry","Number","6"
"HGO14C01","Number of Health Graduates","2012","2012","05","5","01","Private sector","401","Medical Science","Number","18"
"HGO14C01","Number of Health Graduates","2012","2012","05","5","01","Private sector","202","Medicine","Number","21"
"HGO14C01","Number of Health Graduates","2012","2012","05","5","01","Private sector","30","Nursing and Midwifery","Number","312"
"HGO14C01","Number of Health Graduates","2012","2012","05","5","01","Private sector","501","Occupational Therapy","Number","15"
"HGO14C01","Number of Health Graduates","2012","2012","05","5","01","Private sector","60","Pharmacy","Number",""
"HGO14C01","Number of Health Graduates","2012","2012","05","5","01","Private sector","504","Physiotherapy","Number","21"
"HGO14C01","Number of Health Graduates","2012","2012","05","5","01","Private sector","402","Radiography and Radiation Therapy","Number","3"
"HGO14C01","Number of Health Graduates","2012","2012","05","5","01","Private sector","702","Social Care","Number","450"
"HGO14C01","Number of Health Graduates","2012","2012","05","5","01","Private sector","701","Social Work","Number","30"
"HGO14C01","Number of Health Graduates","2012","2012","05","5","01","Private sector","10","Speech and Language Therapy","Number","9"
"HGO14C01","Number of Health Graduates","2012","2012","05","5","01","Private sector","V52","Dietetics, Optometry and Podiatry","Number","24"
"HGO14C01","Number of Health Graduates","2012","2012","05","5","02","Public sector","201","Dentistry","Number","3"
"HGO14C01","Number of Health Graduates","2012","2012","05","5","02","Public sector","401","Medical Science","Number","45"
"HGO14C01","Number of Health Graduates","2012","2012","05","5","02","Public sector","202","Medicine","Number","240"
"HGO14C01","Number of Health Graduates","2012","2012","05","5","02","Public sector","30","Nursing and Midwifery","Number","687"
"HGO14C01","Number of Health Graduates","2012","2012","05","5","02","Public sector","501","Occupational Therapy","Number","60"
"HGO14C01","Number of Health Graduates","2012","2012","05","5","02","Public sector","60","Pharmacy","Number",""
"HGO14C01","Number of Health Graduates","2012","2012","05","5","02","Public sector","504","Physiotherapy","Number","45"
"HGO14C01","Number of Health Graduates","2012","2012","05","5","02","Public sector","402","Radiography and Radiation Therapy","Number","33"
"HGO14C01","Number of Health Graduates","2012","2012","05","5","02","Public sector","702","Social Care","Number","210"
"HGO14C01","Number of Health Graduates","2012","2012","05","5","02","Public sector","701","Social Work","Number","81"
"HGO14C01","Number of Health Graduates","2012","2012","05","5","02","Public sector","10","Speech and Language Therapy","Number","45"
"HGO14C01","Number of Health Graduates","2012","2012","05","5","02","Public sector","V52","Dietetics, Optometry and Podiatry","Number","12"
"HGO14C01","Number of Health Graduates","2012","2012","05","5","-","All sectors","201","Dentistry","Number","12"
"HGO14C01","Number of Health Graduates","2012","2012","05","5","-","All sectors","401","Medical Science","Number","63"
"HGO14C01","Number of Health Graduates","2012","2012","05","5","-","All sectors","202","Medicine","Number","261"
"HGO14C01","Number of Health Graduates","2012","2012","05","5","-","All sectors","30","Nursing and Midwifery","Number","999"
"HGO14C01","Number of Health Graduates","2012","2012","05","5","-","All sectors","501","Occupational Therapy","Number","75"
"HGO14C01","Number of Health Graduates","2012","2012","05","5","-","All sectors","60","Pharmacy","Number",""
"HGO14C01","Number of Health Graduates","2012","2012","05","5","-","All sectors","504","Physiotherapy","Number","66"
"HGO14C01","Number of Health Graduates","2012","2012","05","5","-","All sectors","402","Radiography and Radiation Therapy","Number","36"
"HGO14C01","Number of Health Graduates","2012","2012","05","5","-","All sectors","702","Social Care","Number","660"
"HGO14C01","Number of Health Graduates","2012","2012","05","5","-","All sectors","701","Social Work","Number","111"
"HGO14C01","Number of Health Graduates","2012","2012","05","5","-","All sectors","10","Speech and Language Therapy","Number","54"
"HGO14C01","Number of Health Graduates","2012","2012","05","5","-","All sectors","V52","Dietetics, Optometry and Podiatry","Number","39"
"HGO14C01","Number of Health Graduates","2012","2012","06","6","01","Private sector","201","Dentistry","Number","9"
"HGO14C01","Number of Health Graduates","2012","2012","06","6","01","Private sector","401","Medical Science","Number","18"
"HGO14C01","Number of Health Graduates","2012","2012","06","6","01","Private sector","202","Medicine","Number","39"
"HGO14C01","Number of Health Graduates","2012","2012","06","6","01","Private sector","30","Nursing and Midwifery","Number","297"
"HGO14C01","Number of Health Graduates","2012","2012","06","6","01","Private sector","501","Occupational Therapy","Number","12"
"HGO14C01","Number of Health Graduates","2012","2012","06","6","01","Private sector","60","Pharmacy","Number",""
"HGO14C01","Number of Health Graduates","2012","2012","06","6","01","Private sector","504","Physiotherapy","Number","21"
"HGO14C01","Number of Health Graduates","2012","2012","06","6","01","Private sector","402","Radiography and Radiation Therapy","Number","3"
"HGO14C01","Number of Health Graduates","2012","2012","06","6","01","Private sector","702","Social Care","Number","417"
"HGO14C01","Number of Health Graduates","2012","2012","06","6","01","Private sector","701","Social Work","Number","33"
"HGO14C01","Number of Health Graduates","2012","2012","06","6","01","Private sector","10","Speech and Language Therapy","Number","9"
"HGO14C01","Number of Health Graduates","2012","2012","06","6","01","Private sector","V52","Dietetics, Optometry and Podiatry","Number","21"
"HGO14C01","Number of Health Graduates","2012","2012","06","6","02","Public sector","201","Dentistry","Number","3"
"HGO14C01","Number of Health Graduates","2012","2012","06","6","02","Public sector","401","Medical Science","Number","45"
"HGO14C01","Number of Health Graduates","2012","2012","06","6","02","Public sector","202","Medicine","Number","216"
"HGO14C01","Number of Health Graduates","2012","2012","06","6","02","Public sector","30","Nursing and Midwifery","Number","699"
"HGO14C01","Number of Health Graduates","2012","2012","06","6","02","Public sector","501","Occupational Therapy","Number","63"
"HGO14C01","Number of Health Graduates","2012","2012","06","6","02","Public sector","60","Pharmacy","Number",""
"HGO14C01","Number of Health Graduates","2012","2012","06","6","02","Public sector","504","Physiotherapy","Number","48"
"HGO14C01","Number of Health Graduates","2012","2012","06","6","02","Public sector","402","Radiography and Radiation Therapy","Number","30"
"HGO14C01","Number of Health Graduates","2012","2012","06","6","02","Public sector","702","Social Care","Number","240"
"HGO14C01","Number of Health Graduates","2012","2012","06","6","02","Public sector","701","Social Work","Number","81"
"HGO14C01","Number of Health Graduates","2012","2012","06","6","02","Public sector","10","Speech and Language Therapy","Number","45"
"HGO14C01","Number of Health Graduates","2012","2012","06","6","02","Public sector","V52","Dietetics, Optometry and Podiatry","Number","15"
"HGO14C01","Number of Health Graduates","2012","2012","06","6","-","All sectors","201","Dentistry","Number","12"
"HGO14C01","Number of Health Graduates","2012","2012","06","6","-","All sectors","401","Medical Science","Number","63"
"HGO14C01","Number of Health Graduates","2012","2012","06","6","-","All sectors","202","Medicine","Number","255"
"HGO14C01","Number of Health Graduates","2012","2012","06","6","-","All sectors","30","Nursing and Midwifery","Number","996"
"HGO14C01","Number of Health Graduates","2012","2012","06","6","-","All sectors","501","Occupational Therapy","Number","75"
"HGO14C01","Number of Health Graduates","2012","2012","06","6","-","All sectors","60","Pharmacy","Number",""
"HGO14C01","Number of Health Graduates","2012","2012","06","6","-","All sectors","504","Physiotherapy","Number","72"
"HGO14C01","Number of Health Graduates","2012","2012","06","6","-","All sectors","402","Radiography and Radiation Therapy","Number","33"
"HGO14C01","Number of Health Graduates","2012","2012","06","6","-","All sectors","702","Social Care","Number","657"
"HGO14C01","Number of Health Graduates","2012","2012","06","6","-","All sectors","701","Social Work","Number","114"
"HGO14C01","Number of Health Graduates","2012","2012","06","6","-","All sectors","10","Speech and Language Therapy","Number","54"
"HGO14C01","Number of Health Graduates","2012","2012","06","6","-","All sectors","V52","Dietetics, Optometry and Podiatry","Number","36"
"HGO14C01","Number of Health Graduates","2012","2012","07","7","01","Private sector","201","Dentistry","Number","6"
"HGO14C01","Number of Health Graduates","2012","2012","07","7","01","Private sector","401","Medical Science","Number","21"
"HGO14C01","Number of Health Graduates","2012","2012","07","7","01","Private sector","202","Medicine","Number","57"
"HGO14C01","Number of Health Graduates","2012","2012","07","7","01","Private sector","30","Nursing and Midwifery","Number","306"
"HGO14C01","Number of Health Graduates","2012","2012","07","7","01","Private sector","501","Occupational Therapy","Number","9"
"HGO14C01","Number of Health Graduates","2012","2012","07","7","01","Private sector","60","Pharmacy","Number",""
"HGO14C01","Number of Health Graduates","2012","2012","07","7","01","Private sector","504","Physiotherapy","Number","21"
"HGO14C01","Number of Health Graduates","2012","2012","07","7","01","Private sector","402","Radiography and Radiation Therapy","Number","6"
"HGO14C01","Number of Health Graduates","2012","2012","07","7","01","Private sector","702","Social Care","Number","399"
"HGO14C01","Number of Health Graduates","2012","2012","07","7","01","Private sector","701","Social Work","Number","33"
"HGO14C01","Number of Health Graduates","2012","2012","07","7","01","Private sector","10","Speech and Language Therapy","Number","9"
"HGO14C01","Number of Health Graduates","2012","2012","07","7","01","Private sector","V52","Dietetics, Optometry and Podiatry","Number","21"
"HGO14C01","Number of Health Graduates","2012","2012","07","7","02","Public sector","201","Dentistry","Number","6"
"HGO14C01","Number of Health Graduates","2012","2012","07","7","02","Public sector","401","Medical Science","Number","45"
"HGO14C01","Number of Health Graduates","2012","2012","07","7","02","Public sector","202","Medicine","Number","192"
"HGO14C01","Number of Health Graduates","2012","2012","07","7","02","Public sector","30","Nursing and Midwifery","Number","702"
"HGO14C01","Number of Health Graduates","2012","2012","07","7","02","Public sector","501","Occupational Therapy","Number","66"
"HGO14C01","Number of Health Graduates","2012","2012","07","7","02","Public sector","60","Pharmacy","Number",""
"HGO14C01","Number of Health Graduates","2012","2012","07","7","02","Public sector","504","Physiotherapy","Number","51"
"HGO14C01","Number of Health Graduates","2012","2012","07","7","02","Public sector","402","Radiography and Radiation Therapy","Number","30"
"HGO14C01","Number of Health Graduates","2012","2012","07","7","02","Public sector","702","Social Care","Number","258"
"HGO14C01","Number of Health Graduates","2012","2012","07","7","02","Public sector","701","Social Work","Number","78"
"HGO14C01","Number of Health Graduates","2012","2012","07","7","02","Public sector","10","Speech and Language Therapy","Number","45"
"HGO14C01","Number of Health Graduates","2012","2012","07","7","02","Public sector","V52","Dietetics, Optometry and Podiatry","Number","15"
"HGO14C01","Number of Health Graduates","2012","2012","07","7","-","All sectors","201","Dentistry","Number","12"
"HGO14C01","Number of Health Graduates","2012","2012","07","7","-","All sectors","401","Medical Science","Number","66"
"HGO14C01","Number of Health Graduates","2012","2012","07","7","-","All sectors","202","Medicine","Number","249"
"HGO14C01","Number of Health Graduates","2012","2012","07","7","-","All sectors","30","Nursing and Midwifery","Number","1008"
"HGO14C01","Number of Health Graduates","2012","2012","07","7","-","All sectors","501","Occupational Therapy","Number","75"
"HGO14C01","Number of Health Graduates","2012","2012","07","7","-","All sectors","60","Pharmacy","Number",""
"HGO14C01","Number of Health Graduates","2012","2012","07","7","-","All sectors","504","Physiotherapy","Number","72"
"HGO14C01","Number of Health Graduates","2012","2012","07","7","-","All sectors","402","Radiography and Radiation Therapy","Number","36"
"HGO14C01","Number of Health Graduates","2012","2012","07","7","-","All sectors","702","Social Care","Number","657"
"HGO14C01","Number of Health Graduates","2012","2012","07","7","-","All sectors","701","Social Work","Number","111"
"HGO14C01","Number of Health Graduates","2012","2012","07","7","-","All sectors","10","Speech and Language Therapy","Number","51"
"HGO14C01","Number of Health Graduates","2012","2012","07","7","-","All sectors","V52","Dietetics, Optometry and Podiatry","Number","36"
"HGO14C01","Number of Health Graduates","2012","2012","08","8","01","Private sector","201","Dentistry","Number","6"
"HGO14C01","Number of Health Graduates","2012","2012","08","8","01","Private sector","401","Medical Science","Number","21"
"HGO14C01","Number of Health Graduates","2012","2012","08","8","01","Private sector","202","Medicine","Number","69"
"HGO14C01","Number of Health Graduates","2012","2012","08","8","01","Private sector","30","Nursing and Midwifery","Number","309"
"HGO14C01","Number of Health Graduates","2012","2012","08","8","01","Private sector","501","Occupational Therapy","Number","12"
"HGO14C01","Number of Health Graduates","2012","2012","08","8","01","Private sector","60","Pharmacy","Number",""
"HGO14C01","Number of Health Graduates","2012","2012","08","8","01","Private sector","504","Physiotherapy","Number","21"
"HGO14C01","Number of Health Graduates","2012","2012","08","8","01","Private sector","402","Radiography and Radiation Therapy","Number","9"
"HGO14C01","Number of Health Graduates","2012","2012","08","8","01","Private sector","702","Social Care","Number","381"
"HGO14C01","Number of Health Graduates","2012","2012","08","8","01","Private sector","701","Social Work","Number","27"
"HGO14C01","Number of Health Graduates","2012","2012","08","8","01","Private sector","10","Speech and Language Therapy","Number","12"
"HGO14C01","Number of Health Graduates","2012","2012","08","8","01","Private sector","V52","Dietetics, Optometry and Podiatry","Number","24"
"HGO14C01","Number of Health Graduates","2012","2012","08","8","02","Public sector","201","Dentistry","Number","3"
"HGO14C01","Number of Health Graduates","2012","2012","08","8","02","Public sector","401","Medical Science","Number","42"
"HGO14C01","Number of Health Graduates","2012","2012","08","8","02","Public sector","202","Medicine","Number","153"
"HGO14C01","Number of Health Graduates","2012","2012","08","8","02","Public sector","30","Nursing and Midwifery","Number","687"
"HGO14C01","Number of Health Graduates","2012","2012","08","8","02","Public sector","501","Occupational Therapy","Number","66"
"HGO14C01","Number of Health Graduates","2012","2012","08","8","02","Public sector","60","Pharmacy","Number",""
"HGO14C01","Number of Health Graduates","2012","2012","08","8","02","Public sector","504","Physiotherapy","Number","48"
"HGO14C01","Number of Health Graduates","2012","2012","08","8","02","Public sector","402","Radiography and Radiation Therapy","Number","30"
"HGO14C01","Number of Health Graduates","2012","2012","08","8","02","Public sector","702","Social Care","Number","270"
"HGO14C01","Number of Health Graduates","2012","2012","08","8","02","Public sector","701","Social Work","Number","84"
"HGO14C01","Number of Health Graduates","2012","2012","08","8","02","Public sector","10","Speech and Language Therapy","Number","48"
"HGO14C01","Number of Health Graduates","2012","2012","08","8","02","Public sector","V52","Dietetics, Optometry and Podiatry","Number","15"
"HGO14C01","Number of Health Graduates","2012","2012","08","8","-","All sectors","201","Dentistry","Number","12"
"HGO14C01","Number of Health Graduates","2012","2012","08","8","-","All sectors","401","Medical Science","Number","60"
"HGO14C01","Number of Health Graduates","2012","2012","08","8","-","All sectors","202","Medicine","Number","222"
"HGO14C01","Number of Health Graduates","2012","2012","08","8","-","All sectors","30","Nursing and Midwifery","Number","999"
"HGO14C01","Number of Health Graduates","2012","2012","08","8","-","All sectors","501","Occupational Therapy","Number","78"
"HGO14C01","Number of Health Graduates","2012","2012","08","8","-","All sectors","60","Pharmacy","Number",""
"HGO14C01","Number of Health Graduates","2012","2012","08","8","-","All sectors","504","Physiotherapy","Number","69"
"HGO14C01","Number of Health Graduates","2012","2012","08","8","-","All sectors","402","Radiography and Radiation Therapy","Number","39"
"HGO14C01","Number of Health Graduates","2012","2012","08","8","-","All sectors","702","Social Care","Number","651"
"HGO14C01","Number of Health Graduates","2012","2012","08","8","-","All sectors","701","Social Work","Number","111"
"HGO14C01","Number of Health Graduates","2012","2012","08","8","-","All sectors","10","Speech and Language Therapy","Number","60"
"HGO14C01","Number of Health Graduates","2012","2012","08","8","-","All sectors","V52","Dietetics, Optometry and Podiatry","Number","39"
"HGO14C01","Number of Health Graduates","2012","2012","09","9","01","Private sector","201","Dentistry","Number","6"
"HGO14C01","Number of Health Graduates","2012","2012","09","9","01","Private sector","401","Medical Science","Number","18"
"HGO14C01","Number of Health Graduates","2012","2012","09","9","01","Private sector","202","Medicine","Number","72"
"HGO14C01","Number of Health Graduates","2012","2012","09","9","01","Private sector","30","Nursing and Midwifery","Number","312"
"HGO14C01","Number of Health Graduates","2012","2012","09","9","01","Private sector","501","Occupational Therapy","Number","12"
"HGO14C01","Number of Health Graduates","2012","2012","09","9","01","Private sector","60","Pharmacy","Number",""
"HGO14C01","Number of Health Graduates","2012","2012","09","9","01","Private sector","504","Physiotherapy","Number","27"
"HGO14C01","Number of Health Graduates","2012","2012","09","9","01","Private sector","402","Radiography and Radiation Therapy","Number","9"
"HGO14C01","Number of Health Graduates","2012","2012","09","9","01","Private sector","702","Social Care","Number","375"
"HGO14C01","Number of Health Graduates","2012","2012","09","9","01","Private sector","701","Social Work","Number","30"
"HGO14C01","Number of Health Graduates","2012","2012","09","9","01","Private sector","10","Speech and Language Therapy","Number","15"
"HGO14C01","Number of Health Graduates","2012","2012","09","9","01","Private sector","V52","Dietetics, Optometry and Podiatry","Number","24"
"HGO14C01","Number of Health Graduates","2012","2012","09","9","02","Public sector","201","Dentistry","Number","9"
"HGO14C01","Number of Health Graduates","2012","2012","09","9","02","Public sector","401","Medical Science","Number","51"
"HGO14C01","Number of Health Graduates","2012","2012","09","9","02","Public sector","202","Medicine","Number","147"
"HGO14C01","Number of Health Graduates","2012","2012","09","9","02","Public sector","30","Nursing and Midwifery","Number","729"
"HGO14C01","Number of Health Graduates","2012","2012","09","9","02","Public sector","501","Occupational Therapy","Number","72"
"HGO14C01","Number of Health Graduates","2012","2012","09","9","02","Public sector","60","Pharmacy","Number",""
"HGO14C01","Number of Health Graduates","2012","2012","09","9","02","Public sector","504","Physiotherapy","Number","51"
"HGO14C01","Number of Health Graduates","2012","2012","09","9","02","Public sector","402","Radiography and Radiation Therapy","Number","33"
"HGO14C01","Number of Health Graduates","2012","2012","09","9","02","Public sector","702","Social Care","Number","285"
"HGO14C01","Number of Health Graduates","2012","2012","09","9","02","Public sector","701","Social Work","Number","84"
"HGO14C01","Number of Health Graduates","2012","2012","09","9","02","Public sector","10","Speech and Language Therapy","Number","45"
"HGO14C01","Number of Health Graduates","2012","2012","09","9","02","Public sector","V52","Dietetics, Optometry and Podiatry","Number","18"
"HGO14C01","Number of Health Graduates","2012","2012","09","9","-","All sectors","201","Dentistry","Number","15"
"HGO14C01","Number of Health Graduates","2012","2012","09","9","-","All sectors","401","Medical Science","Number","66"
"HGO14C01","Number of Health Graduates","2012","2012","09","9","-","All sectors","202","Medicine","Number","219"
"HGO14C01","Number of Health Graduates","2012","2012","09","9","-","All sectors","30","Nursing and Midwifery","Number","1038"
"HGO14C01","Number of Health Graduates","2012","2012","09","9","-","All sectors","501","Occupational Therapy","Number","84"
"HGO14C01","Number of Health Graduates","2012","2012","09","9","-","All sectors","60","Pharmacy","Number",""
"HGO14C01","Number of Health Graduates","2012","2012","09","9","-","All sectors","504","Physiotherapy","Number","75"
"HGO14C01","Number of Health Graduates","2012","2012","09","9","-","All sectors","402","Radiography and Radiation Therapy","Number","42"
"HGO14C01","Number of Health Graduates","2012","2012","09","9","-","All sectors","702","Social Care","Number","660"
"HGO14C01","Number of Health Graduates","2012","2012","09","9","-","All sectors","701","Social Work","Number","111"
"HGO14C01","Number of Health Graduates","2012","2012","09","9","-","All sectors","10","Speech and Language Therapy","Number","60"
"HGO14C01","Number of Health Graduates","2012","2012","09","9","-","All sectors","V52","Dietetics, Optometry and Podiatry","Number","42"
"HGO14C01","Number of Health Graduates","2012","2012","10","10","01","Private sector","201","Dentistry","Number","3"
"HGO14C01","Number of Health Graduates","2012","2012","10","10","01","Private sector","401","Medical Science","Number","18"
"HGO14C01","Number of Health Graduates","2012","2012","10","10","01","Private sector","202","Medicine","Number","75"
"HGO14C01","Number of Health Graduates","2012","2012","10","10","01","Private sector","30","Nursing and Midwifery","Number","330"
"HGO14C01","Number of Health Graduates","2012","2012","10","10","01","Private sector","501","Occupational Therapy","Number","15"
"HGO14C01","Number of Health Graduates","2012","2012","10","10","01","Private sector","60","Pharmacy","Number",""
"HGO14C01","Number of Health Graduates","2012","2012","10","10","01","Private sector","504","Physiotherapy","Number","27"
"HGO14C01","Number of Health Graduates","2012","2012","10","10","01","Private sector","402","Radiography and Radiation Therapy","Number","9"
"HGO14C01","Number of Health Graduates","2012","2012","10","10","01","Private sector","702","Social Care","Number","375"
"HGO14C01","Number of Health Graduates","2012","2012","10","10","01","Private sector","701","Social Work","Number","30"
"HGO14C01","Number of Health Graduates","2012","2012","10","10","01","Private sector","10","Speech and Language Therapy","Number","15"
"HGO14C01","Number of Health Graduates","2012","2012","10","10","01","Private sector","V52","Dietetics, Optometry and Podiatry","Number","27"
"HGO14C01","Number of Health Graduates","2012","2012","10","10","02","Public sector","201","Dentistry","Number","9"
"HGO14C01","Number of Health Graduates","2012","2012","10","10","02","Public sector","401","Medical Science","Number","48"
"HGO14C01","Number of Health Graduates","2012","2012","10","10","02","Public sector","202","Medicine","Number","132"
"HGO14C01","Number of Health Graduates","2012","2012","10","10","02","Public sector","30","Nursing and Midwifery","Number","729"
"HGO14C01","Number of Health Graduates","2012","2012","10","10","02","Public sector","501","Occupational Therapy","Number","69"
"HGO14C01","Number of Health Graduates","2012","2012","10","10","02","Public sector","60","Pharmacy","Number",""
"HGO14C01","Number of Health Graduates","2012","2012","10","10","02","Public sector","504","Physiotherapy","Number","51"
"HGO14C01","Number of Health Graduates","2012","2012","10","10","02","Public sector","402","Radiography and Radiation Therapy","Number","30"
"HGO14C01","Number of Health Graduates","2012","2012","10","10","02","Public sector","702","Social Care","Number","288"
"HGO14C01","Number of Health Graduates","2012","2012","10","10","02","Public sector","701","Social Work","Number","84"
"HGO14C01","Number of Health Graduates","2012","2012","10","10","02","Public sector","10","Speech and Language Therapy","Number","42"
"HGO14C01","Number of Health Graduates","2012","2012","10","10","02","Public sector","V52","Dietetics, Optometry and Podiatry","Number","15"
"HGO14C01","Number of Health Graduates","2012","2012","10","10","-","All sectors","201","Dentistry","Number","12"
"HGO14C01","Number of Health Graduates","2012","2012","10","10","-","All sectors","401","Medical Science","Number","66"
"HGO14C01","Number of Health Graduates","2012","2012","10","10","-","All sectors","202","Medicine","Number","207"
"HGO14C01","Number of Health Graduates","2012","2012","10","10","-","All sectors","30","Nursing and Midwifery","Number","1062"
"HGO14C01","Number of Health Graduates","2012","2012","10","10","-","All sectors","501","Occupational Therapy","Number","84"
"HGO14C01","Number of Health Graduates","2012","2012","10","10","-","All sectors","60","Pharmacy","Number",""
"HGO14C01","Number of Health Graduates","2012","2012","10","10","-","All sectors","504","Physiotherapy","Number","78"
"HGO14C01","Number of Health Graduates","2012","2012","10","10","-","All sectors","402","Radiography and Radiation Therapy","Number","39"
"HGO14C01","Number of Health Graduates","2012","2012","10","10","-","All sectors","702","Social Care","Number","663"
"HGO14C01","Number of Health Graduates","2012","2012","10","10","-","All sectors","701","Social Work","Number","114"
"HGO14C01","Number of Health Graduates","2012","2012","10","10","-","All sectors","10","Speech and Language Therapy","Number","57"
"HGO14C01","Number of Health Graduates","2012","2012","10","10","-","All sectors","V52","Dietetics, Optometry and Podiatry","Number","42"
"HGO14C01","Number of Health Graduates","2012","2012","11","11","01","Private sector","201","Dentistry","Number","6"
"HGO14C01","Number of Health Graduates","2012","2012","11","11","01","Private sector","401","Medical Science","Number","12"
"HGO14C01","Number of Health Graduates","2012","2012","11","11","01","Private sector","202","Medicine","Number","78"
"HGO14C01","Number of Health Graduates","2012","2012","11","11","01","Private sector","30","Nursing and Midwifery","Number","315"
"HGO14C01","Number of Health Graduates","2012","2012","11","11","01","Private sector","501","Occupational Therapy","Number","15"
"HGO14C01","Number of Health Graduates","2012","2012","11","11","01","Private sector","60","Pharmacy","Number",""
"HGO14C01","Number of Health Graduates","2012","2012","11","11","01","Private sector","504","Physiotherapy","Number","27"
"HGO14C01","Number of Health Graduates","2012","2012","11","11","01","Private sector","402","Radiography and Radiation Therapy","Number","12"
"HGO14C01","Number of Health Graduates","2012","2012","11","11","01","Private sector","702","Social Care","Number","381"
"HGO14C01","Number of Health Graduates","2012","2012","11","11","01","Private sector","701","Social Work","Number","30"
"HGO14C01","Number of Health Graduates","2012","2012","11","11","01","Private sector","10","Speech and Language Therapy","Number","15"
"HGO14C01","Number of Health Graduates","2012","2012","11","11","01","Private sector","V52","Dietetics, Optometry and Podiatry","Number","27"
"HGO14C01","Number of Health Graduates","2012","2012","11","11","02","Public sector","201","Dentistry","Number","9"
"HGO14C01","Number of Health Graduates","2012","2012","11","11","02","Public sector","401","Medical Science","Number","48"
"HGO14C01","Number of Health Graduates","2012","2012","11","11","02","Public sector","202","Medicine","Number","135"
"HGO14C01","Number of Health Graduates","2012","2012","11","11","02","Public sector","30","Nursing and Midwifery","Number","735"
"HGO14C01","Number of Health Graduates","2012","2012","11","11","02","Public sector","501","Occupational Therapy","Number","69"
"HGO14C01","Number of Health Graduates","2012","2012","11","11","02","Public sector","60","Pharmacy","Number",""
"HGO14C01","Number of Health Graduates","2012","2012","11","11","02","Public sector","504","Physiotherapy","Number","54"
"HGO14C01","Number of Health Graduates","2012","2012","11","11","02","Public sector","402","Radiography and Radiation Therapy","Number","30"
"HGO14C01","Number of Health Graduates","2012","2012","11","11","02","Public sector","702","Social Care","Number","291"
"HGO14C01","Number of Health Graduates","2012","2012","11","11","02","Public sector","701","Social Work","Number","84"
"HGO14C01","Number of Health Graduates","2012","2012","11","11","02","Public sector","10","Speech and Language Therapy","Number","45"
"HGO14C01","Number of Health Graduates","2012","2012","11","11","02","Public sector","V52","Dietetics, Optometry and Podiatry","Number","21"
"HGO14C01","Number of Health Graduates","2012","2012","11","11","-","All sectors","201","Dentistry","Number","15"
"HGO14C01","Number of Health Graduates","2012","2012","11","11","-","All sectors","401","Medical Science","Number","63"
"HGO14C01","Number of Health Graduates","2012","2012","11","11","-","All sectors","202","Medicine","Number","213"
"HGO14C01","Number of Health Graduates","2012","2012","11","11","-","All sectors","30","Nursing and Midwifery","Number","1050"
"HGO14C01","Number of Health Graduates","2012","2012","11","11","-","All sectors","501","Occupational Therapy","Number","84"
"HGO14C01","Number of Health Graduates","2012","2012","11","11","-","All sectors","60","Pharmacy","Number",""
"HGO14C01","Number of Health Graduates","2012","2012","11","11","-","All sectors","504","Physiotherapy","Number","81"
"HGO14C01","Number of Health Graduates","2012","2012","11","11","-","All sectors","402","Radiography and Radiation Therapy","Number","39"
"HGO14C01","Number of Health Graduates","2012","2012","11","11","-","All sectors","702","Social Care","Number","672"
"HGO14C01","Number of Health Graduates","2012","2012","11","11","-","All sectors","701","Social Work","Number","114"
"HGO14C01","Number of Health Graduates","2012","2012","11","11","-","All sectors","10","Speech and Language Therapy","Number","60"
"HGO14C01","Number of Health Graduates","2012","2012","11","11","-","All sectors","V52","Dietetics, Optometry and Podiatry","Number","45"
"HGO14C01","Number of Health Graduates","2012","2012","12","12","01","Private sector","201","Dentistry","Number",""
"HGO14C01","Number of Health Graduates","2012","2012","12","12","01","Private sector","401","Medical Science","Number",""
"HGO14C01","Number of Health Graduates","2012","2012","12","12","01","Private sector","202","Medicine","Number",""
"HGO14C01","Number of Health Graduates","2012","2012","12","12","01","Private sector","30","Nursing and Midwifery","Number",""
"HGO14C01","Number of Health Graduates","2012","2012","12","12","01","Private sector","501","Occupational Therapy","Number",""
"HGO14C01","Number of Health Graduates","2012","2012","12","12","01","Private sector","60","Pharmacy","Number",""
"HGO14C01","Number of Health Graduates","2012","2012","12","12","01","Private sector","504","Physiotherapy","Number",""
"HGO14C01","Number of Health Graduates","2012","2012","12","12","01","Private sector","402","Radiography and Radiation Therapy","Number",""
"HGO14C01","Number of Health Graduates","2012","2012","12","12","01","Private sector","702","Social Care","Number",""
"HGO14C01","Number of Health Graduates","2012","2012","12","12","01","Private sector","701","Social Work","Number",""
"HGO14C01","Number of Health Graduates","2012","2012","12","12","01","Private sector","10","Speech and Language Therapy","Number",""
"HGO14C01","Number of Health Graduates","2012","2012","12","12","01","Private sector","V52","Dietetics, Optometry and Podiatry","Number",""
"HGO14C01","Number of Health Graduates","2012","2012","12","12","02","Public sector","201","Dentistry","Number",""
"HGO14C01","Number of Health Graduates","2012","2012","12","12","02","Public sector","401","Medical Science","Number",""
"HGO14C01","Number of Health Graduates","2012","2012","12","12","02","Public sector","202","Medicine","Number",""
"HGO14C01","Number of Health Graduates","2012","2012","12","12","02","Public sector","30","Nursing and Midwifery","Number",""
"HGO14C01","Number of Health Graduates","2012","2012","12","12","02","Public sector","501","Occupational Therapy","Number",""
"HGO14C01","Number of Health Graduates","2012","2012","12","12","02","Public sector","60","Pharmacy","Number",""
"HGO14C01","Number of Health Graduates","2012","2012","12","12","02","Public sector","504","Physiotherapy","Number",""
"HGO14C01","Number of Health Graduates","2012","2012","12","12","02","Public sector","402","Radiography and Radiation Therapy","Number",""
"HGO14C01","Number of Health Graduates","2012","2012","12","12","02","Public sector","702","Social Care","Number",""
"HGO14C01","Number of Health Graduates","2012","2012","12","12","02","Public sector","701","Social Work","Number",""
"HGO14C01","Number of Health Graduates","2012","2012","12","12","02","Public sector","10","Speech and Language Therapy","Number",""
"HGO14C01","Number of Health Graduates","2012","2012","12","12","02","Public sector","V52","Dietetics, Optometry and Podiatry","Number",""
"HGO14C01","Number of Health Graduates","2012","2012","12","12","-","All sectors","201","Dentistry","Number",""
"HGO14C01","Number of Health Graduates","2012","2012","12","12","-","All sectors","401","Medical Science","Number",""
"HGO14C01","Number of Health Graduates","2012","2012","12","12","-","All sectors","202","Medicine","Number",""
"HGO14C01","Number of Health Graduates","2012","2012","12","12","-","All sectors","30","Nursing and Midwifery","Number",""
"HGO14C01","Number of Health Graduates","2012","2012","12","12","-","All sectors","501","Occupational Therapy","Number",""
"HGO14C01","Number of Health Graduates","2012","2012","12","12","-","All sectors","60","Pharmacy","Number",""
"HGO14C01","Number of Health Graduates","2012","2012","12","12","-","All sectors","504","Physiotherapy","Number",""
"HGO14C01","Number of Health Graduates","2012","2012","12","12","-","All sectors","402","Radiography and Radiation Therapy","Number",""
"HGO14C01","Number of Health Graduates","2012","2012","12","12","-","All sectors","702","Social Care","Number",""
"HGO14C01","Number of Health Graduates","2012","2012","12","12","-","All sectors","701","Social Work","Number",""
"HGO14C01","Number of Health Graduates","2012","2012","12","12","-","All sectors","10","Speech and Language Therapy","Number",""
"HGO14C01","Number of Health Graduates","2012","2012","12","12","-","All sectors","V52","Dietetics, Optometry and Podiatry","Number",""
"HGO14C01","Number of Health Graduates","2012","2012","13","13","01","Private sector","201","Dentistry","Number",""
"HGO14C01","Number of Health Graduates","2012","2012","13","13","01","Private sector","401","Medical Science","Number",""
"HGO14C01","Number of Health Graduates","2012","2012","13","13","01","Private sector","202","Medicine","Number",""
"HGO14C01","Number of Health Graduates","2012","2012","13","13","01","Private sector","30","Nursing and Midwifery","Number",""
"HGO14C01","Number of Health Graduates","2012","2012","13","13","01","Private sector","501","Occupational Therapy","Number",""
"HGO14C01","Number of Health Graduates","2012","2012","13","13","01","Private sector","60","Pharmacy","Number",""
"HGO14C01","Number of Health Graduates","2012","2012","13","13","01","Private sector","504","Physiotherapy","Number",""
"HGO14C01","Number of Health Graduates","2012","2012","13","13","01","Private sector","402","Radiography and Radiation Therapy","Number",""
"HGO14C01","Number of Health Graduates","2012","2012","13","13","01","Private sector","702","Social Care","Number",""
"HGO14C01","Number of Health Graduates","2012","2012","13","13","01","Private sector","701","Social Work","Number",""
"HGO14C01","Number of Health Graduates","2012","2012","13","13","01","Private sector","10","Speech and Language Therapy","Number",""
"HGO14C01","Number of Health Graduates","2012","2012","13","13","01","Private sector","V52","Dietetics, Optometry and Podiatry","Number",""
"HGO14C01","Number of Health Graduates","2012","2012","13","13","02","Public sector","201","Dentistry","Number",""
"HGO14C01","Number of Health Graduates","2012","2012","13","13","02","Public sector","401","Medical Science","Number",""
"HGO14C01","Number of Health Graduates","2012","2012","13","13","02","Public sector","202","Medicine","Number",""
"HGO14C01","Number of Health Graduates","2012","2012","13","13","02","Public sector","30","Nursing and Midwifery","Number",""
"HGO14C01","Number of Health Graduates","2012","2012","13","13","02","Public sector","501","Occupational Therapy","Number",""
"HGO14C01","Number of Health Graduates","2012","2012","13","13","02","Public sector","60","Pharmacy","Number",""
"HGO14C01","Number of Health Graduates","2012","2012","13","13","02","Public sector","504","Physiotherapy","Number",""
"HGO14C01","Number of Health Graduates","2012","2012","13","13","02","Public sector","402","Radiography and Radiation Therapy","Number",""
"HGO14C01","Number of Health Graduates","2012","2012","13","13","02","Public sector","702","Social Care","Number",""
"HGO14C01","Number of Health Graduates","2012","2012","13","13","02","Public sector","701","Social Work","Number",""
"HGO14C01","Number of Health Graduates","2012","2012","13","13","02","Public sector","10","Speech and Language Therapy","Number",""
"HGO14C01","Number of Health Graduates","2012","2012","13","13","02","Public sector","V52","Dietetics, Optometry and Podiatry","Number",""
"HGO14C01","Number of Health Graduates","2012","2012","13","13","-","All sectors","201","Dentistry","Number",""
"HGO14C01","Number of Health Graduates","2012","2012","13","13","-","All sectors","401","Medical Science","Number",""
"HGO14C01","Number of Health Graduates","2012","2012","13","13","-","All sectors","202","Medicine","Number",""
"HGO14C01","Number of Health Graduates","2012","2012","13","13","-","All sectors","30","Nursing and Midwifery","Number",""
"HGO14C01","Number of Health Graduates","2012","2012","13","13","-","All sectors","501","Occupational Therapy","Number",""
"HGO14C01","Number of Health Graduates","2012","2012","13","13","-","All sectors","60","Pharmacy","Number",""
"HGO14C01","Number of Health Graduates","2012","2012","13","13","-","All sectors","504","Physiotherapy","Number",""
"HGO14C01","Number of Health Graduates","2012","2012","13","13","-","All sectors","402","Radiography and Radiation Therapy","Number",""
"HGO14C01","Number of Health Graduates","2012","2012","13","13","-","All sectors","702","Social Care","Number",""
"HGO14C01","Number of Health Graduates","2012","2012","13","13","-","All sectors","701","Social Work","Number",""
"HGO14C01","Number of Health Graduates","2012","2012","13","13","-","All sectors","10","Speech and Language Therapy","Number",""
"HGO14C01","Number of Health Graduates","2012","2012","13","13","-","All sectors","V52","Dietetics, Optometry and Podiatry","Number",""
"HGO14C01","Number of Health Graduates","2013","2013","01","1","01","Private sector","201","Dentistry","Number","6"
"HGO14C01","Number of Health Graduates","2013","2013","01","1","01","Private sector","401","Medical Science","Number","27"
"HGO14C01","Number of Health Graduates","2013","2013","01","1","01","Private sector","202","Medicine","Number","27"
"HGO14C01","Number of Health Graduates","2013","2013","01","1","01","Private sector","30","Nursing and Midwifery","Number","360"
"HGO14C01","Number of Health Graduates","2013","2013","01","1","01","Private sector","501","Occupational Therapy","Number","57"
"HGO14C01","Number of Health Graduates","2013","2013","01","1","01","Private sector","60","Pharmacy","Number",""
"HGO14C01","Number of Health Graduates","2013","2013","01","1","01","Private sector","504","Physiotherapy","Number","39"
"HGO14C01","Number of Health Graduates","2013","2013","01","1","01","Private sector","402","Radiography and Radiation Therapy","Number","24"
"HGO14C01","Number of Health Graduates","2013","2013","01","1","01","Private sector","702","Social Care","Number","603"
"HGO14C01","Number of Health Graduates","2013","2013","01","1","01","Private sector","701","Social Work","Number","84"
"HGO14C01","Number of Health Graduates","2013","2013","01","1","01","Private sector","10","Speech and Language Therapy","Number","45"
"HGO14C01","Number of Health Graduates","2013","2013","01","1","01","Private sector","V52","Dietetics, Optometry and Podiatry","Number","24"
"HGO14C01","Number of Health Graduates","2013","2013","01","1","02","Public sector","201","Dentistry","Number","6"
"HGO14C01","Number of Health Graduates","2013","2013","01","1","02","Public sector","401","Medical Science","Number","30"
"HGO14C01","Number of Health Graduates","2013","2013","01","1","02","Public sector","202","Medicine","Number","402"
"HGO14C01","Number of Health Graduates","2013","2013","01","1","02","Public sector","30","Nursing and Midwifery","Number","660"
"HGO14C01","Number of Health Graduates","2013","2013","01","1","02","Public sector","501","Occupational Therapy","Number","27"
"HGO14C01","Number of Health Graduates","2013","2013","01","1","02","Public sector","60","Pharmacy","Number",""
"HGO14C01","Number of Health Graduates","2013","2013","01","1","02","Public sector","504","Physiotherapy","Number","15"
"HGO14C01","Number of Health Graduates","2013","2013","01","1","02","Public sector","402","Radiography and Radiation Therapy","Number","33"
"HGO14C01","Number of Health Graduates","2013","2013","01","1","02","Public sector","702","Social Care","Number","75"
"HGO14C01","Number of Health Graduates","2013","2013","01","1","02","Public sector","701","Social Work","Number","48"
"HGO14C01","Number of Health Graduates","2013","2013","01","1","02","Public sector","10","Speech and Language Therapy","Number","15"
"HGO14C01","Number of Health Graduates","2013","2013","01","1","02","Public sector","V52","Dietetics, Optometry and Podiatry","Number","9"
"HGO14C01","Number of Health Graduates","2013","2013","01","1","-","All sectors","201","Dentistry","Number","12"
"HGO14C01","Number of Health Graduates","2013","2013","01","1","-","All sectors","401","Medical Science","Number","60"
"HGO14C01","Number of Health Graduates","2013","2013","01","1","-","All sectors","202","Medicine","Number","426"
"HGO14C01","Number of Health Graduates","2013","2013","01","1","-","All sectors","30","Nursing and Midwifery","Number","1020"
"HGO14C01","Number of Health Graduates","2013","2013","01","1","-","All sectors","501","Occupational Therapy","Number","84"
"HGO14C01","Number of Health Graduates","2013","2013","01","1","-","All sectors","60","Pharmacy","Number",""
"HGO14C01","Number of Health Graduates","2013","2013","01","1","-","All sectors","504","Physiotherapy","Number","54"
"HGO14C01","Number of Health Graduates","2013","2013","01","1","-","All sectors","402","Radiography and Radiation Therapy","Number","57"
"HGO14C01","Number of Health Graduates","2013","2013","01","1","-","All sectors","702","Social Care","Number","678"
"HGO14C01","Number of Health Graduates","2013","2013","01","1","-","All sectors","701","Social Work","Number","132"
"HGO14C01","Number of Health Graduates","2013","2013","01","1","-","All sectors","10","Speech and Language Therapy","Number","60"
"HGO14C01","Number of Health Graduates","2013","2013","01","1","-","All sectors","V52","Dietetics, Optometry and Podiatry","Number","33"
"HGO14C01","Number of Health Graduates","2013","2013","02","2","01","Private sector","201","Dentistry","Number","6"
"HGO14C01","Number of Health Graduates","2013","2013","02","2","01","Private sector","401","Medical Science","Number","24"
"HGO14C01","Number of Health Graduates","2013","2013","02","2","01","Private sector","202","Medicine","Number","39"
"HGO14C01","Number of Health Graduates","2013","2013","02","2","01","Private sector","30","Nursing and Midwifery","Number","309"
"HGO14C01","Number of Health Graduates","2013","2013","02","2","01","Private sector","501","Occupational Therapy","Number","24"
"HGO14C01","Number of Health Graduates","2013","2013","02","2","01","Private sector","60","Pharmacy","Number",""
"HGO14C01","Number of Health Graduates","2013","2013","02","2","01","Private sector","504","Physiotherapy","Number","24"
"HGO14C01","Number of Health Graduates","2013","2013","02","2","01","Private sector","402","Radiography and Radiation Therapy","Number","3"
"HGO14C01","Number of Health Graduates","2013","2013","02","2","01","Private sector","702","Social Care","Number","585"
"HGO14C01","Number of Health Graduates","2013","2013","02","2","01","Private sector","701","Social Work","Number","45"
"HGO14C01","Number of Health Graduates","2013","2013","02","2","01","Private sector","10","Speech and Language Therapy","Number","27"
"HGO14C01","Number of Health Graduates","2013","2013","02","2","01","Private sector","V52","Dietetics, Optometry and Podiatry","Number","18"
"HGO14C01","Number of Health Graduates","2013","2013","02","2","02","Public sector","201","Dentistry","Number","3"
"HGO14C01","Number of Health Graduates","2013","2013","02","2","02","Public sector","401","Medical Science","Number","36"
"HGO14C01","Number of Health Graduates","2013","2013","02","2","02","Public sector","202","Medicine","Number","324"
"HGO14C01","Number of Health Graduates","2013","2013","02","2","02","Public sector","30","Nursing and Midwifery","Number","645"
"HGO14C01","Number of Health Graduates","2013","2013","02","2","02","Public sector","501","Occupational Therapy","Number","45"
"HGO14C01","Number of Health Graduates","2013","2013","02","2","02","Public sector","60","Pharmacy","Number",""
"HGO14C01","Number of Health Graduates","2013","2013","02","2","02","Public sector","504","Physiotherapy","Number","27"
"HGO14C01","Number of Health Graduates","2013","2013","02","2","02","Public sector","402","Radiography and Radiation Therapy","Number","54"
"HGO14C01","Number of Health Graduates","2013","2013","02","2","02","Public sector","702","Social Care","Number","102"
"HGO14C01","Number of Health Graduates","2013","2013","02","2","02","Public sector","701","Social Work","Number","93"
"HGO14C01","Number of Health Graduates","2013","2013","02","2","02","Public sector","10","Speech and Language Therapy","Number","21"
"HGO14C01","Number of Health Graduates","2013","2013","02","2","02","Public sector","V52","Dietetics, Optometry and Podiatry","Number","6"
"HGO14C01","Number of Health Graduates","2013","2013","02","2","-","All sectors","201","Dentistry","Number","12"
"HGO14C01","Number of Health Graduates","2013","2013","02","2","-","All sectors","401","Medical Science","Number","60"
"HGO14C01","Number of Health Graduates","2013","2013","02","2","-","All sectors","202","Medicine","Number","363"
"HGO14C01","Number of Health Graduates","2013","2013","02","2","-","All sectors","30","Nursing and Midwifery","Number","954"
"HGO14C01","Number of Health Graduates","2013","2013","02","2","-","All sectors","501","Occupational Therapy","Number","69"
"HGO14C01","Number of Health Graduates","2013","2013","02","2","-","All sectors","60","Pharmacy","Number",""
"HGO14C01","Number of Health Graduates","2013","2013","02","2","-","All sectors","504","Physiotherapy","Number","51"
"HGO14C01","Number of Health Graduates","2013","2013","02","2","-","All sectors","402","Radiography and Radiation Therapy","Number","57"
"HGO14C01","Number of Health Graduates","2013","2013","02","2","-","All sectors","702","Social Care","Number","687"
"HGO14C01","Number of Health Graduates","2013","2013","02","2","-","All sectors","701","Social Work","Number","138"
"HGO14C01","Number of Health Graduates","2013","2013","02","2","-","All sectors","10","Speech and Language Therapy","Number","48"
"HGO14C01","Number of Health Graduates","2013","2013","02","2","-","All sectors","V52","Dietetics, Optometry and Podiatry","Number","24"
"HGO14C01","Number of Health Graduates","2013","2013","03","3","01","Private sector","201","Dentistry","Number","6"
"HGO14C01","Number of Health Graduates","2013","2013","03","3","01","Private sector","401","Medical Science","Number","21"
"HGO14C01","Number of Health Graduates","2013","2013","03","3","01","Private sector","202","Medicine","Number","27"
"HGO14C01","Number of Health Graduates","2013","2013","03","3","01","Private sector","30","Nursing and Midwifery","Number","315"
"HGO14C01","Number of Health Graduates","2013","2013","03","3","01","Private sector","501","Occupational Therapy","Number","18"
"HGO14C01","Number of Health Graduates","2013","2013","03","3","01","Private sector","60","Pharmacy","Number",""
"HGO14C01","Number of Health Graduates","2013","2013","03","3","01","Private sector","504","Physiotherapy","Number","27"
"HGO14C01","Number of Health Graduates","2013","2013","03","3","01","Private sector","402","Radiography and Radiation Therapy","Number","3"
"HGO14C01","Number of Health Graduates","2013","2013","03","3","01","Private sector","702","Social Care","Number","531"
"HGO14C01","Number of Health Graduates","2013","2013","03","3","01","Private sector","701","Social Work","Number","24"
"HGO14C01","Number of Health Graduates","2013","2013","03","3","01","Private sector","10","Speech and Language Therapy","Number","15"
"HGO14C01","Number of Health Graduates","2013","2013","03","3","01","Private sector","V52","Dietetics, Optometry and Podiatry","Number","21"
"HGO14C01","Number of Health Graduates","2013","2013","03","3","02","Public sector","201","Dentistry","Number","3"
"HGO14C01","Number of Health Graduates","2013","2013","03","3","02","Public sector","401","Medical Science","Number","45"
"HGO14C01","Number of Health Graduates","2013","2013","03","3","02","Public sector","202","Medicine","Number","342"
"HGO14C01","Number of Health Graduates","2013","2013","03","3","02","Public sector","30","Nursing and Midwifery","Number","639"
"HGO14C01","Number of Health Graduates","2013","2013","03","3","02","Public sector","501","Occupational Therapy","Number","54"
"HGO14C01","Number of Health Graduates","2013","2013","03","3","02","Public sector","60","Pharmacy","Number",""
"HGO14C01","Number of Health Graduates","2013","2013","03","3","02","Public sector","504","Physiotherapy","Number","36"
"HGO14C01","Number of Health Graduates","2013","2013","03","3","02","Public sector","402","Radiography and Radiation Therapy","Number","45"
"HGO14C01","Number of Health Graduates","2013","2013","03","3","02","Public sector","702","Social Care","Number","153"
"HGO14C01","Number of Health Graduates","2013","2013","03","3","02","Public sector","701","Social Work","Number","117"
"HGO14C01","Number of Health Graduates","2013","2013","03","3","02","Public sector","10","Speech and Language Therapy","Number","39"
"HGO14C01","Number of Health Graduates","2013","2013","03","3","02","Public sector","V52","Dietetics, Optometry and Podiatry","Number","6"
"HGO14C01","Number of Health Graduates","2013","2013","03","3","-","All sectors","201","Dentistry","Number","6"
"HGO14C01","Number of Health Graduates","2013","2013","03","3","-","All sectors","401","Medical Science","Number","63"
"HGO14C01","Number of Health Graduates","2013","2013","03","3","-","All sectors","202","Medicine","Number","369"
"HGO14C01","Number of Health Graduates","2013","2013","03","3","-","All sectors","30","Nursing and Midwifery","Number","954"
"HGO14C01","Number of Health Graduates","2013","2013","03","3","-","All sectors","501","Occupational Therapy","Number","72"
"HGO14C01","Number of Health Graduates","2013","2013","03","3","-","All sectors","60","Pharmacy","Number",""
"HGO14C01","Number of Health Graduates","2013","2013","03","3","-","All sectors","504","Physiotherapy","Number","63"
"HGO14C01","Number of Health Graduates","2013","2013","03","3","-","All sectors","402","Radiography and Radiation Therapy","Number","48"
"HGO14C01","Number of Health Graduates","2013","2013","03","3","-","All sectors","702","Social Care","Number","684"
"HGO14C01","Number of Health Graduates","2013","2013","03","3","-","All sectors","701","Social Work","Number","141"
"HGO14C01","Number of Health Graduates","2013","2013","03","3","-","All sectors","10","Speech and Language Therapy","Number","54"
"HGO14C01","Number of Health Graduates","2013","2013","03","3","-","All sectors","V52","Dietetics, Optometry and Podiatry","Number","27"
"HGO14C01","Number of Health Graduates","2013","2013","04","4","01","Private sector","201","Dentistry","Number","6"
"HGO14C01","Number of Health Graduates","2013","2013","04","4","01","Private sector","401","Medical Science","Number","21"
"HGO14C01","Number of Health Graduates","2013","2013","04","4","01","Private sector","202","Medicine","Number","27"
"HGO14C01","Number of Health Graduates","2013","2013","04","4","01","Private sector","30","Nursing and Midwifery","Number","306"
"HGO14C01","Number of Health Graduates","2013","2013","04","4","01","Private sector","501","Occupational Therapy","Number","15"
"HGO14C01","Number of Health Graduates","2013","2013","04","4","01","Private sector","60","Pharmacy","Number",""
"HGO14C01","Number of Health Graduates","2013","2013","04","4","01","Private sector","504","Physiotherapy","Number","27"
"HGO14C01","Number of Health Graduates","2013","2013","04","4","01","Private sector","402","Radiography and Radiation Therapy","Number","3"
"HGO14C01","Number of Health Graduates","2013","2013","04","4","01","Private sector","702","Social Care","Number","522"
"HGO14C01","Number of Health Graduates","2013","2013","04","4","01","Private sector","701","Social Work","Number","24"
"HGO14C01","Number of Health Graduates","2013","2013","04","4","01","Private sector","10","Speech and Language Therapy","Number","12"
"HGO14C01","Number of Health Graduates","2013","2013","04","4","01","Private sector","V52","Dietetics, Optometry and Podiatry","Number","18"
"HGO14C01","Number of Health Graduates","2013","2013","04","4","02","Public sector","201","Dentistry","Number","3"
"HGO14C01","Number of Health Graduates","2013","2013","04","4","02","Public sector","401","Medical Science","Number","45"
"HGO14C01","Number of Health Graduates","2013","2013","04","4","02","Public sector","202","Medicine","Number","339"
"HGO14C01","Number of Health Graduates","2013","2013","04","4","02","Public sector","30","Nursing and Midwifery","Number","660"
"HGO14C01","Number of Health Graduates","2013","2013","04","4","02","Public sector","501","Occupational Therapy","Number","63"
"HGO14C01","Number of Health Graduates","2013","2013","04","4","02","Public sector","60","Pharmacy","Number",""
"HGO14C01","Number of Health Graduates","2013","2013","04","4","02","Public sector","504","Physiotherapy","Number","39"
"HGO14C01","Number of Health Graduates","2013","2013","04","4","02","Public sector","402","Radiography and Radiation Therapy","Number","42"
"HGO14C01","Number of Health Graduates","2013","2013","04","4","02","Public sector","702","Social Care","Number","204"
"HGO14C01","Number of Health Graduates","2013","2013","04","4","02","Public sector","701","Social Work","Number","123"
"HGO14C01","Number of Health Graduates","2013","2013","04","4","02","Public sector","10","Speech and Language Therapy","Number","42"
"HGO14C01","Number of Health Graduates","2013","2013","04","4","02","Public sector","V52","Dietetics, Optometry and Podiatry","Number","9"
"HGO14C01","Number of Health Graduates","2013","2013","04","4","-","All sectors","201","Dentistry","Number","12"
"HGO14C01","Number of Health Graduates","2013","2013","04","4","-","All sectors","401","Medical Science","Number","66"
"HGO14C01","Number of Health Graduates","2013","2013","04","4","-","All sectors","202","Medicine","Number","366"
"HGO14C01","Number of Health Graduates","2013","2013","04","4","-","All sectors","30","Nursing and Midwifery","Number","966"
"HGO14C01","Number of Health Graduates","2013","2013","04","4","-","All sectors","501","Occupational Therapy","Number","78"
"HGO14C01","Number of Health Graduates","2013","2013","04","4","-","All sectors","60","Pharmacy","Number",""
"HGO14C01","Number of Health Graduates","2013","2013","04","4","-","All sectors","504","Physiotherapy","Number","69"
"HGO14C01","Number of Health Graduates","2013","2013","04","4","-","All sectors","402","Radiography and Radiation Therapy","Number","45"
"HGO14C01","Number of Health Graduates","2013","2013","04","4","-","All sectors","702","Social Care","Number","729"
"HGO14C01","Number of Health Graduates","2013","2013","04","4","-","All sectors","701","Social Work","Number","147"
"HGO14C01","Number of Health Graduates","2013","2013","04","4","-","All sectors","10","Speech and Language Therapy","Number","54"
"HGO14C01","Number of Health Graduates","2013","2013","04","4","-","All sectors","V52","Dietetics, Optometry and Podiatry","Number","27"
"HGO14C01","Number of Health Graduates","2013","2013","05","5","01","Private sector","201","Dentistry","Number","9"
"HGO14C01","Number of Health Graduates","2013","2013","05","5","01","Private sector","401","Medical Science","Number","18"
"HGO14C01","Number of Health Graduates","2013","2013","05","5","01","Private sector","202","Medicine","Number","24"
"HGO14C01","Number of Health Graduates","2013","2013","05","5","01","Private sector","30","Nursing and Midwifery","Number","300"
"HGO14C01","Number of Health Graduates","2013","2013","05","5","01","Private sector","501","Occupational Therapy","Number","18"
"HGO14C01","Number of Health Graduates","2013","2013","05","5","01","Private sector","60","Pharmacy","Number",""
"HGO14C01","Number of Health Graduates","2013","2013","05","5","01","Private sector","504","Physiotherapy","Number","27"
"HGO14C01","Number of Health Graduates","2013","2013","05","5","01","Private sector","402","Radiography and Radiation Therapy","Number","6"
"HGO14C01","Number of Health Graduates","2013","2013","05","5","01","Private sector","702","Social Care","Number","507"
"HGO14C01","Number of Health Graduates","2013","2013","05","5","01","Private sector","701","Social Work","Number","24"
"HGO14C01","Number of Health Graduates","2013","2013","05","5","01","Private sector","10","Speech and Language Therapy","Number","15"
"HGO14C01","Number of Health Graduates","2013","2013","05","5","01","Private sector","V52","Dietetics, Optometry and Podiatry","Number","15"
"HGO14C01","Number of Health Graduates","2013","2013","05","5","02","Public sector","201","Dentistry","Number","3"
"HGO14C01","Number of Health Graduates","2013","2013","05","5","02","Public sector","401","Medical Science","Number","48"
"HGO14C01","Number of Health Graduates","2013","2013","05","5","02","Public sector","202","Medicine","Number","330"
"HGO14C01","Number of Health Graduates","2013","2013","05","5","02","Public sector","30","Nursing and Midwifery","Number","666"
"HGO14C01","Number of Health Graduates","2013","2013","05","5","02","Public sector","501","Occupational Therapy","Number","60"
"HGO14C01","Number of Health Graduates","2013","2013","05","5","02","Public sector","60","Pharmacy","Number",""
"HGO14C01","Number of Health Graduates","2013","2013","05","5","02","Public sector","504","Physiotherapy","Number","39"
"HGO14C01","Number of Health Graduates","2013","2013","05","5","02","Public sector","402","Radiography and Radiation Therapy","Number","42"
"HGO14C01","Number of Health Graduates","2013","2013","05","5","02","Public sector","702","Social Care","Number","234"
"HGO14C01","Number of Health Graduates","2013","2013","05","5","02","Public sector","701","Social Work","Number","120"
"HGO14C01","Number of Health Graduates","2013","2013","05","5","02","Public sector","10","Speech and Language Therapy","Number","39"
"HGO14C01","Number of Health Graduates","2013","2013","05","5","02","Public sector","V52","Dietetics, Optometry and Podiatry","Number","9"
"HGO14C01","Number of Health Graduates","2013","2013","05","5","-","All sectors","201","Dentistry","Number","12"
"HGO14C01","Number of Health Graduates","2013","2013","05","5","-","All sectors","401","Medical Science","Number","66"
"HGO14C01","Number of Health Graduates","2013","2013","05","5","-","All sectors","202","Medicine","Number","354"
"HGO14C01","Number of Health Graduates","2013","2013","05","5","-","All sectors","30","Nursing and Midwifery","Number","969"
"HGO14C01","Number of Health Graduates","2013","2013","05","5","-","All sectors","501","Occupational Therapy","Number","78"
"HGO14C01","Number of Health Graduates","2013","2013","05","5","-","All sectors","60","Pharmacy","Number",""
"HGO14C01","Number of Health Graduates","2013","2013","05","5","-","All sectors","504","Physiotherapy","Number","66"
"HGO14C01","Number of Health Graduates","2013","2013","05","5","-","All sectors","402","Radiography and Radiation Therapy","Number","48"
"HGO14C01","Number of Health Graduates","2013","2013","05","5","-","All sectors","702","Social Care","Number","741"
"HGO14C01","Number of Health Graduates","2013","2013","05","5","-","All sectors","701","Social Work","Number","144"
"HGO14C01","Number of Health Graduates","2013","2013","05","5","-","All sectors","10","Speech and Language Therapy","Number","54"
"HGO14C01","Number of Health Graduates","2013","2013","05","5","-","All sectors","V52","Dietetics, Optometry and Podiatry","Number","27"
"HGO14C01","Number of Health Graduates","2013","2013","06","6","01","Private sector","201","Dentistry","Number","6"
"HGO14C01","Number of Health Graduates","2013","2013","06","6","01","Private sector","401","Medical Science","Number","18"
"HGO14C01","Number of Health Graduates","2013","2013","06","6","01","Private sector","202","Medicine","Number","48"
"HGO14C01","Number of Health Graduates","2013","2013","06","6","01","Private sector","30","Nursing and Midwifery","Number","312"
"HGO14C01","Number of Health Graduates","2013","2013","06","6","01","Private sector","501","Occupational Therapy","Number","18"
"HGO14C01","Number of Health Graduates","2013","2013","06","6","01","Private sector","60","Pharmacy","Number",""
"HGO14C01","Number of Health Graduates","2013","2013","06","6","01","Private sector","504","Physiotherapy","Number","30"
"HGO14C01","Number of Health Graduates","2013","2013","06","6","01","Private sector","402","Radiography and Radiation Therapy","Number","9"
"HGO14C01","Number of Health Graduates","2013","2013","06","6","01","Private sector","702","Social Care","Number","501"
"HGO14C01","Number of Health Graduates","2013","2013","06","6","01","Private sector","701","Social Work","Number","30"
"HGO14C01","Number of Health Graduates","2013","2013","06","6","01","Private sector","10","Speech and Language Therapy","Number","15"
"HGO14C01","Number of Health Graduates","2013","2013","06","6","01","Private sector","V52","Dietetics, Optometry and Podiatry","Number","15"
"HGO14C01","Number of Health Graduates","2013","2013","06","6","02","Public sector","201","Dentistry","Number","6"
"HGO14C01","Number of Health Graduates","2013","2013","06","6","02","Public sector","401","Medical Science","Number","42"
"HGO14C01","Number of Health Graduates","2013","2013","06","6","02","Public sector","202","Medicine","Number","297"
"HGO14C01","Number of Health Graduates","2013","2013","06","6","02","Public sector","30","Nursing and Midwifery","Number","666"
"HGO14C01","Number of Health Graduates","2013","2013","06","6","02","Public sector","501","Occupational Therapy","Number","63"
"HGO14C01","Number of Health Graduates","2013","2013","06","6","02","Public sector","60","Pharmacy","Number",""
"HGO14C01","Number of Health Graduates","2013","2013","06","6","02","Public sector","504","Physiotherapy","Number","39"
"HGO14C01","Number of Health Graduates","2013","2013","06","6","02","Public sector","402","Radiography and Radiation Therapy","Number","42"
"HGO14C01","Number of Health Graduates","2013","2013","06","6","02","Public sector","702","Social Care","Number","237"
"HGO14C01","Number of Health Graduates","2013","2013","06","6","02","Public sector","701","Social Work","Number","117"
"HGO14C01","Number of Health Graduates","2013","2013","06","6","02","Public sector","10","Speech and Language Therapy","Number","48"
"HGO14C01","Number of Health Graduates","2013","2013","06","6","02","Public sector","V52","Dietetics, Optometry and Podiatry","Number","12"
"HGO14C01","Number of Health Graduates","2013","2013","06","6","-","All sectors","201","Dentistry","Number","15"
"HGO14C01","Number of Health Graduates","2013","2013","06","6","-","All sectors","401","Medical Science","Number","63"
"HGO14C01","Number of Health Graduates","2013","2013","06","6","-","All sectors","202","Medicine","Number","345"
"HGO14C01","Number of Health Graduates","2013","2013","06","6","-","All sectors","30","Nursing and Midwifery","Number","978"
"HGO14C01","Number of Health Graduates","2013","2013","06","6","-","All sectors","501","Occupational Therapy","Number","81"
"HGO14C01","Number of Health Graduates","2013","2013","06","6","-","All sectors","60","Pharmacy","Number",""
"HGO14C01","Number of Health Graduates","2013","2013","06","6","-","All sectors","504","Physiotherapy","Number","72"
"HGO14C01","Number of Health Graduates","2013","2013","06","6","-","All sectors","402","Radiography and Radiation Therapy","Number","51"
"HGO14C01","Number of Health Graduates","2013","2013","06","6","-","All sectors","702","Social Care","Number","738"
"HGO14C01","Number of Health Graduates","2013","2013","06","6","-","All sectors","701","Social Work","Number","147"
"HGO14C01","Number of Health Graduates","2013","2013","06","6","-","All sectors","10","Speech and Language Therapy","Number","66"
"HGO14C01","Number of Health Graduates","2013","2013","06","6","-","All sectors","V52","Dietetics, Optometry and Podiatry","Number","27"
"HGO14C01","Number of Health Graduates","2013","2013","07","7","01","Private sector","201","Dentistry","Number","3"
"HGO14C01","Number of Health Graduates","2013","2013","07","7","01","Private sector","401","Medical Science","Number","18"
"HGO14C01","Number of Health Graduates","2013","2013","07","7","01","Private sector","202","Medicine","Number","60"
"HGO14C01","Number of Health Graduates","2013","2013","07","7","01","Private sector","30","Nursing and Midwifery","Number","303"
"HGO14C01","Number of Health Graduates","2013","2013","07","7","01","Private sector","501","Occupational Therapy","Number","21"
"HGO14C01","Number of Health Graduates","2013","2013","07","7","01","Private sector","60","Pharmacy","Number",""
"HGO14C01","Number of Health Graduates","2013","2013","07","7","01","Private sector","504","Physiotherapy","Number","33"
"HGO14C01","Number of Health Graduates","2013","2013","07","7","01","Private sector","402","Radiography and Radiation Therapy","Number","12"
"HGO14C01","Number of Health Graduates","2013","2013","07","7","01","Private sector","702","Social Care","Number","483"
"HGO14C01","Number of Health Graduates","2013","2013","07","7","01","Private sector","701","Social Work","Number","27"
"HGO14C01","Number of Health Graduates","2013","2013","07","7","01","Private sector","10","Speech and Language Therapy","Number","18"
"HGO14C01","Number of Health Graduates","2013","2013","07","7","01","Private sector","V52","Dietetics, Optometry and Podiatry","Number","18"
"HGO14C01","Number of Health Graduates","2013","2013","07","7","02","Public sector","201","Dentistry","Number","9"
"HGO14C01","Number of Health Graduates","2013","2013","07","7","02","Public sector","401","Medical Science","Number","42"
"HGO14C01","Number of Health Graduates","2013","2013","07","7","02","Public sector","202","Medicine","Number","261"
"HGO14C01","Number of Health Graduates","2013","2013","07","7","02","Public sector","30","Nursing and Midwifery","Number","654"
"HGO14C01","Number of Health Graduates","2013","2013","07","7","02","Public sector","501","Occupational Therapy","Number","63"
"HGO14C01","Number of Health Graduates","2013","2013","07","7","02","Public sector","60","Pharmacy","Number",""
"HGO14C01","Number of Health Graduates","2013","2013","07","7","02","Public sector","504","Physiotherapy","Number","42"
"HGO14C01","Number of Health Graduates","2013","2013","07","7","02","Public sector","402","Radiography and Radiation Therapy","Number","39"
"HGO14C01","Number of Health Graduates","2013","2013","07","7","02","Public sector","702","Social Care","Number","255"
"HGO14C01","Number of Health Graduates","2013","2013","07","7","02","Public sector","701","Social Work","Number","120"
"HGO14C01","Number of Health Graduates","2013","2013","07","7","02","Public sector","10","Speech and Language Therapy","Number","51"
"HGO14C01","Number of Health Graduates","2013","2013","07","7","02","Public sector","V52","Dietetics, Optometry and Podiatry","Number","12"
"HGO14C01","Number of Health Graduates","2013","2013","07","7","-","All sectors","201","Dentistry","Number","12"
"HGO14C01","Number of Health Graduates","2013","2013","07","7","-","All sectors","401","Medical Science","Number","60"
"HGO14C01","Number of Health Graduates","2013","2013","07","7","-","All sectors","202","Medicine","Number","321"
"HGO14C01","Number of Health Graduates","2013","2013","07","7","-","All sectors","30","Nursing and Midwifery","Number","957"
"HGO14C01","Number of Health Graduates","2013","2013","07","7","-","All sectors","501","Occupational Therapy","Number","84"
"HGO14C01","Number of Health Graduates","2013","2013","07","7","-","All sectors","60","Pharmacy","Number",""
"HGO14C01","Number of Health Graduates","2013","2013","07","7","-","All sectors","504","Physiotherapy","Number","75"
"HGO14C01","Number of Health Graduates","2013","2013","07","7","-","All sectors","402","Radiography and Radiation Therapy","Number","51"
"HGO14C01","Number of Health Graduates","2013","2013","07","7","-","All sectors","702","Social Care","Number","738"
"HGO14C01","Number of Health Graduates","2013","2013","07","7","-","All sectors","701","Social Work","Number","147"
"HGO14C01","Number of Health Graduates","2013","2013","07","7","-","All sectors","10","Speech and Language Therapy","Number","69"
"HGO14C01","Number of Health Graduates","2013","2013","07","7","-","All sectors","V52","Dietetics, Optometry and Podiatry","Number","30"
"HGO14C01","Number of Health Graduates","2013","2013","08","8","01","Private sector","201","Dentistry","Number","3"
"HGO14C01","Number of Health Graduates","2013","2013","08","8","01","Private sector","401","Medical Science","Number","18"
"HGO14C01","Number of Health Graduates","2013","2013","08","8","01","Private sector","202","Medicine","Number","72"
"HGO14C01","Number of Health Graduates","2013","2013","08","8","01","Private sector","30","Nursing and Midwifery","Number","306"
"HGO14C01","Number of Health Graduates","2013","2013","08","8","01","Private sector","501","Occupational Therapy","Number","24"
"HGO14C01","Number of Health Graduates","2013","2013","08","8","01","Private sector","60","Pharmacy","Number",""
"HGO14C01","Number of Health Graduates","2013","2013","08","8","01","Private sector","504","Physiotherapy","Number","33"
"HGO14C01","Number of Health Graduates","2013","2013","08","8","01","Private sector","402","Radiography and Radiation Therapy","Number","9"
"HGO14C01","Number of Health Graduates","2013","2013","08","8","01","Private sector","702","Social Care","Number","474"
"HGO14C01","Number of Health Graduates","2013","2013","08","8","01","Private sector","701","Social Work","Number","24"
"HGO14C01","Number of Health Graduates","2013","2013","08","8","01","Private sector","10","Speech and Language Therapy","Number","15"
"HGO14C01","Number of Health Graduates","2013","2013","08","8","01","Private sector","V52","Dietetics, Optometry and Podiatry","Number","15"
"HGO14C01","Number of Health Graduates","2013","2013","08","8","02","Public sector","201","Dentistry","Number","9"
"HGO14C01","Number of Health Graduates","2013","2013","08","8","02","Public sector","401","Medical Science","Number","48"
"HGO14C01","Number of Health Graduates","2013","2013","08","8","02","Public sector","202","Medicine","Number","258"
"HGO14C01","Number of Health Graduates","2013","2013","08","8","02","Public sector","30","Nursing and Midwifery","Number","711"
"HGO14C01","Number of Health Graduates","2013","2013","08","8","02","Public sector","501","Occupational Therapy","Number","63"
"HGO14C01","Number of Health Graduates","2013","2013","08","8","02","Public sector","60","Pharmacy","Number",""
"HGO14C01","Number of Health Graduates","2013","2013","08","8","02","Public sector","504","Physiotherapy","Number","45"
"HGO14C01","Number of Health Graduates","2013","2013","08","8","02","Public sector","402","Radiography and Radiation Therapy","Number","39"
"HGO14C01","Number of Health Graduates","2013","2013","08","8","02","Public sector","702","Social Care","Number","276"
"HGO14C01","Number of Health Graduates","2013","2013","08","8","02","Public sector","701","Social Work","Number","129"
"HGO14C01","Number of Health Graduates","2013","2013","08","8","02","Public sector","10","Speech and Language Therapy","Number","57"
"HGO14C01","Number of Health Graduates","2013","2013","08","8","02","Public sector","V52","Dietetics, Optometry and Podiatry","Number","18"
"HGO14C01","Number of Health Graduates","2013","2013","08","8","-","All sectors","201","Dentistry","Number","12"
"HGO14C01","Number of Health Graduates","2013","2013","08","8","-","All sectors","401","Medical Science","Number","66"
"HGO14C01","Number of Health Graduates","2013","2013","08","8","-","All sectors","202","Medicine","Number","330"
"HGO14C01","Number of Health Graduates","2013","2013","08","8","-","All sectors","30","Nursing and Midwifery","Number","1017"
"HGO14C01","Number of Health Graduates","2013","2013","08","8","-","All sectors","501","Occupational Therapy","Number","87"
"HGO14C01","Number of Health Graduates","2013","2013","08","8","-","All sectors","60","Pharmacy","Number",""
"HGO14C01","Number of Health Graduates","2013","2013","08","8","-","All sectors","504","Physiotherapy","Number","78"
"HGO14C01","Number of Health Graduates","2013","2013","08","8","-","All sectors","402","Radiography and Radiation Therapy","Number","51"
"HGO14C01","Number of Health Graduates","2013","2013","08","8","-","All sectors","702","Social Care","Number","753"
"HGO14C01","Number of Health Graduates","2013","2013","08","8","-","All sectors","701","Social Work","Number","153"
"HGO14C01","Number of Health Graduates","2013","2013","08","8","-","All sectors","10","Speech and Language Therapy","Number","69"
"HGO14C01","Number of Health Graduates","2013","2013","08","8","-","All sectors","V52","Dietetics, Optometry and Podiatry","Number","30"
"HGO14C01","Number of Health Graduates","2013","2013","09","9","01","Private sector","201","Dentistry","Number","6"
"HGO14C01","Number of Health Graduates","2013","2013","09","9","01","Private sector","401","Medical Science","Number","18"
"HGO14C01","Number of Health Graduates","2013","2013","09","9","01","Private sector","202","Medicine","Number","75"
"HGO14C01","Number of Health Graduates","2013","2013","09","9","01","Private sector","30","Nursing and Midwifery","Number","297"
"HGO14C01","Number of Health Graduates","2013","2013","09","9","01","Private sector","501","Occupational Therapy","Number","21"
"HGO14C01","Number of Health Graduates","2013","2013","09","9","01","Private sector","60","Pharmacy","Number",""
"HGO14C01","Number of Health Graduates","2013","2013","09","9","01","Private sector","504","Physiotherapy","Number","33"
"HGO14C01","Number of Health Graduates","2013","2013","09","9","01","Private sector","402","Radiography and Radiation Therapy","Number","12"
"HGO14C01","Number of Health Graduates","2013","2013","09","9","01","Private sector","702","Social Care","Number","459"
"HGO14C01","Number of Health Graduates","2013","2013","09","9","01","Private sector","701","Social Work","Number","24"
"HGO14C01","Number of Health Graduates","2013","2013","09","9","01","Private sector","10","Speech and Language Therapy","Number","18"
"HGO14C01","Number of Health Graduates","2013","2013","09","9","01","Private sector","V52","Dietetics, Optometry and Podiatry","Number","12"
"HGO14C01","Number of Health Graduates","2013","2013","09","9","02","Public sector","201","Dentistry","Number","9"
"HGO14C01","Number of Health Graduates","2013","2013","09","9","02","Public sector","401","Medical Science","Number","45"
"HGO14C01","Number of Health Graduates","2013","2013","09","9","02","Public sector","202","Medicine","Number","237"
"HGO14C01","Number of Health Graduates","2013","2013","09","9","02","Public sector","30","Nursing and Midwifery","Number","732"
"HGO14C01","Number of Health Graduates","2013","2013","09","9","02","Public sector","501","Occupational Therapy","Number","66"
"HGO14C01","Number of Health Graduates","2013","2013","09","9","02","Public sector","60","Pharmacy","Number",""
"HGO14C01","Number of Health Graduates","2013","2013","09","9","02","Public sector","504","Physiotherapy","Number","42"
"HGO14C01","Number of Health Graduates","2013","2013","09","9","02","Public sector","402","Radiography and Radiation Therapy","Number","39"
"HGO14C01","Number of Health Graduates","2013","2013","09","9","02","Public sector","702","Social Care","Number","303"
"HGO14C01","Number of Health Graduates","2013","2013","09","9","02","Public sector","701","Social Work","Number","129"
"HGO14C01","Number of Health Graduates","2013","2013","09","9","02","Public sector","10","Speech and Language Therapy","Number","57"
"HGO14C01","Number of Health Graduates","2013","2013","09","9","02","Public sector","V52","Dietetics, Optometry and Podiatry","Number","18"
"HGO14C01","Number of Health Graduates","2013","2013","09","9","-","All sectors","201","Dentistry","Number","15"
"HGO14C01","Number of Health Graduates","2013","2013","09","9","-","All sectors","401","Medical Science","Number","63"
"HGO14C01","Number of Health Graduates","2013","2013","09","9","-","All sectors","202","Medicine","Number","312"
"HGO14C01","Number of Health Graduates","2013","2013","09","9","-","All sectors","30","Nursing and Midwifery","Number","1032"
"HGO14C01","Number of Health Graduates","2013","2013","09","9","-","All sectors","501","Occupational Therapy","Number","87"
"HGO14C01","Number of Health Graduates","2013","2013","09","9","-","All sectors","60","Pharmacy","Number",""
"HGO14C01","Number of Health Graduates","2013","2013","09","9","-","All sectors","504","Physiotherapy","Number","75"
"HGO14C01","Number of Health Graduates","2013","2013","09","9","-","All sectors","402","Radiography and Radiation Therapy","Number","51"
"HGO14C01","Number of Health Graduates","2013","2013","09","9","-","All sectors","702","Social Care","Number","762"
"HGO14C01","Number of Health Graduates","2013","2013","09","9","-","All sectors","701","Social Work","Number","153"
"HGO14C01","Number of Health Graduates","2013","2013","09","9","-","All sectors","10","Speech and Language Therapy","Number","72"
"HGO14C01","Number of Health Graduates","2013","2013","09","9","-","All sectors","V52","Dietetics, Optometry and Podiatry","Number","33"
"HGO14C01","Number of Health Graduates","2013","2013","10","10","01","Private sector","201","Dentistry","Number","3"
"HGO14C01","Number of Health Graduates","2013","2013","10","10","01","Private sector","401","Medical Science","Number","18"
"HGO14C01","Number of Health Graduates","2013","2013","10","10","01","Private sector","202","Medicine","Number","84"
"HGO14C01","Number of Health Graduates","2013","2013","10","10","01","Private sector","30","Nursing and Midwifery","Number","309"
"HGO14C01","Number of Health Graduates","2013","2013","10","10","01","Private sector","501","Occupational Therapy","Number","24"
"HGO14C01","Number of Health Graduates","2013","2013","10","10","01","Private sector","60","Pharmacy","Number",""
"HGO14C01","Number of Health Graduates","2013","2013","10","10","01","Private sector","504","Physiotherapy","Number","30"
"HGO14C01","Number of Health Graduates","2013","2013","10","10","01","Private sector","402","Radiography and Radiation Therapy","Number","12"
"HGO14C01","Number of Health Graduates","2013","2013","10","10","01","Private sector","702","Social Care","Number","441"
"HGO14C01","Number of Health Graduates","2013","2013","10","10","01","Private sector","701","Social Work","Number","21"
"HGO14C01","Number of Health Graduates","2013","2013","10","10","01","Private sector","10","Speech and Language Therapy","Number","15"
"HGO14C01","Number of Health Graduates","2013","2013","10","10","01","Private sector","V52","Dietetics, Optometry and Podiatry","Number","12"
"HGO14C01","Number of Health Graduates","2013","2013","10","10","02","Public sector","201","Dentistry","Number","9"
"HGO14C01","Number of Health Graduates","2013","2013","10","10","02","Public sector","401","Medical Science","Number","45"
"HGO14C01","Number of Health Graduates","2013","2013","10","10","02","Public sector","202","Medicine","Number","210"
"HGO14C01","Number of Health Graduates","2013","2013","10","10","02","Public sector","30","Nursing and Midwifery","Number","726"
"HGO14C01","Number of Health Graduates","2013","2013","10","10","02","Public sector","501","Occupational Therapy","Number","66"
"HGO14C01","Number of Health Graduates","2013","2013","10","10","02","Public sector","60","Pharmacy","Number",""
"HGO14C01","Number of Health Graduates","2013","2013","10","10","02","Public sector","504","Physiotherapy","Number","45"
"HGO14C01","Number of Health Graduates","2013","2013","10","10","02","Public sector","402","Radiography and Radiation Therapy","Number","42"
"HGO14C01","Number of Health Graduates","2013","2013","10","10","02","Public sector","702","Social Care","Number","315"
"HGO14C01","Number of Health Graduates","2013","2013","10","10","02","Public sector","701","Social Work","Number","129"
"HGO14C01","Number of Health Graduates","2013","2013","10","10","02","Public sector","10","Speech and Language Therapy","Number","57"
"HGO14C01","Number of Health Graduates","2013","2013","10","10","02","Public sector","V52","Dietetics, Optometry and Podiatry","Number","18"
"HGO14C01","Number of Health Graduates","2013","2013","10","10","-","All sectors","201","Dentistry","Number","12"
"HGO14C01","Number of Health Graduates","2013","2013","10","10","-","All sectors","401","Medical Science","Number","63"
"HGO14C01","Number of Health Graduates","2013","2013","10","10","-","All sectors","202","Medicine","Number","294"
"HGO14C01","Number of Health Graduates","2013","2013","10","10","-","All sectors","30","Nursing and Midwifery","Number","1035"
"HGO14C01","Number of Health Graduates","2013","2013","10","10","-","All sectors","501","Occupational Therapy","Number","87"
"HGO14C01","Number of Health Graduates","2013","2013","10","10","-","All sectors","60","Pharmacy","Number",""
"HGO14C01","Number of Health Graduates","2013","2013","10","10","-","All sectors","504","Physiotherapy","Number","75"
"HGO14C01","Number of Health Graduates","2013","2013","10","10","-","All sectors","402","Radiography and Radiation Therapy","Number","51"
"HGO14C01","Number of Health Graduates","2013","2013","10","10","-","All sectors","702","Social Care","Number","756"
"HGO14C01","Number of Health Graduates","2013","2013","10","10","-","All sectors","701","Social Work","Number","150"
"HGO14C01","Number of Health Graduates","2013","2013","10","10","-","All sectors","10","Speech and Language Therapy","Number","72"
"HGO14C01","Number of Health Graduates","2013","2013","10","10","-","All sectors","V52","Dietetics, Optometry and Podiatry","Number","33"
"HGO14C01","Number of Health Graduates","2013","2013","11","11","01","Private sector","201","Dentistry","Number",""
"HGO14C01","Number of Health Graduates","2013","2013","11","11","01","Private sector","401","Medical Science","Number",""
"HGO14C01","Number of Health Graduates","2013","2013","11","11","01","Private sector","202","Medicine","Number",""
"HGO14C01","Number of Health Graduates","2013","2013","11","11","01","Private sector","30","Nursing and Midwifery","Number",""
"HGO14C01","Number of Health Graduates","2013","2013","11","11","01","Private sector","501","Occupational Therapy","Number",""
"HGO14C01","Number of Health Graduates","2013","2013","11","11","01","Private sector","60","Pharmacy","Number",""
"HGO14C01","Number of Health Graduates","2013","2013","11","11","01","Private sector","504","Physiotherapy","Number",""
"HGO14C01","Number of Health Graduates","2013","2013","11","11","01","Private sector","402","Radiography and Radiation Therapy","Number",""
"HGO14C01","Number of Health Graduates","2013","2013","11","11","01","Private sector","702","Social Care","Number",""
"HGO14C01","Number of Health Graduates","2013","2013","11","11","01","Private sector","701","Social Work","Number",""
"HGO14C01","Number of Health Graduates","2013","2013","11","11","01","Private sector","10","Speech and Language Therapy","Number",""
"HGO14C01","Number of Health Graduates","2013","2013","11","11","01","Private sector","V52","Dietetics, Optometry and Podiatry","Number",""
"HGO14C01","Number of Health Graduates","2013","2013","11","11","02","Public sector","201","Dentistry","Number",""
"HGO14C01","Number of Health Graduates","2013","2013","11","11","02","Public sector","401","Medical Science","Number",""
"HGO14C01","Number of Health Graduates","2013","2013","11","11","02","Public sector","202","Medicine","Number",""
"HGO14C01","Number of Health Graduates","2013","2013","11","11","02","Public sector","30","Nursing and Midwifery","Number",""
"HGO14C01","Number of Health Graduates","2013","2013","11","11","02","Public sector","501","Occupational Therapy","Number",""
"HGO14C01","Number of Health Graduates","2013","2013","11","11","02","Public sector","60","Pharmacy","Number",""
"HGO14C01","Number of Health Graduates","2013","2013","11","11","02","Public sector","504","Physiotherapy","Number",""
"HGO14C01","Number of Health Graduates","2013","2013","11","11","02","Public sector","402","Radiography and Radiation Therapy","Number",""
"HGO14C01","Number of Health Graduates","2013","2013","11","11","02","Public sector","702","Social Care","Number",""
"HGO14C01","Number of Health Graduates","2013","2013","11","11","02","Public sector","701","Social Work","Number",""
"HGO14C01","Number of Health Graduates","2013","2013","11","11","02","Public sector","10","Speech and Language Therapy","Number",""
"HGO14C01","Number of Health Graduates","2013","2013","11","11","02","Public sector","V52","Dietetics, Optometry and Podiatry","Number",""
"HGO14C01","Number of Health Graduates","2013","2013","11","11","-","All sectors","201","Dentistry","Number",""
"HGO14C01","Number of Health Graduates","2013","2013","11","11","-","All sectors","401","Medical Science","Number",""
"HGO14C01","Number of Health Graduates","2013","2013","11","11","-","All sectors","202","Medicine","Number",""
"HGO14C01","Number of Health Graduates","2013","2013","11","11","-","All sectors","30","Nursing and Midwifery","Number",""
"HGO14C01","Number of Health Graduates","2013","2013","11","11","-","All sectors","501","Occupational Therapy","Number",""
"HGO14C01","Number of Health Graduates","2013","2013","11","11","-","All sectors","60","Pharmacy","Number",""
"HGO14C01","Number of Health Graduates","2013","2013","11","11","-","All sectors","504","Physiotherapy","Number",""
"HGO14C01","Number of Health Graduates","2013","2013","11","11","-","All sectors","402","Radiography and Radiation Therapy","Number",""
"HGO14C01","Number of Health Graduates","2013","2013","11","11","-","All sectors","702","Social Care","Number",""
"HGO14C01","Number of Health Graduates","2013","2013","11","11","-","All sectors","701","Social Work","Number",""
"HGO14C01","Number of Health Graduates","2013","2013","11","11","-","All sectors","10","Speech and Language Therapy","Number",""
"HGO14C01","Number of Health Graduates","2013","2013","11","11","-","All sectors","V52","Dietetics, Optometry and Podiatry","Number",""
"HGO14C01","Number of Health Graduates","2013","2013","12","12","01","Private sector","201","Dentistry","Number",""
"HGO14C01","Number of Health Graduates","2013","2013","12","12","01","Private sector","401","Medical Science","Number",""
"HGO14C01","Number of Health Graduates","2013","2013","12","12","01","Private sector","202","Medicine","Number",""
"HGO14C01","Number of Health Graduates","2013","2013","12","12","01","Private sector","30","Nursing and Midwifery","Number",""
"HGO14C01","Number of Health Graduates","2013","2013","12","12","01","Private sector","501","Occupational Therapy","Number",""
"HGO14C01","Number of Health Graduates","2013","2013","12","12","01","Private sector","60","Pharmacy","Number",""
"HGO14C01","Number of Health Graduates","2013","2013","12","12","01","Private sector","504","Physiotherapy","Number",""
"HGO14C01","Number of Health Graduates","2013","2013","12","12","01","Private sector","402","Radiography and Radiation Therapy","Number",""
"HGO14C01","Number of Health Graduates","2013","2013","12","12","01","Private sector","702","Social Care","Number",""
"HGO14C01","Number of Health Graduates","2013","2013","12","12","01","Private sector","701","Social Work","Number",""
"HGO14C01","Number of Health Graduates","2013","2013","12","12","01","Private sector","10","Speech and Language Therapy","Number",""
"HGO14C01","Number of Health Graduates","2013","2013","12","12","01","Private sector","V52","Dietetics, Optometry and Podiatry","Number",""
"HGO14C01","Number of Health Graduates","2013","2013","12","12","02","Public sector","201","Dentistry","Number",""
"HGO14C01","Number of Health Graduates","2013","2013","12","12","02","Public sector","401","Medical Science","Number",""
"HGO14C01","Number of Health Graduates","2013","2013","12","12","02","Public sector","202","Medicine","Number",""
"HGO14C01","Number of Health Graduates","2013","2013","12","12","02","Public sector","30","Nursing and Midwifery","Number",""
"HGO14C01","Number of Health Graduates","2013","2013","12","12","02","Public sector","501","Occupational Therapy","Number",""
"HGO14C01","Number of Health Graduates","2013","2013","12","12","02","Public sector","60","Pharmacy","Number",""
"HGO14C01","Number of Health Graduates","2013","2013","12","12","02","Public sector","504","Physiotherapy","Number",""
"HGO14C01","Number of Health Graduates","2013","2013","12","12","02","Public sector","402","Radiography and Radiation Therapy","Number",""
"HGO14C01","Number of Health Graduates","2013","2013","12","12","02","Public sector","702","Social Care","Number",""
"HGO14C01","Number of Health Graduates","2013","2013","12","12","02","Public sector","701","Social Work","Number",""
"HGO14C01","Number of Health Graduates","2013","2013","12","12","02","Public sector","10","Speech and Language Therapy","Number",""
"HGO14C01","Number of Health Graduates","2013","2013","12","12","02","Public sector","V52","Dietetics, Optometry and Podiatry","Number",""
"HGO14C01","Number of Health Graduates","2013","2013","12","12","-","All sectors","201","Dentistry","Number",""
"HGO14C01","Number of Health Graduates","2013","2013","12","12","-","All sectors","401","Medical Science","Number",""
"HGO14C01","Number of Health Graduates","2013","2013","12","12","-","All sectors","202","Medicine","Number",""
"HGO14C01","Number of Health Graduates","2013","2013","12","12","-","All sectors","30","Nursing and Midwifery","Number",""
"HGO14C01","Number of Health Graduates","2013","2013","12","12","-","All sectors","501","Occupational Therapy","Number",""
"HGO14C01","Number of Health Graduates","2013","2013","12","12","-","All sectors","60","Pharmacy","Number",""
"HGO14C01","Number of Health Graduates","2013","2013","12","12","-","All sectors","504","Physiotherapy","Number",""
"HGO14C01","Number of Health Graduates","2013","2013","12","12","-","All sectors","402","Radiography and Radiation Therapy","Number",""
"HGO14C01","Number of Health Graduates","2013","2013","12","12","-","All sectors","702","Social Care","Number",""
"HGO14C01","Number of Health Graduates","2013","2013","12","12","-","All sectors","701","Social Work","Number",""
"HGO14C01","Number of Health Graduates","2013","2013","12","12","-","All sectors","10","Speech and Language Therapy","Number",""
"HGO14C01","Number of Health Graduates","2013","2013","12","12","-","All sectors","V52","Dietetics, Optometry and Podiatry","Number",""
"HGO14C01","Number of Health Graduates","2013","2013","13","13","01","Private sector","201","Dentistry","Number",""
"HGO14C01","Number of Health Graduates","2013","2013","13","13","01","Private sector","401","Medical Science","Number",""
"HGO14C01","Number of Health Graduates","2013","2013","13","13","01","Private sector","202","Medicine","Number",""
"HGO14C01","Number of Health Graduates","2013","2013","13","13","01","Private sector","30","Nursing and Midwifery","Number",""
"HGO14C01","Number of Health Graduates","2013","2013","13","13","01","Private sector","501","Occupational Therapy","Number",""
"HGO14C01","Number of Health Graduates","2013","2013","13","13","01","Private sector","60","Pharmacy","Number",""
"HGO14C01","Number of Health Graduates","2013","2013","13","13","01","Private sector","504","Physiotherapy","Number",""
"HGO14C01","Number of Health Graduates","2013","2013","13","13","01","Private sector","402","Radiography and Radiation Therapy","Number",""
"HGO14C01","Number of Health Graduates","2013","2013","13","13","01","Private sector","702","Social Care","Number",""
"HGO14C01","Number of Health Graduates","2013","2013","13","13","01","Private sector","701","Social Work","Number",""
"HGO14C01","Number of Health Graduates","2013","2013","13","13","01","Private sector","10","Speech and Language Therapy","Number",""
"HGO14C01","Number of Health Graduates","2013","2013","13","13","01","Private sector","V52","Dietetics, Optometry and Podiatry","Number",""
"HGO14C01","Number of Health Graduates","2013","2013","13","13","02","Public sector","201","Dentistry","Number",""
"HGO14C01","Number of Health Graduates","2013","2013","13","13","02","Public sector","401","Medical Science","Number",""
"HGO14C01","Number of Health Graduates","2013","2013","13","13","02","Public sector","202","Medicine","Number",""
"HGO14C01","Number of Health Graduates","2013","2013","13","13","02","Public sector","30","Nursing and Midwifery","Number",""
"HGO14C01","Number of Health Graduates","2013","2013","13","13","02","Public sector","501","Occupational Therapy","Number",""
"HGO14C01","Number of Health Graduates","2013","2013","13","13","02","Public sector","60","Pharmacy","Number",""
"HGO14C01","Number of Health Graduates","2013","2013","13","13","02","Public sector","504","Physiotherapy","Number",""
"HGO14C01","Number of Health Graduates","2013","2013","13","13","02","Public sector","402","Radiography and Radiation Therapy","Number",""
"HGO14C01","Number of Health Graduates","2013","2013","13","13","02","Public sector","702","Social Care","Number",""
"HGO14C01","Number of Health Graduates","2013","2013","13","13","02","Public sector","701","Social Work","Number",""
"HGO14C01","Number of Health Graduates","2013","2013","13","13","02","Public sector","10","Speech and Language Therapy","Number",""
"HGO14C01","Number of Health Graduates","2013","2013","13","13","02","Public sector","V52","Dietetics, Optometry and Podiatry","Number",""
"HGO14C01","Number of Health Graduates","2013","2013","13","13","-","All sectors","201","Dentistry","Number",""
"HGO14C01","Number of Health Graduates","2013","2013","13","13","-","All sectors","401","Medical Science","Number",""
"HGO14C01","Number of Health Graduates","2013","2013","13","13","-","All sectors","202","Medicine","Number",""
"HGO14C01","Number of Health Graduates","2013","2013","13","13","-","All sectors","30","Nursing and Midwifery","Number",""
"HGO14C01","Number of Health Graduates","2013","2013","13","13","-","All sectors","501","Occupational Therapy","Number",""
"HGO14C01","Number of Health Graduates","2013","2013","13","13","-","All sectors","60","Pharmacy","Number",""
"HGO14C01","Number of Health Graduates","2013","2013","13","13","-","All sectors","504","Physiotherapy","Number",""
"HGO14C01","Number of Health Graduates","2013","2013","13","13","-","All sectors","402","Radiography and Radiation Therapy","Number",""
"HGO14C01","Number of Health Graduates","2013","2013","13","13","-","All sectors","702","Social Care","Number",""
"HGO14C01","Number of Health Graduates","2013","2013","13","13","-","All sectors","701","Social Work","Number",""
"HGO14C01","Number of Health Graduates","2013","2013","13","13","-","All sectors","10","Speech and Language Therapy","Number",""
"HGO14C01","Number of Health Graduates","2013","2013","13","13","-","All sectors","V52","Dietetics, Optometry and Podiatry","Number",""
"HGO14C01","Number of Health Graduates","2014","2014","01","1","01","Private sector","201","Dentistry","Number","15"
"HGO14C01","Number of Health Graduates","2014","2014","01","1","01","Private sector","401","Medical Science","Number","15"
"HGO14C01","Number of Health Graduates","2014","2014","01","1","01","Private sector","202","Medicine","Number","21"
"HGO14C01","Number of Health Graduates","2014","2014","01","1","01","Private sector","30","Nursing and Midwifery","Number","282"
"HGO14C01","Number of Health Graduates","2014","2014","01","1","01","Private sector","501","Occupational Therapy","Number","30"
"HGO14C01","Number of Health Graduates","2014","2014","01","1","01","Private sector","60","Pharmacy","Number",""
"HGO14C01","Number of Health Graduates","2014","2014","01","1","01","Private sector","504","Physiotherapy","Number","36"
"HGO14C01","Number of Health Graduates","2014","2014","01","1","01","Private sector","402","Radiography and Radiation Therapy","Number","6"
"HGO14C01","Number of Health Graduates","2014","2014","01","1","01","Private sector","702","Social Care","Number","687"
"HGO14C01","Number of Health Graduates","2014","2014","01","1","01","Private sector","701","Social Work","Number","90"
"HGO14C01","Number of Health Graduates","2014","2014","01","1","01","Private sector","10","Speech and Language Therapy","Number","51"
"HGO14C01","Number of Health Graduates","2014","2014","01","1","01","Private sector","V52","Dietetics, Optometry and Podiatry","Number","33"
"HGO14C01","Number of Health Graduates","2014","2014","01","1","02","Public sector","201","Dentistry","Number","6"
"HGO14C01","Number of Health Graduates","2014","2014","01","1","02","Public sector","401","Medical Science","Number","51"
"HGO14C01","Number of Health Graduates","2014","2014","01","1","02","Public sector","202","Medicine","Number","420"
"HGO14C01","Number of Health Graduates","2014","2014","01","1","02","Public sector","30","Nursing and Midwifery","Number","777"
"HGO14C01","Number of Health Graduates","2014","2014","01","1","02","Public sector","501","Occupational Therapy","Number","30"
"HGO14C01","Number of Health Graduates","2014","2014","01","1","02","Public sector","60","Pharmacy","Number",""
"HGO14C01","Number of Health Graduates","2014","2014","01","1","02","Public sector","504","Physiotherapy","Number","21"
"HGO14C01","Number of Health Graduates","2014","2014","01","1","02","Public sector","402","Radiography and Radiation Therapy","Number","33"
"HGO14C01","Number of Health Graduates","2014","2014","01","1","02","Public sector","702","Social Care","Number","111"
"HGO14C01","Number of Health Graduates","2014","2014","01","1","02","Public sector","701","Social Work","Number","36"
"HGO14C01","Number of Health Graduates","2014","2014","01","1","02","Public sector","10","Speech and Language Therapy","Number","18"
"HGO14C01","Number of Health Graduates","2014","2014","01","1","02","Public sector","V52","Dietetics, Optometry and Podiatry","Number","9"
"HGO14C01","Number of Health Graduates","2014","2014","01","1","-","All sectors","201","Dentistry","Number","21"
"HGO14C01","Number of Health Graduates","2014","2014","01","1","-","All sectors","401","Medical Science","Number","66"
"HGO14C01","Number of Health Graduates","2014","2014","01","1","-","All sectors","202","Medicine","Number","441"
"HGO14C01","Number of Health Graduates","2014","2014","01","1","-","All sectors","30","Nursing and Midwifery","Number","1062"
"HGO14C01","Number of Health Graduates","2014","2014","01","1","-","All sectors","501","Occupational Therapy","Number","57"
"HGO14C01","Number of Health Graduates","2014","2014","01","1","-","All sectors","60","Pharmacy","Number",""
"HGO14C01","Number of Health Graduates","2014","2014","01","1","-","All sectors","504","Physiotherapy","Number","57"
"HGO14C01","Number of Health Graduates","2014","2014","01","1","-","All sectors","402","Radiography and Radiation Therapy","Number","39"
"HGO14C01","Number of Health Graduates","2014","2014","01","1","-","All sectors","702","Social Care","Number","801"
"HGO14C01","Number of Health Graduates","2014","2014","01","1","-","All sectors","701","Social Work","Number","129"
"HGO14C01","Number of Health Graduates","2014","2014","01","1","-","All sectors","10","Speech and Language Therapy","Number","69"
"HGO14C01","Number of Health Graduates","2014","2014","01","1","-","All sectors","V52","Dietetics, Optometry and Podiatry","Number","42"
"HGO14C01","Number of Health Graduates","2014","2014","02","2","01","Private sector","201","Dentistry","Number","3"
"HGO14C01","Number of Health Graduates","2014","2014","02","2","01","Private sector","401","Medical Science","Number","12"
"HGO14C01","Number of Health Graduates","2014","2014","02","2","01","Private sector","202","Medicine","Number","48"
"HGO14C01","Number of Health Graduates","2014","2014","02","2","01","Private sector","30","Nursing and Midwifery","Number","294"
"HGO14C01","Number of Health Graduates","2014","2014","02","2","01","Private sector","501","Occupational Therapy","Number","21"
"HGO14C01","Number of Health Graduates","2014","2014","02","2","01","Private sector","60","Pharmacy","Number",""
"HGO14C01","Number of Health Graduates","2014","2014","02","2","01","Private sector","504","Physiotherapy","Number","30"
"HGO14C01","Number of Health Graduates","2014","2014","02","2","01","Private sector","402","Radiography and Radiation Therapy","Number","3"
"HGO14C01","Number of Health Graduates","2014","2014","02","2","01","Private sector","702","Social Care","Number","615"
"HGO14C01","Number of Health Graduates","2014","2014","02","2","01","Private sector","701","Social Work","Number","27"
"HGO14C01","Number of Health Graduates","2014","2014","02","2","01","Private sector","10","Speech and Language Therapy","Number","21"
"HGO14C01","Number of Health Graduates","2014","2014","02","2","01","Private sector","V52","Dietetics, Optometry and Podiatry","Number","21"
"HGO14C01","Number of Health Graduates","2014","2014","02","2","02","Public sector","201","Dentistry","Number","9"
"HGO14C01","Number of Health Graduates","2014","2014","02","2","02","Public sector","401","Medical Science","Number","54"
"HGO14C01","Number of Health Graduates","2014","2014","02","2","02","Public sector","202","Medicine","Number","291"
"HGO14C01","Number of Health Graduates","2014","2014","02","2","02","Public sector","30","Nursing and Midwifery","Number","711"
"HGO14C01","Number of Health Graduates","2014","2014","02","2","02","Public sector","501","Occupational Therapy","Number","39"
"HGO14C01","Number of Health Graduates","2014","2014","02","2","02","Public sector","60","Pharmacy","Number",""
"HGO14C01","Number of Health Graduates","2014","2014","02","2","02","Public sector","504","Physiotherapy","Number","21"
"HGO14C01","Number of Health Graduates","2014","2014","02","2","02","Public sector","402","Radiography and Radiation Therapy","Number","36"
"HGO14C01","Number of Health Graduates","2014","2014","02","2","02","Public sector","702","Social Care","Number","171"
"HGO14C01","Number of Health Graduates","2014","2014","02","2","02","Public sector","701","Social Work","Number","99"
"HGO14C01","Number of Health Graduates","2014","2014","02","2","02","Public sector","10","Speech and Language Therapy","Number","39"
"HGO14C01","Number of Health Graduates","2014","2014","02","2","02","Public sector","V52","Dietetics, Optometry and Podiatry","Number","15"
"HGO14C01","Number of Health Graduates","2014","2014","02","2","-","All sectors","201","Dentistry","Number","15"
"HGO14C01","Number of Health Graduates","2014","2014","02","2","-","All sectors","401","Medical Science","Number","66"
"HGO14C01","Number of Health Graduates","2014","2014","02","2","-","All sectors","202","Medicine","Number","339"
"HGO14C01","Number of Health Graduates","2014","2014","02","2","-","All sectors","30","Nursing and Midwifery","Number","1008"
"HGO14C01","Number of Health Graduates","2014","2014","02","2","-","All sectors","501","Occupational Therapy","Number","63"
"HGO14C01","Number of Health Graduates","2014","2014","02","2","-","All sectors","60","Pharmacy","Number",""
"HGO14C01","Number of Health Graduates","2014","2014","02","2","-","All sectors","504","Physiotherapy","Number","51"
"HGO14C01","Number of Health Graduates","2014","2014","02","2","-","All sectors","402","Radiography and Radiation Therapy","Number","39"
"HGO14C01","Number of Health Graduates","2014","2014","02","2","-","All sectors","702","Social Care","Number","786"
"HGO14C01","Number of Health Graduates","2014","2014","02","2","-","All sectors","701","Social Work","Number","129"
"HGO14C01","Number of Health Graduates","2014","2014","02","2","-","All sectors","10","Speech and Language Therapy","Number","60"
"HGO14C01","Number of Health Graduates","2014","2014","02","2","-","All sectors","V52","Dietetics, Optometry and Podiatry","Number","36"
"HGO14C01","Number of Health Graduates","2014","2014","03","3","01","Private sector","201","Dentistry","Number","3"
"HGO14C01","Number of Health Graduates","2014","2014","03","3","01","Private sector","401","Medical Science","Number","9"
"HGO14C01","Number of Health Graduates","2014","2014","03","3","01","Private sector","202","Medicine","Number","27"
"HGO14C01","Number of Health Graduates","2014","2014","03","3","01","Private sector","30","Nursing and Midwifery","Number","306"
"HGO14C01","Number of Health Graduates","2014","2014","03","3","01","Private sector","501","Occupational Therapy","Number","21"
"HGO14C01","Number of Health Graduates","2014","2014","03","3","01","Private sector","60","Pharmacy","Number",""
"HGO14C01","Number of Health Graduates","2014","2014","03","3","01","Private sector","504","Physiotherapy","Number","21"
"HGO14C01","Number of Health Graduates","2014","2014","03","3","01","Private sector","402","Radiography and Radiation Therapy","Number","9"
"HGO14C01","Number of Health Graduates","2014","2014","03","3","01","Private sector","702","Social Care","Number","603"
"HGO14C01","Number of Health Graduates","2014","2014","03","3","01","Private sector","701","Social Work","Number","21"
"HGO14C01","Number of Health Graduates","2014","2014","03","3","01","Private sector","10","Speech and Language Therapy","Number","12"
"HGO14C01","Number of Health Graduates","2014","2014","03","3","01","Private sector","V52","Dietetics, Optometry and Podiatry","Number","18"
"HGO14C01","Number of Health Graduates","2014","2014","03","3","02","Public sector","201","Dentistry","Number","9"
"HGO14C01","Number of Health Graduates","2014","2014","03","3","02","Public sector","401","Medical Science","Number","57"
"HGO14C01","Number of Health Graduates","2014","2014","03","3","02","Public sector","202","Medicine","Number","330"
"HGO14C01","Number of Health Graduates","2014","2014","03","3","02","Public sector","30","Nursing and Midwifery","Number","684"
"HGO14C01","Number of Health Graduates","2014","2014","03","3","02","Public sector","501","Occupational Therapy","Number","45"
"HGO14C01","Number of Health Graduates","2014","2014","03","3","02","Public sector","60","Pharmacy","Number",""
"HGO14C01","Number of Health Graduates","2014","2014","03","3","02","Public sector","504","Physiotherapy","Number","27"
"HGO14C01","Number of Health Graduates","2014","2014","03","3","02","Public sector","402","Radiography and Radiation Therapy","Number","27"
"HGO14C01","Number of Health Graduates","2014","2014","03","3","02","Public sector","702","Social Care","Number","240"
"HGO14C01","Number of Health Graduates","2014","2014","03","3","02","Public sector","701","Social Work","Number","108"
"HGO14C01","Number of Health Graduates","2014","2014","03","3","02","Public sector","10","Speech and Language Therapy","Number","51"
"HGO14C01","Number of Health Graduates","2014","2014","03","3","02","Public sector","V52","Dietetics, Optometry and Podiatry","Number","15"
"HGO14C01","Number of Health Graduates","2014","2014","03","3","-","All sectors","201","Dentistry","Number","12"
"HGO14C01","Number of Health Graduates","2014","2014","03","3","-","All sectors","401","Medical Science","Number","66"
"HGO14C01","Number of Health Graduates","2014","2014","03","3","-","All sectors","202","Medicine","Number","357"
"HGO14C01","Number of Health Graduates","2014","2014","03","3","-","All sectors","30","Nursing and Midwifery","Number","993"
"HGO14C01","Number of Health Graduates","2014","2014","03","3","-","All sectors","501","Occupational Therapy","Number","66"
"HGO14C01","Number of Health Graduates","2014","2014","03","3","-","All sectors","60","Pharmacy","Number",""
"HGO14C01","Number of Health Graduates","2014","2014","03","3","-","All sectors","504","Physiotherapy","Number","48"
"HGO14C01","Number of Health Graduates","2014","2014","03","3","-","All sectors","402","Radiography and Radiation Therapy","Number","36"
"HGO14C01","Number of Health Graduates","2014","2014","03","3","-","All sectors","702","Social Care","Number","843"
"HGO14C01","Number of Health Graduates","2014","2014","03","3","-","All sectors","701","Social Work","Number","129"
"HGO14C01","Number of Health Graduates","2014","2014","03","3","-","All sectors","10","Speech and Language Therapy","Number","63"
"HGO14C01","Number of Health Graduates","2014","2014","03","3","-","All sectors","V52","Dietetics, Optometry and Podiatry","Number","33"
"HGO14C01","Number of Health Graduates","2014","2014","04","4","01","Private sector","201","Dentistry","Number","3"
"HGO14C01","Number of Health Graduates","2014","2014","04","4","01","Private sector","401","Medical Science","Number","6"
"HGO14C01","Number of Health Graduates","2014","2014","04","4","01","Private sector","202","Medicine","Number","21"
"HGO14C01","Number of Health Graduates","2014","2014","04","4","01","Private sector","30","Nursing and Midwifery","Number","300"
"HGO14C01","Number of Health Graduates","2014","2014","04","4","01","Private sector","501","Occupational Therapy","Number","21"
"HGO14C01","Number of Health Graduates","2014","2014","04","4","01","Private sector","60","Pharmacy","Number",""
"HGO14C01","Number of Health Graduates","2014","2014","04","4","01","Private sector","504","Physiotherapy","Number","24"
"HGO14C01","Number of Health Graduates","2014","2014","04","4","01","Private sector","402","Radiography and Radiation Therapy","Number","9"
"HGO14C01","Number of Health Graduates","2014","2014","04","4","01","Private sector","702","Social Care","Number","561"
"HGO14C01","Number of Health Graduates","2014","2014","04","4","01","Private sector","701","Social Work","Number","30"
"HGO14C01","Number of Health Graduates","2014","2014","04","4","01","Private sector","10","Speech and Language Therapy","Number","12"
"HGO14C01","Number of Health Graduates","2014","2014","04","4","01","Private sector","V52","Dietetics, Optometry and Podiatry","Number","24"
"HGO14C01","Number of Health Graduates","2014","2014","04","4","02","Public sector","201","Dentistry","Number","9"
"HGO14C01","Number of Health Graduates","2014","2014","04","4","02","Public sector","401","Medical Science","Number","54"
"HGO14C01","Number of Health Graduates","2014","2014","04","4","02","Public sector","202","Medicine","Number","345"
"HGO14C01","Number of Health Graduates","2014","2014","04","4","02","Public sector","30","Nursing and Midwifery","Number","675"
"HGO14C01","Number of Health Graduates","2014","2014","04","4","02","Public sector","501","Occupational Therapy","Number","51"
"HGO14C01","Number of Health Graduates","2014","2014","04","4","02","Public sector","60","Pharmacy","Number",""
"HGO14C01","Number of Health Graduates","2014","2014","04","4","02","Public sector","504","Physiotherapy","Number","33"
"HGO14C01","Number of Health Graduates","2014","2014","04","4","02","Public sector","402","Radiography and Radiation Therapy","Number","27"
"HGO14C01","Number of Health Graduates","2014","2014","04","4","02","Public sector","702","Social Care","Number","276"
"HGO14C01","Number of Health Graduates","2014","2014","04","4","02","Public sector","701","Social Work","Number","105"
"HGO14C01","Number of Health Graduates","2014","2014","04","4","02","Public sector","10","Speech and Language Therapy","Number","54"
"HGO14C01","Number of Health Graduates","2014","2014","04","4","02","Public sector","V52","Dietetics, Optometry and Podiatry","Number","12"
"HGO14C01","Number of Health Graduates","2014","2014","04","4","-","All sectors","201","Dentistry","Number","12"
"HGO14C01","Number of Health Graduates","2014","2014","04","4","-","All sectors","401","Medical Science","Number","63"
"HGO14C01","Number of Health Graduates","2014","2014","04","4","-","All sectors","202","Medicine","Number","366"
"HGO14C01","Number of Health Graduates","2014","2014","04","4","-","All sectors","30","Nursing and Midwifery","Number","978"
"HGO14C01","Number of Health Graduates","2014","2014","04","4","-","All sectors","501","Occupational Therapy","Number","72"
"HGO14C01","Number of Health Graduates","2014","2014","04","4","-","All sectors","60","Pharmacy","Number",""
"HGO14C01","Number of Health Graduates","2014","2014","04","4","-","All sectors","504","Physiotherapy","Number","54"
"HGO14C01","Number of Health Graduates","2014","2014","04","4","-","All sectors","402","Radiography and Radiation Therapy","Number","33"
"HGO14C01","Number of Health Graduates","2014","2014","04","4","-","All sectors","702","Social Care","Number","837"
"HGO14C01","Number of Health Graduates","2014","2014","04","4","-","All sectors","701","Social Work","Number","135"
"HGO14C01","Number of Health Graduates","2014","2014","04","4","-","All sectors","10","Speech and Language Therapy","Number","66"
"HGO14C01","Number of Health Graduates","2014","2014","04","4","-","All sectors","V52","Dietetics, Optometry and Podiatry","Number","36"
"HGO14C01","Number of Health Graduates","2014","2014","05","5","01","Private sector","201","Dentistry","Number","6"
"HGO14C01","Number of Health Graduates","2014","2014","05","5","01","Private sector","401","Medical Science","Number","9"
"HGO14C01","Number of Health Graduates","2014","2014","05","5","01","Private sector","202","Medicine","Number","30"
"HGO14C01","Number of Health Graduates","2014","2014","05","5","01","Private sector","30","Nursing and Midwifery","Number","312"
"HGO14C01","Number of Health Graduates","2014","2014","05","5","01","Private sector","501","Occupational Therapy","Number","21"
"HGO14C01","Number of Health Graduates","2014","2014","05","5","01","Private sector","60","Pharmacy","Number",""
"HGO14C01","Number of Health Graduates","2014","2014","05","5","01","Private sector","504","Physiotherapy","Number","24"
"HGO14C01","Number of Health Graduates","2014","2014","05","5","01","Private sector","402","Radiography and Radiation Therapy","Number","12"
"HGO14C01","Number of Health Graduates","2014","2014","05","5","01","Private sector","702","Social Care","Number","522"
"HGO14C01","Number of Health Graduates","2014","2014","05","5","01","Private sector","701","Social Work","Number","30"
"HGO14C01","Number of Health Graduates","2014","2014","05","5","01","Private sector","10","Speech and Language Therapy","Number","12"
"HGO14C01","Number of Health Graduates","2014","2014","05","5","01","Private sector","V52","Dietetics, Optometry and Podiatry","Number","27"
"HGO14C01","Number of Health Graduates","2014","2014","05","5","02","Public sector","201","Dentistry","Number","9"
"HGO14C01","Number of Health Graduates","2014","2014","05","5","02","Public sector","401","Medical Science","Number","54"
"HGO14C01","Number of Health Graduates","2014","2014","05","5","02","Public sector","202","Medicine","Number","327"
"HGO14C01","Number of Health Graduates","2014","2014","05","5","02","Public sector","30","Nursing and Midwifery","Number","687"
"HGO14C01","Number of Health Graduates","2014","2014","05","5","02","Public sector","501","Occupational Therapy","Number","51"
"HGO14C01","Number of Health Graduates","2014","2014","05","5","02","Public sector","60","Pharmacy","Number",""
"HGO14C01","Number of Health Graduates","2014","2014","05","5","02","Public sector","504","Physiotherapy","Number","36"
"HGO14C01","Number of Health Graduates","2014","2014","05","5","02","Public sector","402","Radiography and Radiation Therapy","Number","24"
"HGO14C01","Number of Health Graduates","2014","2014","05","5","02","Public sector","702","Social Care","Number","300"
"HGO14C01","Number of Health Graduates","2014","2014","05","5","02","Public sector","701","Social Work","Number","102"
"HGO14C01","Number of Health Graduates","2014","2014","05","5","02","Public sector","10","Speech and Language Therapy","Number","51"
"HGO14C01","Number of Health Graduates","2014","2014","05","5","02","Public sector","V52","Dietetics, Optometry and Podiatry","Number","15"
"HGO14C01","Number of Health Graduates","2014","2014","05","5","-","All sectors","201","Dentistry","Number","12"
"HGO14C01","Number of Health Graduates","2014","2014","05","5","-","All sectors","401","Medical Science","Number","63"
"HGO14C01","Number of Health Graduates","2014","2014","05","5","-","All sectors","202","Medicine","Number","357"
"HGO14C01","Number of Health Graduates","2014","2014","05","5","-","All sectors","30","Nursing and Midwifery","Number","999"
"HGO14C01","Number of Health Graduates","2014","2014","05","5","-","All sectors","501","Occupational Therapy","Number","69"
"HGO14C01","Number of Health Graduates","2014","2014","05","5","-","All sectors","60","Pharmacy","Number",""
"HGO14C01","Number of Health Graduates","2014","2014","05","5","-","All sectors","504","Physiotherapy","Number","60"
"HGO14C01","Number of Health Graduates","2014","2014","05","5","-","All sectors","402","Radiography and Radiation Therapy","Number","33"
"HGO14C01","Number of Health Graduates","2014","2014","05","5","-","All sectors","702","Social Care","Number","825"
"HGO14C01","Number of Health Graduates","2014","2014","05","5","-","All sectors","701","Social Work","Number","132"
"HGO14C01","Number of Health Graduates","2014","2014","05","5","-","All sectors","10","Speech and Language Therapy","Number","63"
"HGO14C01","Number of Health Graduates","2014","2014","05","5","-","All sectors","V52","Dietetics, Optometry and Podiatry","Number","42"
"HGO14C01","Number of Health Graduates","2014","2014","06","6","01","Private sector","201","Dentistry","Number","3"
"HGO14C01","Number of Health Graduates","2014","2014","06","6","01","Private sector","401","Medical Science","Number","9"
"HGO14C01","Number of Health Graduates","2014","2014","06","6","01","Private sector","202","Medicine","Number","45"
"HGO14C01","Number of Health Graduates","2014","2014","06","6","01","Private sector","30","Nursing and Midwifery","Number","297"
"HGO14C01","Number of Health Graduates","2014","2014","06","6","01","Private sector","501","Occupational Therapy","Number","21"
"HGO14C01","Number of Health Graduates","2014","2014","06","6","01","Private sector","60","Pharmacy","Number",""
"HGO14C01","Number of Health Graduates","2014","2014","06","6","01","Private sector","504","Physiotherapy","Number","24"
"HGO14C01","Number of Health Graduates","2014","2014","06","6","01","Private sector","402","Radiography and Radiation Therapy","Number","12"
"HGO14C01","Number of Health Graduates","2014","2014","06","6","01","Private sector","702","Social Care","Number","516"
"HGO14C01","Number of Health Graduates","2014","2014","06","6","01","Private sector","701","Social Work","Number","21"
"HGO14C01","Number of Health Graduates","2014","2014","06","6","01","Private sector","10","Speech and Language Therapy","Number","12"
"HGO14C01","Number of Health Graduates","2014","2014","06","6","01","Private sector","V52","Dietetics, Optometry and Podiatry","Number","21"
"HGO14C01","Number of Health Graduates","2014","2014","06","6","02","Public sector","201","Dentistry","Number","9"
"HGO14C01","Number of Health Graduates","2014","2014","06","6","02","Public sector","401","Medical Science","Number","54"
"HGO14C01","Number of Health Graduates","2014","2014","06","6","02","Public sector","202","Medicine","Number","288"
"HGO14C01","Number of Health Graduates","2014","2014","06","6","02","Public sector","30","Nursing and Midwifery","Number","639"
"HGO14C01","Number of Health Graduates","2014","2014","06","6","02","Public sector","501","Occupational Therapy","Number","48"
"HGO14C01","Number of Health Graduates","2014","2014","06","6","02","Public sector","60","Pharmacy","Number",""
"HGO14C01","Number of Health Graduates","2014","2014","06","6","02","Public sector","504","Physiotherapy","Number","36"
"HGO14C01","Number of Health Graduates","2014","2014","06","6","02","Public sector","402","Radiography and Radiation Therapy","Number","21"
"HGO14C01","Number of Health Graduates","2014","2014","06","6","02","Public sector","702","Social Care","Number","327"
"HGO14C01","Number of Health Graduates","2014","2014","06","6","02","Public sector","701","Social Work","Number","105"
"HGO14C01","Number of Health Graduates","2014","2014","06","6","02","Public sector","10","Speech and Language Therapy","Number","48"
"HGO14C01","Number of Health Graduates","2014","2014","06","6","02","Public sector","V52","Dietetics, Optometry and Podiatry","Number","18"
"HGO14C01","Number of Health Graduates","2014","2014","06","6","-","All sectors","201","Dentistry","Number","12"
"HGO14C01","Number of Health Graduates","2014","2014","06","6","-","All sectors","401","Medical Science","Number","63"
"HGO14C01","Number of Health Graduates","2014","2014","06","6","-","All sectors","202","Medicine","Number","336"
"HGO14C01","Number of Health Graduates","2014","2014","06","6","-","All sectors","30","Nursing and Midwifery","Number","936"
"HGO14C01","Number of Health Graduates","2014","2014","06","6","-","All sectors","501","Occupational Therapy","Number","69"
"HGO14C01","Number of Health Graduates","2014","2014","06","6","-","All sectors","60","Pharmacy","Number",""
"HGO14C01","Number of Health Graduates","2014","2014","06","6","-","All sectors","504","Physiotherapy","Number","60"
"HGO14C01","Number of Health Graduates","2014","2014","06","6","-","All sectors","402","Radiography and Radiation Therapy","Number","33"
"HGO14C01","Number of Health Graduates","2014","2014","06","6","-","All sectors","702","Social Care","Number","846"
"HGO14C01","Number of Health Graduates","2014","2014","06","6","-","All sectors","701","Social Work","Number","126"
"HGO14C01","Number of Health Graduates","2014","2014","06","6","-","All sectors","10","Speech and Language Therapy","Number","60"
"HGO14C01","Number of Health Graduates","2014","2014","06","6","-","All sectors","V52","Dietetics, Optometry and Podiatry","Number","39"
"HGO14C01","Number of Health Graduates","2014","2014","07","7","01","Private sector","201","Dentistry","Number","3"
"HGO14C01","Number of Health Graduates","2014","2014","07","7","01","Private sector","401","Medical Science","Number","12"
"HGO14C01","Number of Health Graduates","2014","2014","07","7","01","Private sector","202","Medicine","Number","57"
"HGO14C01","Number of Health Graduates","2014","2014","07","7","01","Private sector","30","Nursing and Midwifery","Number","309"
"HGO14C01","Number of Health Graduates","2014","2014","07","7","01","Private sector","501","Occupational Therapy","Number","24"
"HGO14C01","Number of Health Graduates","2014","2014","07","7","01","Private sector","60","Pharmacy","Number",""
"HGO14C01","Number of Health Graduates","2014","2014","07","7","01","Private sector","504","Physiotherapy","Number","21"
"HGO14C01","Number of Health Graduates","2014","2014","07","7","01","Private sector","402","Radiography and Radiation Therapy","Number","9"
"HGO14C01","Number of Health Graduates","2014","2014","07","7","01","Private sector","702","Social Care","Number","507"
"HGO14C01","Number of Health Graduates","2014","2014","07","7","01","Private sector","701","Social Work","Number","30"
"HGO14C01","Number of Health Graduates","2014","2014","07","7","01","Private sector","10","Speech and Language Therapy","Number","15"
"HGO14C01","Number of Health Graduates","2014","2014","07","7","01","Private sector","V52","Dietetics, Optometry and Podiatry","Number","24"
"HGO14C01","Number of Health Graduates","2014","2014","07","7","02","Public sector","201","Dentistry","Number","12"
"HGO14C01","Number of Health Graduates","2014","2014","07","7","02","Public sector","401","Medical Science","Number","54"
"HGO14C01","Number of Health Graduates","2014","2014","07","7","02","Public sector","202","Medicine","Number","294"
"HGO14C01","Number of Health Graduates","2014","2014","07","7","02","Public sector","30","Nursing and Midwifery","Number","711"
"HGO14C01","Number of Health Graduates","2014","2014","07","7","02","Public sector","501","Occupational Therapy","Number","51"
"HGO14C01","Number of Health Graduates","2014","2014","07","7","02","Public sector","60","Pharmacy","Number",""
"HGO14C01","Number of Health Graduates","2014","2014","07","7","02","Public sector","504","Physiotherapy","Number","39"
"HGO14C01","Number of Health Graduates","2014","2014","07","7","02","Public sector","402","Radiography and Radiation Therapy","Number","21"
"HGO14C01","Number of Health Graduates","2014","2014","07","7","02","Public sector","702","Social Care","Number","342"
"HGO14C01","Number of Health Graduates","2014","2014","07","7","02","Public sector","701","Social Work","Number","102"
"HGO14C01","Number of Health Graduates","2014","2014","07","7","02","Public sector","10","Speech and Language Therapy","Number","48"
"HGO14C01","Number of Health Graduates","2014","2014","07","7","02","Public sector","V52","Dietetics, Optometry and Podiatry","Number","21"
"HGO14C01","Number of Health Graduates","2014","2014","07","7","-","All sectors","201","Dentistry","Number","15"
"HGO14C01","Number of Health Graduates","2014","2014","07","7","-","All sectors","401","Medical Science","Number","66"
"HGO14C01","Number of Health Graduates","2014","2014","07","7","-","All sectors","202","Medicine","Number","351"
"HGO14C01","Number of Health Graduates","2014","2014","07","7","-","All sectors","30","Nursing and Midwifery","Number","1020"
"HGO14C01","Number of Health Graduates","2014","2014","07","7","-","All sectors","501","Occupational Therapy","Number","75"
"HGO14C01","Number of Health Graduates","2014","2014","07","7","-","All sectors","60","Pharmacy","Number",""
"HGO14C01","Number of Health Graduates","2014","2014","07","7","-","All sectors","504","Physiotherapy","Number","60"
"HGO14C01","Number of Health Graduates","2014","2014","07","7","-","All sectors","402","Radiography and Radiation Therapy","Number","30"
"HGO14C01","Number of Health Graduates","2014","2014","07","7","-","All sectors","702","Social Care","Number","849"
"HGO14C01","Number of Health Graduates","2014","2014","07","7","-","All sectors","701","Social Work","Number","132"
"HGO14C01","Number of Health Graduates","2014","2014","07","7","-","All sectors","10","Speech and Language Therapy","Number","63"
"HGO14C01","Number of Health Graduates","2014","2014","07","7","-","All sectors","V52","Dietetics, Optometry and Podiatry","Number","45"
"HGO14C01","Number of Health Graduates","2014","2014","08","8","01","Private sector","201","Dentistry","Number","3"
"HGO14C01","Number of Health Graduates","2014","2014","08","8","01","Private sector","401","Medical Science","Number","12"
"HGO14C01","Number of Health Graduates","2014","2014","08","8","01","Private sector","202","Medicine","Number","66"
"HGO14C01","Number of Health Graduates","2014","2014","08","8","01","Private sector","30","Nursing and Midwifery","Number","321"
"HGO14C01","Number of Health Graduates","2014","2014","08","8","01","Private sector","501","Occupational Therapy","Number","24"
"HGO14C01","Number of Health Graduates","2014","2014","08","8","01","Private sector","60","Pharmacy","Number",""
"HGO14C01","Number of Health Graduates","2014","2014","08","8","01","Private sector","504","Physiotherapy","Number","30"
"HGO14C01","Number of Health Graduates","2014","2014","08","8","01","Private sector","402","Radiography and Radiation Therapy","Number","15"
"HGO14C01","Number of Health Graduates","2014","2014","08","8","01","Private sector","702","Social Care","Number","498"
"HGO14C01","Number of Health Graduates","2014","2014","08","8","01","Private sector","701","Social Work","Number","27"
"HGO14C01","Number of Health Graduates","2014","2014","08","8","01","Private sector","10","Speech and Language Therapy","Number","18"
"HGO14C01","Number of Health Graduates","2014","2014","08","8","01","Private sector","V52","Dietetics, Optometry and Podiatry","Number","21"
"HGO14C01","Number of Health Graduates","2014","2014","08","8","02","Public sector","201","Dentistry","Number","6"
"HGO14C01","Number of Health Graduates","2014","2014","08","8","02","Public sector","401","Medical Science","Number","54"
"HGO14C01","Number of Health Graduates","2014","2014","08","8","02","Public sector","202","Medicine","Number","279"
"HGO14C01","Number of Health Graduates","2014","2014","08","8","02","Public sector","30","Nursing and Midwifery","Number","705"
"HGO14C01","Number of Health Graduates","2014","2014","08","8","02","Public sector","501","Occupational Therapy","Number","51"
"HGO14C01","Number of Health Graduates","2014","2014","08","8","02","Public sector","60","Pharmacy","Number",""
"HGO14C01","Number of Health Graduates","2014","2014","08","8","02","Public sector","504","Physiotherapy","Number","39"
"HGO14C01","Number of Health Graduates","2014","2014","08","8","02","Public sector","402","Radiography and Radiation Therapy","Number","24"
"HGO14C01","Number of Health Graduates","2014","2014","08","8","02","Public sector","702","Social Care","Number","357"
"HGO14C01","Number of Health Graduates","2014","2014","08","8","02","Public sector","701","Social Work","Number","105"
"HGO14C01","Number of Health Graduates","2014","2014","08","8","02","Public sector","10","Speech and Language Therapy","Number","48"
"HGO14C01","Number of Health Graduates","2014","2014","08","8","02","Public sector","V52","Dietetics, Optometry and Podiatry","Number","21"
"HGO14C01","Number of Health Graduates","2014","2014","08","8","-","All sectors","201","Dentistry","Number","12"
"HGO14C01","Number of Health Graduates","2014","2014","08","8","-","All sectors","401","Medical Science","Number","66"
"HGO14C01","Number of Health Graduates","2014","2014","08","8","-","All sectors","202","Medicine","Number","345"
"HGO14C01","Number of Health Graduates","2014","2014","08","8","-","All sectors","30","Nursing and Midwifery","Number","1029"
"HGO14C01","Number of Health Graduates","2014","2014","08","8","-","All sectors","501","Occupational Therapy","Number","75"
"HGO14C01","Number of Health Graduates","2014","2014","08","8","-","All sectors","60","Pharmacy","Number",""
"HGO14C01","Number of Health Graduates","2014","2014","08","8","-","All sectors","504","Physiotherapy","Number","69"
"HGO14C01","Number of Health Graduates","2014","2014","08","8","-","All sectors","402","Radiography and Radiation Therapy","Number","39"
"HGO14C01","Number of Health Graduates","2014","2014","08","8","-","All sectors","702","Social Care","Number","855"
"HGO14C01","Number of Health Graduates","2014","2014","08","8","-","All sectors","701","Social Work","Number","132"
"HGO14C01","Number of Health Graduates","2014","2014","08","8","-","All sectors","10","Speech and Language Therapy","Number","66"
"HGO14C01","Number of Health Graduates","2014","2014","08","8","-","All sectors","V52","Dietetics, Optometry and Podiatry","Number","42"
"HGO14C01","Number of Health Graduates","2014","2014","09","9","01","Private sector","201","Dentistry","Number","6"
"HGO14C01","Number of Health Graduates","2014","2014","09","9","01","Private sector","401","Medical Science","Number","12"
"HGO14C01","Number of Health Graduates","2014","2014","09","9","01","Private sector","202","Medicine","Number","75"
"HGO14C01","Number of Health Graduates","2014","2014","09","9","01","Private sector","30","Nursing and Midwifery","Number","333"
"HGO14C01","Number of Health Graduates","2014","2014","09","9","01","Private sector","501","Occupational Therapy","Number","21"
"HGO14C01","Number of Health Graduates","2014","2014","09","9","01","Private sector","60","Pharmacy","Number",""
"HGO14C01","Number of Health Graduates","2014","2014","09","9","01","Private sector","504","Physiotherapy","Number","33"
"HGO14C01","Number of Health Graduates","2014","2014","09","9","01","Private sector","402","Radiography and Radiation Therapy","Number","15"
"HGO14C01","Number of Health Graduates","2014","2014","09","9","01","Private sector","702","Social Care","Number","474"
"HGO14C01","Number of Health Graduates","2014","2014","09","9","01","Private sector","701","Social Work","Number","27"
"HGO14C01","Number of Health Graduates","2014","2014","09","9","01","Private sector","10","Speech and Language Therapy","Number","18"
"HGO14C01","Number of Health Graduates","2014","2014","09","9","01","Private sector","V52","Dietetics, Optometry and Podiatry","Number","18"
"HGO14C01","Number of Health Graduates","2014","2014","09","9","02","Public sector","201","Dentistry","Number","9"
"HGO14C01","Number of Health Graduates","2014","2014","09","9","02","Public sector","401","Medical Science","Number","54"
"HGO14C01","Number of Health Graduates","2014","2014","09","9","02","Public sector","202","Medicine","Number","249"
"HGO14C01","Number of Health Graduates","2014","2014","09","9","02","Public sector","30","Nursing and Midwifery","Number","693"
"HGO14C01","Number of Health Graduates","2014","2014","09","9","02","Public sector","501","Occupational Therapy","Number","54"
"HGO14C01","Number of Health Graduates","2014","2014","09","9","02","Public sector","60","Pharmacy","Number",""
"HGO14C01","Number of Health Graduates","2014","2014","09","9","02","Public sector","504","Physiotherapy","Number","36"
"HGO14C01","Number of Health Graduates","2014","2014","09","9","02","Public sector","402","Radiography and Radiation Therapy","Number","21"
"HGO14C01","Number of Health Graduates","2014","2014","09","9","02","Public sector","702","Social Care","Number","378"
"HGO14C01","Number of Health Graduates","2014","2014","09","9","02","Public sector","701","Social Work","Number","102"
"HGO14C01","Number of Health Graduates","2014","2014","09","9","02","Public sector","10","Speech and Language Therapy","Number","48"
"HGO14C01","Number of Health Graduates","2014","2014","09","9","02","Public sector","V52","Dietetics, Optometry and Podiatry","Number","21"
"HGO14C01","Number of Health Graduates","2014","2014","09","9","-","All sectors","201","Dentistry","Number","15"
"HGO14C01","Number of Health Graduates","2014","2014","09","9","-","All sectors","401","Medical Science","Number","66"
"HGO14C01","Number of Health Graduates","2014","2014","09","9","-","All sectors","202","Medicine","Number","324"
"HGO14C01","Number of Health Graduates","2014","2014","09","9","-","All sectors","30","Nursing and Midwifery","Number","1026"
"HGO14C01","Number of Health Graduates","2014","2014","09","9","-","All sectors","501","Occupational Therapy","Number","72"
"HGO14C01","Number of Health Graduates","2014","2014","09","9","-","All sectors","60","Pharmacy","Number",""
"HGO14C01","Number of Health Graduates","2014","2014","09","9","-","All sectors","504","Physiotherapy","Number","69"
"HGO14C01","Number of Health Graduates","2014","2014","09","9","-","All sectors","402","Radiography and Radiation Therapy","Number","36"
"HGO14C01","Number of Health Graduates","2014","2014","09","9","-","All sectors","702","Social Care","Number","852"
"HGO14C01","Number of Health Graduates","2014","2014","09","9","-","All sectors","701","Social Work","Number","132"
"HGO14C01","Number of Health Graduates","2014","2014","09","9","-","All sectors","10","Speech and Language Therapy","Number","63"
"HGO14C01","Number of Health Graduates","2014","2014","09","9","-","All sectors","V52","Dietetics, Optometry and Podiatry","Number","42"
"HGO14C01","Number of Health Graduates","2014","2014","10","10","01","Private sector","201","Dentistry","Number",""
"HGO14C01","Number of Health Graduates","2014","2014","10","10","01","Private sector","401","Medical Science","Number",""
"HGO14C01","Number of Health Graduates","2014","2014","10","10","01","Private sector","202","Medicine","Number",""
"HGO14C01","Number of Health Graduates","2014","2014","10","10","01","Private sector","30","Nursing and Midwifery","Number",""
"HGO14C01","Number of Health Graduates","2014","2014","10","10","01","Private sector","501","Occupational Therapy","Number",""
"HGO14C01","Number of Health Graduates","2014","2014","10","10","01","Private sector","60","Pharmacy","Number",""
"HGO14C01","Number of Health Graduates","2014","2014","10","10","01","Private sector","504","Physiotherapy","Number",""
"HGO14C01","Number of Health Graduates","2014","2014","10","10","01","Private sector","402","Radiography and Radiation Therapy","Number",""
"HGO14C01","Number of Health Graduates","2014","2014","10","10","01","Private sector","702","Social Care","Number",""
"HGO14C01","Number of Health Graduates","2014","2014","10","10","01","Private sector","701","Social Work","Number",""
"HGO14C01","Number of Health Graduates","2014","2014","10","10","01","Private sector","10","Speech and Language Therapy","Number",""
"HGO14C01","Number of Health Graduates","2014","2014","10","10","01","Private sector","V52","Dietetics, Optometry and Podiatry","Number",""
"HGO14C01","Number of Health Graduates","2014","2014","10","10","02","Public sector","201","Dentistry","Number",""
"HGO14C01","Number of Health Graduates","2014","2014","10","10","02","Public sector","401","Medical Science","Number",""
"HGO14C01","Number of Health Graduates","2014","2014","10","10","02","Public sector","202","Medicine","Number",""
"HGO14C01","Number of Health Graduates","2014","2014","10","10","02","Public sector","30","Nursing and Midwifery","Number",""
"HGO14C01","Number of Health Graduates","2014","2014","10","10","02","Public sector","501","Occupational Therapy","Number",""
"HGO14C01","Number of Health Graduates","2014","2014","10","10","02","Public sector","60","Pharmacy","Number",""
"HGO14C01","Number of Health Graduates","2014","2014","10","10","02","Public sector","504","Physiotherapy","Number",""
"HGO14C01","Number of Health Graduates","2014","2014","10","10","02","Public sector","402","Radiography and Radiation Therapy","Number",""
"HGO14C01","Number of Health Graduates","2014","2014","10","10","02","Public sector","702","Social Care","Number",""
"HGO14C01","Number of Health Graduates","2014","2014","10","10","02","Public sector","701","Social Work","Number",""
"HGO14C01","Number of Health Graduates","2014","2014","10","10","02","Public sector","10","Speech and Language Therapy","Number",""
"HGO14C01","Number of Health Graduates","2014","2014","10","10","02","Public sector","V52","Dietetics, Optometry and Podiatry","Number",""
"HGO14C01","Number of Health Graduates","2014","2014","10","10","-","All sectors","201","Dentistry","Number",""
"HGO14C01","Number of Health Graduates","2014","2014","10","10","-","All sectors","401","Medical Science","Number",""
"HGO14C01","Number of Health Graduates","2014","2014","10","10","-","All sectors","202","Medicine","Number",""
"HGO14C01","Number of Health Graduates","2014","2014","10","10","-","All sectors","30","Nursing and Midwifery","Number",""
"HGO14C01","Number of Health Graduates","2014","2014","10","10","-","All sectors","501","Occupational Therapy","Number",""
"HGO14C01","Number of Health Graduates","2014","2014","10","10","-","All sectors","60","Pharmacy","Number",""
"HGO14C01","Number of Health Graduates","2014","2014","10","10","-","All sectors","504","Physiotherapy","Number",""
"HGO14C01","Number of Health Graduates","2014","2014","10","10","-","All sectors","402","Radiography and Radiation Therapy","Number",""
"HGO14C01","Number of Health Graduates","2014","2014","10","10","-","All sectors","702","Social Care","Number",""
"HGO14C01","Number of Health Graduates","2014","2014","10","10","-","All sectors","701","Social Work","Number",""
"HGO14C01","Number of Health Graduates","2014","2014","10","10","-","All sectors","10","Speech and Language Therapy","Number",""
"HGO14C01","Number of Health Graduates","2014","2014","10","10","-","All sectors","V52","Dietetics, Optometry and Podiatry","Number",""
"HGO14C01","Number of Health Graduates","2014","2014","11","11","01","Private sector","201","Dentistry","Number",""
"HGO14C01","Number of Health Graduates","2014","2014","11","11","01","Private sector","401","Medical Science","Number",""
"HGO14C01","Number of Health Graduates","2014","2014","11","11","01","Private sector","202","Medicine","Number",""
"HGO14C01","Number of Health Graduates","2014","2014","11","11","01","Private sector","30","Nursing and Midwifery","Number",""
"HGO14C01","Number of Health Graduates","2014","2014","11","11","01","Private sector","501","Occupational Therapy","Number",""
"HGO14C01","Number of Health Graduates","2014","2014","11","11","01","Private sector","60","Pharmacy","Number",""
"HGO14C01","Number of Health Graduates","2014","2014","11","11","01","Private sector","504","Physiotherapy","Number",""
"HGO14C01","Number of Health Graduates","2014","2014","11","11","01","Private sector","402","Radiography and Radiation Therapy","Number",""
"HGO14C01","Number of Health Graduates","2014","2014","11","11","01","Private sector","702","Social Care","Number",""
"HGO14C01","Number of Health Graduates","2014","2014","11","11","01","Private sector","701","Social Work","Number",""
"HGO14C01","Number of Health Graduates","2014","2014","11","11","01","Private sector","10","Speech and Language Therapy","Number",""
"HGO14C01","Number of Health Graduates","2014","2014","11","11","01","Private sector","V52","Dietetics, Optometry and Podiatry","Number",""
"HGO14C01","Number of Health Graduates","2014","2014","11","11","02","Public sector","201","Dentistry","Number",""
"HGO14C01","Number of Health Graduates","2014","2014","11","11","02","Public sector","401","Medical Science","Number",""
"HGO14C01","Number of Health Graduates","2014","2014","11","11","02","Public sector","202","Medicine","Number",""
"HGO14C01","Number of Health Graduates","2014","2014","11","11","02","Public sector","30","Nursing and Midwifery","Number",""
"HGO14C01","Number of Health Graduates","2014","2014","11","11","02","Public sector","501","Occupational Therapy","Number",""
"HGO14C01","Number of Health Graduates","2014","2014","11","11","02","Public sector","60","Pharmacy","Number",""
"HGO14C01","Number of Health Graduates","2014","2014","11","11","02","Public sector","504","Physiotherapy","Number",""
"HGO14C01","Number of Health Graduates","2014","2014","11","11","02","Public sector","402","Radiography and Radiation Therapy","Number",""
"HGO14C01","Number of Health Graduates","2014","2014","11","11","02","Public sector","702","Social Care","Number",""
"HGO14C01","Number of Health Graduates","2014","2014","11","11","02","Public sector","701","Social Work","Number",""
"HGO14C01","Number of Health Graduates","2014","2014","11","11","02","Public sector","10","Speech and Language Therapy","Number",""
"HGO14C01","Number of Health Graduates","2014","2014","11","11","02","Public sector","V52","Dietetics, Optometry and Podiatry","Number",""
"HGO14C01","Number of Health Graduates","2014","2014","11","11","-","All sectors","201","Dentistry","Number",""
"HGO14C01","Number of Health Graduates","2014","2014","11","11","-","All sectors","401","Medical Science","Number",""
"HGO14C01","Number of Health Graduates","2014","2014","11","11","-","All sectors","202","Medicine","Number",""
"HGO14C01","Number of Health Graduates","2014","2014","11","11","-","All sectors","30","Nursing and Midwifery","Number",""
"HGO14C01","Number of Health Graduates","2014","2014","11","11","-","All sectors","501","Occupational Therapy","Number",""
"HGO14C01","Number of Health Graduates","2014","2014","11","11","-","All sectors","60","Pharmacy","Number",""
"HGO14C01","Number of Health Graduates","2014","2014","11","11","-","All sectors","504","Physiotherapy","Number",""
"HGO14C01","Number of Health Graduates","2014","2014","11","11","-","All sectors","402","Radiography and Radiation Therapy","Number",""
"HGO14C01","Number of Health Graduates","2014","2014","11","11","-","All sectors","702","Social Care","Number",""
"HGO14C01","Number of Health Graduates","2014","2014","11","11","-","All sectors","701","Social Work","Number",""
"HGO14C01","Number of Health Graduates","2014","2014","11","11","-","All sectors","10","Speech and Language Therapy","Number",""
"HGO14C01","Number of Health Graduates","2014","2014","11","11","-","All sectors","V52","Dietetics, Optometry and Podiatry","Number",""
"HGO14C01","Number of Health Graduates","2014","2014","12","12","01","Private sector","201","Dentistry","Number",""
"HGO14C01","Number of Health Graduates","2014","2014","12","12","01","Private sector","401","Medical Science","Number",""
"HGO14C01","Number of Health Graduates","2014","2014","12","12","01","Private sector","202","Medicine","Number",""
"HGO14C01","Number of Health Graduates","2014","2014","12","12","01","Private sector","30","Nursing and Midwifery","Number",""
"HGO14C01","Number of Health Graduates","2014","2014","12","12","01","Private sector","501","Occupational Therapy","Number",""
"HGO14C01","Number of Health Graduates","2014","2014","12","12","01","Private sector","60","Pharmacy","Number",""
"HGO14C01","Number of Health Graduates","2014","2014","12","12","01","Private sector","504","Physiotherapy","Number",""
"HGO14C01","Number of Health Graduates","2014","2014","12","12","01","Private sector","402","Radiography and Radiation Therapy","Number",""
"HGO14C01","Number of Health Graduates","2014","2014","12","12","01","Private sector","702","Social Care","Number",""
"HGO14C01","Number of Health Graduates","2014","2014","12","12","01","Private sector","701","Social Work","Number",""
"HGO14C01","Number of Health Graduates","2014","2014","12","12","01","Private sector","10","Speech and Language Therapy","Number",""
"HGO14C01","Number of Health Graduates","2014","2014","12","12","01","Private sector","V52","Dietetics, Optometry and Podiatry","Number",""
"HGO14C01","Number of Health Graduates","2014","2014","12","12","02","Public sector","201","Dentistry","Number",""
"HGO14C01","Number of Health Graduates","2014","2014","12","12","02","Public sector","401","Medical Science","Number",""
"HGO14C01","Number of Health Graduates","2014","2014","12","12","02","Public sector","202","Medicine","Number",""
"HGO14C01","Number of Health Graduates","2014","2014","12","12","02","Public sector","30","Nursing and Midwifery","Number",""
"HGO14C01","Number of Health Graduates","2014","2014","12","12","02","Public sector","501","Occupational Therapy","Number",""
"HGO14C01","Number of Health Graduates","2014","2014","12","12","02","Public sector","60","Pharmacy","Number",""
"HGO14C01","Number of Health Graduates","2014","2014","12","12","02","Public sector","504","Physiotherapy","Number",""
"HGO14C01","Number of Health Graduates","2014","2014","12","12","02","Public sector","402","Radiography and Radiation Therapy","Number",""
"HGO14C01","Number of Health Graduates","2014","2014","12","12","02","Public sector","702","Social Care","Number",""
"HGO14C01","Number of Health Graduates","2014","2014","12","12","02","Public sector","701","Social Work","Number",""
"HGO14C01","Number of Health Graduates","2014","2014","12","12","02","Public sector","10","Speech and Language Therapy","Number",""
"HGO14C01","Number of Health Graduates","2014","2014","12","12","02","Public sector","V52","Dietetics, Optometry and Podiatry","Number",""
"HGO14C01","Number of Health Graduates","2014","2014","12","12","-","All sectors","201","Dentistry","Number",""
"HGO14C01","Number of Health Graduates","2014","2014","12","12","-","All sectors","401","Medical Science","Number",""
"HGO14C01","Number of Health Graduates","2014","2014","12","12","-","All sectors","202","Medicine","Number",""
"HGO14C01","Number of Health Graduates","2014","2014","12","12","-","All sectors","30","Nursing and Midwifery","Number",""
"HGO14C01","Number of Health Graduates","2014","2014","12","12","-","All sectors","501","Occupational Therapy","Number",""
"HGO14C01","Number of Health Graduates","2014","2014","12","12","-","All sectors","60","Pharmacy","Number",""
"HGO14C01","Number of Health Graduates","2014","2014","12","12","-","All sectors","504","Physiotherapy","Number",""
"HGO14C01","Number of Health Graduates","2014","2014","12","12","-","All sectors","402","Radiography and Radiation Therapy","Number",""
"HGO14C01","Number of Health Graduates","2014","2014","12","12","-","All sectors","702","Social Care","Number",""
"HGO14C01","Number of Health Graduates","2014","2014","12","12","-","All sectors","701","Social Work","Number",""
"HGO14C01","Number of Health Graduates","2014","2014","12","12","-","All sectors","10","Speech and Language Therapy","Number",""
"HGO14C01","Number of Health Graduates","2014","2014","12","12","-","All sectors","V52","Dietetics, Optometry and Podiatry","Number",""
"HGO14C01","Number of Health Graduates","2014","2014","13","13","01","Private sector","201","Dentistry","Number",""
"HGO14C01","Number of Health Graduates","2014","2014","13","13","01","Private sector","401","Medical Science","Number",""
"HGO14C01","Number of Health Graduates","2014","2014","13","13","01","Private sector","202","Medicine","Number",""
"HGO14C01","Number of Health Graduates","2014","2014","13","13","01","Private sector","30","Nursing and Midwifery","Number",""
"HGO14C01","Number of Health Graduates","2014","2014","13","13","01","Private sector","501","Occupational Therapy","Number",""
"HGO14C01","Number of Health Graduates","2014","2014","13","13","01","Private sector","60","Pharmacy","Number",""
"HGO14C01","Number of Health Graduates","2014","2014","13","13","01","Private sector","504","Physiotherapy","Number",""
"HGO14C01","Number of Health Graduates","2014","2014","13","13","01","Private sector","402","Radiography and Radiation Therapy","Number",""
"HGO14C01","Number of Health Graduates","2014","2014","13","13","01","Private sector","702","Social Care","Number",""
"HGO14C01","Number of Health Graduates","2014","2014","13","13","01","Private sector","701","Social Work","Number",""
"HGO14C01","Number of Health Graduates","2014","2014","13","13","01","Private sector","10","Speech and Language Therapy","Number",""
"HGO14C01","Number of Health Graduates","2014","2014","13","13","01","Private sector","V52","Dietetics, Optometry and Podiatry","Number",""
"HGO14C01","Number of Health Graduates","2014","2014","13","13","02","Public sector","201","Dentistry","Number",""
"HGO14C01","Number of Health Graduates","2014","2014","13","13","02","Public sector","401","Medical Science","Number",""
"HGO14C01","Number of Health Graduates","2014","2014","13","13","02","Public sector","202","Medicine","Number",""
"HGO14C01","Number of Health Graduates","2014","2014","13","13","02","Public sector","30","Nursing and Midwifery","Number",""
"HGO14C01","Number of Health Graduates","2014","2014","13","13","02","Public sector","501","Occupational Therapy","Number",""
"HGO14C01","Number of Health Graduates","2014","2014","13","13","02","Public sector","60","Pharmacy","Number",""
"HGO14C01","Number of Health Graduates","2014","2014","13","13","02","Public sector","504","Physiotherapy","Number",""
"HGO14C01","Number of Health Graduates","2014","2014","13","13","02","Public sector","402","Radiography and Radiation Therapy","Number",""
"HGO14C01","Number of Health Graduates","2014","2014","13","13","02","Public sector","702","Social Care","Number",""
"HGO14C01","Number of Health Graduates","2014","2014","13","13","02","Public sector","701","Social Work","Number",""
"HGO14C01","Number of Health Graduates","2014","2014","13","13","02","Public sector","10","Speech and Language Therapy","Number",""
"HGO14C01","Number of Health Graduates","2014","2014","13","13","02","Public sector","V52","Dietetics, Optometry and Podiatry","Number",""
"HGO14C01","Number of Health Graduates","2014","2014","13","13","-","All sectors","201","Dentistry","Number",""
"HGO14C01","Number of Health Graduates","2014","2014","13","13","-","All sectors","401","Medical Science","Number",""
"HGO14C01","Number of Health Graduates","2014","2014","13","13","-","All sectors","202","Medicine","Number",""
"HGO14C01","Number of Health Graduates","2014","2014","13","13","-","All sectors","30","Nursing and Midwifery","Number",""
"HGO14C01","Number of Health Graduates","2014","2014","13","13","-","All sectors","501","Occupational Therapy","Number",""
"HGO14C01","Number of Health Graduates","2014","2014","13","13","-","All sectors","60","Pharmacy","Number",""
"HGO14C01","Number of Health Graduates","2014","2014","13","13","-","All sectors","504","Physiotherapy","Number",""
"HGO14C01","Number of Health Graduates","2014","2014","13","13","-","All sectors","402","Radiography and Radiation Therapy","Number",""
"HGO14C01","Number of Health Graduates","2014","2014","13","13","-","All sectors","702","Social Care","Number",""
"HGO14C01","Number of Health Graduates","2014","2014","13","13","-","All sectors","701","Social Work","Number",""
"HGO14C01","Number of Health Graduates","2014","2014","13","13","-","All sectors","10","Speech and Language Therapy","Number",""
"HGO14C01","Number of Health Graduates","2014","2014","13","13","-","All sectors","V52","Dietetics, Optometry and Podiatry","Number",""
"HGO14C01","Number of Health Graduates","2015","2015","01","1","01","Private sector","201","Dentistry","Number","3"
"HGO14C01","Number of Health Graduates","2015","2015","01","1","01","Private sector","401","Medical Science","Number","27"
"HGO14C01","Number of Health Graduates","2015","2015","01","1","01","Private sector","202","Medicine","Number","30"
"HGO14C01","Number of Health Graduates","2015","2015","01","1","01","Private sector","30","Nursing and Midwifery","Number","219"
"HGO14C01","Number of Health Graduates","2015","2015","01","1","01","Private sector","501","Occupational Therapy","Number","39"
"HGO14C01","Number of Health Graduates","2015","2015","01","1","01","Private sector","60","Pharmacy","Number",""
"HGO14C01","Number of Health Graduates","2015","2015","01","1","01","Private sector","504","Physiotherapy","Number","54"
"HGO14C01","Number of Health Graduates","2015","2015","01","1","01","Private sector","402","Radiography and Radiation Therapy","Number","3"
"HGO14C01","Number of Health Graduates","2015","2015","01","1","01","Private sector","702","Social Care","Number","738"
"HGO14C01","Number of Health Graduates","2015","2015","01","1","01","Private sector","701","Social Work","Number","33"
"HGO14C01","Number of Health Graduates","2015","2015","01","1","01","Private sector","10","Speech and Language Therapy","Number","27"
"HGO14C01","Number of Health Graduates","2015","2015","01","1","01","Private sector","V52","Dietetics, Optometry and Podiatry","Number","30"
"HGO14C01","Number of Health Graduates","2015","2015","01","1","02","Public sector","201","Dentistry","Number","6"
"HGO14C01","Number of Health Graduates","2015","2015","01","1","02","Public sector","401","Medical Science","Number","60"
"HGO14C01","Number of Health Graduates","2015","2015","01","1","02","Public sector","202","Medicine","Number","564"
"HGO14C01","Number of Health Graduates","2015","2015","01","1","02","Public sector","30","Nursing and Midwifery","Number","909"
"HGO14C01","Number of Health Graduates","2015","2015","01","1","02","Public sector","501","Occupational Therapy","Number","48"
"HGO14C01","Number of Health Graduates","2015","2015","01","1","02","Public sector","60","Pharmacy","Number",""
"HGO14C01","Number of Health Graduates","2015","2015","01","1","02","Public sector","504","Physiotherapy","Number","45"
"HGO14C01","Number of Health Graduates","2015","2015","01","1","02","Public sector","402","Radiography and Radiation Therapy","Number","51"
"HGO14C01","Number of Health Graduates","2015","2015","01","1","02","Public sector","702","Social Care","Number","135"
"HGO14C01","Number of Health Graduates","2015","2015","01","1","02","Public sector","701","Social Work","Number","105"
"HGO14C01","Number of Health Graduates","2015","2015","01","1","02","Public sector","10","Speech and Language Therapy","Number","45"
"HGO14C01","Number of Health Graduates","2015","2015","01","1","02","Public sector","V52","Dietetics, Optometry and Podiatry","Number","21"
"HGO14C01","Number of Health Graduates","2015","2015","01","1","-","All sectors","201","Dentistry","Number","9"
"HGO14C01","Number of Health Graduates","2015","2015","01","1","-","All sectors","401","Medical Science","Number","87"
"HGO14C01","Number of Health Graduates","2015","2015","01","1","-","All sectors","202","Medicine","Number","594"
"HGO14C01","Number of Health Graduates","2015","2015","01","1","-","All sectors","30","Nursing and Midwifery","Number","1125"
"HGO14C01","Number of Health Graduates","2015","2015","01","1","-","All sectors","501","Occupational Therapy","Number","87"
"HGO14C01","Number of Health Graduates","2015","2015","01","1","-","All sectors","60","Pharmacy","Number",""
"HGO14C01","Number of Health Graduates","2015","2015","01","1","-","All sectors","504","Physiotherapy","Number","99"
"HGO14C01","Number of Health Graduates","2015","2015","01","1","-","All sectors","402","Radiography and Radiation Therapy","Number","54"
"HGO14C01","Number of Health Graduates","2015","2015","01","1","-","All sectors","702","Social Care","Number","873"
"HGO14C01","Number of Health Graduates","2015","2015","01","1","-","All sectors","701","Social Work","Number","138"
"HGO14C01","Number of Health Graduates","2015","2015","01","1","-","All sectors","10","Speech and Language Therapy","Number","72"
"HGO14C01","Number of Health Graduates","2015","2015","01","1","-","All sectors","V52","Dietetics, Optometry and Podiatry","Number","51"
"HGO14C01","Number of Health Graduates","2015","2015","02","2","01","Private sector","201","Dentistry","Number","3"
"HGO14C01","Number of Health Graduates","2015","2015","02","2","01","Private sector","401","Medical Science","Number","21"
"HGO14C01","Number of Health Graduates","2015","2015","02","2","01","Private sector","202","Medicine","Number","51"
"HGO14C01","Number of Health Graduates","2015","2015","02","2","01","Private sector","30","Nursing and Midwifery","Number","276"
"HGO14C01","Number of Health Graduates","2015","2015","02","2","01","Private sector","501","Occupational Therapy","Number","24"
"HGO14C01","Number of Health Graduates","2015","2015","02","2","01","Private sector","60","Pharmacy","Number",""
"HGO14C01","Number of Health Graduates","2015","2015","02","2","01","Private sector","504","Physiotherapy","Number","48"
"HGO14C01","Number of Health Graduates","2015","2015","02","2","01","Private sector","402","Radiography and Radiation Therapy","Number","6"
"HGO14C01","Number of Health Graduates","2015","2015","02","2","01","Private sector","702","Social Care","Number","681"
"HGO14C01","Number of Health Graduates","2015","2015","02","2","01","Private sector","701","Social Work","Number","21"
"HGO14C01","Number of Health Graduates","2015","2015","02","2","01","Private sector","10","Speech and Language Therapy","Number","12"
"HGO14C01","Number of Health Graduates","2015","2015","02","2","01","Private sector","V52","Dietetics, Optometry and Podiatry","Number","24"
"HGO14C01","Number of Health Graduates","2015","2015","02","2","02","Public sector","201","Dentistry","Number","6"
"HGO14C01","Number of Health Graduates","2015","2015","02","2","02","Public sector","401","Medical Science","Number","60"
"HGO14C01","Number of Health Graduates","2015","2015","02","2","02","Public sector","202","Medicine","Number","396"
"HGO14C01","Number of Health Graduates","2015","2015","02","2","02","Public sector","30","Nursing and Midwifery","Number","771"
"HGO14C01","Number of Health Graduates","2015","2015","02","2","02","Public sector","501","Occupational Therapy","Number","57"
"HGO14C01","Number of Health Graduates","2015","2015","02","2","02","Public sector","60","Pharmacy","Number",""
"HGO14C01","Number of Health Graduates","2015","2015","02","2","02","Public sector","504","Physiotherapy","Number","45"
"HGO14C01","Number of Health Graduates","2015","2015","02","2","02","Public sector","402","Radiography and Radiation Therapy","Number","45"
"HGO14C01","Number of Health Graduates","2015","2015","02","2","02","Public sector","702","Social Care","Number","240"
"HGO14C01","Number of Health Graduates","2015","2015","02","2","02","Public sector","701","Social Work","Number","111"
"HGO14C01","Number of Health Graduates","2015","2015","02","2","02","Public sector","10","Speech and Language Therapy","Number","63"
"HGO14C01","Number of Health Graduates","2015","2015","02","2","02","Public sector","V52","Dietetics, Optometry and Podiatry","Number","24"
"HGO14C01","Number of Health Graduates","2015","2015","02","2","-","All sectors","201","Dentistry","Number","9"
"HGO14C01","Number of Health Graduates","2015","2015","02","2","-","All sectors","401","Medical Science","Number","81"
"HGO14C01","Number of Health Graduates","2015","2015","02","2","-","All sectors","202","Medicine","Number","447"
"HGO14C01","Number of Health Graduates","2015","2015","02","2","-","All sectors","30","Nursing and Midwifery","Number","1044"
"HGO14C01","Number of Health Graduates","2015","2015","02","2","-","All sectors","501","Occupational Therapy","Number","81"
"HGO14C01","Number of Health Graduates","2015","2015","02","2","-","All sectors","60","Pharmacy","Number",""
"HGO14C01","Number of Health Graduates","2015","2015","02","2","-","All sectors","504","Physiotherapy","Number","93"
"HGO14C01","Number of Health Graduates","2015","2015","02","2","-","All sectors","402","Radiography and Radiation Therapy","Number","51"
"HGO14C01","Number of Health Graduates","2015","2015","02","2","-","All sectors","702","Social Care","Number","921"
"HGO14C01","Number of Health Graduates","2015","2015","02","2","-","All sectors","701","Social Work","Number","132"
"HGO14C01","Number of Health Graduates","2015","2015","02","2","-","All sectors","10","Speech and Language Therapy","Number","75"
"HGO14C01","Number of Health Graduates","2015","2015","02","2","-","All sectors","V52","Dietetics, Optometry and Podiatry","Number","45"
"HGO14C01","Number of Health Graduates","2015","2015","03","3","01","Private sector","201","Dentistry","Number","3"
"HGO14C01","Number of Health Graduates","2015","2015","03","3","01","Private sector","401","Medical Science","Number","12"
"HGO14C01","Number of Health Graduates","2015","2015","03","3","01","Private sector","202","Medicine","Number","30"
"HGO14C01","Number of Health Graduates","2015","2015","03","3","01","Private sector","30","Nursing and Midwifery","Number","270"
"HGO14C01","Number of Health Graduates","2015","2015","03","3","01","Private sector","501","Occupational Therapy","Number","24"
"HGO14C01","Number of Health Graduates","2015","2015","03","3","01","Private sector","60","Pharmacy","Number",""
"HGO14C01","Number of Health Graduates","2015","2015","03","3","01","Private sector","504","Physiotherapy","Number","33"
"HGO14C01","Number of Health Graduates","2015","2015","03","3","01","Private sector","402","Radiography and Radiation Therapy","Number","9"
"HGO14C01","Number of Health Graduates","2015","2015","03","3","01","Private sector","702","Social Care","Number","651"
"HGO14C01","Number of Health Graduates","2015","2015","03","3","01","Private sector","701","Social Work","Number","24"
"HGO14C01","Number of Health Graduates","2015","2015","03","3","01","Private sector","10","Speech and Language Therapy","Number","9"
"HGO14C01","Number of Health Graduates","2015","2015","03","3","01","Private sector","V52","Dietetics, Optometry and Podiatry","Number","27"
"HGO14C01","Number of Health Graduates","2015","2015","03","3","02","Public sector","201","Dentistry","Number","6"
"HGO14C01","Number of Health Graduates","2015","2015","03","3","02","Public sector","401","Medical Science","Number","63"
"HGO14C01","Number of Health Graduates","2015","2015","03","3","02","Public sector","202","Medicine","Number","447"
"HGO14C01","Number of Health Graduates","2015","2015","03","3","02","Public sector","30","Nursing and Midwifery","Number","690"
"HGO14C01","Number of Health Graduates","2015","2015","03","3","02","Public sector","501","Occupational Therapy","Number","63"
"HGO14C01","Number of Health Graduates","2015","2015","03","3","02","Public sector","60","Pharmacy","Number",""
"HGO14C01","Number of Health Graduates","2015","2015","03","3","02","Public sector","504","Physiotherapy","Number","51"
"HGO14C01","Number of Health Graduates","2015","2015","03","3","02","Public sector","402","Radiography and Radiation Therapy","Number","33"
"HGO14C01","Number of Health Graduates","2015","2015","03","3","02","Public sector","702","Social Care","Number","264"
"HGO14C01","Number of Health Graduates","2015","2015","03","3","02","Public sector","701","Social Work","Number","108"
"HGO14C01","Number of Health Graduates","2015","2015","03","3","02","Public sector","10","Speech and Language Therapy","Number","63"
"HGO14C01","Number of Health Graduates","2015","2015","03","3","02","Public sector","V52","Dietetics, Optometry and Podiatry","Number","21"
"HGO14C01","Number of Health Graduates","2015","2015","03","3","-","All sectors","201","Dentistry","Number","9"
"HGO14C01","Number of Health Graduates","2015","2015","03","3","-","All sectors","401","Medical Science","Number","75"
"HGO14C01","Number of Health Graduates","2015","2015","03","3","-","All sectors","202","Medicine","Number","477"
"HGO14C01","Number of Health Graduates","2015","2015","03","3","-","All sectors","30","Nursing and Midwifery","Number","960"
"HGO14C01","Number of Health Graduates","2015","2015","03","3","-","All sectors","501","Occupational Therapy","Number","87"
"HGO14C01","Number of Health Graduates","2015","2015","03","3","-","All sectors","60","Pharmacy","Number",""
"HGO14C01","Number of Health Graduates","2015","2015","03","3","-","All sectors","504","Physiotherapy","Number","84"
"HGO14C01","Number of Health Graduates","2015","2015","03","3","-","All sectors","402","Radiography and Radiation Therapy","Number","45"
"HGO14C01","Number of Health Graduates","2015","2015","03","3","-","All sectors","702","Social Care","Number","915"
"HGO14C01","Number of Health Graduates","2015","2015","03","3","-","All sectors","701","Social Work","Number","132"
"HGO14C01","Number of Health Graduates","2015","2015","03","3","-","All sectors","10","Speech and Language Therapy","Number","72"
"HGO14C01","Number of Health Graduates","2015","2015","03","3","-","All sectors","V52","Dietetics, Optometry and Podiatry","Number","45"
"HGO14C01","Number of Health Graduates","2015","2015","04","4","01","Private sector","201","Dentistry","Number",""
"HGO14C01","Number of Health Graduates","2015","2015","04","4","01","Private sector","401","Medical Science","Number","12"
"HGO14C01","Number of Health Graduates","2015","2015","04","4","01","Private sector","202","Medicine","Number","39"
"HGO14C01","Number of Health Graduates","2015","2015","04","4","01","Private sector","30","Nursing and Midwifery","Number","291"
"HGO14C01","Number of Health Graduates","2015","2015","04","4","01","Private sector","501","Occupational Therapy","Number","21"
"HGO14C01","Number of Health Graduates","2015","2015","04","4","01","Private sector","60","Pharmacy","Number",""
"HGO14C01","Number of Health Graduates","2015","2015","04","4","01","Private sector","504","Physiotherapy","Number","30"
"HGO14C01","Number of Health Graduates","2015","2015","04","4","01","Private sector","402","Radiography and Radiation Therapy","Number","12"
"HGO14C01","Number of Health Graduates","2015","2015","04","4","01","Private sector","702","Social Care","Number","612"
"HGO14C01","Number of Health Graduates","2015","2015","04","4","01","Private sector","701","Social Work","Number","24"
"HGO14C01","Number of Health Graduates","2015","2015","04","4","01","Private sector","10","Speech and Language Therapy","Number","9"
"HGO14C01","Number of Health Graduates","2015","2015","04","4","01","Private sector","V52","Dietetics, Optometry and Podiatry","Number","27"
"HGO14C01","Number of Health Graduates","2015","2015","04","4","02","Public sector","201","Dentistry","Number","6"
"HGO14C01","Number of Health Graduates","2015","2015","04","4","02","Public sector","401","Medical Science","Number","66"
"HGO14C01","Number of Health Graduates","2015","2015","04","4","02","Public sector","202","Medicine","Number","453"
"HGO14C01","Number of Health Graduates","2015","2015","04","4","02","Public sector","30","Nursing and Midwifery","Number","663"
"HGO14C01","Number of Health Graduates","2015","2015","04","4","02","Public sector","501","Occupational Therapy","Number","63"
"HGO14C01","Number of Health Graduates","2015","2015","04","4","02","Public sector","60","Pharmacy","Number",""
"HGO14C01","Number of Health Graduates","2015","2015","04","4","02","Public sector","504","Physiotherapy","Number","60"
"HGO14C01","Number of Health Graduates","2015","2015","04","4","02","Public sector","402","Radiography and Radiation Therapy","Number","36"
"HGO14C01","Number of Health Graduates","2015","2015","04","4","02","Public sector","702","Social Care","Number","294"
"HGO14C01","Number of Health Graduates","2015","2015","04","4","02","Public sector","701","Social Work","Number","105"
"HGO14C01","Number of Health Graduates","2015","2015","04","4","02","Public sector","10","Speech and Language Therapy","Number","60"
"HGO14C01","Number of Health Graduates","2015","2015","04","4","02","Public sector","V52","Dietetics, Optometry and Podiatry","Number","21"
"HGO14C01","Number of Health Graduates","2015","2015","04","4","-","All sectors","201","Dentistry","Number","9"
"HGO14C01","Number of Health Graduates","2015","2015","04","4","-","All sectors","401","Medical Science","Number","78"
"HGO14C01","Number of Health Graduates","2015","2015","04","4","-","All sectors","202","Medicine","Number","492"
"HGO14C01","Number of Health Graduates","2015","2015","04","4","-","All sectors","30","Nursing and Midwifery","Number","951"
"HGO14C01","Number of Health Graduates","2015","2015","04","4","-","All sectors","501","Occupational Therapy","Number","84"
"HGO14C01","Number of Health Graduates","2015","2015","04","4","-","All sectors","60","Pharmacy","Number",""
"HGO14C01","Number of Health Graduates","2015","2015","04","4","-","All sectors","504","Physiotherapy","Number","90"
"HGO14C01","Number of Health Graduates","2015","2015","04","4","-","All sectors","402","Radiography and Radiation Therapy","Number","45"
"HGO14C01","Number of Health Graduates","2015","2015","04","4","-","All sectors","702","Social Care","Number","903"
"HGO14C01","Number of Health Graduates","2015","2015","04","4","-","All sectors","701","Social Work","Number","126"
"HGO14C01","Number of Health Graduates","2015","2015","04","4","-","All sectors","10","Speech and Language Therapy","Number","69"
"HGO14C01","Number of Health Graduates","2015","2015","04","4","-","All sectors","V52","Dietetics, Optometry and Podiatry","Number","48"
"HGO14C01","Number of Health Graduates","2015","2015","05","5","01","Private sector","201","Dentistry","Number",""
"HGO14C01","Number of Health Graduates","2015","2015","05","5","01","Private sector","401","Medical Science","Number","15"
"HGO14C01","Number of Health Graduates","2015","2015","05","5","01","Private sector","202","Medicine","Number","36"
"HGO14C01","Number of Health Graduates","2015","2015","05","5","01","Private sector","30","Nursing and Midwifery","Number","291"
"HGO14C01","Number of Health Graduates","2015","2015","05","5","01","Private sector","501","Occupational Therapy","Number","18"
"HGO14C01","Number of Health Graduates","2015","2015","05","5","01","Private sector","60","Pharmacy","Number",""
"HGO14C01","Number of Health Graduates","2015","2015","05","5","01","Private sector","504","Physiotherapy","Number","30"
"HGO14C01","Number of Health Graduates","2015","2015","05","5","01","Private sector","402","Radiography and Radiation Therapy","Number","9"
"HGO14C01","Number of Health Graduates","2015","2015","05","5","01","Private sector","702","Social Care","Number","564"
"HGO14C01","Number of Health Graduates","2015","2015","05","5","01","Private sector","701","Social Work","Number","21"
"HGO14C01","Number of Health Graduates","2015","2015","05","5","01","Private sector","10","Speech and Language Therapy","Number","6"
"HGO14C01","Number of Health Graduates","2015","2015","05","5","01","Private sector","V52","Dietetics, Optometry and Podiatry","Number","24"
"HGO14C01","Number of Health Graduates","2015","2015","05","5","02","Public sector","201","Dentistry","Number","6"
"HGO14C01","Number of Health Graduates","2015","2015","05","5","02","Public sector","401","Medical Science","Number","60"
"HGO14C01","Number of Health Graduates","2015","2015","05","5","02","Public sector","202","Medicine","Number","447"
"HGO14C01","Number of Health Graduates","2015","2015","05","5","02","Public sector","30","Nursing and Midwifery","Number","639"
"HGO14C01","Number of Health Graduates","2015","2015","05","5","02","Public sector","501","Occupational Therapy","Number","63"
"HGO14C01","Number of Health Graduates","2015","2015","05","5","02","Public sector","60","Pharmacy","Number",""
"HGO14C01","Number of Health Graduates","2015","2015","05","5","02","Public sector","504","Physiotherapy","Number","57"
"HGO14C01","Number of Health Graduates","2015","2015","05","5","02","Public sector","402","Radiography and Radiation Therapy","Number","33"
"HGO14C01","Number of Health Graduates","2015","2015","05","5","02","Public sector","702","Social Care","Number","336"
"HGO14C01","Number of Health Graduates","2015","2015","05","5","02","Public sector","701","Social Work","Number","102"
"HGO14C01","Number of Health Graduates","2015","2015","05","5","02","Public sector","10","Speech and Language Therapy","Number","60"
"HGO14C01","Number of Health Graduates","2015","2015","05","5","02","Public sector","V52","Dietetics, Optometry and Podiatry","Number","18"
"HGO14C01","Number of Health Graduates","2015","2015","05","5","-","All sectors","201","Dentistry","Number","6"
"HGO14C01","Number of Health Graduates","2015","2015","05","5","-","All sectors","401","Medical Science","Number","75"
"HGO14C01","Number of Health Graduates","2015","2015","05","5","-","All sectors","202","Medicine","Number","483"
"HGO14C01","Number of Health Graduates","2015","2015","05","5","-","All sectors","30","Nursing and Midwifery","Number","930"
"HGO14C01","Number of Health Graduates","2015","2015","05","5","-","All sectors","501","Occupational Therapy","Number","81"
"HGO14C01","Number of Health Graduates","2015","2015","05","5","-","All sectors","60","Pharmacy","Number",""
"HGO14C01","Number of Health Graduates","2015","2015","05","5","-","All sectors","504","Physiotherapy","Number","87"
"HGO14C01","Number of Health Graduates","2015","2015","05","5","-","All sectors","402","Radiography and Radiation Therapy","Number","42"
"HGO14C01","Number of Health Graduates","2015","2015","05","5","-","All sectors","702","Social Care","Number","900"
"HGO14C01","Number of Health Graduates","2015","2015","05","5","-","All sectors","701","Social Work","Number","123"
"HGO14C01","Number of Health Graduates","2015","2015","05","5","-","All sectors","10","Speech and Language Therapy","Number","69"
"HGO14C01","Number of Health Graduates","2015","2015","05","5","-","All sectors","V52","Dietetics, Optometry and Podiatry","Number","42"
"HGO14C01","Number of Health Graduates","2015","2015","06","6","01","Private sector","201","Dentistry","Number","6"
"HGO14C01","Number of Health Graduates","2015","2015","06","6","01","Private sector","401","Medical Science","Number","15"
"HGO14C01","Number of Health Graduates","2015","2015","06","6","01","Private sector","202","Medicine","Number","69"
"HGO14C01","Number of Health Graduates","2015","2015","06","6","01","Private sector","30","Nursing and Midwifery","Number","270"
"HGO14C01","Number of Health Graduates","2015","2015","06","6","01","Private sector","501","Occupational Therapy","Number","21"
"HGO14C01","Number of Health Graduates","2015","2015","06","6","01","Private sector","60","Pharmacy","Number",""
"HGO14C01","Number of Health Graduates","2015","2015","06","6","01","Private sector","504","Physiotherapy","Number","36"
"HGO14C01","Number of Health Graduates","2015","2015","06","6","01","Private sector","402","Radiography and Radiation Therapy","Number","12"
"HGO14C01","Number of Health Graduates","2015","2015","06","6","01","Private sector","702","Social Care","Number","537"
"HGO14C01","Number of Health Graduates","2015","2015","06","6","01","Private sector","701","Social Work","Number","15"
"HGO14C01","Number of Health Graduates","2015","2015","06","6","01","Private sector","10","Speech and Language Therapy","Number","12"
"HGO14C01","Number of Health Graduates","2015","2015","06","6","01","Private sector","V52","Dietetics, Optometry and Podiatry","Number","24"
"HGO14C01","Number of Health Graduates","2015","2015","06","6","02","Public sector","201","Dentistry","Number","6"
"HGO14C01","Number of Health Graduates","2015","2015","06","6","02","Public sector","401","Medical Science","Number","66"
"HGO14C01","Number of Health Graduates","2015","2015","06","6","02","Public sector","202","Medicine","Number","435"
"HGO14C01","Number of Health Graduates","2015","2015","06","6","02","Public sector","30","Nursing and Midwifery","Number","711"
"HGO14C01","Number of Health Graduates","2015","2015","06","6","02","Public sector","501","Occupational Therapy","Number","63"
"HGO14C01","Number of Health Graduates","2015","2015","06","6","02","Public sector","60","Pharmacy","Number",""
"HGO14C01","Number of Health Graduates","2015","2015","06","6","02","Public sector","504","Physiotherapy","Number","63"
"HGO14C01","Number of Health Graduates","2015","2015","06","6","02","Public sector","402","Radiography and Radiation Therapy","Number","33"
"HGO14C01","Number of Health Graduates","2015","2015","06","6","02","Public sector","702","Social Care","Number","369"
"HGO14C01","Number of Health Graduates","2015","2015","06","6","02","Public sector","701","Social Work","Number","111"
"HGO14C01","Number of Health Graduates","2015","2015","06","6","02","Public sector","10","Speech and Language Therapy","Number","63"
"HGO14C01","Number of Health Graduates","2015","2015","06","6","02","Public sector","V52","Dietetics, Optometry and Podiatry","Number","24"
"HGO14C01","Number of Health Graduates","2015","2015","06","6","-","All sectors","201","Dentistry","Number","12"
"HGO14C01","Number of Health Graduates","2015","2015","06","6","-","All sectors","401","Medical Science","Number","81"
"HGO14C01","Number of Health Graduates","2015","2015","06","6","-","All sectors","202","Medicine","Number","504"
"HGO14C01","Number of Health Graduates","2015","2015","06","6","-","All sectors","30","Nursing and Midwifery","Number","981"
"HGO14C01","Number of Health Graduates","2015","2015","06","6","-","All sectors","501","Occupational Therapy","Number","84"
"HGO14C01","Number of Health Graduates","2015","2015","06","6","-","All sectors","60","Pharmacy","Number",""
"HGO14C01","Number of Health Graduates","2015","2015","06","6","-","All sectors","504","Physiotherapy","Number","99"
"HGO14C01","Number of Health Graduates","2015","2015","06","6","-","All sectors","402","Radiography and Radiation Therapy","Number","45"
"HGO14C01","Number of Health Graduates","2015","2015","06","6","-","All sectors","702","Social Care","Number","906"
"HGO14C01","Number of Health Graduates","2015","2015","06","6","-","All sectors","701","Social Work","Number","126"
"HGO14C01","Number of Health Graduates","2015","2015","06","6","-","All sectors","10","Speech and Language Therapy","Number","72"
"HGO14C01","Number of Health Graduates","2015","2015","06","6","-","All sectors","V52","Dietetics, Optometry and Podiatry","Number","48"
"HGO14C01","Number of Health Graduates","2015","2015","07","7","01","Private sector","201","Dentistry","Number","6"
"HGO14C01","Number of Health Graduates","2015","2015","07","7","01","Private sector","401","Medical Science","Number","18"
"HGO14C01","Number of Health Graduates","2015","2015","07","7","01","Private sector","202","Medicine","Number","87"
"HGO14C01","Number of Health Graduates","2015","2015","07","7","01","Private sector","30","Nursing and Midwifery","Number","288"
"HGO14C01","Number of Health Graduates","2015","2015","07","7","01","Private sector","501","Occupational Therapy","Number","18"
"HGO14C01","Number of Health Graduates","2015","2015","07","7","01","Private sector","60","Pharmacy","Number",""
"HGO14C01","Number of Health Graduates","2015","2015","07","7","01","Private sector","504","Physiotherapy","Number","36"
"HGO14C01","Number of Health Graduates","2015","2015","07","7","01","Private sector","402","Radiography and Radiation Therapy","Number","12"
"HGO14C01","Number of Health Graduates","2015","2015","07","7","01","Private sector","702","Social Care","Number","534"
"HGO14C01","Number of Health Graduates","2015","2015","07","7","01","Private sector","701","Social Work","Number","24"
"HGO14C01","Number of Health Graduates","2015","2015","07","7","01","Private sector","10","Speech and Language Therapy","Number","18"
"HGO14C01","Number of Health Graduates","2015","2015","07","7","01","Private sector","V52","Dietetics, Optometry and Podiatry","Number","21"
"HGO14C01","Number of Health Graduates","2015","2015","07","7","02","Public sector","201","Dentistry","Number","6"
"HGO14C01","Number of Health Graduates","2015","2015","07","7","02","Public sector","401","Medical Science","Number","66"
"HGO14C01","Number of Health Graduates","2015","2015","07","7","02","Public sector","202","Medicine","Number","408"
"HGO14C01","Number of Health Graduates","2015","2015","07","7","02","Public sector","30","Nursing and Midwifery","Number","708"
"HGO14C01","Number of Health Graduates","2015","2015","07","7","02","Public sector","501","Occupational Therapy","Number","69"
"HGO14C01","Number of Health Graduates","2015","2015","07","7","02","Public sector","60","Pharmacy","Number",""
"HGO14C01","Number of Health Graduates","2015","2015","07","7","02","Public sector","504","Physiotherapy","Number","57"
"HGO14C01","Number of Health Graduates","2015","2015","07","7","02","Public sector","402","Radiography and Radiation Therapy","Number","33"
"HGO14C01","Number of Health Graduates","2015","2015","07","7","02","Public sector","702","Social Care","Number","378"
"HGO14C01","Number of Health Graduates","2015","2015","07","7","02","Public sector","701","Social Work","Number","105"
"HGO14C01","Number of Health Graduates","2015","2015","07","7","02","Public sector","10","Speech and Language Therapy","Number","57"
"HGO14C01","Number of Health Graduates","2015","2015","07","7","02","Public sector","V52","Dietetics, Optometry and Podiatry","Number","27"
"HGO14C01","Number of Health Graduates","2015","2015","07","7","-","All sectors","201","Dentistry","Number","12"
"HGO14C01","Number of Health Graduates","2015","2015","07","7","-","All sectors","401","Medical Science","Number","81"
"HGO14C01","Number of Health Graduates","2015","2015","07","7","-","All sectors","202","Medicine","Number","492"
"HGO14C01","Number of Health Graduates","2015","2015","07","7","-","All sectors","30","Nursing and Midwifery","Number","996"
"HGO14C01","Number of Health Graduates","2015","2015","07","7","-","All sectors","501","Occupational Therapy","Number","84"
"HGO14C01","Number of Health Graduates","2015","2015","07","7","-","All sectors","60","Pharmacy","Number",""
"HGO14C01","Number of Health Graduates","2015","2015","07","7","-","All sectors","504","Physiotherapy","Number","96"
"HGO14C01","Number of Health Graduates","2015","2015","07","7","-","All sectors","402","Radiography and Radiation Therapy","Number","45"
"HGO14C01","Number of Health Graduates","2015","2015","07","7","-","All sectors","702","Social Care","Number","912"
"HGO14C01","Number of Health Graduates","2015","2015","07","7","-","All sectors","701","Social Work","Number","126"
"HGO14C01","Number of Health Graduates","2015","2015","07","7","-","All sectors","10","Speech and Language Therapy","Number","75"
"HGO14C01","Number of Health Graduates","2015","2015","07","7","-","All sectors","V52","Dietetics, Optometry and Podiatry","Number","48"
"HGO14C01","Number of Health Graduates","2015","2015","08","8","01","Private sector","201","Dentistry","Number","3"
"HGO14C01","Number of Health Graduates","2015","2015","08","8","01","Private sector","401","Medical Science","Number","18"
"HGO14C01","Number of Health Graduates","2015","2015","08","8","01","Private sector","202","Medicine","Number","102"
"HGO14C01","Number of Health Graduates","2015","2015","08","8","01","Private sector","30","Nursing and Midwifery","Number","288"
"HGO14C01","Number of Health Graduates","2015","2015","08","8","01","Private sector","501","Occupational Therapy","Number","12"
"HGO14C01","Number of Health Graduates","2015","2015","08","8","01","Private sector","60","Pharmacy","Number",""
"HGO14C01","Number of Health Graduates","2015","2015","08","8","01","Private sector","504","Physiotherapy","Number","36"
"HGO14C01","Number of Health Graduates","2015","2015","08","8","01","Private sector","402","Radiography and Radiation Therapy","Number","12"
"HGO14C01","Number of Health Graduates","2015","2015","08","8","01","Private sector","702","Social Care","Number","513"
"HGO14C01","Number of Health Graduates","2015","2015","08","8","01","Private sector","701","Social Work","Number","24"
"HGO14C01","Number of Health Graduates","2015","2015","08","8","01","Private sector","10","Speech and Language Therapy","Number","15"
"HGO14C01","Number of Health Graduates","2015","2015","08","8","01","Private sector","V52","Dietetics, Optometry and Podiatry","Number","21"
"HGO14C01","Number of Health Graduates","2015","2015","08","8","02","Public sector","201","Dentistry","Number","9"
"HGO14C01","Number of Health Graduates","2015","2015","08","8","02","Public sector","401","Medical Science","Number","63"
"HGO14C01","Number of Health Graduates","2015","2015","08","8","02","Public sector","202","Medicine","Number","375"
"HGO14C01","Number of Health Graduates","2015","2015","08","8","02","Public sector","30","Nursing and Midwifery","Number","699"
"HGO14C01","Number of Health Graduates","2015","2015","08","8","02","Public sector","501","Occupational Therapy","Number","72"
"HGO14C01","Number of Health Graduates","2015","2015","08","8","02","Public sector","60","Pharmacy","Number",""
"HGO14C01","Number of Health Graduates","2015","2015","08","8","02","Public sector","504","Physiotherapy","Number","57"
"HGO14C01","Number of Health Graduates","2015","2015","08","8","02","Public sector","402","Radiography and Radiation Therapy","Number","33"
"HGO14C01","Number of Health Graduates","2015","2015","08","8","02","Public sector","702","Social Care","Number","390"
"HGO14C01","Number of Health Graduates","2015","2015","08","8","02","Public sector","701","Social Work","Number","102"
"HGO14C01","Number of Health Graduates","2015","2015","08","8","02","Public sector","10","Speech and Language Therapy","Number","60"
"HGO14C01","Number of Health Graduates","2015","2015","08","8","02","Public sector","V52","Dietetics, Optometry and Podiatry","Number","30"
"HGO14C01","Number of Health Graduates","2015","2015","08","8","-","All sectors","201","Dentistry","Number","12"
"HGO14C01","Number of Health Graduates","2015","2015","08","8","-","All sectors","401","Medical Science","Number","81"
"HGO14C01","Number of Health Graduates","2015","2015","08","8","-","All sectors","202","Medicine","Number","477"
"HGO14C01","Number of Health Graduates","2015","2015","08","8","-","All sectors","30","Nursing and Midwifery","Number","990"
"HGO14C01","Number of Health Graduates","2015","2015","08","8","-","All sectors","501","Occupational Therapy","Number","84"
"HGO14C01","Number of Health Graduates","2015","2015","08","8","-","All sectors","60","Pharmacy","Number",""
"HGO14C01","Number of Health Graduates","2015","2015","08","8","-","All sectors","504","Physiotherapy","Number","93"
"HGO14C01","Number of Health Graduates","2015","2015","08","8","-","All sectors","402","Radiography and Radiation Therapy","Number","42"
"HGO14C01","Number of Health Graduates","2015","2015","08","8","-","All sectors","702","Social Care","Number","903"
"HGO14C01","Number of Health Graduates","2015","2015","08","8","-","All sectors","701","Social Work","Number","129"
"HGO14C01","Number of Health Graduates","2015","2015","08","8","-","All sectors","10","Speech and Language Therapy","Number","75"
"HGO14C01","Number of Health Graduates","2015","2015","08","8","-","All sectors","V52","Dietetics, Optometry and Podiatry","Number","51"
"HGO14C01","Number of Health Graduates","2015","2015","09","9","01","Private sector","201","Dentistry","Number",""
"HGO14C01","Number of Health Graduates","2015","2015","09","9","01","Private sector","401","Medical Science","Number",""
"HGO14C01","Number of Health Graduates","2015","2015","09","9","01","Private sector","202","Medicine","Number",""
"HGO14C01","Number of Health Graduates","2015","2015","09","9","01","Private sector","30","Nursing and Midwifery","Number",""
"HGO14C01","Number of Health Graduates","2015","2015","09","9","01","Private sector","501","Occupational Therapy","Number",""
"HGO14C01","Number of Health Graduates","2015","2015","09","9","01","Private sector","60","Pharmacy","Number",""
"HGO14C01","Number of Health Graduates","2015","2015","09","9","01","Private sector","504","Physiotherapy","Number",""
"HGO14C01","Number of Health Graduates","2015","2015","09","9","01","Private sector","402","Radiography and Radiation Therapy","Number",""
"HGO14C01","Number of Health Graduates","2015","2015","09","9","01","Private sector","702","Social Care","Number",""
"HGO14C01","Number of Health Graduates","2015","2015","09","9","01","Private sector","701","Social Work","Number",""
"HGO14C01","Number of Health Graduates","2015","2015","09","9","01","Private sector","10","Speech and Language Therapy","Number",""
"HGO14C01","Number of Health Graduates","2015","2015","09","9","01","Private sector","V52","Dietetics, Optometry and Podiatry","Number",""
"HGO14C01","Number of Health Graduates","2015","2015","09","9","02","Public sector","201","Dentistry","Number",""
"HGO14C01","Number of Health Graduates","2015","2015","09","9","02","Public sector","401","Medical Science","Number",""
"HGO14C01","Number of Health Graduates","2015","2015","09","9","02","Public sector","202","Medicine","Number",""
"HGO14C01","Number of Health Graduates","2015","2015","09","9","02","Public sector","30","Nursing and Midwifery","Number",""
"HGO14C01","Number of Health Graduates","2015","2015","09","9","02","Public sector","501","Occupational Therapy","Number",""
"HGO14C01","Number of Health Graduates","2015","2015","09","9","02","Public sector","60","Pharmacy","Number",""
"HGO14C01","Number of Health Graduates","2015","2015","09","9","02","Public sector","504","Physiotherapy","Number",""
"HGO14C01","Number of Health Graduates","2015","2015","09","9","02","Public sector","402","Radiography and Radiation Therapy","Number",""
"HGO14C01","Number of Health Graduates","2015","2015","09","9","02","Public sector","702","Social Care","Number",""
"HGO14C01","Number of Health Graduates","2015","2015","09","9","02","Public sector","701","Social Work","Number",""
"HGO14C01","Number of Health Graduates","2015","2015","09","9","02","Public sector","10","Speech and Language Therapy","Number",""
"HGO14C01","Number of Health Graduates","2015","2015","09","9","02","Public sector","V52","Dietetics, Optometry and Podiatry","Number",""
"HGO14C01","Number of Health Graduates","2015","2015","09","9","-","All sectors","201","Dentistry","Number",""
"HGO14C01","Number of Health Graduates","2015","2015","09","9","-","All sectors","401","Medical Science","Number",""
"HGO14C01","Number of Health Graduates","2015","2015","09","9","-","All sectors","202","Medicine","Number",""
"HGO14C01","Number of Health Graduates","2015","2015","09","9","-","All sectors","30","Nursing and Midwifery","Number",""
"HGO14C01","Number of Health Graduates","2015","2015","09","9","-","All sectors","501","Occupational Therapy","Number",""
"HGO14C01","Number of Health Graduates","2015","2015","09","9","-","All sectors","60","Pharmacy","Number",""
"HGO14C01","Number of Health Graduates","2015","2015","09","9","-","All sectors","504","Physiotherapy","Number",""
"HGO14C01","Number of Health Graduates","2015","2015","09","9","-","All sectors","402","Radiography and Radiation Therapy","Number",""
"HGO14C01","Number of Health Graduates","2015","2015","09","9","-","All sectors","702","Social Care","Number",""
"HGO14C01","Number of Health Graduates","2015","2015","09","9","-","All sectors","701","Social Work","Number",""
"HGO14C01","Number of Health Graduates","2015","2015","09","9","-","All sectors","10","Speech and Language Therapy","Number",""
"HGO14C01","Number of Health Graduates","2015","2015","09","9","-","All sectors","V52","Dietetics, Optometry and Podiatry","Number",""
"HGO14C01","Number of Health Graduates","2015","2015","10","10","01","Private sector","201","Dentistry","Number",""
"HGO14C01","Number of Health Graduates","2015","2015","10","10","01","Private sector","401","Medical Science","Number",""
"HGO14C01","Number of Health Graduates","2015","2015","10","10","01","Private sector","202","Medicine","Number",""
"HGO14C01","Number of Health Graduates","2015","2015","10","10","01","Private sector","30","Nursing and Midwifery","Number",""
"HGO14C01","Number of Health Graduates","2015","2015","10","10","01","Private sector","501","Occupational Therapy","Number",""
"HGO14C01","Number of Health Graduates","2015","2015","10","10","01","Private sector","60","Pharmacy","Number",""
"HGO14C01","Number of Health Graduates","2015","2015","10","10","01","Private sector","504","Physiotherapy","Number",""
"HGO14C01","Number of Health Graduates","2015","2015","10","10","01","Private sector","402","Radiography and Radiation Therapy","Number",""
"HGO14C01","Number of Health Graduates","2015","2015","10","10","01","Private sector","702","Social Care","Number",""
"HGO14C01","Number of Health Graduates","2015","2015","10","10","01","Private sector","701","Social Work","Number",""
"HGO14C01","Number of Health Graduates","2015","2015","10","10","01","Private sector","10","Speech and Language Therapy","Number",""
"HGO14C01","Number of Health Graduates","2015","2015","10","10","01","Private sector","V52","Dietetics, Optometry and Podiatry","Number",""
"HGO14C01","Number of Health Graduates","2015","2015","10","10","02","Public sector","201","Dentistry","Number",""
"HGO14C01","Number of Health Graduates","2015","2015","10","10","02","Public sector","401","Medical Science","Number",""
"HGO14C01","Number of Health Graduates","2015","2015","10","10","02","Public sector","202","Medicine","Number",""
"HGO14C01","Number of Health Graduates","2015","2015","10","10","02","Public sector","30","Nursing and Midwifery","Number",""
"HGO14C01","Number of Health Graduates","2015","2015","10","10","02","Public sector","501","Occupational Therapy","Number",""
"HGO14C01","Number of Health Graduates","2015","2015","10","10","02","Public sector","60","Pharmacy","Number",""
"HGO14C01","Number of Health Graduates","2015","2015","10","10","02","Public sector","504","Physiotherapy","Number",""
"HGO14C01","Number of Health Graduates","2015","2015","10","10","02","Public sector","402","Radiography and Radiation Therapy","Number",""
"HGO14C01","Number of Health Graduates","2015","2015","10","10","02","Public sector","702","Social Care","Number",""
"HGO14C01","Number of Health Graduates","2015","2015","10","10","02","Public sector","701","Social Work","Number",""
"HGO14C01","Number of Health Graduates","2015","2015","10","10","02","Public sector","10","Speech and Language Therapy","Number",""
"HGO14C01","Number of Health Graduates","2015","2015","10","10","02","Public sector","V52","Dietetics, Optometry and Podiatry","Number",""
"HGO14C01","Number of Health Graduates","2015","2015","10","10","-","All sectors","201","Dentistry","Number",""
"HGO14C01","Number of Health Graduates","2015","2015","10","10","-","All sectors","401","Medical Science","Number",""
"HGO14C01","Number of Health Graduates","2015","2015","10","10","-","All sectors","202","Medicine","Number",""
"HGO14C01","Number of Health Graduates","2015","2015","10","10","-","All sectors","30","Nursing and Midwifery","Number",""
"HGO14C01","Number of Health Graduates","2015","2015","10","10","-","All sectors","501","Occupational Therapy","Number",""
"HGO14C01","Number of Health Graduates","2015","2015","10","10","-","All sectors","60","Pharmacy","Number",""
"HGO14C01","Number of Health Graduates","2015","2015","10","10","-","All sectors","504","Physiotherapy","Number",""
"HGO14C01","Number of Health Graduates","2015","2015","10","10","-","All sectors","402","Radiography and Radiation Therapy","Number",""
"HGO14C01","Number of Health Graduates","2015","2015","10","10","-","All sectors","702","Social Care","Number",""
"HGO14C01","Number of Health Graduates","2015","2015","10","10","-","All sectors","701","Social Work","Number",""
"HGO14C01","Number of Health Graduates","2015","2015","10","10","-","All sectors","10","Speech and Language Therapy","Number",""
"HGO14C01","Number of Health Graduates","2015","2015","10","10","-","All sectors","V52","Dietetics, Optometry and Podiatry","Number",""
"HGO14C01","Number of Health Graduates","2015","2015","11","11","01","Private sector","201","Dentistry","Number",""
"HGO14C01","Number of Health Graduates","2015","2015","11","11","01","Private sector","401","Medical Science","Number",""
"HGO14C01","Number of Health Graduates","2015","2015","11","11","01","Private sector","202","Medicine","Number",""
"HGO14C01","Number of Health Graduates","2015","2015","11","11","01","Private sector","30","Nursing and Midwifery","Number",""
"HGO14C01","Number of Health Graduates","2015","2015","11","11","01","Private sector","501","Occupational Therapy","Number",""
"HGO14C01","Number of Health Graduates","2015","2015","11","11","01","Private sector","60","Pharmacy","Number",""
"HGO14C01","Number of Health Graduates","2015","2015","11","11","01","Private sector","504","Physiotherapy","Number",""
"HGO14C01","Number of Health Graduates","2015","2015","11","11","01","Private sector","402","Radiography and Radiation Therapy","Number",""
"HGO14C01","Number of Health Graduates","2015","2015","11","11","01","Private sector","702","Social Care","Number",""
"HGO14C01","Number of Health Graduates","2015","2015","11","11","01","Private sector","701","Social Work","Number",""
"HGO14C01","Number of Health Graduates","2015","2015","11","11","01","Private sector","10","Speech and Language Therapy","Number",""
"HGO14C01","Number of Health Graduates","2015","2015","11","11","01","Private sector","V52","Dietetics, Optometry and Podiatry","Number",""
"HGO14C01","Number of Health Graduates","2015","2015","11","11","02","Public sector","201","Dentistry","Number",""
"HGO14C01","Number of Health Graduates","2015","2015","11","11","02","Public sector","401","Medical Science","Number",""
"HGO14C01","Number of Health Graduates","2015","2015","11","11","02","Public sector","202","Medicine","Number",""
"HGO14C01","Number of Health Graduates","2015","2015","11","11","02","Public sector","30","Nursing and Midwifery","Number",""
"HGO14C01","Number of Health Graduates","2015","2015","11","11","02","Public sector","501","Occupational Therapy","Number",""
"HGO14C01","Number of Health Graduates","2015","2015","11","11","02","Public sector","60","Pharmacy","Number",""
"HGO14C01","Number of Health Graduates","2015","2015","11","11","02","Public sector","504","Physiotherapy","Number",""
"HGO14C01","Number of Health Graduates","2015","2015","11","11","02","Public sector","402","Radiography and Radiation Therapy","Number",""
"HGO14C01","Number of Health Graduates","2015","2015","11","11","02","Public sector","702","Social Care","Number",""
"HGO14C01","Number of Health Graduates","2015","2015","11","11","02","Public sector","701","Social Work","Number",""
"HGO14C01","Number of Health Graduates","2015","2015","11","11","02","Public sector","10","Speech and Language Therapy","Number",""
"HGO14C01","Number of Health Graduates","2015","2015","11","11","02","Public sector","V52","Dietetics, Optometry and Podiatry","Number",""
"HGO14C01","Number of Health Graduates","2015","2015","11","11","-","All sectors","201","Dentistry","Number",""
"HGO14C01","Number of Health Graduates","2015","2015","11","11","-","All sectors","401","Medical Science","Number",""
"HGO14C01","Number of Health Graduates","2015","2015","11","11","-","All sectors","202","Medicine","Number",""
"HGO14C01","Number of Health Graduates","2015","2015","11","11","-","All sectors","30","Nursing and Midwifery","Number",""
"HGO14C01","Number of Health Graduates","2015","2015","11","11","-","All sectors","501","Occupational Therapy","Number",""
"HGO14C01","Number of Health Graduates","2015","2015","11","11","-","All sectors","60","Pharmacy","Number",""
"HGO14C01","Number of Health Graduates","2015","2015","11","11","-","All sectors","504","Physiotherapy","Number",""
"HGO14C01","Number of Health Graduates","2015","2015","11","11","-","All sectors","402","Radiography and Radiation Therapy","Number",""
"HGO14C01","Number of Health Graduates","2015","2015","11","11","-","All sectors","702","Social Care","Number",""
"HGO14C01","Number of Health Graduates","2015","2015","11","11","-","All sectors","701","Social Work","Number",""
"HGO14C01","Number of Health Graduates","2015","2015","11","11","-","All sectors","10","Speech and Language Therapy","Number",""
"HGO14C01","Number of Health Graduates","2015","2015","11","11","-","All sectors","V52","Dietetics, Optometry and Podiatry","Number",""
"HGO14C01","Number of Health Graduates","2015","2015","12","12","01","Private sector","201","Dentistry","Number",""
"HGO14C01","Number of Health Graduates","2015","2015","12","12","01","Private sector","401","Medical Science","Number",""
"HGO14C01","Number of Health Graduates","2015","2015","12","12","01","Private sector","202","Medicine","Number",""
"HGO14C01","Number of Health Graduates","2015","2015","12","12","01","Private sector","30","Nursing and Midwifery","Number",""
"HGO14C01","Number of Health Graduates","2015","2015","12","12","01","Private sector","501","Occupational Therapy","Number",""
"HGO14C01","Number of Health Graduates","2015","2015","12","12","01","Private sector","60","Pharmacy","Number",""
"HGO14C01","Number of Health Graduates","2015","2015","12","12","01","Private sector","504","Physiotherapy","Number",""
"HGO14C01","Number of Health Graduates","2015","2015","12","12","01","Private sector","402","Radiography and Radiation Therapy","Number",""
"HGO14C01","Number of Health Graduates","2015","2015","12","12","01","Private sector","702","Social Care","Number",""
"HGO14C01","Number of Health Graduates","2015","2015","12","12","01","Private sector","701","Social Work","Number",""
"HGO14C01","Number of Health Graduates","2015","2015","12","12","01","Private sector","10","Speech and Language Therapy","Number",""
"HGO14C01","Number of Health Graduates","2015","2015","12","12","01","Private sector","V52","Dietetics, Optometry and Podiatry","Number",""
"HGO14C01","Number of Health Graduates","2015","2015","12","12","02","Public sector","201","Dentistry","Number",""
"HGO14C01","Number of Health Graduates","2015","2015","12","12","02","Public sector","401","Medical Science","Number",""
"HGO14C01","Number of Health Graduates","2015","2015","12","12","02","Public sector","202","Medicine","Number",""
"HGO14C01","Number of Health Graduates","2015","2015","12","12","02","Public sector","30","Nursing and Midwifery","Number",""
"HGO14C01","Number of Health Graduates","2015","2015","12","12","02","Public sector","501","Occupational Therapy","Number",""
"HGO14C01","Number of Health Graduates","2015","2015","12","12","02","Public sector","60","Pharmacy","Number",""
"HGO14C01","Number of Health Graduates","2015","2015","12","12","02","Public sector","504","Physiotherapy","Number",""
"HGO14C01","Number of Health Graduates","2015","2015","12","12","02","Public sector","402","Radiography and Radiation Therapy","Number",""
"HGO14C01","Number of Health Graduates","2015","2015","12","12","02","Public sector","702","Social Care","Number",""
"HGO14C01","Number of Health Graduates","2015","2015","12","12","02","Public sector","701","Social Work","Number",""
"HGO14C01","Number of Health Graduates","2015","2015","12","12","02","Public sector","10","Speech and Language Therapy","Number",""
"HGO14C01","Number of Health Graduates","2015","2015","12","12","02","Public sector","V52","Dietetics, Optometry and Podiatry","Number",""
"HGO14C01","Number of Health Graduates","2015","2015","12","12","-","All sectors","201","Dentistry","Number",""
"HGO14C01","Number of Health Graduates","2015","2015","12","12","-","All sectors","401","Medical Science","Number",""
"HGO14C01","Number of Health Graduates","2015","2015","12","12","-","All sectors","202","Medicine","Number",""
"HGO14C01","Number of Health Graduates","2015","2015","12","12","-","All sectors","30","Nursing and Midwifery","Number",""
"HGO14C01","Number of Health Graduates","2015","2015","12","12","-","All sectors","501","Occupational Therapy","Number",""
"HGO14C01","Number of Health Graduates","2015","2015","12","12","-","All sectors","60","Pharmacy","Number",""
"HGO14C01","Number of Health Graduates","2015","2015","12","12","-","All sectors","504","Physiotherapy","Number",""
"HGO14C01","Number of Health Graduates","2015","2015","12","12","-","All sectors","402","Radiography and Radiation Therapy","Number",""
"HGO14C01","Number of Health Graduates","2015","2015","12","12","-","All sectors","702","Social Care","Number",""
"HGO14C01","Number of Health Graduates","2015","2015","12","12","-","All sectors","701","Social Work","Number",""
"HGO14C01","Number of Health Graduates","2015","2015","12","12","-","All sectors","10","Speech and Language Therapy","Number",""
"HGO14C01","Number of Health Graduates","2015","2015","12","12","-","All sectors","V52","Dietetics, Optometry and Podiatry","Number",""
"HGO14C01","Number of Health Graduates","2015","2015","13","13","01","Private sector","201","Dentistry","Number",""
"HGO14C01","Number of Health Graduates","2015","2015","13","13","01","Private sector","401","Medical Science","Number",""
"HGO14C01","Number of Health Graduates","2015","2015","13","13","01","Private sector","202","Medicine","Number",""
"HGO14C01","Number of Health Graduates","2015","2015","13","13","01","Private sector","30","Nursing and Midwifery","Number",""
"HGO14C01","Number of Health Graduates","2015","2015","13","13","01","Private sector","501","Occupational Therapy","Number",""
"HGO14C01","Number of Health Graduates","2015","2015","13","13","01","Private sector","60","Pharmacy","Number",""
"HGO14C01","Number of Health Graduates","2015","2015","13","13","01","Private sector","504","Physiotherapy","Number",""
"HGO14C01","Number of Health Graduates","2015","2015","13","13","01","Private sector","402","Radiography and Radiation Therapy","Number",""
"HGO14C01","Number of Health Graduates","2015","2015","13","13","01","Private sector","702","Social Care","Number",""
"HGO14C01","Number of Health Graduates","2015","2015","13","13","01","Private sector","701","Social Work","Number",""
"HGO14C01","Number of Health Graduates","2015","2015","13","13","01","Private sector","10","Speech and Language Therapy","Number",""
"HGO14C01","Number of Health Graduates","2015","2015","13","13","01","Private sector","V52","Dietetics, Optometry and Podiatry","Number",""
"HGO14C01","Number of Health Graduates","2015","2015","13","13","02","Public sector","201","Dentistry","Number",""
"HGO14C01","Number of Health Graduates","2015","2015","13","13","02","Public sector","401","Medical Science","Number",""
"HGO14C01","Number of Health Graduates","2015","2015","13","13","02","Public sector","202","Medicine","Number",""
"HGO14C01","Number of Health Graduates","2015","2015","13","13","02","Public sector","30","Nursing and Midwifery","Number",""
"HGO14C01","Number of Health Graduates","2015","2015","13","13","02","Public sector","501","Occupational Therapy","Number",""
"HGO14C01","Number of Health Graduates","2015","2015","13","13","02","Public sector","60","Pharmacy","Number",""
"HGO14C01","Number of Health Graduates","2015","2015","13","13","02","Public sector","504","Physiotherapy","Number",""
"HGO14C01","Number of Health Graduates","2015","2015","13","13","02","Public sector","402","Radiography and Radiation Therapy","Number",""
"HGO14C01","Number of Health Graduates","2015","2015","13","13","02","Public sector","702","Social Care","Number",""
"HGO14C01","Number of Health Graduates","2015","2015","13","13","02","Public sector","701","Social Work","Number",""
"HGO14C01","Number of Health Graduates","2015","2015","13","13","02","Public sector","10","Speech and Language Therapy","Number",""
"HGO14C01","Number of Health Graduates","2015","2015","13","13","02","Public sector","V52","Dietetics, Optometry and Podiatry","Number",""
"HGO14C01","Number of Health Graduates","2015","2015","13","13","-","All sectors","201","Dentistry","Number",""
"HGO14C01","Number of Health Graduates","2015","2015","13","13","-","All sectors","401","Medical Science","Number",""
"HGO14C01","Number of Health Graduates","2015","2015","13","13","-","All sectors","202","Medicine","Number",""
"HGO14C01","Number of Health Graduates","2015","2015","13","13","-","All sectors","30","Nursing and Midwifery","Number",""
"HGO14C01","Number of Health Graduates","2015","2015","13","13","-","All sectors","501","Occupational Therapy","Number",""
"HGO14C01","Number of Health Graduates","2015","2015","13","13","-","All sectors","60","Pharmacy","Number",""
"HGO14C01","Number of Health Graduates","2015","2015","13","13","-","All sectors","504","Physiotherapy","Number",""
"HGO14C01","Number of Health Graduates","2015","2015","13","13","-","All sectors","402","Radiography and Radiation Therapy","Number",""
"HGO14C01","Number of Health Graduates","2015","2015","13","13","-","All sectors","702","Social Care","Number",""
"HGO14C01","Number of Health Graduates","2015","2015","13","13","-","All sectors","701","Social Work","Number",""
"HGO14C01","Number of Health Graduates","2015","2015","13","13","-","All sectors","10","Speech and Language Therapy","Number",""
"HGO14C01","Number of Health Graduates","2015","2015","13","13","-","All sectors","V52","Dietetics, Optometry and Podiatry","Number",""
"HGO14C01","Number of Health Graduates","2016","2016","01","1","01","Private sector","201","Dentistry","Number","3"
"HGO14C01","Number of Health Graduates","2016","2016","01","1","01","Private sector","401","Medical Science","Number","15"
"HGO14C01","Number of Health Graduates","2016","2016","01","1","01","Private sector","202","Medicine","Number","18"
"HGO14C01","Number of Health Graduates","2016","2016","01","1","01","Private sector","30","Nursing and Midwifery","Number","195"
"HGO14C01","Number of Health Graduates","2016","2016","01","1","01","Private sector","501","Occupational Therapy","Number","57"
"HGO14C01","Number of Health Graduates","2016","2016","01","1","01","Private sector","60","Pharmacy","Number",""
"HGO14C01","Number of Health Graduates","2016","2016","01","1","01","Private sector","504","Physiotherapy","Number","48"
"HGO14C01","Number of Health Graduates","2016","2016","01","1","01","Private sector","402","Radiography and Radiation Therapy","Number","9"
"HGO14C01","Number of Health Graduates","2016","2016","01","1","01","Private sector","702","Social Care","Number","693"
"HGO14C01","Number of Health Graduates","2016","2016","01","1","01","Private sector","701","Social Work","Number","93"
"HGO14C01","Number of Health Graduates","2016","2016","01","1","01","Private sector","10","Speech and Language Therapy","Number","33"
"HGO14C01","Number of Health Graduates","2016","2016","01","1","01","Private sector","V52","Dietetics, Optometry and Podiatry","Number","42"
"HGO14C01","Number of Health Graduates","2016","2016","01","1","02","Public sector","201","Dentistry","Number","6"
"HGO14C01","Number of Health Graduates","2016","2016","01","1","02","Public sector","401","Medical Science","Number","51"
"HGO14C01","Number of Health Graduates","2016","2016","01","1","02","Public sector","202","Medicine","Number","534"
"HGO14C01","Number of Health Graduates","2016","2016","01","1","02","Public sector","30","Nursing and Midwifery","Number","990"
"HGO14C01","Number of Health Graduates","2016","2016","01","1","02","Public sector","501","Occupational Therapy","Number","30"
"HGO14C01","Number of Health Graduates","2016","2016","01","1","02","Public sector","60","Pharmacy","Number",""
"HGO14C01","Number of Health Graduates","2016","2016","01","1","02","Public sector","504","Physiotherapy","Number","36"
"HGO14C01","Number of Health Graduates","2016","2016","01","1","02","Public sector","402","Radiography and Radiation Therapy","Number","45"
"HGO14C01","Number of Health Graduates","2016","2016","01","1","02","Public sector","702","Social Care","Number","195"
"HGO14C01","Number of Health Graduates","2016","2016","01","1","02","Public sector","701","Social Work","Number","78"
"HGO14C01","Number of Health Graduates","2016","2016","01","1","02","Public sector","10","Speech and Language Therapy","Number","54"
"HGO14C01","Number of Health Graduates","2016","2016","01","1","02","Public sector","V52","Dietetics, Optometry and Podiatry","Number","12"
"HGO14C01","Number of Health Graduates","2016","2016","01","1","-","All sectors","201","Dentistry","Number","9"
"HGO14C01","Number of Health Graduates","2016","2016","01","1","-","All sectors","401","Medical Science","Number","66"
"HGO14C01","Number of Health Graduates","2016","2016","01","1","-","All sectors","202","Medicine","Number","552"
"HGO14C01","Number of Health Graduates","2016","2016","01","1","-","All sectors","30","Nursing and Midwifery","Number","1185"
"HGO14C01","Number of Health Graduates","2016","2016","01","1","-","All sectors","501","Occupational Therapy","Number","87"
"HGO14C01","Number of Health Graduates","2016","2016","01","1","-","All sectors","60","Pharmacy","Number",""
"HGO14C01","Number of Health Graduates","2016","2016","01","1","-","All sectors","504","Physiotherapy","Number","84"
"HGO14C01","Number of Health Graduates","2016","2016","01","1","-","All sectors","402","Radiography and Radiation Therapy","Number","54"
"HGO14C01","Number of Health Graduates","2016","2016","01","1","-","All sectors","702","Social Care","Number","888"
"HGO14C01","Number of Health Graduates","2016","2016","01","1","-","All sectors","701","Social Work","Number","171"
"HGO14C01","Number of Health Graduates","2016","2016","01","1","-","All sectors","10","Speech and Language Therapy","Number","87"
"HGO14C01","Number of Health Graduates","2016","2016","01","1","-","All sectors","V52","Dietetics, Optometry and Podiatry","Number","54"
"HGO14C01","Number of Health Graduates","2016","2016","02","2","01","Private sector","201","Dentistry","Number","3"
"HGO14C01","Number of Health Graduates","2016","2016","02","2","01","Private sector","401","Medical Science","Number","21"
"HGO14C01","Number of Health Graduates","2016","2016","02","2","01","Private sector","202","Medicine","Number","36"
"HGO14C01","Number of Health Graduates","2016","2016","02","2","01","Private sector","30","Nursing and Midwifery","Number","234"
"HGO14C01","Number of Health Graduates","2016","2016","02","2","01","Private sector","501","Occupational Therapy","Number","39"
"HGO14C01","Number of Health Graduates","2016","2016","02","2","01","Private sector","60","Pharmacy","Number",""
"HGO14C01","Number of Health Graduates","2016","2016","02","2","01","Private sector","504","Physiotherapy","Number","39"
"HGO14C01","Number of Health Graduates","2016","2016","02","2","01","Private sector","402","Radiography and Radiation Therapy","Number","9"
"HGO14C01","Number of Health Graduates","2016","2016","02","2","01","Private sector","702","Social Care","Number","630"
"HGO14C01","Number of Health Graduates","2016","2016","02","2","01","Private sector","701","Social Work","Number","51"
"HGO14C01","Number of Health Graduates","2016","2016","02","2","01","Private sector","10","Speech and Language Therapy","Number","21"
"HGO14C01","Number of Health Graduates","2016","2016","02","2","01","Private sector","V52","Dietetics, Optometry and Podiatry","Number","36"
"HGO14C01","Number of Health Graduates","2016","2016","02","2","02","Public sector","201","Dentistry","Number","6"
"HGO14C01","Number of Health Graduates","2016","2016","02","2","02","Public sector","401","Medical Science","Number","45"
"HGO14C01","Number of Health Graduates","2016","2016","02","2","02","Public sector","202","Medicine","Number","339"
"HGO14C01","Number of Health Graduates","2016","2016","02","2","02","Public sector","30","Nursing and Midwifery","Number","825"
"HGO14C01","Number of Health Graduates","2016","2016","02","2","02","Public sector","501","Occupational Therapy","Number","45"
"HGO14C01","Number of Health Graduates","2016","2016","02","2","02","Public sector","60","Pharmacy","Number",""
"HGO14C01","Number of Health Graduates","2016","2016","02","2","02","Public sector","504","Physiotherapy","Number","39"
"HGO14C01","Number of Health Graduates","2016","2016","02","2","02","Public sector","402","Radiography and Radiation Therapy","Number","42"
"HGO14C01","Number of Health Graduates","2016","2016","02","2","02","Public sector","702","Social Care","Number","240"
"HGO14C01","Number of Health Graduates","2016","2016","02","2","02","Public sector","701","Social Work","Number","114"
"HGO14C01","Number of Health Graduates","2016","2016","02","2","02","Public sector","10","Speech and Language Therapy","Number","60"
"HGO14C01","Number of Health Graduates","2016","2016","02","2","02","Public sector","V52","Dietetics, Optometry and Podiatry","Number","9"
"HGO14C01","Number of Health Graduates","2016","2016","02","2","-","All sectors","201","Dentistry","Number","9"
"HGO14C01","Number of Health Graduates","2016","2016","02","2","-","All sectors","401","Medical Science","Number","66"
"HGO14C01","Number of Health Graduates","2016","2016","02","2","-","All sectors","202","Medicine","Number","375"
"HGO14C01","Number of Health Graduates","2016","2016","02","2","-","All sectors","30","Nursing and Midwifery","Number","1059"
"HGO14C01","Number of Health Graduates","2016","2016","02","2","-","All sectors","501","Occupational Therapy","Number","84"
"HGO14C01","Number of Health Graduates","2016","2016","02","2","-","All sectors","60","Pharmacy","Number",""
"HGO14C01","Number of Health Graduates","2016","2016","02","2","-","All sectors","504","Physiotherapy","Number","78"
"HGO14C01","Number of Health Graduates","2016","2016","02","2","-","All sectors","402","Radiography and Radiation Therapy","Number","51"
"HGO14C01","Number of Health Graduates","2016","2016","02","2","-","All sectors","702","Social Care","Number","867"
"HGO14C01","Number of Health Graduates","2016","2016","02","2","-","All sectors","701","Social Work","Number","165"
"HGO14C01","Number of Health Graduates","2016","2016","02","2","-","All sectors","10","Speech and Language Therapy","Number","84"
"HGO14C01","Number of Health Graduates","2016","2016","02","2","-","All sectors","V52","Dietetics, Optometry and Podiatry","Number","45"
"HGO14C01","Number of Health Graduates","2016","2016","03","3","01","Private sector","201","Dentistry","Number",""
"HGO14C01","Number of Health Graduates","2016","2016","03","3","01","Private sector","401","Medical Science","Number","15"
"HGO14C01","Number of Health Graduates","2016","2016","03","3","01","Private sector","202","Medicine","Number","36"
"HGO14C01","Number of Health Graduates","2016","2016","03","3","01","Private sector","30","Nursing and Midwifery","Number","252"
"HGO14C01","Number of Health Graduates","2016","2016","03","3","01","Private sector","501","Occupational Therapy","Number","36"
"HGO14C01","Number of Health Graduates","2016","2016","03","3","01","Private sector","60","Pharmacy","Number",""
"HGO14C01","Number of Health Graduates","2016","2016","03","3","01","Private sector","504","Physiotherapy","Number","33"
"HGO14C01","Number of Health Graduates","2016","2016","03","3","01","Private sector","402","Radiography and Radiation Therapy","Number","12"
"HGO14C01","Number of Health Graduates","2016","2016","03","3","01","Private sector","702","Social Care","Number","597"
"HGO14C01","Number of Health Graduates","2016","2016","03","3","01","Private sector","701","Social Work","Number","36"
"HGO14C01","Number of Health Graduates","2016","2016","03","3","01","Private sector","10","Speech and Language Therapy","Number","21"
"HGO14C01","Number of Health Graduates","2016","2016","03","3","01","Private sector","V52","Dietetics, Optometry and Podiatry","Number","39"
"HGO14C01","Number of Health Graduates","2016","2016","03","3","02","Public sector","201","Dentistry","Number","9"
"HGO14C01","Number of Health Graduates","2016","2016","03","3","02","Public sector","401","Medical Science","Number","45"
"HGO14C01","Number of Health Graduates","2016","2016","03","3","02","Public sector","202","Medicine","Number","411"
"HGO14C01","Number of Health Graduates","2016","2016","03","3","02","Public sector","30","Nursing and Midwifery","Number","738"
"HGO14C01","Number of Health Graduates","2016","2016","03","3","02","Public sector","501","Occupational Therapy","Number","48"
"HGO14C01","Number of Health Graduates","2016","2016","03","3","02","Public sector","60","Pharmacy","Number",""
"HGO14C01","Number of Health Graduates","2016","2016","03","3","02","Public sector","504","Physiotherapy","Number","39"
"HGO14C01","Number of Health Graduates","2016","2016","03","3","02","Public sector","402","Radiography and Radiation Therapy","Number","36"
"HGO14C01","Number of Health Graduates","2016","2016","03","3","02","Public sector","702","Social Care","Number","252"
"HGO14C01","Number of Health Graduates","2016","2016","03","3","02","Public sector","701","Social Work","Number","120"
"HGO14C01","Number of Health Graduates","2016","2016","03","3","02","Public sector","10","Speech and Language Therapy","Number","63"
"HGO14C01","Number of Health Graduates","2016","2016","03","3","02","Public sector","V52","Dietetics, Optometry and Podiatry","Number","12"
"HGO14C01","Number of Health Graduates","2016","2016","03","3","-","All sectors","201","Dentistry","Number","9"
"HGO14C01","Number of Health Graduates","2016","2016","03","3","-","All sectors","401","Medical Science","Number","60"
"HGO14C01","Number of Health Graduates","2016","2016","03","3","-","All sectors","202","Medicine","Number","447"
"HGO14C01","Number of Health Graduates","2016","2016","03","3","-","All sectors","30","Nursing and Midwifery","Number","993"
"HGO14C01","Number of Health Graduates","2016","2016","03","3","-","All sectors","501","Occupational Therapy","Number","84"
"HGO14C01","Number of Health Graduates","2016","2016","03","3","-","All sectors","60","Pharmacy","Number",""
"HGO14C01","Number of Health Graduates","2016","2016","03","3","-","All sectors","504","Physiotherapy","Number","72"
"HGO14C01","Number of Health Graduates","2016","2016","03","3","-","All sectors","402","Radiography and Radiation Therapy","Number","48"
"HGO14C01","Number of Health Graduates","2016","2016","03","3","-","All sectors","702","Social Care","Number","849"
"HGO14C01","Number of Health Graduates","2016","2016","03","3","-","All sectors","701","Social Work","Number","159"
"HGO14C01","Number of Health Graduates","2016","2016","03","3","-","All sectors","10","Speech and Language Therapy","Number","84"
"HGO14C01","Number of Health Graduates","2016","2016","03","3","-","All sectors","V52","Dietetics, Optometry and Podiatry","Number","48"
"HGO14C01","Number of Health Graduates","2016","2016","04","4","01","Private sector","201","Dentistry","Number","3"
"HGO14C01","Number of Health Graduates","2016","2016","04","4","01","Private sector","401","Medical Science","Number","15"
"HGO14C01","Number of Health Graduates","2016","2016","04","4","01","Private sector","202","Medicine","Number","33"
"HGO14C01","Number of Health Graduates","2016","2016","04","4","01","Private sector","30","Nursing and Midwifery","Number","240"
"HGO14C01","Number of Health Graduates","2016","2016","04","4","01","Private sector","501","Occupational Therapy","Number","24"
"HGO14C01","Number of Health Graduates","2016","2016","04","4","01","Private sector","60","Pharmacy","Number",""
"HGO14C01","Number of Health Graduates","2016","2016","04","4","01","Private sector","504","Physiotherapy","Number","30"
"HGO14C01","Number of Health Graduates","2016","2016","04","4","01","Private sector","402","Radiography and Radiation Therapy","Number","15"
"HGO14C01","Number of Health Graduates","2016","2016","04","4","01","Private sector","702","Social Care","Number","552"
"HGO14C01","Number of Health Graduates","2016","2016","04","4","01","Private sector","701","Social Work","Number","27"
"HGO14C01","Number of Health Graduates","2016","2016","04","4","01","Private sector","10","Speech and Language Therapy","Number","12"
"HGO14C01","Number of Health Graduates","2016","2016","04","4","01","Private sector","V52","Dietetics, Optometry and Podiatry","Number","33"
"HGO14C01","Number of Health Graduates","2016","2016","04","4","02","Public sector","201","Dentistry","Number","6"
"HGO14C01","Number of Health Graduates","2016","2016","04","4","02","Public sector","401","Medical Science","Number","42"
"HGO14C01","Number of Health Graduates","2016","2016","04","4","02","Public sector","202","Medicine","Number","420"
"HGO14C01","Number of Health Graduates","2016","2016","04","4","02","Public sector","30","Nursing and Midwifery","Number","696"
"HGO14C01","Number of Health Graduates","2016","2016","04","4","02","Public sector","501","Occupational Therapy","Number","57"
"HGO14C01","Number of Health Graduates","2016","2016","04","4","02","Public sector","60","Pharmacy","Number",""
"HGO14C01","Number of Health Graduates","2016","2016","04","4","02","Public sector","504","Physiotherapy","Number","39"
"HGO14C01","Number of Health Graduates","2016","2016","04","4","02","Public sector","402","Radiography and Radiation Therapy","Number","36"
"HGO14C01","Number of Health Graduates","2016","2016","04","4","02","Public sector","702","Social Care","Number","285"
"HGO14C01","Number of Health Graduates","2016","2016","04","4","02","Public sector","701","Social Work","Number","126"
"HGO14C01","Number of Health Graduates","2016","2016","04","4","02","Public sector","10","Speech and Language Therapy","Number","63"
"HGO14C01","Number of Health Graduates","2016","2016","04","4","02","Public sector","V52","Dietetics, Optometry and Podiatry","Number","12"
"HGO14C01","Number of Health Graduates","2016","2016","04","4","-","All sectors","201","Dentistry","Number","9"
"HGO14C01","Number of Health Graduates","2016","2016","04","4","-","All sectors","401","Medical Science","Number","60"
"HGO14C01","Number of Health Graduates","2016","2016","04","4","-","All sectors","202","Medicine","Number","450"
"HGO14C01","Number of Health Graduates","2016","2016","04","4","-","All sectors","30","Nursing and Midwifery","Number","933"
"HGO14C01","Number of Health Graduates","2016","2016","04","4","-","All sectors","501","Occupational Therapy","Number","84"
"HGO14C01","Number of Health Graduates","2016","2016","04","4","-","All sectors","60","Pharmacy","Number",""
"HGO14C01","Number of Health Graduates","2016","2016","04","4","-","All sectors","504","Physiotherapy","Number","69"
"HGO14C01","Number of Health Graduates","2016","2016","04","4","-","All sectors","402","Radiography and Radiation Therapy","Number","51"
"HGO14C01","Number of Health Graduates","2016","2016","04","4","-","All sectors","702","Social Care","Number","840"
"HGO14C01","Number of Health Graduates","2016","2016","04","4","-","All sectors","701","Social Work","Number","153"
"HGO14C01","Number of Health Graduates","2016","2016","04","4","-","All sectors","10","Speech and Language Therapy","Number","75"
"HGO14C01","Number of Health Graduates","2016","2016","04","4","-","All sectors","V52","Dietetics, Optometry and Podiatry","Number","45"
"HGO14C01","Number of Health Graduates","2016","2016","05","5","01","Private sector","201","Dentistry","Number","3"
"HGO14C01","Number of Health Graduates","2016","2016","05","5","01","Private sector","401","Medical Science","Number","15"
"HGO14C01","Number of Health Graduates","2016","2016","05","5","01","Private sector","202","Medicine","Number","24"
"HGO14C01","Number of Health Graduates","2016","2016","05","5","01","Private sector","30","Nursing and Midwifery","Number","237"
"HGO14C01","Number of Health Graduates","2016","2016","05","5","01","Private sector","501","Occupational Therapy","Number","24"
"HGO14C01","Number of Health Graduates","2016","2016","05","5","01","Private sector","60","Pharmacy","Number",""
"HGO14C01","Number of Health Graduates","2016","2016","05","5","01","Private sector","504","Physiotherapy","Number","33"
"HGO14C01","Number of Health Graduates","2016","2016","05","5","01","Private sector","402","Radiography and Radiation Therapy","Number","15"
"HGO14C01","Number of Health Graduates","2016","2016","05","5","01","Private sector","702","Social Care","Number","540"
"HGO14C01","Number of Health Graduates","2016","2016","05","5","01","Private sector","701","Social Work","Number","24"
"HGO14C01","Number of Health Graduates","2016","2016","05","5","01","Private sector","10","Speech and Language Therapy","Number","18"
"HGO14C01","Number of Health Graduates","2016","2016","05","5","01","Private sector","V52","Dietetics, Optometry and Podiatry","Number","33"
"HGO14C01","Number of Health Graduates","2016","2016","05","5","02","Public sector","201","Dentistry","Number","6"
"HGO14C01","Number of Health Graduates","2016","2016","05","5","02","Public sector","401","Medical Science","Number","45"
"HGO14C01","Number of Health Graduates","2016","2016","05","5","02","Public sector","202","Medicine","Number","435"
"HGO14C01","Number of Health Graduates","2016","2016","05","5","02","Public sector","30","Nursing and Midwifery","Number","774"
"HGO14C01","Number of Health Graduates","2016","2016","05","5","02","Public sector","501","Occupational Therapy","Number","63"
"HGO14C01","Number of Health Graduates","2016","2016","05","5","02","Public sector","60","Pharmacy","Number",""
"HGO14C01","Number of Health Graduates","2016","2016","05","5","02","Public sector","504","Physiotherapy","Number","48"
"HGO14C01","Number of Health Graduates","2016","2016","05","5","02","Public sector","402","Radiography and Radiation Therapy","Number","33"
"HGO14C01","Number of Health Graduates","2016","2016","05","5","02","Public sector","702","Social Care","Number","309"
"HGO14C01","Number of Health Graduates","2016","2016","05","5","02","Public sector","701","Social Work","Number","132"
"HGO14C01","Number of Health Graduates","2016","2016","05","5","02","Public sector","10","Speech and Language Therapy","Number","60"
"HGO14C01","Number of Health Graduates","2016","2016","05","5","02","Public sector","V52","Dietetics, Optometry and Podiatry","Number","18"
"HGO14C01","Number of Health Graduates","2016","2016","05","5","-","All sectors","201","Dentistry","Number","9"
"HGO14C01","Number of Health Graduates","2016","2016","05","5","-","All sectors","401","Medical Science","Number","60"
"HGO14C01","Number of Health Graduates","2016","2016","05","5","-","All sectors","202","Medicine","Number","459"
"HGO14C01","Number of Health Graduates","2016","2016","05","5","-","All sectors","30","Nursing and Midwifery","Number","1011"
"HGO14C01","Number of Health Graduates","2016","2016","05","5","-","All sectors","501","Occupational Therapy","Number","84"
"HGO14C01","Number of Health Graduates","2016","2016","05","5","-","All sectors","60","Pharmacy","Number",""
"HGO14C01","Number of Health Graduates","2016","2016","05","5","-","All sectors","504","Physiotherapy","Number","81"
"HGO14C01","Number of Health Graduates","2016","2016","05","5","-","All sectors","402","Radiography and Radiation Therapy","Number","51"
"HGO14C01","Number of Health Graduates","2016","2016","05","5","-","All sectors","702","Social Care","Number","849"
"HGO14C01","Number of Health Graduates","2016","2016","05","5","-","All sectors","701","Social Work","Number","156"
"HGO14C01","Number of Health Graduates","2016","2016","05","5","-","All sectors","10","Speech and Language Therapy","Number","78"
"HGO14C01","Number of Health Graduates","2016","2016","05","5","-","All sectors","V52","Dietetics, Optometry and Podiatry","Number","51"
"HGO14C01","Number of Health Graduates","2016","2016","06","6","01","Private sector","201","Dentistry","Number","3"
"HGO14C01","Number of Health Graduates","2016","2016","06","6","01","Private sector","401","Medical Science","Number","18"
"HGO14C01","Number of Health Graduates","2016","2016","06","6","01","Private sector","202","Medicine","Number","45"
"HGO14C01","Number of Health Graduates","2016","2016","06","6","01","Private sector","30","Nursing and Midwifery","Number","270"
"HGO14C01","Number of Health Graduates","2016","2016","06","6","01","Private sector","501","Occupational Therapy","Number","27"
"HGO14C01","Number of Health Graduates","2016","2016","06","6","01","Private sector","60","Pharmacy","Number",""
"HGO14C01","Number of Health Graduates","2016","2016","06","6","01","Private sector","504","Physiotherapy","Number","27"
"HGO14C01","Number of Health Graduates","2016","2016","06","6","01","Private sector","402","Radiography and Radiation Therapy","Number","15"
"HGO14C01","Number of Health Graduates","2016","2016","06","6","01","Private sector","702","Social Care","Number","534"
"HGO14C01","Number of Health Graduates","2016","2016","06","6","01","Private sector","701","Social Work","Number","24"
"HGO14C01","Number of Health Graduates","2016","2016","06","6","01","Private sector","10","Speech and Language Therapy","Number","18"
"HGO14C01","Number of Health Graduates","2016","2016","06","6","01","Private sector","V52","Dietetics, Optometry and Podiatry","Number","27"
"HGO14C01","Number of Health Graduates","2016","2016","06","6","02","Public sector","201","Dentistry","Number","6"
"HGO14C01","Number of Health Graduates","2016","2016","06","6","02","Public sector","401","Medical Science","Number","48"
"HGO14C01","Number of Health Graduates","2016","2016","06","6","02","Public sector","202","Medicine","Number","411"
"HGO14C01","Number of Health Graduates","2016","2016","06","6","02","Public sector","30","Nursing and Midwifery","Number","747"
"HGO14C01","Number of Health Graduates","2016","2016","06","6","02","Public sector","501","Occupational Therapy","Number","66"
"HGO14C01","Number of Health Graduates","2016","2016","06","6","02","Public sector","60","Pharmacy","Number",""
"HGO14C01","Number of Health Graduates","2016","2016","06","6","02","Public sector","504","Physiotherapy","Number","51"
"HGO14C01","Number of Health Graduates","2016","2016","06","6","02","Public sector","402","Radiography and Radiation Therapy","Number","36"
"HGO14C01","Number of Health Graduates","2016","2016","06","6","02","Public sector","702","Social Care","Number","324"
"HGO14C01","Number of Health Graduates","2016","2016","06","6","02","Public sector","701","Social Work","Number","129"
"HGO14C01","Number of Health Graduates","2016","2016","06","6","02","Public sector","10","Speech and Language Therapy","Number","60"
"HGO14C01","Number of Health Graduates","2016","2016","06","6","02","Public sector","V52","Dietetics, Optometry and Podiatry","Number","21"
"HGO14C01","Number of Health Graduates","2016","2016","06","6","-","All sectors","201","Dentistry","Number","9"
"HGO14C01","Number of Health Graduates","2016","2016","06","6","-","All sectors","401","Medical Science","Number","63"
"HGO14C01","Number of Health Graduates","2016","2016","06","6","-","All sectors","202","Medicine","Number","456"
"HGO14C01","Number of Health Graduates","2016","2016","06","6","-","All sectors","30","Nursing and Midwifery","Number","1017"
"HGO14C01","Number of Health Graduates","2016","2016","06","6","-","All sectors","501","Occupational Therapy","Number","90"
"HGO14C01","Number of Health Graduates","2016","2016","06","6","-","All sectors","60","Pharmacy","Number",""
"HGO14C01","Number of Health Graduates","2016","2016","06","6","-","All sectors","504","Physiotherapy","Number","78"
"HGO14C01","Number of Health Graduates","2016","2016","06","6","-","All sectors","402","Radiography and Radiation Therapy","Number","48"
"HGO14C01","Number of Health Graduates","2016","2016","06","6","-","All sectors","702","Social Care","Number","858"
"HGO14C01","Number of Health Graduates","2016","2016","06","6","-","All sectors","701","Social Work","Number","153"
"HGO14C01","Number of Health Graduates","2016","2016","06","6","-","All sectors","10","Speech and Language Therapy","Number","78"
"HGO14C01","Number of Health Graduates","2016","2016","06","6","-","All sectors","V52","Dietetics, Optometry and Podiatry","Number","48"
"HGO14C01","Number of Health Graduates","2016","2016","07","7","01","Private sector","201","Dentistry","Number","3"
"HGO14C01","Number of Health Graduates","2016","2016","07","7","01","Private sector","401","Medical Science","Number","21"
"HGO14C01","Number of Health Graduates","2016","2016","07","7","01","Private sector","202","Medicine","Number","60"
"HGO14C01","Number of Health Graduates","2016","2016","07","7","01","Private sector","30","Nursing and Midwifery","Number","279"
"HGO14C01","Number of Health Graduates","2016","2016","07","7","01","Private sector","501","Occupational Therapy","Number","27"
"HGO14C01","Number of Health Graduates","2016","2016","07","7","01","Private sector","60","Pharmacy","Number",""
"HGO14C01","Number of Health Graduates","2016","2016","07","7","01","Private sector","504","Physiotherapy","Number","24"
"HGO14C01","Number of Health Graduates","2016","2016","07","7","01","Private sector","402","Radiography and Radiation Therapy","Number","15"
"HGO14C01","Number of Health Graduates","2016","2016","07","7","01","Private sector","702","Social Care","Number","489"
"HGO14C01","Number of Health Graduates","2016","2016","07","7","01","Private sector","701","Social Work","Number","30"
"HGO14C01","Number of Health Graduates","2016","2016","07","7","01","Private sector","10","Speech and Language Therapy","Number","18"
"HGO14C01","Number of Health Graduates","2016","2016","07","7","01","Private sector","V52","Dietetics, Optometry and Podiatry","Number","24"
"HGO14C01","Number of Health Graduates","2016","2016","07","7","02","Public sector","201","Dentistry","Number","6"
"HGO14C01","Number of Health Graduates","2016","2016","07","7","02","Public sector","401","Medical Science","Number","45"
"HGO14C01","Number of Health Graduates","2016","2016","07","7","02","Public sector","202","Medicine","Number","390"
"HGO14C01","Number of Health Graduates","2016","2016","07","7","02","Public sector","30","Nursing and Midwifery","Number","732"
"HGO14C01","Number of Health Graduates","2016","2016","07","7","02","Public sector","501","Occupational Therapy","Number","63"
"HGO14C01","Number of Health Graduates","2016","2016","07","7","02","Public sector","60","Pharmacy","Number",""
"HGO14C01","Number of Health Graduates","2016","2016","07","7","02","Public sector","504","Physiotherapy","Number","51"
"HGO14C01","Number of Health Graduates","2016","2016","07","7","02","Public sector","402","Radiography and Radiation Therapy","Number","33"
"HGO14C01","Number of Health Graduates","2016","2016","07","7","02","Public sector","702","Social Care","Number","351"
"HGO14C01","Number of Health Graduates","2016","2016","07","7","02","Public sector","701","Social Work","Number","126"
"HGO14C01","Number of Health Graduates","2016","2016","07","7","02","Public sector","10","Speech and Language Therapy","Number","60"
"HGO14C01","Number of Health Graduates","2016","2016","07","7","02","Public sector","V52","Dietetics, Optometry and Podiatry","Number","21"
"HGO14C01","Number of Health Graduates","2016","2016","07","7","-","All sectors","201","Dentistry","Number","12"
"HGO14C01","Number of Health Graduates","2016","2016","07","7","-","All sectors","401","Medical Science","Number","66"
"HGO14C01","Number of Health Graduates","2016","2016","07","7","-","All sectors","202","Medicine","Number","447"
"HGO14C01","Number of Health Graduates","2016","2016","07","7","-","All sectors","30","Nursing and Midwifery","Number","1008"
"HGO14C01","Number of Health Graduates","2016","2016","07","7","-","All sectors","501","Occupational Therapy","Number","90"
"HGO14C01","Number of Health Graduates","2016","2016","07","7","-","All sectors","60","Pharmacy","Number",""
"HGO14C01","Number of Health Graduates","2016","2016","07","7","-","All sectors","504","Physiotherapy","Number","75"
"HGO14C01","Number of Health Graduates","2016","2016","07","7","-","All sectors","402","Radiography and Radiation Therapy","Number","48"
"HGO14C01","Number of Health Graduates","2016","2016","07","7","-","All sectors","702","Social Care","Number","840"
"HGO14C01","Number of Health Graduates","2016","2016","07","7","-","All sectors","701","Social Work","Number","156"
"HGO14C01","Number of Health Graduates","2016","2016","07","7","-","All sectors","10","Speech and Language Therapy","Number","78"
"HGO14C01","Number of Health Graduates","2016","2016","07","7","-","All sectors","V52","Dietetics, Optometry and Podiatry","Number","48"
"HGO14C01","Number of Health Graduates","2016","2016","08","8","01","Private sector","201","Dentistry","Number",""
"HGO14C01","Number of Health Graduates","2016","2016","08","8","01","Private sector","401","Medical Science","Number",""
"HGO14C01","Number of Health Graduates","2016","2016","08","8","01","Private sector","202","Medicine","Number",""
"HGO14C01","Number of Health Graduates","2016","2016","08","8","01","Private sector","30","Nursing and Midwifery","Number",""
"HGO14C01","Number of Health Graduates","2016","2016","08","8","01","Private sector","501","Occupational Therapy","Number",""
"HGO14C01","Number of Health Graduates","2016","2016","08","8","01","Private sector","60","Pharmacy","Number",""
"HGO14C01","Number of Health Graduates","2016","2016","08","8","01","Private sector","504","Physiotherapy","Number",""
"HGO14C01","Number of Health Graduates","2016","2016","08","8","01","Private sector","402","Radiography and Radiation Therapy","Number",""
"HGO14C01","Number of Health Graduates","2016","2016","08","8","01","Private sector","702","Social Care","Number",""
"HGO14C01","Number of Health Graduates","2016","2016","08","8","01","Private sector","701","Social Work","Number",""
"HGO14C01","Number of Health Graduates","2016","2016","08","8","01","Private sector","10","Speech and Language Therapy","Number",""
"HGO14C01","Number of Health Graduates","2016","2016","08","8","01","Private sector","V52","Dietetics, Optometry and Podiatry","Number",""
"HGO14C01","Number of Health Graduates","2016","2016","08","8","02","Public sector","201","Dentistry","Number",""
"HGO14C01","Number of Health Graduates","2016","2016","08","8","02","Public sector","401","Medical Science","Number",""
"HGO14C01","Number of Health Graduates","2016","2016","08","8","02","Public sector","202","Medicine","Number",""
"HGO14C01","Number of Health Graduates","2016","2016","08","8","02","Public sector","30","Nursing and Midwifery","Number",""
"HGO14C01","Number of Health Graduates","2016","2016","08","8","02","Public sector","501","Occupational Therapy","Number",""
"HGO14C01","Number of Health Graduates","2016","2016","08","8","02","Public sector","60","Pharmacy","Number",""
"HGO14C01","Number of Health Graduates","2016","2016","08","8","02","Public sector","504","Physiotherapy","Number",""
"HGO14C01","Number of Health Graduates","2016","2016","08","8","02","Public sector","402","Radiography and Radiation Therapy","Number",""
"HGO14C01","Number of Health Graduates","2016","2016","08","8","02","Public sector","702","Social Care","Number",""
"HGO14C01","Number of Health Graduates","2016","2016","08","8","02","Public sector","701","Social Work","Number",""
"HGO14C01","Number of Health Graduates","2016","2016","08","8","02","Public sector","10","Speech and Language Therapy","Number",""
"HGO14C01","Number of Health Graduates","2016","2016","08","8","02","Public sector","V52","Dietetics, Optometry and Podiatry","Number",""
"HGO14C01","Number of Health Graduates","2016","2016","08","8","-","All sectors","201","Dentistry","Number",""
"HGO14C01","Number of Health Graduates","2016","2016","08","8","-","All sectors","401","Medical Science","Number",""
"HGO14C01","Number of Health Graduates","2016","2016","08","8","-","All sectors","202","Medicine","Number",""
"HGO14C01","Number of Health Graduates","2016","2016","08","8","-","All sectors","30","Nursing and Midwifery","Number",""
"HGO14C01","Number of Health Graduates","2016","2016","08","8","-","All sectors","501","Occupational Therapy","Number",""
"HGO14C01","Number of Health Graduates","2016","2016","08","8","-","All sectors","60","Pharmacy","Number",""
"HGO14C01","Number of Health Graduates","2016","2016","08","8","-","All sectors","504","Physiotherapy","Number",""
"HGO14C01","Number of Health Graduates","2016","2016","08","8","-","All sectors","402","Radiography and Radiation Therapy","Number",""
"HGO14C01","Number of Health Graduates","2016","2016","08","8","-","All sectors","702","Social Care","Number",""
"HGO14C01","Number of Health Graduates","2016","2016","08","8","-","All sectors","701","Social Work","Number",""
"HGO14C01","Number of Health Graduates","2016","2016","08","8","-","All sectors","10","Speech and Language Therapy","Number",""
"HGO14C01","Number of Health Graduates","2016","2016","08","8","-","All sectors","V52","Dietetics, Optometry and Podiatry","Number",""
"HGO14C01","Number of Health Graduates","2016","2016","09","9","01","Private sector","201","Dentistry","Number",""
"HGO14C01","Number of Health Graduates","2016","2016","09","9","01","Private sector","401","Medical Science","Number",""
"HGO14C01","Number of Health Graduates","2016","2016","09","9","01","Private sector","202","Medicine","Number",""
"HGO14C01","Number of Health Graduates","2016","2016","09","9","01","Private sector","30","Nursing and Midwifery","Number",""
"HGO14C01","Number of Health Graduates","2016","2016","09","9","01","Private sector","501","Occupational Therapy","Number",""
"HGO14C01","Number of Health Graduates","2016","2016","09","9","01","Private sector","60","Pharmacy","Number",""
"HGO14C01","Number of Health Graduates","2016","2016","09","9","01","Private sector","504","Physiotherapy","Number",""
"HGO14C01","Number of Health Graduates","2016","2016","09","9","01","Private sector","402","Radiography and Radiation Therapy","Number",""
"HGO14C01","Number of Health Graduates","2016","2016","09","9","01","Private sector","702","Social Care","Number",""
"HGO14C01","Number of Health Graduates","2016","2016","09","9","01","Private sector","701","Social Work","Number",""
"HGO14C01","Number of Health Graduates","2016","2016","09","9","01","Private sector","10","Speech and Language Therapy","Number",""
"HGO14C01","Number of Health Graduates","2016","2016","09","9","01","Private sector","V52","Dietetics, Optometry and Podiatry","Number",""
"HGO14C01","Number of Health Graduates","2016","2016","09","9","02","Public sector","201","Dentistry","Number",""
"HGO14C01","Number of Health Graduates","2016","2016","09","9","02","Public sector","401","Medical Science","Number",""
"HGO14C01","Number of Health Graduates","2016","2016","09","9","02","Public sector","202","Medicine","Number",""
"HGO14C01","Number of Health Graduates","2016","2016","09","9","02","Public sector","30","Nursing and Midwifery","Number",""
"HGO14C01","Number of Health Graduates","2016","2016","09","9","02","Public sector","501","Occupational Therapy","Number",""
"HGO14C01","Number of Health Graduates","2016","2016","09","9","02","Public sector","60","Pharmacy","Number",""
"HGO14C01","Number of Health Graduates","2016","2016","09","9","02","Public sector","504","Physiotherapy","Number",""
"HGO14C01","Number of Health Graduates","2016","2016","09","9","02","Public sector","402","Radiography and Radiation Therapy","Number",""
"HGO14C01","Number of Health Graduates","2016","2016","09","9","02","Public sector","702","Social Care","Number",""
"HGO14C01","Number of Health Graduates","2016","2016","09","9","02","Public sector","701","Social Work","Number",""
"HGO14C01","Number of Health Graduates","2016","2016","09","9","02","Public sector","10","Speech and Language Therapy","Number",""
"HGO14C01","Number of Health Graduates","2016","2016","09","9","02","Public sector","V52","Dietetics, Optometry and Podiatry","Number",""
"HGO14C01","Number of Health Graduates","2016","2016","09","9","-","All sectors","201","Dentistry","Number",""
"HGO14C01","Number of Health Graduates","2016","2016","09","9","-","All sectors","401","Medical Science","Number",""
"HGO14C01","Number of Health Graduates","2016","2016","09","9","-","All sectors","202","Medicine","Number",""
"HGO14C01","Number of Health Graduates","2016","2016","09","9","-","All sectors","30","Nursing and Midwifery","Number",""
"HGO14C01","Number of Health Graduates","2016","2016","09","9","-","All sectors","501","Occupational Therapy","Number",""
"HGO14C01","Number of Health Graduates","2016","2016","09","9","-","All sectors","60","Pharmacy","Number",""
"HGO14C01","Number of Health Graduates","2016","2016","09","9","-","All sectors","504","Physiotherapy","Number",""
"HGO14C01","Number of Health Graduates","2016","2016","09","9","-","All sectors","402","Radiography and Radiation Therapy","Number",""
"HGO14C01","Number of Health Graduates","2016","2016","09","9","-","All sectors","702","Social Care","Number",""
"HGO14C01","Number of Health Graduates","2016","2016","09","9","-","All sectors","701","Social Work","Number",""
"HGO14C01","Number of Health Graduates","2016","2016","09","9","-","All sectors","10","Speech and Language Therapy","Number",""
"HGO14C01","Number of Health Graduates","2016","2016","09","9","-","All sectors","V52","Dietetics, Optometry and Podiatry","Number",""
"HGO14C01","Number of Health Graduates","2016","2016","10","10","01","Private sector","201","Dentistry","Number",""
"HGO14C01","Number of Health Graduates","2016","2016","10","10","01","Private sector","401","Medical Science","Number",""
"HGO14C01","Number of Health Graduates","2016","2016","10","10","01","Private sector","202","Medicine","Number",""
"HGO14C01","Number of Health Graduates","2016","2016","10","10","01","Private sector","30","Nursing and Midwifery","Number",""
"HGO14C01","Number of Health Graduates","2016","2016","10","10","01","Private sector","501","Occupational Therapy","Number",""
"HGO14C01","Number of Health Graduates","2016","2016","10","10","01","Private sector","60","Pharmacy","Number",""
"HGO14C01","Number of Health Graduates","2016","2016","10","10","01","Private sector","504","Physiotherapy","Number",""
"HGO14C01","Number of Health Graduates","2016","2016","10","10","01","Private sector","402","Radiography and Radiation Therapy","Number",""
"HGO14C01","Number of Health Graduates","2016","2016","10","10","01","Private sector","702","Social Care","Number",""
"HGO14C01","Number of Health Graduates","2016","2016","10","10","01","Private sector","701","Social Work","Number",""
"HGO14C01","Number of Health Graduates","2016","2016","10","10","01","Private sector","10","Speech and Language Therapy","Number",""
"HGO14C01","Number of Health Graduates","2016","2016","10","10","01","Private sector","V52","Dietetics, Optometry and Podiatry","Number",""
"HGO14C01","Number of Health Graduates","2016","2016","10","10","02","Public sector","201","Dentistry","Number",""
"HGO14C01","Number of Health Graduates","2016","2016","10","10","02","Public sector","401","Medical Science","Number",""
"HGO14C01","Number of Health Graduates","2016","2016","10","10","02","Public sector","202","Medicine","Number",""
"HGO14C01","Number of Health Graduates","2016","2016","10","10","02","Public sector","30","Nursing and Midwifery","Number",""
"HGO14C01","Number of Health Graduates","2016","2016","10","10","02","Public sector","501","Occupational Therapy","Number",""
"HGO14C01","Number of Health Graduates","2016","2016","10","10","02","Public sector","60","Pharmacy","Number",""
"HGO14C01","Number of Health Graduates","2016","2016","10","10","02","Public sector","504","Physiotherapy","Number",""
"HGO14C01","Number of Health Graduates","2016","2016","10","10","02","Public sector","402","Radiography and Radiation Therapy","Number",""
"HGO14C01","Number of Health Graduates","2016","2016","10","10","02","Public sector","702","Social Care","Number",""
"HGO14C01","Number of Health Graduates","2016","2016","10","10","02","Public sector","701","Social Work","Number",""
"HGO14C01","Number of Health Graduates","2016","2016","10","10","02","Public sector","10","Speech and Language Therapy","Number",""
"HGO14C01","Number of Health Graduates","2016","2016","10","10","02","Public sector","V52","Dietetics, Optometry and Podiatry","Number",""
"HGO14C01","Number of Health Graduates","2016","2016","10","10","-","All sectors","201","Dentistry","Number",""
"HGO14C01","Number of Health Graduates","2016","2016","10","10","-","All sectors","401","Medical Science","Number",""
"HGO14C01","Number of Health Graduates","2016","2016","10","10","-","All sectors","202","Medicine","Number",""
"HGO14C01","Number of Health Graduates","2016","2016","10","10","-","All sectors","30","Nursing and Midwifery","Number",""
"HGO14C01","Number of Health Graduates","2016","2016","10","10","-","All sectors","501","Occupational Therapy","Number",""
"HGO14C01","Number of Health Graduates","2016","2016","10","10","-","All sectors","60","Pharmacy","Number",""
"HGO14C01","Number of Health Graduates","2016","2016","10","10","-","All sectors","504","Physiotherapy","Number",""
"HGO14C01","Number of Health Graduates","2016","2016","10","10","-","All sectors","402","Radiography and Radiation Therapy","Number",""
"HGO14C01","Number of Health Graduates","2016","2016","10","10","-","All sectors","702","Social Care","Number",""
"HGO14C01","Number of Health Graduates","2016","2016","10","10","-","All sectors","701","Social Work","Number",""
"HGO14C01","Number of Health Graduates","2016","2016","10","10","-","All sectors","10","Speech and Language Therapy","Number",""
"HGO14C01","Number of Health Graduates","2016","2016","10","10","-","All sectors","V52","Dietetics, Optometry and Podiatry","Number",""
"HGO14C01","Number of Health Graduates","2016","2016","11","11","01","Private sector","201","Dentistry","Number",""
"HGO14C01","Number of Health Graduates","2016","2016","11","11","01","Private sector","401","Medical Science","Number",""
"HGO14C01","Number of Health Graduates","2016","2016","11","11","01","Private sector","202","Medicine","Number",""
"HGO14C01","Number of Health Graduates","2016","2016","11","11","01","Private sector","30","Nursing and Midwifery","Number",""
"HGO14C01","Number of Health Graduates","2016","2016","11","11","01","Private sector","501","Occupational Therapy","Number",""
"HGO14C01","Number of Health Graduates","2016","2016","11","11","01","Private sector","60","Pharmacy","Number",""
"HGO14C01","Number of Health Graduates","2016","2016","11","11","01","Private sector","504","Physiotherapy","Number",""
"HGO14C01","Number of Health Graduates","2016","2016","11","11","01","Private sector","402","Radiography and Radiation Therapy","Number",""
"HGO14C01","Number of Health Graduates","2016","2016","11","11","01","Private sector","702","Social Care","Number",""
"HGO14C01","Number of Health Graduates","2016","2016","11","11","01","Private sector","701","Social Work","Number",""
"HGO14C01","Number of Health Graduates","2016","2016","11","11","01","Private sector","10","Speech and Language Therapy","Number",""
"HGO14C01","Number of Health Graduates","2016","2016","11","11","01","Private sector","V52","Dietetics, Optometry and Podiatry","Number",""
"HGO14C01","Number of Health Graduates","2016","2016","11","11","02","Public sector","201","Dentistry","Number",""
"HGO14C01","Number of Health Graduates","2016","2016","11","11","02","Public sector","401","Medical Science","Number",""
"HGO14C01","Number of Health Graduates","2016","2016","11","11","02","Public sector","202","Medicine","Number",""
"HGO14C01","Number of Health Graduates","2016","2016","11","11","02","Public sector","30","Nursing and Midwifery","Number",""
"HGO14C01","Number of Health Graduates","2016","2016","11","11","02","Public sector","501","Occupational Therapy","Number",""
"HGO14C01","Number of Health Graduates","2016","2016","11","11","02","Public sector","60","Pharmacy","Number",""
"HGO14C01","Number of Health Graduates","2016","2016","11","11","02","Public sector","504","Physiotherapy","Number",""
"HGO14C01","Number of Health Graduates","2016","2016","11","11","02","Public sector","402","Radiography and Radiation Therapy","Number",""
"HGO14C01","Number of Health Graduates","2016","2016","11","11","02","Public sector","702","Social Care","Number",""
"HGO14C01","Number of Health Graduates","2016","2016","11","11","02","Public sector","701","Social Work","Number",""
"HGO14C01","Number of Health Graduates","2016","2016","11","11","02","Public sector","10","Speech and Language Therapy","Number",""
"HGO14C01","Number of Health Graduates","2016","2016","11","11","02","Public sector","V52","Dietetics, Optometry and Podiatry","Number",""
"HGO14C01","Number of Health Graduates","2016","2016","11","11","-","All sectors","201","Dentistry","Number",""
"HGO14C01","Number of Health Graduates","2016","2016","11","11","-","All sectors","401","Medical Science","Number",""
"HGO14C01","Number of Health Graduates","2016","2016","11","11","-","All sectors","202","Medicine","Number",""
"HGO14C01","Number of Health Graduates","2016","2016","11","11","-","All sectors","30","Nursing and Midwifery","Number",""
"HGO14C01","Number of Health Graduates","2016","2016","11","11","-","All sectors","501","Occupational Therapy","Number",""
"HGO14C01","Number of Health Graduates","2016","2016","11","11","-","All sectors","60","Pharmacy","Number",""
"HGO14C01","Number of Health Graduates","2016","2016","11","11","-","All sectors","504","Physiotherapy","Number",""
"HGO14C01","Number of Health Graduates","2016","2016","11","11","-","All sectors","402","Radiography and Radiation Therapy","Number",""
"HGO14C01","Number of Health Graduates","2016","2016","11","11","-","All sectors","702","Social Care","Number",""
"HGO14C01","Number of Health Graduates","2016","2016","11","11","-","All sectors","701","Social Work","Number",""
"HGO14C01","Number of Health Graduates","2016","2016","11","11","-","All sectors","10","Speech and Language Therapy","Number",""
"HGO14C01","Number of Health Graduates","2016","2016","11","11","-","All sectors","V52","Dietetics, Optometry and Podiatry","Number",""
"HGO14C01","Number of Health Graduates","2016","2016","12","12","01","Private sector","201","Dentistry","Number",""
"HGO14C01","Number of Health Graduates","2016","2016","12","12","01","Private sector","401","Medical Science","Number",""
"HGO14C01","Number of Health Graduates","2016","2016","12","12","01","Private sector","202","Medicine","Number",""
"HGO14C01","Number of Health Graduates","2016","2016","12","12","01","Private sector","30","Nursing and Midwifery","Number",""
"HGO14C01","Number of Health Graduates","2016","2016","12","12","01","Private sector","501","Occupational Therapy","Number",""
"HGO14C01","Number of Health Graduates","2016","2016","12","12","01","Private sector","60","Pharmacy","Number",""
"HGO14C01","Number of Health Graduates","2016","2016","12","12","01","Private sector","504","Physiotherapy","Number",""
"HGO14C01","Number of Health Graduates","2016","2016","12","12","01","Private sector","402","Radiography and Radiation Therapy","Number",""
"HGO14C01","Number of Health Graduates","2016","2016","12","12","01","Private sector","702","Social Care","Number",""
"HGO14C01","Number of Health Graduates","2016","2016","12","12","01","Private sector","701","Social Work","Number",""
"HGO14C01","Number of Health Graduates","2016","2016","12","12","01","Private sector","10","Speech and Language Therapy","Number",""
"HGO14C01","Number of Health Graduates","2016","2016","12","12","01","Private sector","V52","Dietetics, Optometry and Podiatry","Number",""
"HGO14C01","Number of Health Graduates","2016","2016","12","12","02","Public sector","201","Dentistry","Number",""
"HGO14C01","Number of Health Graduates","2016","2016","12","12","02","Public sector","401","Medical Science","Number",""
"HGO14C01","Number of Health Graduates","2016","2016","12","12","02","Public sector","202","Medicine","Number",""
"HGO14C01","Number of Health Graduates","2016","2016","12","12","02","Public sector","30","Nursing and Midwifery","Number",""
"HGO14C01","Number of Health Graduates","2016","2016","12","12","02","Public sector","501","Occupational Therapy","Number",""
"HGO14C01","Number of Health Graduates","2016","2016","12","12","02","Public sector","60","Pharmacy","Number",""
"HGO14C01","Number of Health Graduates","2016","2016","12","12","02","Public sector","504","Physiotherapy","Number",""
"HGO14C01","Number of Health Graduates","2016","2016","12","12","02","Public sector","402","Radiography and Radiation Therapy","Number",""
"HGO14C01","Number of Health Graduates","2016","2016","12","12","02","Public sector","702","Social Care","Number",""
"HGO14C01","Number of Health Graduates","2016","2016","12","12","02","Public sector","701","Social Work","Number",""
"HGO14C01","Number of Health Graduates","2016","2016","12","12","02","Public sector","10","Speech and Language Therapy","Number",""
"HGO14C01","Number of Health Graduates","2016","2016","12","12","02","Public sector","V52","Dietetics, Optometry and Podiatry","Number",""
"HGO14C01","Number of Health Graduates","2016","2016","12","12","-","All sectors","201","Dentistry","Number",""
"HGO14C01","Number of Health Graduates","2016","2016","12","12","-","All sectors","401","Medical Science","Number",""
"HGO14C01","Number of Health Graduates","2016","2016","12","12","-","All sectors","202","Medicine","Number",""
"HGO14C01","Number of Health Graduates","2016","2016","12","12","-","All sectors","30","Nursing and Midwifery","Number",""
"HGO14C01","Number of Health Graduates","2016","2016","12","12","-","All sectors","501","Occupational Therapy","Number",""
"HGO14C01","Number of Health Graduates","2016","2016","12","12","-","All sectors","60","Pharmacy","Number",""
"HGO14C01","Number of Health Graduates","2016","2016","12","12","-","All sectors","504","Physiotherapy","Number",""
"HGO14C01","Number of Health Graduates","2016","2016","12","12","-","All sectors","402","Radiography and Radiation Therapy","Number",""
"HGO14C01","Number of Health Graduates","2016","2016","12","12","-","All sectors","702","Social Care","Number",""
"HGO14C01","Number of Health Graduates","2016","2016","12","12","-","All sectors","701","Social Work","Number",""
"HGO14C01","Number of Health Graduates","2016","2016","12","12","-","All sectors","10","Speech and Language Therapy","Number",""
"HGO14C01","Number of Health Graduates","2016","2016","12","12","-","All sectors","V52","Dietetics, Optometry and Podiatry","Number",""
"HGO14C01","Number of Health Graduates","2016","2016","13","13","01","Private sector","201","Dentistry","Number",""
"HGO14C01","Number of Health Graduates","2016","2016","13","13","01","Private sector","401","Medical Science","Number",""
"HGO14C01","Number of Health Graduates","2016","2016","13","13","01","Private sector","202","Medicine","Number",""
"HGO14C01","Number of Health Graduates","2016","2016","13","13","01","Private sector","30","Nursing and Midwifery","Number",""
"HGO14C01","Number of Health Graduates","2016","2016","13","13","01","Private sector","501","Occupational Therapy","Number",""
"HGO14C01","Number of Health Graduates","2016","2016","13","13","01","Private sector","60","Pharmacy","Number",""
"HGO14C01","Number of Health Graduates","2016","2016","13","13","01","Private sector","504","Physiotherapy","Number",""
"HGO14C01","Number of Health Graduates","2016","2016","13","13","01","Private sector","402","Radiography and Radiation Therapy","Number",""
"HGO14C01","Number of Health Graduates","2016","2016","13","13","01","Private sector","702","Social Care","Number",""
"HGO14C01","Number of Health Graduates","2016","2016","13","13","01","Private sector","701","Social Work","Number",""
"HGO14C01","Number of Health Graduates","2016","2016","13","13","01","Private sector","10","Speech and Language Therapy","Number",""
"HGO14C01","Number of Health Graduates","2016","2016","13","13","01","Private sector","V52","Dietetics, Optometry and Podiatry","Number",""
"HGO14C01","Number of Health Graduates","2016","2016","13","13","02","Public sector","201","Dentistry","Number",""
"HGO14C01","Number of Health Graduates","2016","2016","13","13","02","Public sector","401","Medical Science","Number",""
"HGO14C01","Number of Health Graduates","2016","2016","13","13","02","Public sector","202","Medicine","Number",""
"HGO14C01","Number of Health Graduates","2016","2016","13","13","02","Public sector","30","Nursing and Midwifery","Number",""
"HGO14C01","Number of Health Graduates","2016","2016","13","13","02","Public sector","501","Occupational Therapy","Number",""
"HGO14C01","Number of Health Graduates","2016","2016","13","13","02","Public sector","60","Pharmacy","Number",""
"HGO14C01","Number of Health Graduates","2016","2016","13","13","02","Public sector","504","Physiotherapy","Number",""
"HGO14C01","Number of Health Graduates","2016","2016","13","13","02","Public sector","402","Radiography and Radiation Therapy","Number",""
"HGO14C01","Number of Health Graduates","2016","2016","13","13","02","Public sector","702","Social Care","Number",""
"HGO14C01","Number of Health Graduates","2016","2016","13","13","02","Public sector","701","Social Work","Number",""
"HGO14C01","Number of Health Graduates","2016","2016","13","13","02","Public sector","10","Speech and Language Therapy","Number",""
"HGO14C01","Number of Health Graduates","2016","2016","13","13","02","Public sector","V52","Dietetics, Optometry and Podiatry","Number",""
"HGO14C01","Number of Health Graduates","2016","2016","13","13","-","All sectors","201","Dentistry","Number",""
"HGO14C01","Number of Health Graduates","2016","2016","13","13","-","All sectors","401","Medical Science","Number",""
"HGO14C01","Number of Health Graduates","2016","2016","13","13","-","All sectors","202","Medicine","Number",""
"HGO14C01","Number of Health Graduates","2016","2016","13","13","-","All sectors","30","Nursing and Midwifery","Number",""
"HGO14C01","Number of Health Graduates","2016","2016","13","13","-","All sectors","501","Occupational Therapy","Number",""
"HGO14C01","Number of Health Graduates","2016","2016","13","13","-","All sectors","60","Pharmacy","Number",""
"HGO14C01","Number of Health Graduates","2016","2016","13","13","-","All sectors","504","Physiotherapy","Number",""
"HGO14C01","Number of Health Graduates","2016","2016","13","13","-","All sectors","402","Radiography and Radiation Therapy","Number",""
"HGO14C01","Number of Health Graduates","2016","2016","13","13","-","All sectors","702","Social Care","Number",""
"HGO14C01","Number of Health Graduates","2016","2016","13","13","-","All sectors","701","Social Work","Number",""
"HGO14C01","Number of Health Graduates","2016","2016","13","13","-","All sectors","10","Speech and Language Therapy","Number",""
"HGO14C01","Number of Health Graduates","2016","2016","13","13","-","All sectors","V52","Dietetics, Optometry and Podiatry","Number",""
"HGO14C01","Number of Health Graduates","2017","2017","01","1","01","Private sector","201","Dentistry","Number",""
"HGO14C01","Number of Health Graduates","2017","2017","01","1","01","Private sector","401","Medical Science","Number","15"
"HGO14C01","Number of Health Graduates","2017","2017","01","1","01","Private sector","202","Medicine","Number","18"
"HGO14C01","Number of Health Graduates","2017","2017","01","1","01","Private sector","30","Nursing and Midwifery","Number","198"
"HGO14C01","Number of Health Graduates","2017","2017","01","1","01","Private sector","501","Occupational Therapy","Number","42"
"HGO14C01","Number of Health Graduates","2017","2017","01","1","01","Private sector","60","Pharmacy","Number",""
"HGO14C01","Number of Health Graduates","2017","2017","01","1","01","Private sector","504","Physiotherapy","Number","69"
"HGO14C01","Number of Health Graduates","2017","2017","01","1","01","Private sector","402","Radiography and Radiation Therapy","Number","9"
"HGO14C01","Number of Health Graduates","2017","2017","01","1","01","Private sector","702","Social Care","Number","672"
"HGO14C01","Number of Health Graduates","2017","2017","01","1","01","Private sector","701","Social Work","Number","87"
"HGO14C01","Number of Health Graduates","2017","2017","01","1","01","Private sector","10","Speech and Language Therapy","Number","42"
"HGO14C01","Number of Health Graduates","2017","2017","01","1","01","Private sector","V52","Dietetics, Optometry and Podiatry","Number","42"
"HGO14C01","Number of Health Graduates","2017","2017","01","1","02","Public sector","201","Dentistry","Number","9"
"HGO14C01","Number of Health Graduates","2017","2017","01","1","02","Public sector","401","Medical Science","Number","54"
"HGO14C01","Number of Health Graduates","2017","2017","01","1","02","Public sector","202","Medicine","Number","615"
"HGO14C01","Number of Health Graduates","2017","2017","01","1","02","Public sector","30","Nursing and Midwifery","Number","1020"
"HGO14C01","Number of Health Graduates","2017","2017","01","1","02","Public sector","501","Occupational Therapy","Number","27"
"HGO14C01","Number of Health Graduates","2017","2017","01","1","02","Public sector","60","Pharmacy","Number",""
"HGO14C01","Number of Health Graduates","2017","2017","01","1","02","Public sector","504","Physiotherapy","Number","57"
"HGO14C01","Number of Health Graduates","2017","2017","01","1","02","Public sector","402","Radiography and Radiation Therapy","Number","51"
"HGO14C01","Number of Health Graduates","2017","2017","01","1","02","Public sector","702","Social Care","Number","180"
"HGO14C01","Number of Health Graduates","2017","2017","01","1","02","Public sector","701","Social Work","Number","57"
"HGO14C01","Number of Health Graduates","2017","2017","01","1","02","Public sector","10","Speech and Language Therapy","Number","45"
"HGO14C01","Number of Health Graduates","2017","2017","01","1","02","Public sector","V52","Dietetics, Optometry and Podiatry","Number","12"
"HGO14C01","Number of Health Graduates","2017","2017","01","1","-","All sectors","201","Dentistry","Number","9"
"HGO14C01","Number of Health Graduates","2017","2017","01","1","-","All sectors","401","Medical Science","Number","66"
"HGO14C01","Number of Health Graduates","2017","2017","01","1","-","All sectors","202","Medicine","Number","633"
"HGO14C01","Number of Health Graduates","2017","2017","01","1","-","All sectors","30","Nursing and Midwifery","Number","1215"
"HGO14C01","Number of Health Graduates","2017","2017","01","1","-","All sectors","501","Occupational Therapy","Number","69"
"HGO14C01","Number of Health Graduates","2017","2017","01","1","-","All sectors","60","Pharmacy","Number",""
"HGO14C01","Number of Health Graduates","2017","2017","01","1","-","All sectors","504","Physiotherapy","Number","129"
"HGO14C01","Number of Health Graduates","2017","2017","01","1","-","All sectors","402","Radiography and Radiation Therapy","Number","60"
"HGO14C01","Number of Health Graduates","2017","2017","01","1","-","All sectors","702","Social Care","Number","852"
"HGO14C01","Number of Health Graduates","2017","2017","01","1","-","All sectors","701","Social Work","Number","144"
"HGO14C01","Number of Health Graduates","2017","2017","01","1","-","All sectors","10","Speech and Language Therapy","Number","87"
"HGO14C01","Number of Health Graduates","2017","2017","01","1","-","All sectors","V52","Dietetics, Optometry and Podiatry","Number","57"
"HGO14C01","Number of Health Graduates","2017","2017","02","2","01","Private sector","201","Dentistry","Number",""
"HGO14C01","Number of Health Graduates","2017","2017","02","2","01","Private sector","401","Medical Science","Number","15"
"HGO14C01","Number of Health Graduates","2017","2017","02","2","01","Private sector","202","Medicine","Number","42"
"HGO14C01","Number of Health Graduates","2017","2017","02","2","01","Private sector","30","Nursing and Midwifery","Number","258"
"HGO14C01","Number of Health Graduates","2017","2017","02","2","01","Private sector","501","Occupational Therapy","Number","27"
"HGO14C01","Number of Health Graduates","2017","2017","02","2","01","Private sector","60","Pharmacy","Number",""
"HGO14C01","Number of Health Graduates","2017","2017","02","2","01","Private sector","504","Physiotherapy","Number","39"
"HGO14C01","Number of Health Graduates","2017","2017","02","2","01","Private sector","402","Radiography and Radiation Therapy","Number","9"
"HGO14C01","Number of Health Graduates","2017","2017","02","2","01","Private sector","702","Social Care","Number","612"
"HGO14C01","Number of Health Graduates","2017","2017","02","2","01","Private sector","701","Social Work","Number","48"
"HGO14C01","Number of Health Graduates","2017","2017","02","2","01","Private sector","10","Speech and Language Therapy","Number","27"
"HGO14C01","Number of Health Graduates","2017","2017","02","2","01","Private sector","V52","Dietetics, Optometry and Podiatry","Number","36"
"HGO14C01","Number of Health Graduates","2017","2017","02","2","02","Public sector","201","Dentistry","Number","6"
"HGO14C01","Number of Health Graduates","2017","2017","02","2","02","Public sector","401","Medical Science","Number","48"
"HGO14C01","Number of Health Graduates","2017","2017","02","2","02","Public sector","202","Medicine","Number","372"
"HGO14C01","Number of Health Graduates","2017","2017","02","2","02","Public sector","30","Nursing and Midwifery","Number","822"
"HGO14C01","Number of Health Graduates","2017","2017","02","2","02","Public sector","501","Occupational Therapy","Number","45"
"HGO14C01","Number of Health Graduates","2017","2017","02","2","02","Public sector","60","Pharmacy","Number",""
"HGO14C01","Number of Health Graduates","2017","2017","02","2","02","Public sector","504","Physiotherapy","Number","60"
"HGO14C01","Number of Health Graduates","2017","2017","02","2","02","Public sector","402","Radiography and Radiation Therapy","Number","51"
"HGO14C01","Number of Health Graduates","2017","2017","02","2","02","Public sector","702","Social Care","Number","213"
"HGO14C01","Number of Health Graduates","2017","2017","02","2","02","Public sector","701","Social Work","Number","81"
"HGO14C01","Number of Health Graduates","2017","2017","02","2","02","Public sector","10","Speech and Language Therapy","Number","66"
"HGO14C01","Number of Health Graduates","2017","2017","02","2","02","Public sector","V52","Dietetics, Optometry and Podiatry","Number","18"
"HGO14C01","Number of Health Graduates","2017","2017","02","2","-","All sectors","201","Dentistry","Number","9"
"HGO14C01","Number of Health Graduates","2017","2017","02","2","-","All sectors","401","Medical Science","Number","63"
"HGO14C01","Number of Health Graduates","2017","2017","02","2","-","All sectors","202","Medicine","Number","417"
"HGO14C01","Number of Health Graduates","2017","2017","02","2","-","All sectors","30","Nursing and Midwifery","Number","1080"
"HGO14C01","Number of Health Graduates","2017","2017","02","2","-","All sectors","501","Occupational Therapy","Number","72"
"HGO14C01","Number of Health Graduates","2017","2017","02","2","-","All sectors","60","Pharmacy","Number",""
"HGO14C01","Number of Health Graduates","2017","2017","02","2","-","All sectors","504","Physiotherapy","Number","96"
"HGO14C01","Number of Health Graduates","2017","2017","02","2","-","All sectors","402","Radiography and Radiation Therapy","Number","57"
"HGO14C01","Number of Health Graduates","2017","2017","02","2","-","All sectors","702","Social Care","Number","825"
"HGO14C01","Number of Health Graduates","2017","2017","02","2","-","All sectors","701","Social Work","Number","129"
"HGO14C01","Number of Health Graduates","2017","2017","02","2","-","All sectors","10","Speech and Language Therapy","Number","90"
"HGO14C01","Number of Health Graduates","2017","2017","02","2","-","All sectors","V52","Dietetics, Optometry and Podiatry","Number","54"
"HGO14C01","Number of Health Graduates","2017","2017","03","3","01","Private sector","201","Dentistry","Number","3"
"HGO14C01","Number of Health Graduates","2017","2017","03","3","01","Private sector","401","Medical Science","Number","12"
"HGO14C01","Number of Health Graduates","2017","2017","03","3","01","Private sector","202","Medicine","Number","36"
"HGO14C01","Number of Health Graduates","2017","2017","03","3","01","Private sector","30","Nursing and Midwifery","Number","279"
"HGO14C01","Number of Health Graduates","2017","2017","03","3","01","Private sector","501","Occupational Therapy","Number","21"
"HGO14C01","Number of Health Graduates","2017","2017","03","3","01","Private sector","60","Pharmacy","Number",""
"HGO14C01","Number of Health Graduates","2017","2017","03","3","01","Private sector","504","Physiotherapy","Number","27"
"HGO14C01","Number of Health Graduates","2017","2017","03","3","01","Private sector","402","Radiography and Radiation Therapy","Number","12"
"HGO14C01","Number of Health Graduates","2017","2017","03","3","01","Private sector","702","Social Care","Number","549"
"HGO14C01","Number of Health Graduates","2017","2017","03","3","01","Private sector","701","Social Work","Number","21"
"HGO14C01","Number of Health Graduates","2017","2017","03","3","01","Private sector","10","Speech and Language Therapy","Number","18"
"HGO14C01","Number of Health Graduates","2017","2017","03","3","01","Private sector","V52","Dietetics, Optometry and Podiatry","Number","27"
"HGO14C01","Number of Health Graduates","2017","2017","03","3","02","Public sector","201","Dentistry","Number","6"
"HGO14C01","Number of Health Graduates","2017","2017","03","3","02","Public sector","401","Medical Science","Number","48"
"HGO14C01","Number of Health Graduates","2017","2017","03","3","02","Public sector","202","Medicine","Number","429"
"HGO14C01","Number of Health Graduates","2017","2017","03","3","02","Public sector","30","Nursing and Midwifery","Number","672"
"HGO14C01","Number of Health Graduates","2017","2017","03","3","02","Public sector","501","Occupational Therapy","Number","51"
"HGO14C01","Number of Health Graduates","2017","2017","03","3","02","Public sector","60","Pharmacy","Number",""
"HGO14C01","Number of Health Graduates","2017","2017","03","3","02","Public sector","504","Physiotherapy","Number","60"
"HGO14C01","Number of Health Graduates","2017","2017","03","3","02","Public sector","402","Radiography and Radiation Therapy","Number","36"
"HGO14C01","Number of Health Graduates","2017","2017","03","3","02","Public sector","702","Social Care","Number","252"
"HGO14C01","Number of Health Graduates","2017","2017","03","3","02","Public sector","701","Social Work","Number","108"
"HGO14C01","Number of Health Graduates","2017","2017","03","3","02","Public sector","10","Speech and Language Therapy","Number","66"
"HGO14C01","Number of Health Graduates","2017","2017","03","3","02","Public sector","V52","Dietetics, Optometry and Podiatry","Number","18"
"HGO14C01","Number of Health Graduates","2017","2017","03","3","-","All sectors","201","Dentistry","Number","12"
"HGO14C01","Number of Health Graduates","2017","2017","03","3","-","All sectors","401","Medical Science","Number","60"
"HGO14C01","Number of Health Graduates","2017","2017","03","3","-","All sectors","202","Medicine","Number","465"
"HGO14C01","Number of Health Graduates","2017","2017","03","3","-","All sectors","30","Nursing and Midwifery","Number","951"
"HGO14C01","Number of Health Graduates","2017","2017","03","3","-","All sectors","501","Occupational Therapy","Number","72"
"HGO14C01","Number of Health Graduates","2017","2017","03","3","-","All sectors","60","Pharmacy","Number",""
"HGO14C01","Number of Health Graduates","2017","2017","03","3","-","All sectors","504","Physiotherapy","Number","87"
"HGO14C01","Number of Health Graduates","2017","2017","03","3","-","All sectors","402","Radiography and Radiation Therapy","Number","48"
"HGO14C01","Number of Health Graduates","2017","2017","03","3","-","All sectors","702","Social Care","Number","801"
"HGO14C01","Number of Health Graduates","2017","2017","03","3","-","All sectors","701","Social Work","Number","129"
"HGO14C01","Number of Health Graduates","2017","2017","03","3","-","All sectors","10","Speech and Language Therapy","Number","87"
"HGO14C01","Number of Health Graduates","2017","2017","03","3","-","All sectors","V52","Dietetics, Optometry and Podiatry","Number","45"
"HGO14C01","Number of Health Graduates","2017","2017","04","4","01","Private sector","201","Dentistry","Number","3"
"HGO14C01","Number of Health Graduates","2017","2017","04","4","01","Private sector","401","Medical Science","Number","15"
"HGO14C01","Number of Health Graduates","2017","2017","04","4","01","Private sector","202","Medicine","Number","30"
"HGO14C01","Number of Health Graduates","2017","2017","04","4","01","Private sector","30","Nursing and Midwifery","Number","270"
"HGO14C01","Number of Health Graduates","2017","2017","04","4","01","Private sector","501","Occupational Therapy","Number","15"
"HGO14C01","Number of Health Graduates","2017","2017","04","4","01","Private sector","60","Pharmacy","Number",""
"HGO14C01","Number of Health Graduates","2017","2017","04","4","01","Private sector","504","Physiotherapy","Number","36"
"HGO14C01","Number of Health Graduates","2017","2017","04","4","01","Private sector","402","Radiography and Radiation Therapy","Number","15"
"HGO14C01","Number of Health Graduates","2017","2017","04","4","01","Private sector","702","Social Care","Number","528"
"HGO14C01","Number of Health Graduates","2017","2017","04","4","01","Private sector","701","Social Work","Number","21"
"HGO14C01","Number of Health Graduates","2017","2017","04","4","01","Private sector","10","Speech and Language Therapy","Number","15"
"HGO14C01","Number of Health Graduates","2017","2017","04","4","01","Private sector","V52","Dietetics, Optometry and Podiatry","Number","27"
"HGO14C01","Number of Health Graduates","2017","2017","04","4","02","Public sector","201","Dentistry","Number","6"
"HGO14C01","Number of Health Graduates","2017","2017","04","4","02","Public sector","401","Medical Science","Number","51"
"HGO14C01","Number of Health Graduates","2017","2017","04","4","02","Public sector","202","Medicine","Number","486"
"HGO14C01","Number of Health Graduates","2017","2017","04","4","02","Public sector","30","Nursing and Midwifery","Number","729"
"HGO14C01","Number of Health Graduates","2017","2017","04","4","02","Public sector","501","Occupational Therapy","Number","66"
"HGO14C01","Number of Health Graduates","2017","2017","04","4","02","Public sector","60","Pharmacy","Number",""
"HGO14C01","Number of Health Graduates","2017","2017","04","4","02","Public sector","504","Physiotherapy","Number","63"
"HGO14C01","Number of Health Graduates","2017","2017","04","4","02","Public sector","402","Radiography and Radiation Therapy","Number","39"
"HGO14C01","Number of Health Graduates","2017","2017","04","4","02","Public sector","702","Social Care","Number","276"
"HGO14C01","Number of Health Graduates","2017","2017","04","4","02","Public sector","701","Social Work","Number","108"
"HGO14C01","Number of Health Graduates","2017","2017","04","4","02","Public sector","10","Speech and Language Therapy","Number","69"
"HGO14C01","Number of Health Graduates","2017","2017","04","4","02","Public sector","V52","Dietetics, Optometry and Podiatry","Number","21"
"HGO14C01","Number of Health Graduates","2017","2017","04","4","-","All sectors","201","Dentistry","Number","9"
"HGO14C01","Number of Health Graduates","2017","2017","04","4","-","All sectors","401","Medical Science","Number","66"
"HGO14C01","Number of Health Graduates","2017","2017","04","4","-","All sectors","202","Medicine","Number","516"
"HGO14C01","Number of Health Graduates","2017","2017","04","4","-","All sectors","30","Nursing and Midwifery","Number","1002"
"HGO14C01","Number of Health Graduates","2017","2017","04","4","-","All sectors","501","Occupational Therapy","Number","81"
"HGO14C01","Number of Health Graduates","2017","2017","04","4","-","All sectors","60","Pharmacy","Number",""
"HGO14C01","Number of Health Graduates","2017","2017","04","4","-","All sectors","504","Physiotherapy","Number","99"
"HGO14C01","Number of Health Graduates","2017","2017","04","4","-","All sectors","402","Radiography and Radiation Therapy","Number","51"
"HGO14C01","Number of Health Graduates","2017","2017","04","4","-","All sectors","702","Social Care","Number","804"
"HGO14C01","Number of Health Graduates","2017","2017","04","4","-","All sectors","701","Social Work","Number","129"
"HGO14C01","Number of Health Graduates","2017","2017","04","4","-","All sectors","10","Speech and Language Therapy","Number","84"
"HGO14C01","Number of Health Graduates","2017","2017","04","4","-","All sectors","V52","Dietetics, Optometry and Podiatry","Number","48"
"HGO14C01","Number of Health Graduates","2017","2017","05","5","01","Private sector","201","Dentistry","Number","3"
"HGO14C01","Number of Health Graduates","2017","2017","05","5","01","Private sector","401","Medical Science","Number","18"
"HGO14C01","Number of Health Graduates","2017","2017","05","5","01","Private sector","202","Medicine","Number","33"
"HGO14C01","Number of Health Graduates","2017","2017","05","5","01","Private sector","30","Nursing and Midwifery","Number","273"
"HGO14C01","Number of Health Graduates","2017","2017","05","5","01","Private sector","501","Occupational Therapy","Number","21"
"HGO14C01","Number of Health Graduates","2017","2017","05","5","01","Private sector","60","Pharmacy","Number",""
"HGO14C01","Number of Health Graduates","2017","2017","05","5","01","Private sector","504","Physiotherapy","Number","30"
"HGO14C01","Number of Health Graduates","2017","2017","05","5","01","Private sector","402","Radiography and Radiation Therapy","Number","15"
"HGO14C01","Number of Health Graduates","2017","2017","05","5","01","Private sector","702","Social Care","Number","516"
"HGO14C01","Number of Health Graduates","2017","2017","05","5","01","Private sector","701","Social Work","Number","21"
"HGO14C01","Number of Health Graduates","2017","2017","05","5","01","Private sector","10","Speech and Language Therapy","Number","18"
"HGO14C01","Number of Health Graduates","2017","2017","05","5","01","Private sector","V52","Dietetics, Optometry and Podiatry","Number","21"
"HGO14C01","Number of Health Graduates","2017","2017","05","5","02","Public sector","201","Dentistry","Number","6"
"HGO14C01","Number of Health Graduates","2017","2017","05","5","02","Public sector","401","Medical Science","Number","48"
"HGO14C01","Number of Health Graduates","2017","2017","05","5","02","Public sector","202","Medicine","Number","483"
"HGO14C01","Number of Health Graduates","2017","2017","05","5","02","Public sector","30","Nursing and Midwifery","Number","705"
"HGO14C01","Number of Health Graduates","2017","2017","05","5","02","Public sector","501","Occupational Therapy","Number","60"
"HGO14C01","Number of Health Graduates","2017","2017","05","5","02","Public sector","60","Pharmacy","Number",""
"HGO14C01","Number of Health Graduates","2017","2017","05","5","02","Public sector","504","Physiotherapy","Number","72"
"HGO14C01","Number of Health Graduates","2017","2017","05","5","02","Public sector","402","Radiography and Radiation Therapy","Number","39"
"HGO14C01","Number of Health Graduates","2017","2017","05","5","02","Public sector","702","Social Care","Number","297"
"HGO14C01","Number of Health Graduates","2017","2017","05","5","02","Public sector","701","Social Work","Number","111"
"HGO14C01","Number of Health Graduates","2017","2017","05","5","02","Public sector","10","Speech and Language Therapy","Number","63"
"HGO14C01","Number of Health Graduates","2017","2017","05","5","02","Public sector","V52","Dietetics, Optometry and Podiatry","Number","24"
"HGO14C01","Number of Health Graduates","2017","2017","05","5","-","All sectors","201","Dentistry","Number","9"
"HGO14C01","Number of Health Graduates","2017","2017","05","5","-","All sectors","401","Medical Science","Number","66"
"HGO14C01","Number of Health Graduates","2017","2017","05","5","-","All sectors","202","Medicine","Number","519"
"HGO14C01","Number of Health Graduates","2017","2017","05","5","-","All sectors","30","Nursing and Midwifery","Number","978"
"HGO14C01","Number of Health Graduates","2017","2017","05","5","-","All sectors","501","Occupational Therapy","Number","81"
"HGO14C01","Number of Health Graduates","2017","2017","05","5","-","All sectors","60","Pharmacy","Number",""
"HGO14C01","Number of Health Graduates","2017","2017","05","5","-","All sectors","504","Physiotherapy","Number","99"
"HGO14C01","Number of Health Graduates","2017","2017","05","5","-","All sectors","402","Radiography and Radiation Therapy","Number","54"
"HGO14C01","Number of Health Graduates","2017","2017","05","5","-","All sectors","702","Social Care","Number","813"
"HGO14C01","Number of Health Graduates","2017","2017","05","5","-","All sectors","701","Social Work","Number","132"
"HGO14C01","Number of Health Graduates","2017","2017","05","5","-","All sectors","10","Speech and Language Therapy","Number","81"
"HGO14C01","Number of Health Graduates","2017","2017","05","5","-","All sectors","V52","Dietetics, Optometry and Podiatry","Number","45"
"HGO14C01","Number of Health Graduates","2017","2017","06","6","01","Private sector","201","Dentistry","Number","3"
"HGO14C01","Number of Health Graduates","2017","2017","06","6","01","Private sector","401","Medical Science","Number","15"
"HGO14C01","Number of Health Graduates","2017","2017","06","6","01","Private sector","202","Medicine","Number","60"
"HGO14C01","Number of Health Graduates","2017","2017","06","6","01","Private sector","30","Nursing and Midwifery","Number","294"
"HGO14C01","Number of Health Graduates","2017","2017","06","6","01","Private sector","501","Occupational Therapy","Number","24"
"HGO14C01","Number of Health Graduates","2017","2017","06","6","01","Private sector","60","Pharmacy","Number",""
"HGO14C01","Number of Health Graduates","2017","2017","06","6","01","Private sector","504","Physiotherapy","Number","24"
"HGO14C01","Number of Health Graduates","2017","2017","06","6","01","Private sector","402","Radiography and Radiation Therapy","Number","18"
"HGO14C01","Number of Health Graduates","2017","2017","06","6","01","Private sector","702","Social Care","Number","477"
"HGO14C01","Number of Health Graduates","2017","2017","06","6","01","Private sector","701","Social Work","Number","24"
"HGO14C01","Number of Health Graduates","2017","2017","06","6","01","Private sector","10","Speech and Language Therapy","Number","18"
"HGO14C01","Number of Health Graduates","2017","2017","06","6","01","Private sector","V52","Dietetics, Optometry and Podiatry","Number","15"
"HGO14C01","Number of Health Graduates","2017","2017","06","6","02","Public sector","201","Dentistry","Number","6"
"HGO14C01","Number of Health Graduates","2017","2017","06","6","02","Public sector","401","Medical Science","Number","45"
"HGO14C01","Number of Health Graduates","2017","2017","06","6","02","Public sector","202","Medicine","Number","453"
"HGO14C01","Number of Health Graduates","2017","2017","06","6","02","Public sector","30","Nursing and Midwifery","Number","636"
"HGO14C01","Number of Health Graduates","2017","2017","06","6","02","Public sector","501","Occupational Therapy","Number","51"
"HGO14C01","Number of Health Graduates","2017","2017","06","6","02","Public sector","60","Pharmacy","Number",""
"HGO14C01","Number of Health Graduates","2017","2017","06","6","02","Public sector","504","Physiotherapy","Number","75"
"HGO14C01","Number of Health Graduates","2017","2017","06","6","02","Public sector","402","Radiography and Radiation Therapy","Number","33"
"HGO14C01","Number of Health Graduates","2017","2017","06","6","02","Public sector","702","Social Care","Number","327"
"HGO14C01","Number of Health Graduates","2017","2017","06","6","02","Public sector","701","Social Work","Number","108"
"HGO14C01","Number of Health Graduates","2017","2017","06","6","02","Public sector","10","Speech and Language Therapy","Number","54"
"HGO14C01","Number of Health Graduates","2017","2017","06","6","02","Public sector","V52","Dietetics, Optometry and Podiatry","Number","33"
"HGO14C01","Number of Health Graduates","2017","2017","06","6","-","All sectors","201","Dentistry","Number","12"
"HGO14C01","Number of Health Graduates","2017","2017","06","6","-","All sectors","401","Medical Science","Number","60"
"HGO14C01","Number of Health Graduates","2017","2017","06","6","-","All sectors","202","Medicine","Number","513"
"HGO14C01","Number of Health Graduates","2017","2017","06","6","-","All sectors","30","Nursing and Midwifery","Number","930"
"HGO14C01","Number of Health Graduates","2017","2017","06","6","-","All sectors","501","Occupational Therapy","Number","72"
"HGO14C01","Number of Health Graduates","2017","2017","06","6","-","All sectors","60","Pharmacy","Number",""
"HGO14C01","Number of Health Graduates","2017","2017","06","6","-","All sectors","504","Physiotherapy","Number","99"
"HGO14C01","Number of Health Graduates","2017","2017","06","6","-","All sectors","402","Radiography and Radiation Therapy","Number","51"
"HGO14C01","Number of Health Graduates","2017","2017","06","6","-","All sectors","702","Social Care","Number","804"
"HGO14C01","Number of Health Graduates","2017","2017","06","6","-","All sectors","701","Social Work","Number","132"
"HGO14C01","Number of Health Graduates","2017","2017","06","6","-","All sectors","10","Speech and Language Therapy","Number","72"
"HGO14C01","Number of Health Graduates","2017","2017","06","6","-","All sectors","V52","Dietetics, Optometry and Podiatry","Number","48"
"HGO14C01","Number of Health Graduates","2017","2017","07","7","01","Private sector","201","Dentistry","Number",""
"HGO14C01","Number of Health Graduates","2017","2017","07","7","01","Private sector","401","Medical Science","Number",""
"HGO14C01","Number of Health Graduates","2017","2017","07","7","01","Private sector","202","Medicine","Number",""
"HGO14C01","Number of Health Graduates","2017","2017","07","7","01","Private sector","30","Nursing and Midwifery","Number",""
"HGO14C01","Number of Health Graduates","2017","2017","07","7","01","Private sector","501","Occupational Therapy","Number",""
"HGO14C01","Number of Health Graduates","2017","2017","07","7","01","Private sector","60","Pharmacy","Number",""
"HGO14C01","Number of Health Graduates","2017","2017","07","7","01","Private sector","504","Physiotherapy","Number",""
"HGO14C01","Number of Health Graduates","2017","2017","07","7","01","Private sector","402","Radiography and Radiation Therapy","Number",""
"HGO14C01","Number of Health Graduates","2017","2017","07","7","01","Private sector","702","Social Care","Number",""
"HGO14C01","Number of Health Graduates","2017","2017","07","7","01","Private sector","701","Social Work","Number",""
"HGO14C01","Number of Health Graduates","2017","2017","07","7","01","Private sector","10","Speech and Language Therapy","Number",""
"HGO14C01","Number of Health Graduates","2017","2017","07","7","01","Private sector","V52","Dietetics, Optometry and Podiatry","Number",""
"HGO14C01","Number of Health Graduates","2017","2017","07","7","02","Public sector","201","Dentistry","Number",""
"HGO14C01","Number of Health Graduates","2017","2017","07","7","02","Public sector","401","Medical Science","Number",""
"HGO14C01","Number of Health Graduates","2017","2017","07","7","02","Public sector","202","Medicine","Number",""
"HGO14C01","Number of Health Graduates","2017","2017","07","7","02","Public sector","30","Nursing and Midwifery","Number",""
"HGO14C01","Number of Health Graduates","2017","2017","07","7","02","Public sector","501","Occupational Therapy","Number",""
"HGO14C01","Number of Health Graduates","2017","2017","07","7","02","Public sector","60","Pharmacy","Number",""
"HGO14C01","Number of Health Graduates","2017","2017","07","7","02","Public sector","504","Physiotherapy","Number",""
"HGO14C01","Number of Health Graduates","2017","2017","07","7","02","Public sector","402","Radiography and Radiation Therapy","Number",""
"HGO14C01","Number of Health Graduates","2017","2017","07","7","02","Public sector","702","Social Care","Number",""
"HGO14C01","Number of Health Graduates","2017","2017","07","7","02","Public sector","701","Social Work","Number",""
"HGO14C01","Number of Health Graduates","2017","2017","07","7","02","Public sector","10","Speech and Language Therapy","Number",""
"HGO14C01","Number of Health Graduates","2017","2017","07","7","02","Public sector","V52","Dietetics, Optometry and Podiatry","Number",""
"HGO14C01","Number of Health Graduates","2017","2017","07","7","-","All sectors","201","Dentistry","Number",""
"HGO14C01","Number of Health Graduates","2017","2017","07","7","-","All sectors","401","Medical Science","Number",""
"HGO14C01","Number of Health Graduates","2017","2017","07","7","-","All sectors","202","Medicine","Number",""
"HGO14C01","Number of Health Graduates","2017","2017","07","7","-","All sectors","30","Nursing and Midwifery","Number",""
"HGO14C01","Number of Health Graduates","2017","2017","07","7","-","All sectors","501","Occupational Therapy","Number",""
"HGO14C01","Number of Health Graduates","2017","2017","07","7","-","All sectors","60","Pharmacy","Number",""
"HGO14C01","Number of Health Graduates","2017","2017","07","7","-","All sectors","504","Physiotherapy","Number",""
"HGO14C01","Number of Health Graduates","2017","2017","07","7","-","All sectors","402","Radiography and Radiation Therapy","Number",""
"HGO14C01","Number of Health Graduates","2017","2017","07","7","-","All sectors","702","Social Care","Number",""
"HGO14C01","Number of Health Graduates","2017","2017","07","7","-","All sectors","701","Social Work","Number",""
"HGO14C01","Number of Health Graduates","2017","2017","07","7","-","All sectors","10","Speech and Language Therapy","Number",""
"HGO14C01","Number of Health Graduates","2017","2017","07","7","-","All sectors","V52","Dietetics, Optometry and Podiatry","Number",""
"HGO14C01","Number of Health Graduates","2017","2017","08","8","01","Private sector","201","Dentistry","Number",""
"HGO14C01","Number of Health Graduates","2017","2017","08","8","01","Private sector","401","Medical Science","Number",""
"HGO14C01","Number of Health Graduates","2017","2017","08","8","01","Private sector","202","Medicine","Number",""
"HGO14C01","Number of Health Graduates","2017","2017","08","8","01","Private sector","30","Nursing and Midwifery","Number",""
"HGO14C01","Number of Health Graduates","2017","2017","08","8","01","Private sector","501","Occupational Therapy","Number",""
"HGO14C01","Number of Health Graduates","2017","2017","08","8","01","Private sector","60","Pharmacy","Number",""
"HGO14C01","Number of Health Graduates","2017","2017","08","8","01","Private sector","504","Physiotherapy","Number",""
"HGO14C01","Number of Health Graduates","2017","2017","08","8","01","Private sector","402","Radiography and Radiation Therapy","Number",""
"HGO14C01","Number of Health Graduates","2017","2017","08","8","01","Private sector","702","Social Care","Number",""
"HGO14C01","Number of Health Graduates","2017","2017","08","8","01","Private sector","701","Social Work","Number",""
"HGO14C01","Number of Health Graduates","2017","2017","08","8","01","Private sector","10","Speech and Language Therapy","Number",""
"HGO14C01","Number of Health Graduates","2017","2017","08","8","01","Private sector","V52","Dietetics, Optometry and Podiatry","Number",""
"HGO14C01","Number of Health Graduates","2017","2017","08","8","02","Public sector","201","Dentistry","Number",""
"HGO14C01","Number of Health Graduates","2017","2017","08","8","02","Public sector","401","Medical Science","Number",""
"HGO14C01","Number of Health Graduates","2017","2017","08","8","02","Public sector","202","Medicine","Number",""
"HGO14C01","Number of Health Graduates","2017","2017","08","8","02","Public sector","30","Nursing and Midwifery","Number",""
"HGO14C01","Number of Health Graduates","2017","2017","08","8","02","Public sector","501","Occupational Therapy","Number",""
"HGO14C01","Number of Health Graduates","2017","2017","08","8","02","Public sector","60","Pharmacy","Number",""
"HGO14C01","Number of Health Graduates","2017","2017","08","8","02","Public sector","504","Physiotherapy","Number",""
"HGO14C01","Number of Health Graduates","2017","2017","08","8","02","Public sector","402","Radiography and Radiation Therapy","Number",""
"HGO14C01","Number of Health Graduates","2017","2017","08","8","02","Public sector","702","Social Care","Number",""
"HGO14C01","Number of Health Graduates","2017","2017","08","8","02","Public sector","701","Social Work","Number",""
"HGO14C01","Number of Health Graduates","2017","2017","08","8","02","Public sector","10","Speech and Language Therapy","Number",""
"HGO14C01","Number of Health Graduates","2017","2017","08","8","02","Public sector","V52","Dietetics, Optometry and Podiatry","Number",""
"HGO14C01","Number of Health Graduates","2017","2017","08","8","-","All sectors","201","Dentistry","Number",""
"HGO14C01","Number of Health Graduates","2017","2017","08","8","-","All sectors","401","Medical Science","Number",""
"HGO14C01","Number of Health Graduates","2017","2017","08","8","-","All sectors","202","Medicine","Number",""
"HGO14C01","Number of Health Graduates","2017","2017","08","8","-","All sectors","30","Nursing and Midwifery","Number",""
"HGO14C01","Number of Health Graduates","2017","2017","08","8","-","All sectors","501","Occupational Therapy","Number",""
"HGO14C01","Number of Health Graduates","2017","2017","08","8","-","All sectors","60","Pharmacy","Number",""
"HGO14C01","Number of Health Graduates","2017","2017","08","8","-","All sectors","504","Physiotherapy","Number",""
"HGO14C01","Number of Health Graduates","2017","2017","08","8","-","All sectors","402","Radiography and Radiation Therapy","Number",""
"HGO14C01","Number of Health Graduates","2017","2017","08","8","-","All sectors","702","Social Care","Number",""
"HGO14C01","Number of Health Graduates","2017","2017","08","8","-","All sectors","701","Social Work","Number",""
"HGO14C01","Number of Health Graduates","2017","2017","08","8","-","All sectors","10","Speech and Language Therapy","Number",""
"HGO14C01","Number of Health Graduates","2017","2017","08","8","-","All sectors","V52","Dietetics, Optometry and Podiatry","Number",""
"HGO14C01","Number of Health Graduates","2017","2017","09","9","01","Private sector","201","Dentistry","Number",""
"HGO14C01","Number of Health Graduates","2017","2017","09","9","01","Private sector","401","Medical Science","Number",""
"HGO14C01","Number of Health Graduates","2017","2017","09","9","01","Private sector","202","Medicine","Number",""
"HGO14C01","Number of Health Graduates","2017","2017","09","9","01","Private sector","30","Nursing and Midwifery","Number",""
"HGO14C01","Number of Health Graduates","2017","2017","09","9","01","Private sector","501","Occupational Therapy","Number",""
"HGO14C01","Number of Health Graduates","2017","2017","09","9","01","Private sector","60","Pharmacy","Number",""
"HGO14C01","Number of Health Graduates","2017","2017","09","9","01","Private sector","504","Physiotherapy","Number",""
"HGO14C01","Number of Health Graduates","2017","2017","09","9","01","Private sector","402","Radiography and Radiation Therapy","Number",""
"HGO14C01","Number of Health Graduates","2017","2017","09","9","01","Private sector","702","Social Care","Number",""
"HGO14C01","Number of Health Graduates","2017","2017","09","9","01","Private sector","701","Social Work","Number",""
"HGO14C01","Number of Health Graduates","2017","2017","09","9","01","Private sector","10","Speech and Language Therapy","Number",""
"HGO14C01","Number of Health Graduates","2017","2017","09","9","01","Private sector","V52","Dietetics, Optometry and Podiatry","Number",""
"HGO14C01","Number of Health Graduates","2017","2017","09","9","02","Public sector","201","Dentistry","Number",""
"HGO14C01","Number of Health Graduates","2017","2017","09","9","02","Public sector","401","Medical Science","Number",""
"HGO14C01","Number of Health Graduates","2017","2017","09","9","02","Public sector","202","Medicine","Number",""
"HGO14C01","Number of Health Graduates","2017","2017","09","9","02","Public sector","30","Nursing and Midwifery","Number",""
"HGO14C01","Number of Health Graduates","2017","2017","09","9","02","Public sector","501","Occupational Therapy","Number",""
"HGO14C01","Number of Health Graduates","2017","2017","09","9","02","Public sector","60","Pharmacy","Number",""
"HGO14C01","Number of Health Graduates","2017","2017","09","9","02","Public sector","504","Physiotherapy","Number",""
"HGO14C01","Number of Health Graduates","2017","2017","09","9","02","Public sector","402","Radiography and Radiation Therapy","Number",""
"HGO14C01","Number of Health Graduates","2017","2017","09","9","02","Public sector","702","Social Care","Number",""
"HGO14C01","Number of Health Graduates","2017","2017","09","9","02","Public sector","701","Social Work","Number",""
"HGO14C01","Number of Health Graduates","2017","2017","09","9","02","Public sector","10","Speech and Language Therapy","Number",""
"HGO14C01","Number of Health Graduates","2017","2017","09","9","02","Public sector","V52","Dietetics, Optometry and Podiatry","Number",""
"HGO14C01","Number of Health Graduates","2017","2017","09","9","-","All sectors","201","Dentistry","Number",""
"HGO14C01","Number of Health Graduates","2017","2017","09","9","-","All sectors","401","Medical Science","Number",""
"HGO14C01","Number of Health Graduates","2017","2017","09","9","-","All sectors","202","Medicine","Number",""
"HGO14C01","Number of Health Graduates","2017","2017","09","9","-","All sectors","30","Nursing and Midwifery","Number",""
"HGO14C01","Number of Health Graduates","2017","2017","09","9","-","All sectors","501","Occupational Therapy","Number",""
"HGO14C01","Number of Health Graduates","2017","2017","09","9","-","All sectors","60","Pharmacy","Number",""
"HGO14C01","Number of Health Graduates","2017","2017","09","9","-","All sectors","504","Physiotherapy","Number",""
"HGO14C01","Number of Health Graduates","2017","2017","09","9","-","All sectors","402","Radiography and Radiation Therapy","Number",""
"HGO14C01","Number of Health Graduates","2017","2017","09","9","-","All sectors","702","Social Care","Number",""
"HGO14C01","Number of Health Graduates","2017","2017","09","9","-","All sectors","701","Social Work","Number",""
"HGO14C01","Number of Health Graduates","2017","2017","09","9","-","All sectors","10","Speech and Language Therapy","Number",""
"HGO14C01","Number of Health Graduates","2017","2017","09","9","-","All sectors","V52","Dietetics, Optometry and Podiatry","Number",""
"HGO14C01","Number of Health Graduates","2017","2017","10","10","01","Private sector","201","Dentistry","Number",""
"HGO14C01","Number of Health Graduates","2017","2017","10","10","01","Private sector","401","Medical Science","Number",""
"HGO14C01","Number of Health Graduates","2017","2017","10","10","01","Private sector","202","Medicine","Number",""
"HGO14C01","Number of Health Graduates","2017","2017","10","10","01","Private sector","30","Nursing and Midwifery","Number",""
"HGO14C01","Number of Health Graduates","2017","2017","10","10","01","Private sector","501","Occupational Therapy","Number",""
"HGO14C01","Number of Health Graduates","2017","2017","10","10","01","Private sector","60","Pharmacy","Number",""
"HGO14C01","Number of Health Graduates","2017","2017","10","10","01","Private sector","504","Physiotherapy","Number",""
"HGO14C01","Number of Health Graduates","2017","2017","10","10","01","Private sector","402","Radiography and Radiation Therapy","Number",""
"HGO14C01","Number of Health Graduates","2017","2017","10","10","01","Private sector","702","Social Care","Number",""
"HGO14C01","Number of Health Graduates","2017","2017","10","10","01","Private sector","701","Social Work","Number",""
"HGO14C01","Number of Health Graduates","2017","2017","10","10","01","Private sector","10","Speech and Language Therapy","Number",""
"HGO14C01","Number of Health Graduates","2017","2017","10","10","01","Private sector","V52","Dietetics, Optometry and Podiatry","Number",""
"HGO14C01","Number of Health Graduates","2017","2017","10","10","02","Public sector","201","Dentistry","Number",""
"HGO14C01","Number of Health Graduates","2017","2017","10","10","02","Public sector","401","Medical Science","Number",""
"HGO14C01","Number of Health Graduates","2017","2017","10","10","02","Public sector","202","Medicine","Number",""
"HGO14C01","Number of Health Graduates","2017","2017","10","10","02","Public sector","30","Nursing and Midwifery","Number",""
"HGO14C01","Number of Health Graduates","2017","2017","10","10","02","Public sector","501","Occupational Therapy","Number",""
"HGO14C01","Number of Health Graduates","2017","2017","10","10","02","Public sector","60","Pharmacy","Number",""
"HGO14C01","Number of Health Graduates","2017","2017","10","10","02","Public sector","504","Physiotherapy","Number",""
"HGO14C01","Number of Health Graduates","2017","2017","10","10","02","Public sector","402","Radiography and Radiation Therapy","Number",""
"HGO14C01","Number of Health Graduates","2017","2017","10","10","02","Public sector","702","Social Care","Number",""
"HGO14C01","Number of Health Graduates","2017","2017","10","10","02","Public sector","701","Social Work","Number",""
"HGO14C01","Number of Health Graduates","2017","2017","10","10","02","Public sector","10","Speech and Language Therapy","Number",""
"HGO14C01","Number of Health Graduates","2017","2017","10","10","02","Public sector","V52","Dietetics, Optometry and Podiatry","Number",""
"HGO14C01","Number of Health Graduates","2017","2017","10","10","-","All sectors","201","Dentistry","Number",""
"HGO14C01","Number of Health Graduates","2017","2017","10","10","-","All sectors","401","Medical Science","Number",""
"HGO14C01","Number of Health Graduates","2017","2017","10","10","-","All sectors","202","Medicine","Number",""
"HGO14C01","Number of Health Graduates","2017","2017","10","10","-","All sectors","30","Nursing and Midwifery","Number",""
"HGO14C01","Number of Health Graduates","2017","2017","10","10","-","All sectors","501","Occupational Therapy","Number",""
"HGO14C01","Number of Health Graduates","2017","2017","10","10","-","All sectors","60","Pharmacy","Number",""
"HGO14C01","Number of Health Graduates","2017","2017","10","10","-","All sectors","504","Physiotherapy","Number",""
"HGO14C01","Number of Health Graduates","2017","2017","10","10","-","All sectors","402","Radiography and Radiation Therapy","Number",""
"HGO14C01","Number of Health Graduates","2017","2017","10","10","-","All sectors","702","Social Care","Number",""
"HGO14C01","Number of Health Graduates","2017","2017","10","10","-","All sectors","701","Social Work","Number",""
"HGO14C01","Number of Health Graduates","2017","2017","10","10","-","All sectors","10","Speech and Language Therapy","Number",""
"HGO14C01","Number of Health Graduates","2017","2017","10","10","-","All sectors","V52","Dietetics, Optometry and Podiatry","Number",""
"HGO14C01","Number of Health Graduates","2017","2017","11","11","01","Private sector","201","Dentistry","Number",""
"HGO14C01","Number of Health Graduates","2017","2017","11","11","01","Private sector","401","Medical Science","Number",""
"HGO14C01","Number of Health Graduates","2017","2017","11","11","01","Private sector","202","Medicine","Number",""
"HGO14C01","Number of Health Graduates","2017","2017","11","11","01","Private sector","30","Nursing and Midwifery","Number",""
"HGO14C01","Number of Health Graduates","2017","2017","11","11","01","Private sector","501","Occupational Therapy","Number",""
"HGO14C01","Number of Health Graduates","2017","2017","11","11","01","Private sector","60","Pharmacy","Number",""
"HGO14C01","Number of Health Graduates","2017","2017","11","11","01","Private sector","504","Physiotherapy","Number",""
"HGO14C01","Number of Health Graduates","2017","2017","11","11","01","Private sector","402","Radiography and Radiation Therapy","Number",""
"HGO14C01","Number of Health Graduates","2017","2017","11","11","01","Private sector","702","Social Care","Number",""
"HGO14C01","Number of Health Graduates","2017","2017","11","11","01","Private sector","701","Social Work","Number",""
"HGO14C01","Number of Health Graduates","2017","2017","11","11","01","Private sector","10","Speech and Language Therapy","Number",""
"HGO14C01","Number of Health Graduates","2017","2017","11","11","01","Private sector","V52","Dietetics, Optometry and Podiatry","Number",""
"HGO14C01","Number of Health Graduates","2017","2017","11","11","02","Public sector","201","Dentistry","Number",""
"HGO14C01","Number of Health Graduates","2017","2017","11","11","02","Public sector","401","Medical Science","Number",""
"HGO14C01","Number of Health Graduates","2017","2017","11","11","02","Public sector","202","Medicine","Number",""
"HGO14C01","Number of Health Graduates","2017","2017","11","11","02","Public sector","30","Nursing and Midwifery","Number",""
"HGO14C01","Number of Health Graduates","2017","2017","11","11","02","Public sector","501","Occupational Therapy","Number",""
"HGO14C01","Number of Health Graduates","2017","2017","11","11","02","Public sector","60","Pharmacy","Number",""
"HGO14C01","Number of Health Graduates","2017","2017","11","11","02","Public sector","504","Physiotherapy","Number",""
"HGO14C01","Number of Health Graduates","2017","2017","11","11","02","Public sector","402","Radiography and Radiation Therapy","Number",""
"HGO14C01","Number of Health Graduates","2017","2017","11","11","02","Public sector","702","Social Care","Number",""
"HGO14C01","Number of Health Graduates","2017","2017","11","11","02","Public sector","701","Social Work","Number",""
"HGO14C01","Number of Health Graduates","2017","2017","11","11","02","Public sector","10","Speech and Language Therapy","Number",""
"HGO14C01","Number of Health Graduates","2017","2017","11","11","02","Public sector","V52","Dietetics, Optometry and Podiatry","Number",""
"HGO14C01","Number of Health Graduates","2017","2017","11","11","-","All sectors","201","Dentistry","Number",""
"HGO14C01","Number of Health Graduates","2017","2017","11","11","-","All sectors","401","Medical Science","Number",""
"HGO14C01","Number of Health Graduates","2017","2017","11","11","-","All sectors","202","Medicine","Number",""
"HGO14C01","Number of Health Graduates","2017","2017","11","11","-","All sectors","30","Nursing and Midwifery","Number",""
"HGO14C01","Number of Health Graduates","2017","2017","11","11","-","All sectors","501","Occupational Therapy","Number",""
"HGO14C01","Number of Health Graduates","2017","2017","11","11","-","All sectors","60","Pharmacy","Number",""
"HGO14C01","Number of Health Graduates","2017","2017","11","11","-","All sectors","504","Physiotherapy","Number",""
"HGO14C01","Number of Health Graduates","2017","2017","11","11","-","All sectors","402","Radiography and Radiation Therapy","Number",""
"HGO14C01","Number of Health Graduates","2017","2017","11","11","-","All sectors","702","Social Care","Number",""
"HGO14C01","Number of Health Graduates","2017","2017","11","11","-","All sectors","701","Social Work","Number",""
"HGO14C01","Number of Health Graduates","2017","2017","11","11","-","All sectors","10","Speech and Language Therapy","Number",""
"HGO14C01","Number of Health Graduates","2017","2017","11","11","-","All sectors","V52","Dietetics, Optometry and Podiatry","Number",""
"HGO14C01","Number of Health Graduates","2017","2017","12","12","01","Private sector","201","Dentistry","Number",""
"HGO14C01","Number of Health Graduates","2017","2017","12","12","01","Private sector","401","Medical Science","Number",""
"HGO14C01","Number of Health Graduates","2017","2017","12","12","01","Private sector","202","Medicine","Number",""
"HGO14C01","Number of Health Graduates","2017","2017","12","12","01","Private sector","30","Nursing and Midwifery","Number",""
"HGO14C01","Number of Health Graduates","2017","2017","12","12","01","Private sector","501","Occupational Therapy","Number",""
"HGO14C01","Number of Health Graduates","2017","2017","12","12","01","Private sector","60","Pharmacy","Number",""
"HGO14C01","Number of Health Graduates","2017","2017","12","12","01","Private sector","504","Physiotherapy","Number",""
"HGO14C01","Number of Health Graduates","2017","2017","12","12","01","Private sector","402","Radiography and Radiation Therapy","Number",""
"HGO14C01","Number of Health Graduates","2017","2017","12","12","01","Private sector","702","Social Care","Number",""
"HGO14C01","Number of Health Graduates","2017","2017","12","12","01","Private sector","701","Social Work","Number",""
"HGO14C01","Number of Health Graduates","2017","2017","12","12","01","Private sector","10","Speech and Language Therapy","Number",""
"HGO14C01","Number of Health Graduates","2017","2017","12","12","01","Private sector","V52","Dietetics, Optometry and Podiatry","Number",""
"HGO14C01","Number of Health Graduates","2017","2017","12","12","02","Public sector","201","Dentistry","Number",""
"HGO14C01","Number of Health Graduates","2017","2017","12","12","02","Public sector","401","Medical Science","Number",""
"HGO14C01","Number of Health Graduates","2017","2017","12","12","02","Public sector","202","Medicine","Number",""
"HGO14C01","Number of Health Graduates","2017","2017","12","12","02","Public sector","30","Nursing and Midwifery","Number",""
"HGO14C01","Number of Health Graduates","2017","2017","12","12","02","Public sector","501","Occupational Therapy","Number",""
"HGO14C01","Number of Health Graduates","2017","2017","12","12","02","Public sector","60","Pharmacy","Number",""
"HGO14C01","Number of Health Graduates","2017","2017","12","12","02","Public sector","504","Physiotherapy","Number",""
"HGO14C01","Number of Health Graduates","2017","2017","12","12","02","Public sector","402","Radiography and Radiation Therapy","Number",""
"HGO14C01","Number of Health Graduates","2017","2017","12","12","02","Public sector","702","Social Care","Number",""
"HGO14C01","Number of Health Graduates","2017","2017","12","12","02","Public sector","701","Social Work","Number",""
"HGO14C01","Number of Health Graduates","2017","2017","12","12","02","Public sector","10","Speech and Language Therapy","Number",""
"HGO14C01","Number of Health Graduates","2017","2017","12","12","02","Public sector","V52","Dietetics, Optometry and Podiatry","Number",""
"HGO14C01","Number of Health Graduates","2017","2017","12","12","-","All sectors","201","Dentistry","Number",""
"HGO14C01","Number of Health Graduates","2017","2017","12","12","-","All sectors","401","Medical Science","Number",""
"HGO14C01","Number of Health Graduates","2017","2017","12","12","-","All sectors","202","Medicine","Number",""
"HGO14C01","Number of Health Graduates","2017","2017","12","12","-","All sectors","30","Nursing and Midwifery","Number",""
"HGO14C01","Number of Health Graduates","2017","2017","12","12","-","All sectors","501","Occupational Therapy","Number",""
"HGO14C01","Number of Health Graduates","2017","2017","12","12","-","All sectors","60","Pharmacy","Number",""
"HGO14C01","Number of Health Graduates","2017","2017","12","12","-","All sectors","504","Physiotherapy","Number",""
"HGO14C01","Number of Health Graduates","2017","2017","12","12","-","All sectors","402","Radiography and Radiation Therapy","Number",""
"HGO14C01","Number of Health Graduates","2017","2017","12","12","-","All sectors","702","Social Care","Number",""
"HGO14C01","Number of Health Graduates","2017","2017","12","12","-","All sectors","701","Social Work","Number",""
"HGO14C01","Number of Health Graduates","2017","2017","12","12","-","All sectors","10","Speech and Language Therapy","Number",""
"HGO14C01","Number of Health Graduates","2017","2017","12","12","-","All sectors","V52","Dietetics, Optometry and Podiatry","Number",""
"HGO14C01","Number of Health Graduates","2017","2017","13","13","01","Private sector","201","Dentistry","Number",""
"HGO14C01","Number of Health Graduates","2017","2017","13","13","01","Private sector","401","Medical Science","Number",""
"HGO14C01","Number of Health Graduates","2017","2017","13","13","01","Private sector","202","Medicine","Number",""
"HGO14C01","Number of Health Graduates","2017","2017","13","13","01","Private sector","30","Nursing and Midwifery","Number",""
"HGO14C01","Number of Health Graduates","2017","2017","13","13","01","Private sector","501","Occupational Therapy","Number",""
"HGO14C01","Number of Health Graduates","2017","2017","13","13","01","Private sector","60","Pharmacy","Number",""
"HGO14C01","Number of Health Graduates","2017","2017","13","13","01","Private sector","504","Physiotherapy","Number",""
"HGO14C01","Number of Health Graduates","2017","2017","13","13","01","Private sector","402","Radiography and Radiation Therapy","Number",""
"HGO14C01","Number of Health Graduates","2017","2017","13","13","01","Private sector","702","Social Care","Number",""
"HGO14C01","Number of Health Graduates","2017","2017","13","13","01","Private sector","701","Social Work","Number",""
"HGO14C01","Number of Health Graduates","2017","2017","13","13","01","Private sector","10","Speech and Language Therapy","Number",""
"HGO14C01","Number of Health Graduates","2017","2017","13","13","01","Private sector","V52","Dietetics, Optometry and Podiatry","Number",""
"HGO14C01","Number of Health Graduates","2017","2017","13","13","02","Public sector","201","Dentistry","Number",""
"HGO14C01","Number of Health Graduates","2017","2017","13","13","02","Public sector","401","Medical Science","Number",""
"HGO14C01","Number of Health Graduates","2017","2017","13","13","02","Public sector","202","Medicine","Number",""
"HGO14C01","Number of Health Graduates","2017","2017","13","13","02","Public sector","30","Nursing and Midwifery","Number",""
"HGO14C01","Number of Health Graduates","2017","2017","13","13","02","Public sector","501","Occupational Therapy","Number",""
"HGO14C01","Number of Health Graduates","2017","2017","13","13","02","Public sector","60","Pharmacy","Number",""
"HGO14C01","Number of Health Graduates","2017","2017","13","13","02","Public sector","504","Physiotherapy","Number",""
"HGO14C01","Number of Health Graduates","2017","2017","13","13","02","Public sector","402","Radiography and Radiation Therapy","Number",""
"HGO14C01","Number of Health Graduates","2017","2017","13","13","02","Public sector","702","Social Care","Number",""
"HGO14C01","Number of Health Graduates","2017","2017","13","13","02","Public sector","701","Social Work","Number",""
"HGO14C01","Number of Health Graduates","2017","2017","13","13","02","Public sector","10","Speech and Language Therapy","Number",""
"HGO14C01","Number of Health Graduates","2017","2017","13","13","02","Public sector","V52","Dietetics, Optometry and Podiatry","Number",""
"HGO14C01","Number of Health Graduates","2017","2017","13","13","-","All sectors","201","Dentistry","Number",""
"HGO14C01","Number of Health Graduates","2017","2017","13","13","-","All sectors","401","Medical Science","Number",""
"HGO14C01","Number of Health Graduates","2017","2017","13","13","-","All sectors","202","Medicine","Number",""
"HGO14C01","Number of Health Graduates","2017","2017","13","13","-","All sectors","30","Nursing and Midwifery","Number",""
"HGO14C01","Number of Health Graduates","2017","2017","13","13","-","All sectors","501","Occupational Therapy","Number",""
"HGO14C01","Number of Health Graduates","2017","2017","13","13","-","All sectors","60","Pharmacy","Number",""
"HGO14C01","Number of Health Graduates","2017","2017","13","13","-","All sectors","504","Physiotherapy","Number",""
"HGO14C01","Number of Health Graduates","2017","2017","13","13","-","All sectors","402","Radiography and Radiation Therapy","Number",""
"HGO14C01","Number of Health Graduates","2017","2017","13","13","-","All sectors","702","Social Care","Number",""
"HGO14C01","Number of Health Graduates","2017","2017","13","13","-","All sectors","701","Social Work","Number",""
"HGO14C01","Number of Health Graduates","2017","2017","13","13","-","All sectors","10","Speech and Language Therapy","Number",""
"HGO14C01","Number of Health Graduates","2017","2017","13","13","-","All sectors","V52","Dietetics, Optometry and Podiatry","Number",""
"HGO14C01","Number of Health Graduates","2018","2018","01","1","01","Private sector","201","Dentistry","Number","6"
"HGO14C01","Number of Health Graduates","2018","2018","01","1","01","Private sector","401","Medical Science","Number","18"
"HGO14C01","Number of Health Graduates","2018","2018","01","1","01","Private sector","202","Medicine","Number","15"
"HGO14C01","Number of Health Graduates","2018","2018","01","1","01","Private sector","30","Nursing and Midwifery","Number","195"
"HGO14C01","Number of Health Graduates","2018","2018","01","1","01","Private sector","501","Occupational Therapy","Number","66"
"HGO14C01","Number of Health Graduates","2018","2018","01","1","01","Private sector","60","Pharmacy","Number",""
"HGO14C01","Number of Health Graduates","2018","2018","01","1","01","Private sector","504","Physiotherapy","Number","60"
"HGO14C01","Number of Health Graduates","2018","2018","01","1","01","Private sector","402","Radiography and Radiation Therapy","Number","12"
"HGO14C01","Number of Health Graduates","2018","2018","01","1","01","Private sector","702","Social Care","Number","624"
"HGO14C01","Number of Health Graduates","2018","2018","01","1","01","Private sector","701","Social Work","Number","81"
"HGO14C01","Number of Health Graduates","2018","2018","01","1","01","Private sector","10","Speech and Language Therapy","Number","57"
"HGO14C01","Number of Health Graduates","2018","2018","01","1","01","Private sector","V52","Dietetics, Optometry and Podiatry","Number","42"
"HGO14C01","Number of Health Graduates","2018","2018","01","1","02","Public sector","201","Dentistry","Number","3"
"HGO14C01","Number of Health Graduates","2018","2018","01","1","02","Public sector","401","Medical Science","Number","54"
"HGO14C01","Number of Health Graduates","2018","2018","01","1","02","Public sector","202","Medicine","Number","621"
"HGO14C01","Number of Health Graduates","2018","2018","01","1","02","Public sector","30","Nursing and Midwifery","Number","1005"
"HGO14C01","Number of Health Graduates","2018","2018","01","1","02","Public sector","501","Occupational Therapy","Number","33"
"HGO14C01","Number of Health Graduates","2018","2018","01","1","02","Public sector","60","Pharmacy","Number",""
"HGO14C01","Number of Health Graduates","2018","2018","01","1","02","Public sector","504","Physiotherapy","Number","57"
"HGO14C01","Number of Health Graduates","2018","2018","01","1","02","Public sector","402","Radiography and Radiation Therapy","Number","51"
"HGO14C01","Number of Health Graduates","2018","2018","01","1","02","Public sector","702","Social Care","Number","213"
"HGO14C01","Number of Health Graduates","2018","2018","01","1","02","Public sector","701","Social Work","Number","84"
"HGO14C01","Number of Health Graduates","2018","2018","01","1","02","Public sector","10","Speech and Language Therapy","Number","36"
"HGO14C01","Number of Health Graduates","2018","2018","01","1","02","Public sector","V52","Dietetics, Optometry and Podiatry","Number","27"
"HGO14C01","Number of Health Graduates","2018","2018","01","1","-","All sectors","201","Dentistry","Number","9"
"HGO14C01","Number of Health Graduates","2018","2018","01","1","-","All sectors","401","Medical Science","Number","72"
"HGO14C01","Number of Health Graduates","2018","2018","01","1","-","All sectors","202","Medicine","Number","636"
"HGO14C01","Number of Health Graduates","2018","2018","01","1","-","All sectors","30","Nursing and Midwifery","Number","1200"
"HGO14C01","Number of Health Graduates","2018","2018","01","1","-","All sectors","501","Occupational Therapy","Number","99"
"HGO14C01","Number of Health Graduates","2018","2018","01","1","-","All sectors","60","Pharmacy","Number",""
"HGO14C01","Number of Health Graduates","2018","2018","01","1","-","All sectors","504","Physiotherapy","Number","117"
"HGO14C01","Number of Health Graduates","2018","2018","01","1","-","All sectors","402","Radiography and Radiation Therapy","Number","63"
"HGO14C01","Number of Health Graduates","2018","2018","01","1","-","All sectors","702","Social Care","Number","837"
"HGO14C01","Number of Health Graduates","2018","2018","01","1","-","All sectors","701","Social Work","Number","165"
"HGO14C01","Number of Health Graduates","2018","2018","01","1","-","All sectors","10","Speech and Language Therapy","Number","93"
"HGO14C01","Number of Health Graduates","2018","2018","01","1","-","All sectors","V52","Dietetics, Optometry and Podiatry","Number","66"
"HGO14C01","Number of Health Graduates","2018","2018","02","2","01","Private sector","201","Dentistry","Number","3"
"HGO14C01","Number of Health Graduates","2018","2018","02","2","01","Private sector","401","Medical Science","Number","18"
"HGO14C01","Number of Health Graduates","2018","2018","02","2","01","Private sector","202","Medicine","Number","39"
"HGO14C01","Number of Health Graduates","2018","2018","02","2","01","Private sector","30","Nursing and Midwifery","Number","210"
"HGO14C01","Number of Health Graduates","2018","2018","02","2","01","Private sector","501","Occupational Therapy","Number","42"
"HGO14C01","Number of Health Graduates","2018","2018","02","2","01","Private sector","60","Pharmacy","Number",""
"HGO14C01","Number of Health Graduates","2018","2018","02","2","01","Private sector","504","Physiotherapy","Number","36"
"HGO14C01","Number of Health Graduates","2018","2018","02","2","01","Private sector","402","Radiography and Radiation Therapy","Number","12"
"HGO14C01","Number of Health Graduates","2018","2018","02","2","01","Private sector","702","Social Care","Number","576"
"HGO14C01","Number of Health Graduates","2018","2018","02","2","01","Private sector","701","Social Work","Number","24"
"HGO14C01","Number of Health Graduates","2018","2018","02","2","01","Private sector","10","Speech and Language Therapy","Number","36"
"HGO14C01","Number of Health Graduates","2018","2018","02","2","01","Private sector","V52","Dietetics, Optometry and Podiatry","Number","39"
"HGO14C01","Number of Health Graduates","2018","2018","02","2","02","Public sector","201","Dentistry","Number","3"
"HGO14C01","Number of Health Graduates","2018","2018","02","2","02","Public sector","401","Medical Science","Number","48"
"HGO14C01","Number of Health Graduates","2018","2018","02","2","02","Public sector","202","Medicine","Number","369"
"HGO14C01","Number of Health Graduates","2018","2018","02","2","02","Public sector","30","Nursing and Midwifery","Number","837"
"HGO14C01","Number of Health Graduates","2018","2018","02","2","02","Public sector","501","Occupational Therapy","Number","48"
"HGO14C01","Number of Health Graduates","2018","2018","02","2","02","Public sector","60","Pharmacy","Number",""
"HGO14C01","Number of Health Graduates","2018","2018","02","2","02","Public sector","504","Physiotherapy","Number","72"
"HGO14C01","Number of Health Graduates","2018","2018","02","2","02","Public sector","402","Radiography and Radiation Therapy","Number","48"
"HGO14C01","Number of Health Graduates","2018","2018","02","2","02","Public sector","702","Social Care","Number","246"
"HGO14C01","Number of Health Graduates","2018","2018","02","2","02","Public sector","701","Social Work","Number","132"
"HGO14C01","Number of Health Graduates","2018","2018","02","2","02","Public sector","10","Speech and Language Therapy","Number","60"
"HGO14C01","Number of Health Graduates","2018","2018","02","2","02","Public sector","V52","Dietetics, Optometry and Podiatry","Number","27"
"HGO14C01","Number of Health Graduates","2018","2018","02","2","-","All sectors","201","Dentistry","Number","9"
"HGO14C01","Number of Health Graduates","2018","2018","02","2","-","All sectors","401","Medical Science","Number","66"
"HGO14C01","Number of Health Graduates","2018","2018","02","2","-","All sectors","202","Medicine","Number","408"
"HGO14C01","Number of Health Graduates","2018","2018","02","2","-","All sectors","30","Nursing and Midwifery","Number","1047"
"HGO14C01","Number of Health Graduates","2018","2018","02","2","-","All sectors","501","Occupational Therapy","Number","90"
"HGO14C01","Number of Health Graduates","2018","2018","02","2","-","All sectors","60","Pharmacy","Number",""
"HGO14C01","Number of Health Graduates","2018","2018","02","2","-","All sectors","504","Physiotherapy","Number","108"
"HGO14C01","Number of Health Graduates","2018","2018","02","2","-","All sectors","402","Radiography and Radiation Therapy","Number","60"
"HGO14C01","Number of Health Graduates","2018","2018","02","2","-","All sectors","702","Social Care","Number","822"
"HGO14C01","Number of Health Graduates","2018","2018","02","2","-","All sectors","701","Social Work","Number","156"
"HGO14C01","Number of Health Graduates","2018","2018","02","2","-","All sectors","10","Speech and Language Therapy","Number","99"
"HGO14C01","Number of Health Graduates","2018","2018","02","2","-","All sectors","V52","Dietetics, Optometry and Podiatry","Number","66"
"HGO14C01","Number of Health Graduates","2018","2018","03","3","01","Private sector","201","Dentistry","Number","6"
"HGO14C01","Number of Health Graduates","2018","2018","03","3","01","Private sector","401","Medical Science","Number","15"
"HGO14C01","Number of Health Graduates","2018","2018","03","3","01","Private sector","202","Medicine","Number","30"
"HGO14C01","Number of Health Graduates","2018","2018","03","3","01","Private sector","30","Nursing and Midwifery","Number","237"
"HGO14C01","Number of Health Graduates","2018","2018","03","3","01","Private sector","501","Occupational Therapy","Number","27"
"HGO14C01","Number of Health Graduates","2018","2018","03","3","01","Private sector","60","Pharmacy","Number",""
"HGO14C01","Number of Health Graduates","2018","2018","03","3","01","Private sector","504","Physiotherapy","Number","30"
"HGO14C01","Number of Health Graduates","2018","2018","03","3","01","Private sector","402","Radiography and Radiation Therapy","Number","9"
"HGO14C01","Number of Health Graduates","2018","2018","03","3","01","Private sector","702","Social Care","Number","567"
"HGO14C01","Number of Health Graduates","2018","2018","03","3","01","Private sector","701","Social Work","Number","24"
"HGO14C01","Number of Health Graduates","2018","2018","03","3","01","Private sector","10","Speech and Language Therapy","Number","27"
"HGO14C01","Number of Health Graduates","2018","2018","03","3","01","Private sector","V52","Dietetics, Optometry and Podiatry","Number","39"
"HGO14C01","Number of Health Graduates","2018","2018","03","3","02","Public sector","201","Dentistry","Number","6"
"HGO14C01","Number of Health Graduates","2018","2018","03","3","02","Public sector","401","Medical Science","Number","60"
"HGO14C01","Number of Health Graduates","2018","2018","03","3","02","Public sector","202","Medicine","Number","423"
"HGO14C01","Number of Health Graduates","2018","2018","03","3","02","Public sector","30","Nursing and Midwifery","Number","849"
"HGO14C01","Number of Health Graduates","2018","2018","03","3","02","Public sector","501","Occupational Therapy","Number","72"
"HGO14C01","Number of Health Graduates","2018","2018","03","3","02","Public sector","60","Pharmacy","Number",""
"HGO14C01","Number of Health Graduates","2018","2018","03","3","02","Public sector","504","Physiotherapy","Number","81"
"HGO14C01","Number of Health Graduates","2018","2018","03","3","02","Public sector","402","Radiography and Radiation Therapy","Number","48"
"HGO14C01","Number of Health Graduates","2018","2018","03","3","02","Public sector","702","Social Care","Number","273"
"HGO14C01","Number of Health Graduates","2018","2018","03","3","02","Public sector","701","Social Work","Number","132"
"HGO14C01","Number of Health Graduates","2018","2018","03","3","02","Public sector","10","Speech and Language Therapy","Number","72"
"HGO14C01","Number of Health Graduates","2018","2018","03","3","02","Public sector","V52","Dietetics, Optometry and Podiatry","Number","27"
"HGO14C01","Number of Health Graduates","2018","2018","03","3","-","All sectors","201","Dentistry","Number","12"
"HGO14C01","Number of Health Graduates","2018","2018","03","3","-","All sectors","401","Medical Science","Number","72"
"HGO14C01","Number of Health Graduates","2018","2018","03","3","-","All sectors","202","Medicine","Number","453"
"HGO14C01","Number of Health Graduates","2018","2018","03","3","-","All sectors","30","Nursing and Midwifery","Number","1086"
"HGO14C01","Number of Health Graduates","2018","2018","03","3","-","All sectors","501","Occupational Therapy","Number","99"
"HGO14C01","Number of Health Graduates","2018","2018","03","3","-","All sectors","60","Pharmacy","Number",""
"HGO14C01","Number of Health Graduates","2018","2018","03","3","-","All sectors","504","Physiotherapy","Number","111"
"HGO14C01","Number of Health Graduates","2018","2018","03","3","-","All sectors","402","Radiography and Radiation Therapy","Number","57"
"HGO14C01","Number of Health Graduates","2018","2018","03","3","-","All sectors","702","Social Care","Number","837"
"HGO14C01","Number of Health Graduates","2018","2018","03","3","-","All sectors","701","Social Work","Number","156"
"HGO14C01","Number of Health Graduates","2018","2018","03","3","-","All sectors","10","Speech and Language Therapy","Number","99"
"HGO14C01","Number of Health Graduates","2018","2018","03","3","-","All sectors","V52","Dietetics, Optometry and Podiatry","Number","66"
"HGO14C01","Number of Health Graduates","2018","2018","04","4","01","Private sector","201","Dentistry","Number","6"
"HGO14C01","Number of Health Graduates","2018","2018","04","4","01","Private sector","401","Medical Science","Number","15"
"HGO14C01","Number of Health Graduates","2018","2018","04","4","01","Private sector","202","Medicine","Number","33"
"HGO14C01","Number of Health Graduates","2018","2018","04","4","01","Private sector","30","Nursing and Midwifery","Number","297"
"HGO14C01","Number of Health Graduates","2018","2018","04","4","01","Private sector","501","Occupational Therapy","Number","18"
"HGO14C01","Number of Health Graduates","2018","2018","04","4","01","Private sector","60","Pharmacy","Number",""
"HGO14C01","Number of Health Graduates","2018","2018","04","4","01","Private sector","504","Physiotherapy","Number","33"
"HGO14C01","Number of Health Graduates","2018","2018","04","4","01","Private sector","402","Radiography and Radiation Therapy","Number","12"
"HGO14C01","Number of Health Graduates","2018","2018","04","4","01","Private sector","702","Social Care","Number","537"
"HGO14C01","Number of Health Graduates","2018","2018","04","4","01","Private sector","701","Social Work","Number","33"
"HGO14C01","Number of Health Graduates","2018","2018","04","4","01","Private sector","10","Speech and Language Therapy","Number","24"
"HGO14C01","Number of Health Graduates","2018","2018","04","4","01","Private sector","V52","Dietetics, Optometry and Podiatry","Number","33"
"HGO14C01","Number of Health Graduates","2018","2018","04","4","02","Public sector","201","Dentistry","Number","12"
"HGO14C01","Number of Health Graduates","2018","2018","04","4","02","Public sector","401","Medical Science","Number","57"
"HGO14C01","Number of Health Graduates","2018","2018","04","4","02","Public sector","202","Medicine","Number","483"
"HGO14C01","Number of Health Graduates","2018","2018","04","4","02","Public sector","30","Nursing and Midwifery","Number","699"
"HGO14C01","Number of Health Graduates","2018","2018","04","4","02","Public sector","501","Occupational Therapy","Number","81"
"HGO14C01","Number of Health Graduates","2018","2018","04","4","02","Public sector","60","Pharmacy","Number",""
"HGO14C01","Number of Health Graduates","2018","2018","04","4","02","Public sector","504","Physiotherapy","Number","75"
"HGO14C01","Number of Health Graduates","2018","2018","04","4","02","Public sector","402","Radiography and Radiation Therapy","Number","42"
"HGO14C01","Number of Health Graduates","2018","2018","04","4","02","Public sector","702","Social Care","Number","297"
"HGO14C01","Number of Health Graduates","2018","2018","04","4","02","Public sector","701","Social Work","Number","126"
"HGO14C01","Number of Health Graduates","2018","2018","04","4","02","Public sector","10","Speech and Language Therapy","Number","66"
"HGO14C01","Number of Health Graduates","2018","2018","04","4","02","Public sector","V52","Dietetics, Optometry and Podiatry","Number","27"
"HGO14C01","Number of Health Graduates","2018","2018","04","4","-","All sectors","201","Dentistry","Number","18"
"HGO14C01","Number of Health Graduates","2018","2018","04","4","-","All sectors","401","Medical Science","Number","72"
"HGO14C01","Number of Health Graduates","2018","2018","04","4","-","All sectors","202","Medicine","Number","516"
"HGO14C01","Number of Health Graduates","2018","2018","04","4","-","All sectors","30","Nursing and Midwifery","Number","996"
"HGO14C01","Number of Health Graduates","2018","2018","04","4","-","All sectors","501","Occupational Therapy","Number","102"
"HGO14C01","Number of Health Graduates","2018","2018","04","4","-","All sectors","60","Pharmacy","Number",""
"HGO14C01","Number of Health Graduates","2018","2018","04","4","-","All sectors","504","Physiotherapy","Number","108"
"HGO14C01","Number of Health Graduates","2018","2018","04","4","-","All sectors","402","Radiography and Radiation Therapy","Number","54"
"HGO14C01","Number of Health Graduates","2018","2018","04","4","-","All sectors","702","Social Care","Number","834"
"HGO14C01","Number of Health Graduates","2018","2018","04","4","-","All sectors","701","Social Work","Number","159"
"HGO14C01","Number of Health Graduates","2018","2018","04","4","-","All sectors","10","Speech and Language Therapy","Number","90"
"HGO14C01","Number of Health Graduates","2018","2018","04","4","-","All sectors","V52","Dietetics, Optometry and Podiatry","Number","63"
"HGO14C01","Number of Health Graduates","2018","2018","05","5","01","Private sector","201","Dentistry","Number","9"
"HGO14C01","Number of Health Graduates","2018","2018","05","5","01","Private sector","401","Medical Science","Number","15"
"HGO14C01","Number of Health Graduates","2018","2018","05","5","01","Private sector","202","Medicine","Number","33"
"HGO14C01","Number of Health Graduates","2018","2018","05","5","01","Private sector","30","Nursing and Midwifery","Number","288"
"HGO14C01","Number of Health Graduates","2018","2018","05","5","01","Private sector","501","Occupational Therapy","Number","15"
"HGO14C01","Number of Health Graduates","2018","2018","05","5","01","Private sector","60","Pharmacy","Number",""
"HGO14C01","Number of Health Graduates","2018","2018","05","5","01","Private sector","504","Physiotherapy","Number","24"
"HGO14C01","Number of Health Graduates","2018","2018","05","5","01","Private sector","402","Radiography and Radiation Therapy","Number","15"
"HGO14C01","Number of Health Graduates","2018","2018","05","5","01","Private sector","702","Social Care","Number","492"
"HGO14C01","Number of Health Graduates","2018","2018","05","5","01","Private sector","701","Social Work","Number","33"
"HGO14C01","Number of Health Graduates","2018","2018","05","5","01","Private sector","10","Speech and Language Therapy","Number","21"
"HGO14C01","Number of Health Graduates","2018","2018","05","5","01","Private sector","V52","Dietetics, Optometry and Podiatry","Number","33"
"HGO14C01","Number of Health Graduates","2018","2018","05","5","02","Public sector","201","Dentistry","Number","9"
"HGO14C01","Number of Health Graduates","2018","2018","05","5","02","Public sector","401","Medical Science","Number","54"
"HGO14C01","Number of Health Graduates","2018","2018","05","5","02","Public sector","202","Medicine","Number","483"
"HGO14C01","Number of Health Graduates","2018","2018","05","5","02","Public sector","30","Nursing and Midwifery","Number","642"
"HGO14C01","Number of Health Graduates","2018","2018","05","5","02","Public sector","501","Occupational Therapy","Number","75"
"HGO14C01","Number of Health Graduates","2018","2018","05","5","02","Public sector","60","Pharmacy","Number",""
"HGO14C01","Number of Health Graduates","2018","2018","05","5","02","Public sector","504","Physiotherapy","Number","72"
"HGO14C01","Number of Health Graduates","2018","2018","05","5","02","Public sector","402","Radiography and Radiation Therapy","Number","36"
"HGO14C01","Number of Health Graduates","2018","2018","05","5","02","Public sector","702","Social Care","Number","300"
"HGO14C01","Number of Health Graduates","2018","2018","05","5","02","Public sector","701","Social Work","Number","123"
"HGO14C01","Number of Health Graduates","2018","2018","05","5","02","Public sector","10","Speech and Language Therapy","Number","60"
"HGO14C01","Number of Health Graduates","2018","2018","05","5","02","Public sector","V52","Dietetics, Optometry and Podiatry","Number","24"
"HGO14C01","Number of Health Graduates","2018","2018","05","5","-","All sectors","201","Dentistry","Number","18"
"HGO14C01","Number of Health Graduates","2018","2018","05","5","-","All sectors","401","Medical Science","Number","69"
"HGO14C01","Number of Health Graduates","2018","2018","05","5","-","All sectors","202","Medicine","Number","516"
"HGO14C01","Number of Health Graduates","2018","2018","05","5","-","All sectors","30","Nursing and Midwifery","Number","930"
"HGO14C01","Number of Health Graduates","2018","2018","05","5","-","All sectors","501","Occupational Therapy","Number","90"
"HGO14C01","Number of Health Graduates","2018","2018","05","5","-","All sectors","60","Pharmacy","Number",""
"HGO14C01","Number of Health Graduates","2018","2018","05","5","-","All sectors","504","Physiotherapy","Number","96"
"HGO14C01","Number of Health Graduates","2018","2018","05","5","-","All sectors","402","Radiography and Radiation Therapy","Number","51"
"HGO14C01","Number of Health Graduates","2018","2018","05","5","-","All sectors","702","Social Care","Number","792"
"HGO14C01","Number of Health Graduates","2018","2018","05","5","-","All sectors","701","Social Work","Number","153"
"HGO14C01","Number of Health Graduates","2018","2018","05","5","-","All sectors","10","Speech and Language Therapy","Number","81"
"HGO14C01","Number of Health Graduates","2018","2018","05","5","-","All sectors","V52","Dietetics, Optometry and Podiatry","Number","57"
"HGO14C01","Number of Health Graduates","2018","2018","06","6","01","Private sector","201","Dentistry","Number",""
"HGO14C01","Number of Health Graduates","2018","2018","06","6","01","Private sector","401","Medical Science","Number",""
"HGO14C01","Number of Health Graduates","2018","2018","06","6","01","Private sector","202","Medicine","Number",""
"HGO14C01","Number of Health Graduates","2018","2018","06","6","01","Private sector","30","Nursing and Midwifery","Number",""
"HGO14C01","Number of Health Graduates","2018","2018","06","6","01","Private sector","501","Occupational Therapy","Number",""
"HGO14C01","Number of Health Graduates","2018","2018","06","6","01","Private sector","60","Pharmacy","Number",""
"HGO14C01","Number of Health Graduates","2018","2018","06","6","01","Private sector","504","Physiotherapy","Number",""
"HGO14C01","Number of Health Graduates","2018","2018","06","6","01","Private sector","402","Radiography and Radiation Therapy","Number",""
"HGO14C01","Number of Health Graduates","2018","2018","06","6","01","Private sector","702","Social Care","Number",""
"HGO14C01","Number of Health Graduates","2018","2018","06","6","01","Private sector","701","Social Work","Number",""
"HGO14C01","Number of Health Graduates","2018","2018","06","6","01","Private sector","10","Speech and Language Therapy","Number",""
"HGO14C01","Number of Health Graduates","2018","2018","06","6","01","Private sector","V52","Dietetics, Optometry and Podiatry","Number",""
"HGO14C01","Number of Health Graduates","2018","2018","06","6","02","Public sector","201","Dentistry","Number",""
"HGO14C01","Number of Health Graduates","2018","2018","06","6","02","Public sector","401","Medical Science","Number",""
"HGO14C01","Number of Health Graduates","2018","2018","06","6","02","Public sector","202","Medicine","Number",""
"HGO14C01","Number of Health Graduates","2018","2018","06","6","02","Public sector","30","Nursing and Midwifery","Number",""
"HGO14C01","Number of Health Graduates","2018","2018","06","6","02","Public sector","501","Occupational Therapy","Number",""
"HGO14C01","Number of Health Graduates","2018","2018","06","6","02","Public sector","60","Pharmacy","Number",""
"HGO14C01","Number of Health Graduates","2018","2018","06","6","02","Public sector","504","Physiotherapy","Number",""
"HGO14C01","Number of Health Graduates","2018","2018","06","6","02","Public sector","402","Radiography and Radiation Therapy","Number",""
"HGO14C01","Number of Health Graduates","2018","2018","06","6","02","Public sector","702","Social Care","Number",""
"HGO14C01","Number of Health Graduates","2018","2018","06","6","02","Public sector","701","Social Work","Number",""
"HGO14C01","Number of Health Graduates","2018","2018","06","6","02","Public sector","10","Speech and Language Therapy","Number",""
"HGO14C01","Number of Health Graduates","2018","2018","06","6","02","Public sector","V52","Dietetics, Optometry and Podiatry","Number",""
"HGO14C01","Number of Health Graduates","2018","2018","06","6","-","All sectors","201","Dentistry","Number",""
"HGO14C01","Number of Health Graduates","2018","2018","06","6","-","All sectors","401","Medical Science","Number",""
"HGO14C01","Number of Health Graduates","2018","2018","06","6","-","All sectors","202","Medicine","Number",""
"HGO14C01","Number of Health Graduates","2018","2018","06","6","-","All sectors","30","Nursing and Midwifery","Number",""
"HGO14C01","Number of Health Graduates","2018","2018","06","6","-","All sectors","501","Occupational Therapy","Number",""
"HGO14C01","Number of Health Graduates","2018","2018","06","6","-","All sectors","60","Pharmacy","Number",""
"HGO14C01","Number of Health Graduates","2018","2018","06","6","-","All sectors","504","Physiotherapy","Number",""
"HGO14C01","Number of Health Graduates","2018","2018","06","6","-","All sectors","402","Radiography and Radiation Therapy","Number",""
"HGO14C01","Number of Health Graduates","2018","2018","06","6","-","All sectors","702","Social Care","Number",""
"HGO14C01","Number of Health Graduates","2018","2018","06","6","-","All sectors","701","Social Work","Number",""
"HGO14C01","Number of Health Graduates","2018","2018","06","6","-","All sectors","10","Speech and Language Therapy","Number",""
"HGO14C01","Number of Health Graduates","2018","2018","06","6","-","All sectors","V52","Dietetics, Optometry and Podiatry","Number",""
"HGO14C01","Number of Health Graduates","2018","2018","07","7","01","Private sector","201","Dentistry","Number",""
"HGO14C01","Number of Health Graduates","2018","2018","07","7","01","Private sector","401","Medical Science","Number",""
"HGO14C01","Number of Health Graduates","2018","2018","07","7","01","Private sector","202","Medicine","Number",""
"HGO14C01","Number of Health Graduates","2018","2018","07","7","01","Private sector","30","Nursing and Midwifery","Number",""
"HGO14C01","Number of Health Graduates","2018","2018","07","7","01","Private sector","501","Occupational Therapy","Number",""
"HGO14C01","Number of Health Graduates","2018","2018","07","7","01","Private sector","60","Pharmacy","Number",""
"HGO14C01","Number of Health Graduates","2018","2018","07","7","01","Private sector","504","Physiotherapy","Number",""
"HGO14C01","Number of Health Graduates","2018","2018","07","7","01","Private sector","402","Radiography and Radiation Therapy","Number",""
"HGO14C01","Number of Health Graduates","2018","2018","07","7","01","Private sector","702","Social Care","Number",""
"HGO14C01","Number of Health Graduates","2018","2018","07","7","01","Private sector","701","Social Work","Number",""
"HGO14C01","Number of Health Graduates","2018","2018","07","7","01","Private sector","10","Speech and Language Therapy","Number",""
"HGO14C01","Number of Health Graduates","2018","2018","07","7","01","Private sector","V52","Dietetics, Optometry and Podiatry","Number",""
"HGO14C01","Number of Health Graduates","2018","2018","07","7","02","Public sector","201","Dentistry","Number",""
"HGO14C01","Number of Health Graduates","2018","2018","07","7","02","Public sector","401","Medical Science","Number",""
"HGO14C01","Number of Health Graduates","2018","2018","07","7","02","Public sector","202","Medicine","Number",""
"HGO14C01","Number of Health Graduates","2018","2018","07","7","02","Public sector","30","Nursing and Midwifery","Number",""
"HGO14C01","Number of Health Graduates","2018","2018","07","7","02","Public sector","501","Occupational Therapy","Number",""
"HGO14C01","Number of Health Graduates","2018","2018","07","7","02","Public sector","60","Pharmacy","Number",""
"HGO14C01","Number of Health Graduates","2018","2018","07","7","02","Public sector","504","Physiotherapy","Number",""
"HGO14C01","Number of Health Graduates","2018","2018","07","7","02","Public sector","402","Radiography and Radiation Therapy","Number",""
"HGO14C01","Number of Health Graduates","2018","2018","07","7","02","Public sector","702","Social Care","Number",""
"HGO14C01","Number of Health Graduates","2018","2018","07","7","02","Public sector","701","Social Work","Number",""
"HGO14C01","Number of Health Graduates","2018","2018","07","7","02","Public sector","10","Speech and Language Therapy","Number",""
"HGO14C01","Number of Health Graduates","2018","2018","07","7","02","Public sector","V52","Dietetics, Optometry and Podiatry","Number",""
"HGO14C01","Number of Health Graduates","2018","2018","07","7","-","All sectors","201","Dentistry","Number",""
"HGO14C01","Number of Health Graduates","2018","2018","07","7","-","All sectors","401","Medical Science","Number",""
"HGO14C01","Number of Health Graduates","2018","2018","07","7","-","All sectors","202","Medicine","Number",""
"HGO14C01","Number of Health Graduates","2018","2018","07","7","-","All sectors","30","Nursing and Midwifery","Number",""
"HGO14C01","Number of Health Graduates","2018","2018","07","7","-","All sectors","501","Occupational Therapy","Number",""
"HGO14C01","Number of Health Graduates","2018","2018","07","7","-","All sectors","60","Pharmacy","Number",""
"HGO14C01","Number of Health Graduates","2018","2018","07","7","-","All sectors","504","Physiotherapy","Number",""
"HGO14C01","Number of Health Graduates","2018","2018","07","7","-","All sectors","402","Radiography and Radiation Therapy","Number",""
"HGO14C01","Number of Health Graduates","2018","2018","07","7","-","All sectors","702","Social Care","Number",""
"HGO14C01","Number of Health Graduates","2018","2018","07","7","-","All sectors","701","Social Work","Number",""
"HGO14C01","Number of Health Graduates","2018","2018","07","7","-","All sectors","10","Speech and Language Therapy","Number",""
"HGO14C01","Number of Health Graduates","2018","2018","07","7","-","All sectors","V52","Dietetics, Optometry and Podiatry","Number",""
"HGO14C01","Number of Health Graduates","2018","2018","08","8","01","Private sector","201","Dentistry","Number",""
"HGO14C01","Number of Health Graduates","2018","2018","08","8","01","Private sector","401","Medical Science","Number",""
"HGO14C01","Number of Health Graduates","2018","2018","08","8","01","Private sector","202","Medicine","Number",""
"HGO14C01","Number of Health Graduates","2018","2018","08","8","01","Private sector","30","Nursing and Midwifery","Number",""
"HGO14C01","Number of Health Graduates","2018","2018","08","8","01","Private sector","501","Occupational Therapy","Number",""
"HGO14C01","Number of Health Graduates","2018","2018","08","8","01","Private sector","60","Pharmacy","Number",""
"HGO14C01","Number of Health Graduates","2018","2018","08","8","01","Private sector","504","Physiotherapy","Number",""
"HGO14C01","Number of Health Graduates","2018","2018","08","8","01","Private sector","402","Radiography and Radiation Therapy","Number",""
"HGO14C01","Number of Health Graduates","2018","2018","08","8","01","Private sector","702","Social Care","Number",""
"HGO14C01","Number of Health Graduates","2018","2018","08","8","01","Private sector","701","Social Work","Number",""
"HGO14C01","Number of Health Graduates","2018","2018","08","8","01","Private sector","10","Speech and Language Therapy","Number",""
"HGO14C01","Number of Health Graduates","2018","2018","08","8","01","Private sector","V52","Dietetics, Optometry and Podiatry","Number",""
"HGO14C01","Number of Health Graduates","2018","2018","08","8","02","Public sector","201","Dentistry","Number",""
"HGO14C01","Number of Health Graduates","2018","2018","08","8","02","Public sector","401","Medical Science","Number",""
"HGO14C01","Number of Health Graduates","2018","2018","08","8","02","Public sector","202","Medicine","Number",""
"HGO14C01","Number of Health Graduates","2018","2018","08","8","02","Public sector","30","Nursing and Midwifery","Number",""
"HGO14C01","Number of Health Graduates","2018","2018","08","8","02","Public sector","501","Occupational Therapy","Number",""
"HGO14C01","Number of Health Graduates","2018","2018","08","8","02","Public sector","60","Pharmacy","Number",""
"HGO14C01","Number of Health Graduates","2018","2018","08","8","02","Public sector","504","Physiotherapy","Number",""
"HGO14C01","Number of Health Graduates","2018","2018","08","8","02","Public sector","402","Radiography and Radiation Therapy","Number",""
"HGO14C01","Number of Health Graduates","2018","2018","08","8","02","Public sector","702","Social Care","Number",""
"HGO14C01","Number of Health Graduates","2018","2018","08","8","02","Public sector","701","Social Work","Number",""
"HGO14C01","Number of Health Graduates","2018","2018","08","8","02","Public sector","10","Speech and Language Therapy","Number",""
"HGO14C01","Number of Health Graduates","2018","2018","08","8","02","Public sector","V52","Dietetics, Optometry and Podiatry","Number",""
"HGO14C01","Number of Health Graduates","2018","2018","08","8","-","All sectors","201","Dentistry","Number",""
"HGO14C01","Number of Health Graduates","2018","2018","08","8","-","All sectors","401","Medical Science","Number",""
"HGO14C01","Number of Health Graduates","2018","2018","08","8","-","All sectors","202","Medicine","Number",""
"HGO14C01","Number of Health Graduates","2018","2018","08","8","-","All sectors","30","Nursing and Midwifery","Number",""
"HGO14C01","Number of Health Graduates","2018","2018","08","8","-","All sectors","501","Occupational Therapy","Number",""
"HGO14C01","Number of Health Graduates","2018","2018","08","8","-","All sectors","60","Pharmacy","Number",""
"HGO14C01","Number of Health Graduates","2018","2018","08","8","-","All sectors","504","Physiotherapy","Number",""
"HGO14C01","Number of Health Graduates","2018","2018","08","8","-","All sectors","402","Radiography and Radiation Therapy","Number",""
"HGO14C01","Number of Health Graduates","2018","2018","08","8","-","All sectors","702","Social Care","Number",""
"HGO14C01","Number of Health Graduates","2018","2018","08","8","-","All sectors","701","Social Work","Number",""
"HGO14C01","Number of Health Graduates","2018","2018","08","8","-","All sectors","10","Speech and Language Therapy","Number",""
"HGO14C01","Number of Health Graduates","2018","2018","08","8","-","All sectors","V52","Dietetics, Optometry and Podiatry","Number",""
"HGO14C01","Number of Health Graduates","2018","2018","09","9","01","Private sector","201","Dentistry","Number",""
"HGO14C01","Number of Health Graduates","2018","2018","09","9","01","Private sector","401","Medical Science","Number",""
"HGO14C01","Number of Health Graduates","2018","2018","09","9","01","Private sector","202","Medicine","Number",""
"HGO14C01","Number of Health Graduates","2018","2018","09","9","01","Private sector","30","Nursing and Midwifery","Number",""
"HGO14C01","Number of Health Graduates","2018","2018","09","9","01","Private sector","501","Occupational Therapy","Number",""
"HGO14C01","Number of Health Graduates","2018","2018","09","9","01","Private sector","60","Pharmacy","Number",""
"HGO14C01","Number of Health Graduates","2018","2018","09","9","01","Private sector","504","Physiotherapy","Number",""
"HGO14C01","Number of Health Graduates","2018","2018","09","9","01","Private sector","402","Radiography and Radiation Therapy","Number",""
"HGO14C01","Number of Health Graduates","2018","2018","09","9","01","Private sector","702","Social Care","Number",""
"HGO14C01","Number of Health Graduates","2018","2018","09","9","01","Private sector","701","Social Work","Number",""
"HGO14C01","Number of Health Graduates","2018","2018","09","9","01","Private sector","10","Speech and Language Therapy","Number",""
"HGO14C01","Number of Health Graduates","2018","2018","09","9","01","Private sector","V52","Dietetics, Optometry and Podiatry","Number",""
"HGO14C01","Number of Health Graduates","2018","2018","09","9","02","Public sector","201","Dentistry","Number",""
"HGO14C01","Number of Health Graduates","2018","2018","09","9","02","Public sector","401","Medical Science","Number",""
"HGO14C01","Number of Health Graduates","2018","2018","09","9","02","Public sector","202","Medicine","Number",""
"HGO14C01","Number of Health Graduates","2018","2018","09","9","02","Public sector","30","Nursing and Midwifery","Number",""
"HGO14C01","Number of Health Graduates","2018","2018","09","9","02","Public sector","501","Occupational Therapy","Number",""
"HGO14C01","Number of Health Graduates","2018","2018","09","9","02","Public sector","60","Pharmacy","Number",""
"HGO14C01","Number of Health Graduates","2018","2018","09","9","02","Public sector","504","Physiotherapy","Number",""
"HGO14C01","Number of Health Graduates","2018","2018","09","9","02","Public sector","402","Radiography and Radiation Therapy","Number",""
"HGO14C01","Number of Health Graduates","2018","2018","09","9","02","Public sector","702","Social Care","Number",""
"HGO14C01","Number of Health Graduates","2018","2018","09","9","02","Public sector","701","Social Work","Number",""
"HGO14C01","Number of Health Graduates","2018","2018","09","9","02","Public sector","10","Speech and Language Therapy","Number",""
"HGO14C01","Number of Health Graduates","2018","2018","09","9","02","Public sector","V52","Dietetics, Optometry and Podiatry","Number",""
"HGO14C01","Number of Health Graduates","2018","2018","09","9","-","All sectors","201","Dentistry","Number",""
"HGO14C01","Number of Health Graduates","2018","2018","09","9","-","All sectors","401","Medical Science","Number",""
"HGO14C01","Number of Health Graduates","2018","2018","09","9","-","All sectors","202","Medicine","Number",""
"HGO14C01","Number of Health Graduates","2018","2018","09","9","-","All sectors","30","Nursing and Midwifery","Number",""
"HGO14C01","Number of Health Graduates","2018","2018","09","9","-","All sectors","501","Occupational Therapy","Number",""
"HGO14C01","Number of Health Graduates","2018","2018","09","9","-","All sectors","60","Pharmacy","Number",""
"HGO14C01","Number of Health Graduates","2018","2018","09","9","-","All sectors","504","Physiotherapy","Number",""
"HGO14C01","Number of Health Graduates","2018","2018","09","9","-","All sectors","402","Radiography and Radiation Therapy","Number",""
"HGO14C01","Number of Health Graduates","2018","2018","09","9","-","All sectors","702","Social Care","Number",""
"HGO14C01","Number of Health Graduates","2018","2018","09","9","-","All sectors","701","Social Work","Number",""
"HGO14C01","Number of Health Graduates","2018","2018","09","9","-","All sectors","10","Speech and Language Therapy","Number",""
"HGO14C01","Number of Health Graduates","2018","2018","09","9","-","All sectors","V52","Dietetics, Optometry and Podiatry","Number",""
"HGO14C01","Number of Health Graduates","2018","2018","10","10","01","Private sector","201","Dentistry","Number",""
"HGO14C01","Number of Health Graduates","2018","2018","10","10","01","Private sector","401","Medical Science","Number",""
"HGO14C01","Number of Health Graduates","2018","2018","10","10","01","Private sector","202","Medicine","Number",""
"HGO14C01","Number of Health Graduates","2018","2018","10","10","01","Private sector","30","Nursing and Midwifery","Number",""
"HGO14C01","Number of Health Graduates","2018","2018","10","10","01","Private sector","501","Occupational Therapy","Number",""
"HGO14C01","Number of Health Graduates","2018","2018","10","10","01","Private sector","60","Pharmacy","Number",""
"HGO14C01","Number of Health Graduates","2018","2018","10","10","01","Private sector","504","Physiotherapy","Number",""
"HGO14C01","Number of Health Graduates","2018","2018","10","10","01","Private sector","402","Radiography and Radiation Therapy","Number",""
"HGO14C01","Number of Health Graduates","2018","2018","10","10","01","Private sector","702","Social Care","Number",""
"HGO14C01","Number of Health Graduates","2018","2018","10","10","01","Private sector","701","Social Work","Number",""
"HGO14C01","Number of Health Graduates","2018","2018","10","10","01","Private sector","10","Speech and Language Therapy","Number",""
"HGO14C01","Number of Health Graduates","2018","2018","10","10","01","Private sector","V52","Dietetics, Optometry and Podiatry","Number",""
"HGO14C01","Number of Health Graduates","2018","2018","10","10","02","Public sector","201","Dentistry","Number",""
"HGO14C01","Number of Health Graduates","2018","2018","10","10","02","Public sector","401","Medical Science","Number",""
"HGO14C01","Number of Health Graduates","2018","2018","10","10","02","Public sector","202","Medicine","Number",""
"HGO14C01","Number of Health Graduates","2018","2018","10","10","02","Public sector","30","Nursing and Midwifery","Number",""
"HGO14C01","Number of Health Graduates","2018","2018","10","10","02","Public sector","501","Occupational Therapy","Number",""
"HGO14C01","Number of Health Graduates","2018","2018","10","10","02","Public sector","60","Pharmacy","Number",""
"HGO14C01","Number of Health Graduates","2018","2018","10","10","02","Public sector","504","Physiotherapy","Number",""
"HGO14C01","Number of Health Graduates","2018","2018","10","10","02","Public sector","402","Radiography and Radiation Therapy","Number",""
"HGO14C01","Number of Health Graduates","2018","2018","10","10","02","Public sector","702","Social Care","Number",""
"HGO14C01","Number of Health Graduates","2018","2018","10","10","02","Public sector","701","Social Work","Number",""
"HGO14C01","Number of Health Graduates","2018","2018","10","10","02","Public sector","10","Speech and Language Therapy","Number",""
"HGO14C01","Number of Health Graduates","2018","2018","10","10","02","Public sector","V52","Dietetics, Optometry and Podiatry","Number",""
"HGO14C01","Number of Health Graduates","2018","2018","10","10","-","All sectors","201","Dentistry","Number",""
"HGO14C01","Number of Health Graduates","2018","2018","10","10","-","All sectors","401","Medical Science","Number",""
"HGO14C01","Number of Health Graduates","2018","2018","10","10","-","All sectors","202","Medicine","Number",""
"HGO14C01","Number of Health Graduates","2018","2018","10","10","-","All sectors","30","Nursing and Midwifery","Number",""
"HGO14C01","Number of Health Graduates","2018","2018","10","10","-","All sectors","501","Occupational Therapy","Number",""
"HGO14C01","Number of Health Graduates","2018","2018","10","10","-","All sectors","60","Pharmacy","Number",""
"HGO14C01","Number of Health Graduates","2018","2018","10","10","-","All sectors","504","Physiotherapy","Number",""
"HGO14C01","Number of Health Graduates","2018","2018","10","10","-","All sectors","402","Radiography and Radiation Therapy","Number",""
"HGO14C01","Number of Health Graduates","2018","2018","10","10","-","All sectors","702","Social Care","Number",""
"HGO14C01","Number of Health Graduates","2018","2018","10","10","-","All sectors","701","Social Work","Number",""
"HGO14C01","Number of Health Graduates","2018","2018","10","10","-","All sectors","10","Speech and Language Therapy","Number",""
"HGO14C01","Number of Health Graduates","2018","2018","10","10","-","All sectors","V52","Dietetics, Optometry and Podiatry","Number",""
"HGO14C01","Number of Health Graduates","2018","2018","11","11","01","Private sector","201","Dentistry","Number",""
"HGO14C01","Number of Health Graduates","2018","2018","11","11","01","Private sector","401","Medical Science","Number",""
"HGO14C01","Number of Health Graduates","2018","2018","11","11","01","Private sector","202","Medicine","Number",""
"HGO14C01","Number of Health Graduates","2018","2018","11","11","01","Private sector","30","Nursing and Midwifery","Number",""
"HGO14C01","Number of Health Graduates","2018","2018","11","11","01","Private sector","501","Occupational Therapy","Number",""
"HGO14C01","Number of Health Graduates","2018","2018","11","11","01","Private sector","60","Pharmacy","Number",""
"HGO14C01","Number of Health Graduates","2018","2018","11","11","01","Private sector","504","Physiotherapy","Number",""
"HGO14C01","Number of Health Graduates","2018","2018","11","11","01","Private sector","402","Radiography and Radiation Therapy","Number",""
"HGO14C01","Number of Health Graduates","2018","2018","11","11","01","Private sector","702","Social Care","Number",""
"HGO14C01","Number of Health Graduates","2018","2018","11","11","01","Private sector","701","Social Work","Number",""
"HGO14C01","Number of Health Graduates","2018","2018","11","11","01","Private sector","10","Speech and Language Therapy","Number",""
"HGO14C01","Number of Health Graduates","2018","2018","11","11","01","Private sector","V52","Dietetics, Optometry and Podiatry","Number",""
"HGO14C01","Number of Health Graduates","2018","2018","11","11","02","Public sector","201","Dentistry","Number",""
"HGO14C01","Number of Health Graduates","2018","2018","11","11","02","Public sector","401","Medical Science","Number",""
"HGO14C01","Number of Health Graduates","2018","2018","11","11","02","Public sector","202","Medicine","Number",""
"HGO14C01","Number of Health Graduates","2018","2018","11","11","02","Public sector","30","Nursing and Midwifery","Number",""
"HGO14C01","Number of Health Graduates","2018","2018","11","11","02","Public sector","501","Occupational Therapy","Number",""
"HGO14C01","Number of Health Graduates","2018","2018","11","11","02","Public sector","60","Pharmacy","Number",""
"HGO14C01","Number of Health Graduates","2018","2018","11","11","02","Public sector","504","Physiotherapy","Number",""
"HGO14C01","Number of Health Graduates","2018","2018","11","11","02","Public sector","402","Radiography and Radiation Therapy","Number",""
"HGO14C01","Number of Health Graduates","2018","2018","11","11","02","Public sector","702","Social Care","Number",""
"HGO14C01","Number of Health Graduates","2018","2018","11","11","02","Public sector","701","Social Work","Number",""
"HGO14C01","Number of Health Graduates","2018","2018","11","11","02","Public sector","10","Speech and Language Therapy","Number",""
"HGO14C01","Number of Health Graduates","2018","2018","11","11","02","Public sector","V52","Dietetics, Optometry and Podiatry","Number",""
"HGO14C01","Number of Health Graduates","2018","2018","11","11","-","All sectors","201","Dentistry","Number",""
"HGO14C01","Number of Health Graduates","2018","2018","11","11","-","All sectors","401","Medical Science","Number",""
"HGO14C01","Number of Health Graduates","2018","2018","11","11","-","All sectors","202","Medicine","Number",""
"HGO14C01","Number of Health Graduates","2018","2018","11","11","-","All sectors","30","Nursing and Midwifery","Number",""
"HGO14C01","Number of Health Graduates","2018","2018","11","11","-","All sectors","501","Occupational Therapy","Number",""
"HGO14C01","Number of Health Graduates","2018","2018","11","11","-","All sectors","60","Pharmacy","Number",""
"HGO14C01","Number of Health Graduates","2018","2018","11","11","-","All sectors","504","Physiotherapy","Number",""
"HGO14C01","Number of Health Graduates","2018","2018","11","11","-","All sectors","402","Radiography and Radiation Therapy","Number",""
"HGO14C01","Number of Health Graduates","2018","2018","11","11","-","All sectors","702","Social Care","Number",""
"HGO14C01","Number of Health Graduates","2018","2018","11","11","-","All sectors","701","Social Work","Number",""
"HGO14C01","Number of Health Graduates","2018","2018","11","11","-","All sectors","10","Speech and Language Therapy","Number",""
"HGO14C01","Number of Health Graduates","2018","2018","11","11","-","All sectors","V52","Dietetics, Optometry and Podiatry","Number",""
"HGO14C01","Number of Health Graduates","2018","2018","12","12","01","Private sector","201","Dentistry","Number",""
"HGO14C01","Number of Health Graduates","2018","2018","12","12","01","Private sector","401","Medical Science","Number",""
"HGO14C01","Number of Health Graduates","2018","2018","12","12","01","Private sector","202","Medicine","Number",""
"HGO14C01","Number of Health Graduates","2018","2018","12","12","01","Private sector","30","Nursing and Midwifery","Number",""
"HGO14C01","Number of Health Graduates","2018","2018","12","12","01","Private sector","501","Occupational Therapy","Number",""
"HGO14C01","Number of Health Graduates","2018","2018","12","12","01","Private sector","60","Pharmacy","Number",""
"HGO14C01","Number of Health Graduates","2018","2018","12","12","01","Private sector","504","Physiotherapy","Number",""
"HGO14C01","Number of Health Graduates","2018","2018","12","12","01","Private sector","402","Radiography and Radiation Therapy","Number",""
"HGO14C01","Number of Health Graduates","2018","2018","12","12","01","Private sector","702","Social Care","Number",""
"HGO14C01","Number of Health Graduates","2018","2018","12","12","01","Private sector","701","Social Work","Number",""
"HGO14C01","Number of Health Graduates","2018","2018","12","12","01","Private sector","10","Speech and Language Therapy","Number",""
"HGO14C01","Number of Health Graduates","2018","2018","12","12","01","Private sector","V52","Dietetics, Optometry and Podiatry","Number",""
"HGO14C01","Number of Health Graduates","2018","2018","12","12","02","Public sector","201","Dentistry","Number",""
"HGO14C01","Number of Health Graduates","2018","2018","12","12","02","Public sector","401","Medical Science","Number",""
"HGO14C01","Number of Health Graduates","2018","2018","12","12","02","Public sector","202","Medicine","Number",""
"HGO14C01","Number of Health Graduates","2018","2018","12","12","02","Public sector","30","Nursing and Midwifery","Number",""
"HGO14C01","Number of Health Graduates","2018","2018","12","12","02","Public sector","501","Occupational Therapy","Number",""
"HGO14C01","Number of Health Graduates","2018","2018","12","12","02","Public sector","60","Pharmacy","Number",""
"HGO14C01","Number of Health Graduates","2018","2018","12","12","02","Public sector","504","Physiotherapy","Number",""
"HGO14C01","Number of Health Graduates","2018","2018","12","12","02","Public sector","402","Radiography and Radiation Therapy","Number",""
"HGO14C01","Number of Health Graduates","2018","2018","12","12","02","Public sector","702","Social Care","Number",""
"HGO14C01","Number of Health Graduates","2018","2018","12","12","02","Public sector","701","Social Work","Number",""
"HGO14C01","Number of Health Graduates","2018","2018","12","12","02","Public sector","10","Speech and Language Therapy","Number",""
"HGO14C01","Number of Health Graduates","2018","2018","12","12","02","Public sector","V52","Dietetics, Optometry and Podiatry","Number",""
"HGO14C01","Number of Health Graduates","2018","2018","12","12","-","All sectors","201","Dentistry","Number",""
"HGO14C01","Number of Health Graduates","2018","2018","12","12","-","All sectors","401","Medical Science","Number",""
"HGO14C01","Number of Health Graduates","2018","2018","12","12","-","All sectors","202","Medicine","Number",""
"HGO14C01","Number of Health Graduates","2018","2018","12","12","-","All sectors","30","Nursing and Midwifery","Number",""
"HGO14C01","Number of Health Graduates","2018","2018","12","12","-","All sectors","501","Occupational Therapy","Number",""
"HGO14C01","Number of Health Graduates","2018","2018","12","12","-","All sectors","60","Pharmacy","Number",""
"HGO14C01","Number of Health Graduates","2018","2018","12","12","-","All sectors","504","Physiotherapy","Number",""
"HGO14C01","Number of Health Graduates","2018","2018","12","12","-","All sectors","402","Radiography and Radiation Therapy","Number",""
"HGO14C01","Number of Health Graduates","2018","2018","12","12","-","All sectors","702","Social Care","Number",""
"HGO14C01","Number of Health Graduates","2018","2018","12","12","-","All sectors","701","Social Work","Number",""
"HGO14C01","Number of Health Graduates","2018","2018","12","12","-","All sectors","10","Speech and Language Therapy","Number",""
"HGO14C01","Number of Health Graduates","2018","2018","12","12","-","All sectors","V52","Dietetics, Optometry and Podiatry","Number",""
"HGO14C01","Number of Health Graduates","2018","2018","13","13","01","Private sector","201","Dentistry","Number",""
"HGO14C01","Number of Health Graduates","2018","2018","13","13","01","Private sector","401","Medical Science","Number",""
"HGO14C01","Number of Health Graduates","2018","2018","13","13","01","Private sector","202","Medicine","Number",""
"HGO14C01","Number of Health Graduates","2018","2018","13","13","01","Private sector","30","Nursing and Midwifery","Number",""
"HGO14C01","Number of Health Graduates","2018","2018","13","13","01","Private sector","501","Occupational Therapy","Number",""
"HGO14C01","Number of Health Graduates","2018","2018","13","13","01","Private sector","60","Pharmacy","Number",""
"HGO14C01","Number of Health Graduates","2018","2018","13","13","01","Private sector","504","Physiotherapy","Number",""
"HGO14C01","Number of Health Graduates","2018","2018","13","13","01","Private sector","402","Radiography and Radiation Therapy","Number",""
"HGO14C01","Number of Health Graduates","2018","2018","13","13","01","Private sector","702","Social Care","Number",""
"HGO14C01","Number of Health Graduates","2018","2018","13","13","01","Private sector","701","Social Work","Number",""
"HGO14C01","Number of Health Graduates","2018","2018","13","13","01","Private sector","10","Speech and Language Therapy","Number",""
"HGO14C01","Number of Health Graduates","2018","2018","13","13","01","Private sector","V52","Dietetics, Optometry and Podiatry","Number",""
"HGO14C01","Number of Health Graduates","2018","2018","13","13","02","Public sector","201","Dentistry","Number",""
"HGO14C01","Number of Health Graduates","2018","2018","13","13","02","Public sector","401","Medical Science","Number",""
"HGO14C01","Number of Health Graduates","2018","2018","13","13","02","Public sector","202","Medicine","Number",""
"HGO14C01","Number of Health Graduates","2018","2018","13","13","02","Public sector","30","Nursing and Midwifery","Number",""
"HGO14C01","Number of Health Graduates","2018","2018","13","13","02","Public sector","501","Occupational Therapy","Number",""
"HGO14C01","Number of Health Graduates","2018","2018","13","13","02","Public sector","60","Pharmacy","Number",""
"HGO14C01","Number of Health Graduates","2018","2018","13","13","02","Public sector","504","Physiotherapy","Number",""
"HGO14C01","Number of Health Graduates","2018","2018","13","13","02","Public sector","402","Radiography and Radiation Therapy","Number",""
"HGO14C01","Number of Health Graduates","2018","2018","13","13","02","Public sector","702","Social Care","Number",""
"HGO14C01","Number of Health Graduates","2018","2018","13","13","02","Public sector","701","Social Work","Number",""
"HGO14C01","Number of Health Graduates","2018","2018","13","13","02","Public sector","10","Speech and Language Therapy","Number",""
"HGO14C01","Number of Health Graduates","2018","2018","13","13","02","Public sector","V52","Dietetics, Optometry and Podiatry","Number",""
"HGO14C01","Number of Health Graduates","2018","2018","13","13","-","All sectors","201","Dentistry","Number",""
"HGO14C01","Number of Health Graduates","2018","2018","13","13","-","All sectors","401","Medical Science","Number",""
"HGO14C01","Number of Health Graduates","2018","2018","13","13","-","All sectors","202","Medicine","Number",""
"HGO14C01","Number of Health Graduates","2018","2018","13","13","-","All sectors","30","Nursing and Midwifery","Number",""
"HGO14C01","Number of Health Graduates","2018","2018","13","13","-","All sectors","501","Occupational Therapy","Number",""
"HGO14C01","Number of Health Graduates","2018","2018","13","13","-","All sectors","60","Pharmacy","Number",""
"HGO14C01","Number of Health Graduates","2018","2018","13","13","-","All sectors","504","Physiotherapy","Number",""
"HGO14C01","Number of Health Graduates","2018","2018","13","13","-","All sectors","402","Radiography and Radiation Therapy","Number",""
"HGO14C01","Number of Health Graduates","2018","2018","13","13","-","All sectors","702","Social Care","Number",""
"HGO14C01","Number of Health Graduates","2018","2018","13","13","-","All sectors","701","Social Work","Number",""
"HGO14C01","Number of Health Graduates","2018","2018","13","13","-","All sectors","10","Speech and Language Therapy","Number",""
"HGO14C01","Number of Health Graduates","2018","2018","13","13","-","All sectors","V52","Dietetics, Optometry and Podiatry","Number",""
"HGO14C01","Number of Health Graduates","2019","2019","01","1","01","Private sector","201","Dentistry","Number","6"
"HGO14C01","Number of Health Graduates","2019","2019","01","1","01","Private sector","401","Medical Science","Number","9"
"HGO14C01","Number of Health Graduates","2019","2019","01","1","01","Private sector","202","Medicine","Number","15"
"HGO14C01","Number of Health Graduates","2019","2019","01","1","01","Private sector","30","Nursing and Midwifery","Number","207"
"HGO14C01","Number of Health Graduates","2019","2019","01","1","01","Private sector","501","Occupational Therapy","Number","66"
"HGO14C01","Number of Health Graduates","2019","2019","01","1","01","Private sector","60","Pharmacy","Number",""
"HGO14C01","Number of Health Graduates","2019","2019","01","1","01","Private sector","504","Physiotherapy","Number","81"
"HGO14C01","Number of Health Graduates","2019","2019","01","1","01","Private sector","402","Radiography and Radiation Therapy","Number","6"
"HGO14C01","Number of Health Graduates","2019","2019","01","1","01","Private sector","702","Social Care","Number","699"
"HGO14C01","Number of Health Graduates","2019","2019","01","1","01","Private sector","701","Social Work","Number","54"
"HGO14C01","Number of Health Graduates","2019","2019","01","1","01","Private sector","10","Speech and Language Therapy","Number","69"
"HGO14C01","Number of Health Graduates","2019","2019","01","1","01","Private sector","V52","Dietetics, Optometry and Podiatry","Number","54"
"HGO14C01","Number of Health Graduates","2019","2019","01","1","02","Public sector","201","Dentistry","Number","6"
"HGO14C01","Number of Health Graduates","2019","2019","01","1","02","Public sector","401","Medical Science","Number","66"
"HGO14C01","Number of Health Graduates","2019","2019","01","1","02","Public sector","202","Medicine","Number","543"
"HGO14C01","Number of Health Graduates","2019","2019","01","1","02","Public sector","30","Nursing and Midwifery","Number","1005"
"HGO14C01","Number of Health Graduates","2019","2019","01","1","02","Public sector","501","Occupational Therapy","Number","21"
"HGO14C01","Number of Health Graduates","2019","2019","01","1","02","Public sector","60","Pharmacy","Number",""
"HGO14C01","Number of Health Graduates","2019","2019","01","1","02","Public sector","504","Physiotherapy","Number","39"
"HGO14C01","Number of Health Graduates","2019","2019","01","1","02","Public sector","402","Radiography and Radiation Therapy","Number","48"
"HGO14C01","Number of Health Graduates","2019","2019","01","1","02","Public sector","702","Social Care","Number","198"
"HGO14C01","Number of Health Graduates","2019","2019","01","1","02","Public sector","701","Social Work","Number","108"
"HGO14C01","Number of Health Graduates","2019","2019","01","1","02","Public sector","10","Speech and Language Therapy","Number","24"
"HGO14C01","Number of Health Graduates","2019","2019","01","1","02","Public sector","V52","Dietetics, Optometry and Podiatry","Number","18"
"HGO14C01","Number of Health Graduates","2019","2019","01","1","-","All sectors","201","Dentistry","Number","12"
"HGO14C01","Number of Health Graduates","2019","2019","01","1","-","All sectors","401","Medical Science","Number","75"
"HGO14C01","Number of Health Graduates","2019","2019","01","1","-","All sectors","202","Medicine","Number","558"
"HGO14C01","Number of Health Graduates","2019","2019","01","1","-","All sectors","30","Nursing and Midwifery","Number","1215"
"HGO14C01","Number of Health Graduates","2019","2019","01","1","-","All sectors","501","Occupational Therapy","Number","87"
"HGO14C01","Number of Health Graduates","2019","2019","01","1","-","All sectors","60","Pharmacy","Number",""
"HGO14C01","Number of Health Graduates","2019","2019","01","1","-","All sectors","504","Physiotherapy","Number","120"
"HGO14C01","Number of Health Graduates","2019","2019","01","1","-","All sectors","402","Radiography and Radiation Therapy","Number","54"
"HGO14C01","Number of Health Graduates","2019","2019","01","1","-","All sectors","702","Social Care","Number","897"
"HGO14C01","Number of Health Graduates","2019","2019","01","1","-","All sectors","701","Social Work","Number","162"
"HGO14C01","Number of Health Graduates","2019","2019","01","1","-","All sectors","10","Speech and Language Therapy","Number","90"
"HGO14C01","Number of Health Graduates","2019","2019","01","1","-","All sectors","V52","Dietetics, Optometry and Podiatry","Number","69"
"HGO14C01","Number of Health Graduates","2019","2019","02","2","01","Private sector","201","Dentistry","Number","6"
"HGO14C01","Number of Health Graduates","2019","2019","02","2","01","Private sector","401","Medical Science","Number","12"
"HGO14C01","Number of Health Graduates","2019","2019","02","2","01","Private sector","202","Medicine","Number","30"
"HGO14C01","Number of Health Graduates","2019","2019","02","2","01","Private sector","30","Nursing and Midwifery","Number","246"
"HGO14C01","Number of Health Graduates","2019","2019","02","2","01","Private sector","501","Occupational Therapy","Number","33"
"HGO14C01","Number of Health Graduates","2019","2019","02","2","01","Private sector","60","Pharmacy","Number",""
"HGO14C01","Number of Health Graduates","2019","2019","02","2","01","Private sector","504","Physiotherapy","Number","63"
"HGO14C01","Number of Health Graduates","2019","2019","02","2","01","Private sector","402","Radiography and Radiation Therapy","Number","6"
"HGO14C01","Number of Health Graduates","2019","2019","02","2","01","Private sector","702","Social Care","Number","672"
"HGO14C01","Number of Health Graduates","2019","2019","02","2","01","Private sector","701","Social Work","Number","42"
"HGO14C01","Number of Health Graduates","2019","2019","02","2","01","Private sector","10","Speech and Language Therapy","Number","36"
"HGO14C01","Number of Health Graduates","2019","2019","02","2","01","Private sector","V52","Dietetics, Optometry and Podiatry","Number","45"
"HGO14C01","Number of Health Graduates","2019","2019","02","2","02","Public sector","201","Dentistry","Number","9"
"HGO14C01","Number of Health Graduates","2019","2019","02","2","02","Public sector","401","Medical Science","Number","69"
"HGO14C01","Number of Health Graduates","2019","2019","02","2","02","Public sector","202","Medicine","Number","339"
"HGO14C01","Number of Health Graduates","2019","2019","02","2","02","Public sector","30","Nursing and Midwifery","Number","990"
"HGO14C01","Number of Health Graduates","2019","2019","02","2","02","Public sector","501","Occupational Therapy","Number","51"
"HGO14C01","Number of Health Graduates","2019","2019","02","2","02","Public sector","60","Pharmacy","Number",""
"HGO14C01","Number of Health Graduates","2019","2019","02","2","02","Public sector","504","Physiotherapy","Number","60"
"HGO14C01","Number of Health Graduates","2019","2019","02","2","02","Public sector","402","Radiography and Radiation Therapy","Number","51"
"HGO14C01","Number of Health Graduates","2019","2019","02","2","02","Public sector","702","Social Care","Number","243"
"HGO14C01","Number of Health Graduates","2019","2019","02","2","02","Public sector","701","Social Work","Number","126"
"HGO14C01","Number of Health Graduates","2019","2019","02","2","02","Public sector","10","Speech and Language Therapy","Number","54"
"HGO14C01","Number of Health Graduates","2019","2019","02","2","02","Public sector","V52","Dietetics, Optometry and Podiatry","Number","30"
"HGO14C01","Number of Health Graduates","2019","2019","02","2","-","All sectors","201","Dentistry","Number","15"
"HGO14C01","Number of Health Graduates","2019","2019","02","2","-","All sectors","401","Medical Science","Number","81"
"HGO14C01","Number of Health Graduates","2019","2019","02","2","-","All sectors","202","Medicine","Number","369"
"HGO14C01","Number of Health Graduates","2019","2019","02","2","-","All sectors","30","Nursing and Midwifery","Number","1236"
"HGO14C01","Number of Health Graduates","2019","2019","02","2","-","All sectors","501","Occupational Therapy","Number","84"
"HGO14C01","Number of Health Graduates","2019","2019","02","2","-","All sectors","60","Pharmacy","Number",""
"HGO14C01","Number of Health Graduates","2019","2019","02","2","-","All sectors","504","Physiotherapy","Number","120"
"HGO14C01","Number of Health Graduates","2019","2019","02","2","-","All sectors","402","Radiography and Radiation Therapy","Number","57"
"HGO14C01","Number of Health Graduates","2019","2019","02","2","-","All sectors","702","Social Care","Number","915"
"HGO14C01","Number of Health Graduates","2019","2019","02","2","-","All sectors","701","Social Work","Number","168"
"HGO14C01","Number of Health Graduates","2019","2019","02","2","-","All sectors","10","Speech and Language Therapy","Number","90"
"HGO14C01","Number of Health Graduates","2019","2019","02","2","-","All sectors","V52","Dietetics, Optometry and Podiatry","Number","75"
"HGO14C01","Number of Health Graduates","2019","2019","03","3","01","Private sector","201","Dentistry","Number","9"
"HGO14C01","Number of Health Graduates","2019","2019","03","3","01","Private sector","401","Medical Science","Number","18"
"HGO14C01","Number of Health Graduates","2019","2019","03","3","01","Private sector","202","Medicine","Number","21"
"HGO14C01","Number of Health Graduates","2019","2019","03","3","01","Private sector","30","Nursing and Midwifery","Number","285"
"HGO14C01","Number of Health Graduates","2019","2019","03","3","01","Private sector","501","Occupational Therapy","Number","21"
"HGO14C01","Number of Health Graduates","2019","2019","03","3","01","Private sector","60","Pharmacy","Number",""
"HGO14C01","Number of Health Graduates","2019","2019","03","3","01","Private sector","504","Physiotherapy","Number","39"
"HGO14C01","Number of Health Graduates","2019","2019","03","3","01","Private sector","402","Radiography and Radiation Therapy","Number","6"
"HGO14C01","Number of Health Graduates","2019","2019","03","3","01","Private sector","702","Social Care","Number","645"
"HGO14C01","Number of Health Graduates","2019","2019","03","3","01","Private sector","701","Social Work","Number","39"
"HGO14C01","Number of Health Graduates","2019","2019","03","3","01","Private sector","10","Speech and Language Therapy","Number","18"
"HGO14C01","Number of Health Graduates","2019","2019","03","3","01","Private sector","V52","Dietetics, Optometry and Podiatry","Number","33"
"HGO14C01","Number of Health Graduates","2019","2019","03","3","02","Public sector","201","Dentistry","Number","9"
"HGO14C01","Number of Health Graduates","2019","2019","03","3","02","Public sector","401","Medical Science","Number","60"
"HGO14C01","Number of Health Graduates","2019","2019","03","3","02","Public sector","202","Medicine","Number","387"
"HGO14C01","Number of Health Graduates","2019","2019","03","3","02","Public sector","30","Nursing and Midwifery","Number","801"
"HGO14C01","Number of Health Graduates","2019","2019","03","3","02","Public sector","501","Occupational Therapy","Number","63"
"HGO14C01","Number of Health Graduates","2019","2019","03","3","02","Public sector","60","Pharmacy","Number",""
"HGO14C01","Number of Health Graduates","2019","2019","03","3","02","Public sector","504","Physiotherapy","Number","69"
"HGO14C01","Number of Health Graduates","2019","2019","03","3","02","Public sector","402","Radiography and Radiation Therapy","Number","51"
"HGO14C01","Number of Health Graduates","2019","2019","03","3","02","Public sector","702","Social Care","Number","264"
"HGO14C01","Number of Health Graduates","2019","2019","03","3","02","Public sector","701","Social Work","Number","126"
"HGO14C01","Number of Health Graduates","2019","2019","03","3","02","Public sector","10","Speech and Language Therapy","Number","72"
"HGO14C01","Number of Health Graduates","2019","2019","03","3","02","Public sector","V52","Dietetics, Optometry and Podiatry","Number","36"
"HGO14C01","Number of Health Graduates","2019","2019","03","3","-","All sectors","201","Dentistry","Number","18"
"HGO14C01","Number of Health Graduates","2019","2019","03","3","-","All sectors","401","Medical Science","Number","78"
"HGO14C01","Number of Health Graduates","2019","2019","03","3","-","All sectors","202","Medicine","Number","408"
"HGO14C01","Number of Health Graduates","2019","2019","03","3","-","All sectors","30","Nursing and Midwifery","Number","1083"
"HGO14C01","Number of Health Graduates","2019","2019","03","3","-","All sectors","501","Occupational Therapy","Number","84"
"HGO14C01","Number of Health Graduates","2019","2019","03","3","-","All sectors","60","Pharmacy","Number",""
"HGO14C01","Number of Health Graduates","2019","2019","03","3","-","All sectors","504","Physiotherapy","Number","108"
"HGO14C01","Number of Health Graduates","2019","2019","03","3","-","All sectors","402","Radiography and Radiation Therapy","Number","57"
"HGO14C01","Number of Health Graduates","2019","2019","03","3","-","All sectors","702","Social Care","Number","909"
"HGO14C01","Number of Health Graduates","2019","2019","03","3","-","All sectors","701","Social Work","Number","165"
"HGO14C01","Number of Health Graduates","2019","2019","03","3","-","All sectors","10","Speech and Language Therapy","Number","90"
"HGO14C01","Number of Health Graduates","2019","2019","03","3","-","All sectors","V52","Dietetics, Optometry and Podiatry","Number","69"
"HGO14C01","Number of Health Graduates","2019","2019","04","4","01","Private sector","201","Dentistry","Number","9"
"HGO14C01","Number of Health Graduates","2019","2019","04","4","01","Private sector","401","Medical Science","Number","15"
"HGO14C01","Number of Health Graduates","2019","2019","04","4","01","Private sector","202","Medicine","Number","27"
"HGO14C01","Number of Health Graduates","2019","2019","04","4","01","Private sector","30","Nursing and Midwifery","Number","282"
"HGO14C01","Number of Health Graduates","2019","2019","04","4","01","Private sector","501","Occupational Therapy","Number","18"
"HGO14C01","Number of Health Graduates","2019","2019","04","4","01","Private sector","60","Pharmacy","Number",""
"HGO14C01","Number of Health Graduates","2019","2019","04","4","01","Private sector","504","Physiotherapy","Number","30"
"HGO14C01","Number of Health Graduates","2019","2019","04","4","01","Private sector","402","Radiography and Radiation Therapy","Number","9"
"HGO14C01","Number of Health Graduates","2019","2019","04","4","01","Private sector","702","Social Care","Number","588"
"HGO14C01","Number of Health Graduates","2019","2019","04","4","01","Private sector","701","Social Work","Number","36"
"HGO14C01","Number of Health Graduates","2019","2019","04","4","01","Private sector","10","Speech and Language Therapy","Number","18"
"HGO14C01","Number of Health Graduates","2019","2019","04","4","01","Private sector","V52","Dietetics, Optometry and Podiatry","Number","30"
"HGO14C01","Number of Health Graduates","2019","2019","04","4","02","Public sector","201","Dentistry","Number","12"
"HGO14C01","Number of Health Graduates","2019","2019","04","4","02","Public sector","401","Medical Science","Number","54"
"HGO14C01","Number of Health Graduates","2019","2019","04","4","02","Public sector","202","Medicine","Number","408"
"HGO14C01","Number of Health Graduates","2019","2019","04","4","02","Public sector","30","Nursing and Midwifery","Number","669"
"HGO14C01","Number of Health Graduates","2019","2019","04","4","02","Public sector","501","Occupational Therapy","Number","60"
"HGO14C01","Number of Health Graduates","2019","2019","04","4","02","Public sector","60","Pharmacy","Number",""
"HGO14C01","Number of Health Graduates","2019","2019","04","4","02","Public sector","504","Physiotherapy","Number","57"
"HGO14C01","Number of Health Graduates","2019","2019","04","4","02","Public sector","402","Radiography and Radiation Therapy","Number","24"
"HGO14C01","Number of Health Graduates","2019","2019","04","4","02","Public sector","702","Social Care","Number","267"
"HGO14C01","Number of Health Graduates","2019","2019","04","4","02","Public sector","701","Social Work","Number","120"
"HGO14C01","Number of Health Graduates","2019","2019","04","4","02","Public sector","10","Speech and Language Therapy","Number","66"
"HGO14C01","Number of Health Graduates","2019","2019","04","4","02","Public sector","V52","Dietetics, Optometry and Podiatry","Number","30"
"HGO14C01","Number of Health Graduates","2019","2019","04","4","-","All sectors","201","Dentistry","Number","21"
"HGO14C01","Number of Health Graduates","2019","2019","04","4","-","All sectors","401","Medical Science","Number","69"
"HGO14C01","Number of Health Graduates","2019","2019","04","4","-","All sectors","202","Medicine","Number","435"
"HGO14C01","Number of Health Graduates","2019","2019","04","4","-","All sectors","30","Nursing and Midwifery","Number","951"
"HGO14C01","Number of Health Graduates","2019","2019","04","4","-","All sectors","501","Occupational Therapy","Number","78"
"HGO14C01","Number of Health Graduates","2019","2019","04","4","-","All sectors","60","Pharmacy","Number",""
"HGO14C01","Number of Health Graduates","2019","2019","04","4","-","All sectors","504","Physiotherapy","Number","87"
"HGO14C01","Number of Health Graduates","2019","2019","04","4","-","All sectors","402","Radiography and Radiation Therapy","Number","33"
"HGO14C01","Number of Health Graduates","2019","2019","04","4","-","All sectors","702","Social Care","Number","855"
"HGO14C01","Number of Health Graduates","2019","2019","04","4","-","All sectors","701","Social Work","Number","156"
"HGO14C01","Number of Health Graduates","2019","2019","04","4","-","All sectors","10","Speech and Language Therapy","Number","84"
"HGO14C01","Number of Health Graduates","2019","2019","04","4","-","All sectors","V52","Dietetics, Optometry and Podiatry","Number","60"
"HGO14C01","Number of Health Graduates","2019","2019","05","5","01","Private sector","201","Dentistry","Number",""
"HGO14C01","Number of Health Graduates","2019","2019","05","5","01","Private sector","401","Medical Science","Number",""
"HGO14C01","Number of Health Graduates","2019","2019","05","5","01","Private sector","202","Medicine","Number",""
"HGO14C01","Number of Health Graduates","2019","2019","05","5","01","Private sector","30","Nursing and Midwifery","Number",""
"HGO14C01","Number of Health Graduates","2019","2019","05","5","01","Private sector","501","Occupational Therapy","Number",""
"HGO14C01","Number of Health Graduates","2019","2019","05","5","01","Private sector","60","Pharmacy","Number",""
"HGO14C01","Number of Health Graduates","2019","2019","05","5","01","Private sector","504","Physiotherapy","Number",""
"HGO14C01","Number of Health Graduates","2019","2019","05","5","01","Private sector","402","Radiography and Radiation Therapy","Number",""
"HGO14C01","Number of Health Graduates","2019","2019","05","5","01","Private sector","702","Social Care","Number",""
"HGO14C01","Number of Health Graduates","2019","2019","05","5","01","Private sector","701","Social Work","Number",""
"HGO14C01","Number of Health Graduates","2019","2019","05","5","01","Private sector","10","Speech and Language Therapy","Number",""
"HGO14C01","Number of Health Graduates","2019","2019","05","5","01","Private sector","V52","Dietetics, Optometry and Podiatry","Number",""
"HGO14C01","Number of Health Graduates","2019","2019","05","5","02","Public sector","201","Dentistry","Number",""
"HGO14C01","Number of Health Graduates","2019","2019","05","5","02","Public sector","401","Medical Science","Number",""
"HGO14C01","Number of Health Graduates","2019","2019","05","5","02","Public sector","202","Medicine","Number",""
"HGO14C01","Number of Health Graduates","2019","2019","05","5","02","Public sector","30","Nursing and Midwifery","Number",""
"HGO14C01","Number of Health Graduates","2019","2019","05","5","02","Public sector","501","Occupational Therapy","Number",""
"HGO14C01","Number of Health Graduates","2019","2019","05","5","02","Public sector","60","Pharmacy","Number",""
"HGO14C01","Number of Health Graduates","2019","2019","05","5","02","Public sector","504","Physiotherapy","Number",""
"HGO14C01","Number of Health Graduates","2019","2019","05","5","02","Public sector","402","Radiography and Radiation Therapy","Number",""
"HGO14C01","Number of Health Graduates","2019","2019","05","5","02","Public sector","702","Social Care","Number",""
"HGO14C01","Number of Health Graduates","2019","2019","05","5","02","Public sector","701","Social Work","Number",""
"HGO14C01","Number of Health Graduates","2019","2019","05","5","02","Public sector","10","Speech and Language Therapy","Number",""
"HGO14C01","Number of Health Graduates","2019","2019","05","5","02","Public sector","V52","Dietetics, Optometry and Podiatry","Number",""
"HGO14C01","Number of Health Graduates","2019","2019","05","5","-","All sectors","201","Dentistry","Number",""
"HGO14C01","Number of Health Graduates","2019","2019","05","5","-","All sectors","401","Medical Science","Number",""
"HGO14C01","Number of Health Graduates","2019","2019","05","5","-","All sectors","202","Medicine","Number",""
"HGO14C01","Number of Health Graduates","2019","2019","05","5","-","All sectors","30","Nursing and Midwifery","Number",""
"HGO14C01","Number of Health Graduates","2019","2019","05","5","-","All sectors","501","Occupational Therapy","Number",""
"HGO14C01","Number of Health Graduates","2019","2019","05","5","-","All sectors","60","Pharmacy","Number",""
"HGO14C01","Number of Health Graduates","2019","2019","05","5","-","All sectors","504","Physiotherapy","Number",""
"HGO14C01","Number of Health Graduates","2019","2019","05","5","-","All sectors","402","Radiography and Radiation Therapy","Number",""
"HGO14C01","Number of Health Graduates","2019","2019","05","5","-","All sectors","702","Social Care","Number",""
"HGO14C01","Number of Health Graduates","2019","2019","05","5","-","All sectors","701","Social Work","Number",""
"HGO14C01","Number of Health Graduates","2019","2019","05","5","-","All sectors","10","Speech and Language Therapy","Number",""
"HGO14C01","Number of Health Graduates","2019","2019","05","5","-","All sectors","V52","Dietetics, Optometry and Podiatry","Number",""
"HGO14C01","Number of Health Graduates","2019","2019","06","6","01","Private sector","201","Dentistry","Number",""
"HGO14C01","Number of Health Graduates","2019","2019","06","6","01","Private sector","401","Medical Science","Number",""
"HGO14C01","Number of Health Graduates","2019","2019","06","6","01","Private sector","202","Medicine","Number",""
"HGO14C01","Number of Health Graduates","2019","2019","06","6","01","Private sector","30","Nursing and Midwifery","Number",""
"HGO14C01","Number of Health Graduates","2019","2019","06","6","01","Private sector","501","Occupational Therapy","Number",""
"HGO14C01","Number of Health Graduates","2019","2019","06","6","01","Private sector","60","Pharmacy","Number",""
"HGO14C01","Number of Health Graduates","2019","2019","06","6","01","Private sector","504","Physiotherapy","Number",""
"HGO14C01","Number of Health Graduates","2019","2019","06","6","01","Private sector","402","Radiography and Radiation Therapy","Number",""
"HGO14C01","Number of Health Graduates","2019","2019","06","6","01","Private sector","702","Social Care","Number",""
"HGO14C01","Number of Health Graduates","2019","2019","06","6","01","Private sector","701","Social Work","Number",""
"HGO14C01","Number of Health Graduates","2019","2019","06","6","01","Private sector","10","Speech and Language Therapy","Number",""
"HGO14C01","Number of Health Graduates","2019","2019","06","6","01","Private sector","V52","Dietetics, Optometry and Podiatry","Number",""
"HGO14C01","Number of Health Graduates","2019","2019","06","6","02","Public sector","201","Dentistry","Number",""
"HGO14C01","Number of Health Graduates","2019","2019","06","6","02","Public sector","401","Medical Science","Number",""
"HGO14C01","Number of Health Graduates","2019","2019","06","6","02","Public sector","202","Medicine","Number",""
"HGO14C01","Number of Health Graduates","2019","2019","06","6","02","Public sector","30","Nursing and Midwifery","Number",""
"HGO14C01","Number of Health Graduates","2019","2019","06","6","02","Public sector","501","Occupational Therapy","Number",""
"HGO14C01","Number of Health Graduates","2019","2019","06","6","02","Public sector","60","Pharmacy","Number",""
"HGO14C01","Number of Health Graduates","2019","2019","06","6","02","Public sector","504","Physiotherapy","Number",""
"HGO14C01","Number of Health Graduates","2019","2019","06","6","02","Public sector","402","Radiography and Radiation Therapy","Number",""
"HGO14C01","Number of Health Graduates","2019","2019","06","6","02","Public sector","702","Social Care","Number",""
"HGO14C01","Number of Health Graduates","2019","2019","06","6","02","Public sector","701","Social Work","Number",""
"HGO14C01","Number of Health Graduates","2019","2019","06","6","02","Public sector","10","Speech and Language Therapy","Number",""
"HGO14C01","Number of Health Graduates","2019","2019","06","6","02","Public sector","V52","Dietetics, Optometry and Podiatry","Number",""
"HGO14C01","Number of Health Graduates","2019","2019","06","6","-","All sectors","201","Dentistry","Number",""
"HGO14C01","Number of Health Graduates","2019","2019","06","6","-","All sectors","401","Medical Science","Number",""
"HGO14C01","Number of Health Graduates","2019","2019","06","6","-","All sectors","202","Medicine","Number",""
"HGO14C01","Number of Health Graduates","2019","2019","06","6","-","All sectors","30","Nursing and Midwifery","Number",""
"HGO14C01","Number of Health Graduates","2019","2019","06","6","-","All sectors","501","Occupational Therapy","Number",""
"HGO14C01","Number of Health Graduates","2019","2019","06","6","-","All sectors","60","Pharmacy","Number",""
"HGO14C01","Number of Health Graduates","2019","2019","06","6","-","All sectors","504","Physiotherapy","Number",""
"HGO14C01","Number of Health Graduates","2019","2019","06","6","-","All sectors","402","Radiography and Radiation Therapy","Number",""
"HGO14C01","Number of Health Graduates","2019","2019","06","6","-","All sectors","702","Social Care","Number",""
"HGO14C01","Number of Health Graduates","2019","2019","06","6","-","All sectors","701","Social Work","Number",""
"HGO14C01","Number of Health Graduates","2019","2019","06","6","-","All sectors","10","Speech and Language Therapy","Number",""
"HGO14C01","Number of Health Graduates","2019","2019","06","6","-","All sectors","V52","Dietetics, Optometry and Podiatry","Number",""
"HGO14C01","Number of Health Graduates","2019","2019","07","7","01","Private sector","201","Dentistry","Number",""
"HGO14C01","Number of Health Graduates","2019","2019","07","7","01","Private sector","401","Medical Science","Number",""
"HGO14C01","Number of Health Graduates","2019","2019","07","7","01","Private sector","202","Medicine","Number",""
"HGO14C01","Number of Health Graduates","2019","2019","07","7","01","Private sector","30","Nursing and Midwifery","Number",""
"HGO14C01","Number of Health Graduates","2019","2019","07","7","01","Private sector","501","Occupational Therapy","Number",""
"HGO14C01","Number of Health Graduates","2019","2019","07","7","01","Private sector","60","Pharmacy","Number",""
"HGO14C01","Number of Health Graduates","2019","2019","07","7","01","Private sector","504","Physiotherapy","Number",""
"HGO14C01","Number of Health Graduates","2019","2019","07","7","01","Private sector","402","Radiography and Radiation Therapy","Number",""
"HGO14C01","Number of Health Graduates","2019","2019","07","7","01","Private sector","702","Social Care","Number",""
"HGO14C01","Number of Health Graduates","2019","2019","07","7","01","Private sector","701","Social Work","Number",""
"HGO14C01","Number of Health Graduates","2019","2019","07","7","01","Private sector","10","Speech and Language Therapy","Number",""
"HGO14C01","Number of Health Graduates","2019","2019","07","7","01","Private sector","V52","Dietetics, Optometry and Podiatry","Number",""
"HGO14C01","Number of Health Graduates","2019","2019","07","7","02","Public sector","201","Dentistry","Number",""
"HGO14C01","Number of Health Graduates","2019","2019","07","7","02","Public sector","401","Medical Science","Number",""
"HGO14C01","Number of Health Graduates","2019","2019","07","7","02","Public sector","202","Medicine","Number",""
"HGO14C01","Number of Health Graduates","2019","2019","07","7","02","Public sector","30","Nursing and Midwifery","Number",""
"HGO14C01","Number of Health Graduates","2019","2019","07","7","02","Public sector","501","Occupational Therapy","Number",""
"HGO14C01","Number of Health Graduates","2019","2019","07","7","02","Public sector","60","Pharmacy","Number",""
"HGO14C01","Number of Health Graduates","2019","2019","07","7","02","Public sector","504","Physiotherapy","Number",""
"HGO14C01","Number of Health Graduates","2019","2019","07","7","02","Public sector","402","Radiography and Radiation Therapy","Number",""
"HGO14C01","Number of Health Graduates","2019","2019","07","7","02","Public sector","702","Social Care","Number",""
"HGO14C01","Number of Health Graduates","2019","2019","07","7","02","Public sector","701","Social Work","Number",""
"HGO14C01","Number of Health Graduates","2019","2019","07","7","02","Public sector","10","Speech and Language Therapy","Number",""
"HGO14C01","Number of Health Graduates","2019","2019","07","7","02","Public sector","V52","Dietetics, Optometry and Podiatry","Number",""
"HGO14C01","Number of Health Graduates","2019","2019","07","7","-","All sectors","201","Dentistry","Number",""
"HGO14C01","Number of Health Graduates","2019","2019","07","7","-","All sectors","401","Medical Science","Number",""
"HGO14C01","Number of Health Graduates","2019","2019","07","7","-","All sectors","202","Medicine","Number",""
"HGO14C01","Number of Health Graduates","2019","2019","07","7","-","All sectors","30","Nursing and Midwifery","Number",""
"HGO14C01","Number of Health Graduates","2019","2019","07","7","-","All sectors","501","Occupational Therapy","Number",""
"HGO14C01","Number of Health Graduates","2019","2019","07","7","-","All sectors","60","Pharmacy","Number",""
"HGO14C01","Number of Health Graduates","2019","2019","07","7","-","All sectors","504","Physiotherapy","Number",""
"HGO14C01","Number of Health Graduates","2019","2019","07","7","-","All sectors","402","Radiography and Radiation Therapy","Number",""
"HGO14C01","Number of Health Graduates","2019","2019","07","7","-","All sectors","702","Social Care","Number",""
"HGO14C01","Number of Health Graduates","2019","2019","07","7","-","All sectors","701","Social Work","Number",""
"HGO14C01","Number of Health Graduates","2019","2019","07","7","-","All sectors","10","Speech and Language Therapy","Number",""
"HGO14C01","Number of Health Graduates","2019","2019","07","7","-","All sectors","V52","Dietetics, Optometry and Podiatry","Number",""
"HGO14C01","Number of Health Graduates","2019","2019","08","8","01","Private sector","201","Dentistry","Number",""
"HGO14C01","Number of Health Graduates","2019","2019","08","8","01","Private sector","401","Medical Science","Number",""
"HGO14C01","Number of Health Graduates","2019","2019","08","8","01","Private sector","202","Medicine","Number",""
"HGO14C01","Number of Health Graduates","2019","2019","08","8","01","Private sector","30","Nursing and Midwifery","Number",""
"HGO14C01","Number of Health Graduates","2019","2019","08","8","01","Private sector","501","Occupational Therapy","Number",""
"HGO14C01","Number of Health Graduates","2019","2019","08","8","01","Private sector","60","Pharmacy","Number",""
"HGO14C01","Number of Health Graduates","2019","2019","08","8","01","Private sector","504","Physiotherapy","Number",""
"HGO14C01","Number of Health Graduates","2019","2019","08","8","01","Private sector","402","Radiography and Radiation Therapy","Number",""
"HGO14C01","Number of Health Graduates","2019","2019","08","8","01","Private sector","702","Social Care","Number",""
"HGO14C01","Number of Health Graduates","2019","2019","08","8","01","Private sector","701","Social Work","Number",""
"HGO14C01","Number of Health Graduates","2019","2019","08","8","01","Private sector","10","Speech and Language Therapy","Number",""
"HGO14C01","Number of Health Graduates","2019","2019","08","8","01","Private sector","V52","Dietetics, Optometry and Podiatry","Number",""
"HGO14C01","Number of Health Graduates","2019","2019","08","8","02","Public sector","201","Dentistry","Number",""
"HGO14C01","Number of Health Graduates","2019","2019","08","8","02","Public sector","401","Medical Science","Number",""
"HGO14C01","Number of Health Graduates","2019","2019","08","8","02","Public sector","202","Medicine","Number",""
"HGO14C01","Number of Health Graduates","2019","2019","08","8","02","Public sector","30","Nursing and Midwifery","Number",""
"HGO14C01","Number of Health Graduates","2019","2019","08","8","02","Public sector","501","Occupational Therapy","Number",""
"HGO14C01","Number of Health Graduates","2019","2019","08","8","02","Public sector","60","Pharmacy","Number",""
"HGO14C01","Number of Health Graduates","2019","2019","08","8","02","Public sector","504","Physiotherapy","Number",""
"HGO14C01","Number of Health Graduates","2019","2019","08","8","02","Public sector","402","Radiography and Radiation Therapy","Number",""
"HGO14C01","Number of Health Graduates","2019","2019","08","8","02","Public sector","702","Social Care","Number",""
"HGO14C01","Number of Health Graduates","2019","2019","08","8","02","Public sector","701","Social Work","Number",""
"HGO14C01","Number of Health Graduates","2019","2019","08","8","02","Public sector","10","Speech and Language Therapy","Number",""
"HGO14C01","Number of Health Graduates","2019","2019","08","8","02","Public sector","V52","Dietetics, Optometry and Podiatry","Number",""
"HGO14C01","Number of Health Graduates","2019","2019","08","8","-","All sectors","201","Dentistry","Number",""
"HGO14C01","Number of Health Graduates","2019","2019","08","8","-","All sectors","401","Medical Science","Number",""
"HGO14C01","Number of Health Graduates","2019","2019","08","8","-","All sectors","202","Medicine","Number",""
"HGO14C01","Number of Health Graduates","2019","2019","08","8","-","All sectors","30","Nursing and Midwifery","Number",""
"HGO14C01","Number of Health Graduates","2019","2019","08","8","-","All sectors","501","Occupational Therapy","Number",""
"HGO14C01","Number of Health Graduates","2019","2019","08","8","-","All sectors","60","Pharmacy","Number",""
"HGO14C01","Number of Health Graduates","2019","2019","08","8","-","All sectors","504","Physiotherapy","Number",""
"HGO14C01","Number of Health Graduates","2019","2019","08","8","-","All sectors","402","Radiography and Radiation Therapy","Number",""
"HGO14C01","Number of Health Graduates","2019","2019","08","8","-","All sectors","702","Social Care","Number",""
"HGO14C01","Number of Health Graduates","2019","2019","08","8","-","All sectors","701","Social Work","Number",""
"HGO14C01","Number of Health Graduates","2019","2019","08","8","-","All sectors","10","Speech and Language Therapy","Number",""
"HGO14C01","Number of Health Graduates","2019","2019","08","8","-","All sectors","V52","Dietetics, Optometry and Podiatry","Number",""
"HGO14C01","Number of Health Graduates","2019","2019","09","9","01","Private sector","201","Dentistry","Number",""
"HGO14C01","Number of Health Graduates","2019","2019","09","9","01","Private sector","401","Medical Science","Number",""
"HGO14C01","Number of Health Graduates","2019","2019","09","9","01","Private sector","202","Medicine","Number",""
"HGO14C01","Number of Health Graduates","2019","2019","09","9","01","Private sector","30","Nursing and Midwifery","Number",""
"HGO14C01","Number of Health Graduates","2019","2019","09","9","01","Private sector","501","Occupational Therapy","Number",""
"HGO14C01","Number of Health Graduates","2019","2019","09","9","01","Private sector","60","Pharmacy","Number",""
"HGO14C01","Number of Health Graduates","2019","2019","09","9","01","Private sector","504","Physiotherapy","Number",""
"HGO14C01","Number of Health Graduates","2019","2019","09","9","01","Private sector","402","Radiography and Radiation Therapy","Number",""
"HGO14C01","Number of Health Graduates","2019","2019","09","9","01","Private sector","702","Social Care","Number",""
"HGO14C01","Number of Health Graduates","2019","2019","09","9","01","Private sector","701","Social Work","Number",""
"HGO14C01","Number of Health Graduates","2019","2019","09","9","01","Private sector","10","Speech and Language Therapy","Number",""
"HGO14C01","Number of Health Graduates","2019","2019","09","9","01","Private sector","V52","Dietetics, Optometry and Podiatry","Number",""
"HGO14C01","Number of Health Graduates","2019","2019","09","9","02","Public sector","201","Dentistry","Number",""
"HGO14C01","Number of Health Graduates","2019","2019","09","9","02","Public sector","401","Medical Science","Number",""
"HGO14C01","Number of Health Graduates","2019","2019","09","9","02","Public sector","202","Medicine","Number",""
"HGO14C01","Number of Health Graduates","2019","2019","09","9","02","Public sector","30","Nursing and Midwifery","Number",""
"HGO14C01","Number of Health Graduates","2019","2019","09","9","02","Public sector","501","Occupational Therapy","Number",""
"HGO14C01","Number of Health Graduates","2019","2019","09","9","02","Public sector","60","Pharmacy","Number",""
"HGO14C01","Number of Health Graduates","2019","2019","09","9","02","Public sector","504","Physiotherapy","Number",""
"HGO14C01","Number of Health Graduates","2019","2019","09","9","02","Public sector","402","Radiography and Radiation Therapy","Number",""
"HGO14C01","Number of Health Graduates","2019","2019","09","9","02","Public sector","702","Social Care","Number",""
"HGO14C01","Number of Health Graduates","2019","2019","09","9","02","Public sector","701","Social Work","Number",""
"HGO14C01","Number of Health Graduates","2019","2019","09","9","02","Public sector","10","Speech and Language Therapy","Number",""
"HGO14C01","Number of Health Graduates","2019","2019","09","9","02","Public sector","V52","Dietetics, Optometry and Podiatry","Number",""
"HGO14C01","Number of Health Graduates","2019","2019","09","9","-","All sectors","201","Dentistry","Number",""
"HGO14C01","Number of Health Graduates","2019","2019","09","9","-","All sectors","401","Medical Science","Number",""
"HGO14C01","Number of Health Graduates","2019","2019","09","9","-","All sectors","202","Medicine","Number",""
"HGO14C01","Number of Health Graduates","2019","2019","09","9","-","All sectors","30","Nursing and Midwifery","Number",""
"HGO14C01","Number of Health Graduates","2019","2019","09","9","-","All sectors","501","Occupational Therapy","Number",""
"HGO14C01","Number of Health Graduates","2019","2019","09","9","-","All sectors","60","Pharmacy","Number",""
"HGO14C01","Number of Health Graduates","2019","2019","09","9","-","All sectors","504","Physiotherapy","Number",""
"HGO14C01","Number of Health Graduates","2019","2019","09","9","-","All sectors","402","Radiography and Radiation Therapy","Number",""
"HGO14C01","Number of Health Graduates","2019","2019","09","9","-","All sectors","702","Social Care","Number",""
"HGO14C01","Number of Health Graduates","2019","2019","09","9","-","All sectors","701","Social Work","Number",""
"HGO14C01","Number of Health Graduates","2019","2019","09","9","-","All sectors","10","Speech and Language Therapy","Number",""
"HGO14C01","Number of Health Graduates","2019","2019","09","9","-","All sectors","V52","Dietetics, Optometry and Podiatry","Number",""
"HGO14C01","Number of Health Graduates","2019","2019","10","10","01","Private sector","201","Dentistry","Number",""
"HGO14C01","Number of Health Graduates","2019","2019","10","10","01","Private sector","401","Medical Science","Number",""
"HGO14C01","Number of Health Graduates","2019","2019","10","10","01","Private sector","202","Medicine","Number",""
"HGO14C01","Number of Health Graduates","2019","2019","10","10","01","Private sector","30","Nursing and Midwifery","Number",""
"HGO14C01","Number of Health Graduates","2019","2019","10","10","01","Private sector","501","Occupational Therapy","Number",""
"HGO14C01","Number of Health Graduates","2019","2019","10","10","01","Private sector","60","Pharmacy","Number",""
"HGO14C01","Number of Health Graduates","2019","2019","10","10","01","Private sector","504","Physiotherapy","Number",""
"HGO14C01","Number of Health Graduates","2019","2019","10","10","01","Private sector","402","Radiography and Radiation Therapy","Number",""
"HGO14C01","Number of Health Graduates","2019","2019","10","10","01","Private sector","702","Social Care","Number",""
"HGO14C01","Number of Health Graduates","2019","2019","10","10","01","Private sector","701","Social Work","Number",""
"HGO14C01","Number of Health Graduates","2019","2019","10","10","01","Private sector","10","Speech and Language Therapy","Number",""
"HGO14C01","Number of Health Graduates","2019","2019","10","10","01","Private sector","V52","Dietetics, Optometry and Podiatry","Number",""
"HGO14C01","Number of Health Graduates","2019","2019","10","10","02","Public sector","201","Dentistry","Number",""
"HGO14C01","Number of Health Graduates","2019","2019","10","10","02","Public sector","401","Medical Science","Number",""
"HGO14C01","Number of Health Graduates","2019","2019","10","10","02","Public sector","202","Medicine","Number",""
"HGO14C01","Number of Health Graduates","2019","2019","10","10","02","Public sector","30","Nursing and Midwifery","Number",""
"HGO14C01","Number of Health Graduates","2019","2019","10","10","02","Public sector","501","Occupational Therapy","Number",""
"HGO14C01","Number of Health Graduates","2019","2019","10","10","02","Public sector","60","Pharmacy","Number",""
"HGO14C01","Number of Health Graduates","2019","2019","10","10","02","Public sector","504","Physiotherapy","Number",""
"HGO14C01","Number of Health Graduates","2019","2019","10","10","02","Public sector","402","Radiography and Radiation Therapy","Number",""
"HGO14C01","Number of Health Graduates","2019","2019","10","10","02","Public sector","702","Social Care","Number",""
"HGO14C01","Number of Health Graduates","2019","2019","10","10","02","Public sector","701","Social Work","Number",""
"HGO14C01","Number of Health Graduates","2019","2019","10","10","02","Public sector","10","Speech and Language Therapy","Number",""
"HGO14C01","Number of Health Graduates","2019","2019","10","10","02","Public sector","V52","Dietetics, Optometry and Podiatry","Number",""
"HGO14C01","Number of Health Graduates","2019","2019","10","10","-","All sectors","201","Dentistry","Number",""
"HGO14C01","Number of Health Graduates","2019","2019","10","10","-","All sectors","401","Medical Science","Number",""
"HGO14C01","Number of Health Graduates","2019","2019","10","10","-","All sectors","202","Medicine","Number",""
"HGO14C01","Number of Health Graduates","2019","2019","10","10","-","All sectors","30","Nursing and Midwifery","Number",""
"HGO14C01","Number of Health Graduates","2019","2019","10","10","-","All sectors","501","Occupational Therapy","Number",""
"HGO14C01","Number of Health Graduates","2019","2019","10","10","-","All sectors","60","Pharmacy","Number",""
"HGO14C01","Number of Health Graduates","2019","2019","10","10","-","All sectors","504","Physiotherapy","Number",""
"HGO14C01","Number of Health Graduates","2019","2019","10","10","-","All sectors","402","Radiography and Radiation Therapy","Number",""
"HGO14C01","Number of Health Graduates","2019","2019","10","10","-","All sectors","702","Social Care","Number",""
"HGO14C01","Number of Health Graduates","2019","2019","10","10","-","All sectors","701","Social Work","Number",""
"HGO14C01","Number of Health Graduates","2019","2019","10","10","-","All sectors","10","Speech and Language Therapy","Number",""
"HGO14C01","Number of Health Graduates","2019","2019","10","10","-","All sectors","V52","Dietetics, Optometry and Podiatry","Number",""
"HGO14C01","Number of Health Graduates","2019","2019","11","11","01","Private sector","201","Dentistry","Number",""
"HGO14C01","Number of Health Graduates","2019","2019","11","11","01","Private sector","401","Medical Science","Number",""
"HGO14C01","Number of Health Graduates","2019","2019","11","11","01","Private sector","202","Medicine","Number",""
"HGO14C01","Number of Health Graduates","2019","2019","11","11","01","Private sector","30","Nursing and Midwifery","Number",""
"HGO14C01","Number of Health Graduates","2019","2019","11","11","01","Private sector","501","Occupational Therapy","Number",""
"HGO14C01","Number of Health Graduates","2019","2019","11","11","01","Private sector","60","Pharmacy","Number",""
"HGO14C01","Number of Health Graduates","2019","2019","11","11","01","Private sector","504","Physiotherapy","Number",""
"HGO14C01","Number of Health Graduates","2019","2019","11","11","01","Private sector","402","Radiography and Radiation Therapy","Number",""
"HGO14C01","Number of Health Graduates","2019","2019","11","11","01","Private sector","702","Social Care","Number",""
"HGO14C01","Number of Health Graduates","2019","2019","11","11","01","Private sector","701","Social Work","Number",""
"HGO14C01","Number of Health Graduates","2019","2019","11","11","01","Private sector","10","Speech and Language Therapy","Number",""
"HGO14C01","Number of Health Graduates","2019","2019","11","11","01","Private sector","V52","Dietetics, Optometry and Podiatry","Number",""
"HGO14C01","Number of Health Graduates","2019","2019","11","11","02","Public sector","201","Dentistry","Number",""
"HGO14C01","Number of Health Graduates","2019","2019","11","11","02","Public sector","401","Medical Science","Number",""
"HGO14C01","Number of Health Graduates","2019","2019","11","11","02","Public sector","202","Medicine","Number",""
"HGO14C01","Number of Health Graduates","2019","2019","11","11","02","Public sector","30","Nursing and Midwifery","Number",""
"HGO14C01","Number of Health Graduates","2019","2019","11","11","02","Public sector","501","Occupational Therapy","Number",""
"HGO14C01","Number of Health Graduates","2019","2019","11","11","02","Public sector","60","Pharmacy","Number",""
"HGO14C01","Number of Health Graduates","2019","2019","11","11","02","Public sector","504","Physiotherapy","Number",""
"HGO14C01","Number of Health Graduates","2019","2019","11","11","02","Public sector","402","Radiography and Radiation Therapy","Number",""
"HGO14C01","Number of Health Graduates","2019","2019","11","11","02","Public sector","702","Social Care","Number",""
"HGO14C01","Number of Health Graduates","2019","2019","11","11","02","Public sector","701","Social Work","Number",""
"HGO14C01","Number of Health Graduates","2019","2019","11","11","02","Public sector","10","Speech and Language Therapy","Number",""
"HGO14C01","Number of Health Graduates","2019","2019","11","11","02","Public sector","V52","Dietetics, Optometry and Podiatry","Number",""
"HGO14C01","Number of Health Graduates","2019","2019","11","11","-","All sectors","201","Dentistry","Number",""
"HGO14C01","Number of Health Graduates","2019","2019","11","11","-","All sectors","401","Medical Science","Number",""
"HGO14C01","Number of Health Graduates","2019","2019","11","11","-","All sectors","202","Medicine","Number",""
"HGO14C01","Number of Health Graduates","2019","2019","11","11","-","All sectors","30","Nursing and Midwifery","Number",""
"HGO14C01","Number of Health Graduates","2019","2019","11","11","-","All sectors","501","Occupational Therapy","Number",""
"HGO14C01","Number of Health Graduates","2019","2019","11","11","-","All sectors","60","Pharmacy","Number",""
"HGO14C01","Number of Health Graduates","2019","2019","11","11","-","All sectors","504","Physiotherapy","Number",""
"HGO14C01","Number of Health Graduates","2019","2019","11","11","-","All sectors","402","Radiography and Radiation Therapy","Number",""
"HGO14C01","Number of Health Graduates","2019","2019","11","11","-","All sectors","702","Social Care","Number",""
"HGO14C01","Number of Health Graduates","2019","2019","11","11","-","All sectors","701","Social Work","Number",""
"HGO14C01","Number of Health Graduates","2019","2019","11","11","-","All sectors","10","Speech and Language Therapy","Number",""
"HGO14C01","Number of Health Graduates","2019","2019","11","11","-","All sectors","V52","Dietetics, Optometry and Podiatry","Number",""
"HGO14C01","Number of Health Graduates","2019","2019","12","12","01","Private sector","201","Dentistry","Number",""
"HGO14C01","Number of Health Graduates","2019","2019","12","12","01","Private sector","401","Medical Science","Number",""
"HGO14C01","Number of Health Graduates","2019","2019","12","12","01","Private sector","202","Medicine","Number",""
"HGO14C01","Number of Health Graduates","2019","2019","12","12","01","Private sector","30","Nursing and Midwifery","Number",""
"HGO14C01","Number of Health Graduates","2019","2019","12","12","01","Private sector","501","Occupational Therapy","Number",""
"HGO14C01","Number of Health Graduates","2019","2019","12","12","01","Private sector","60","Pharmacy","Number",""
"HGO14C01","Number of Health Graduates","2019","2019","12","12","01","Private sector","504","Physiotherapy","Number",""
"HGO14C01","Number of Health Graduates","2019","2019","12","12","01","Private sector","402","Radiography and Radiation Therapy","Number",""
"HGO14C01","Number of Health Graduates","2019","2019","12","12","01","Private sector","702","Social Care","Number",""
"HGO14C01","Number of Health Graduates","2019","2019","12","12","01","Private sector","701","Social Work","Number",""
"HGO14C01","Number of Health Graduates","2019","2019","12","12","01","Private sector","10","Speech and Language Therapy","Number",""
"HGO14C01","Number of Health Graduates","2019","2019","12","12","01","Private sector","V52","Dietetics, Optometry and Podiatry","Number",""
"HGO14C01","Number of Health Graduates","2019","2019","12","12","02","Public sector","201","Dentistry","Number",""
"HGO14C01","Number of Health Graduates","2019","2019","12","12","02","Public sector","401","Medical Science","Number",""
"HGO14C01","Number of Health Graduates","2019","2019","12","12","02","Public sector","202","Medicine","Number",""
"HGO14C01","Number of Health Graduates","2019","2019","12","12","02","Public sector","30","Nursing and Midwifery","Number",""
"HGO14C01","Number of Health Graduates","2019","2019","12","12","02","Public sector","501","Occupational Therapy","Number",""
"HGO14C01","Number of Health Graduates","2019","2019","12","12","02","Public sector","60","Pharmacy","Number",""
"HGO14C01","Number of Health Graduates","2019","2019","12","12","02","Public sector","504","Physiotherapy","Number",""
"HGO14C01","Number of Health Graduates","2019","2019","12","12","02","Public sector","402","Radiography and Radiation Therapy","Number",""
"HGO14C01","Number of Health Graduates","2019","2019","12","12","02","Public sector","702","Social Care","Number",""
"HGO14C01","Number of Health Graduates","2019","2019","12","12","02","Public sector","701","Social Work","Number",""
"HGO14C01","Number of Health Graduates","2019","2019","12","12","02","Public sector","10","Speech and Language Therapy","Number",""
"HGO14C01","Number of Health Graduates","2019","2019","12","12","02","Public sector","V52","Dietetics, Optometry and Podiatry","Number",""
"HGO14C01","Number of Health Graduates","2019","2019","12","12","-","All sectors","201","Dentistry","Number",""
"HGO14C01","Number of Health Graduates","2019","2019","12","12","-","All sectors","401","Medical Science","Number",""
"HGO14C01","Number of Health Graduates","2019","2019","12","12","-","All sectors","202","Medicine","Number",""
"HGO14C01","Number of Health Graduates","2019","2019","12","12","-","All sectors","30","Nursing and Midwifery","Number",""
"HGO14C01","Number of Health Graduates","2019","2019","12","12","-","All sectors","501","Occupational Therapy","Number",""
"HGO14C01","Number of Health Graduates","2019","2019","12","12","-","All sectors","60","Pharmacy","Number",""
"HGO14C01","Number of Health Graduates","2019","2019","12","12","-","All sectors","504","Physiotherapy","Number",""
"HGO14C01","Number of Health Graduates","2019","2019","12","12","-","All sectors","402","Radiography and Radiation Therapy","Number",""
"HGO14C01","Number of Health Graduates","2019","2019","12","12","-","All sectors","702","Social Care","Number",""
"HGO14C01","Number of Health Graduates","2019","2019","12","12","-","All sectors","701","Social Work","Number",""
"HGO14C01","Number of Health Graduates","2019","2019","12","12","-","All sectors","10","Speech and Language Therapy","Number",""
"HGO14C01","Number of Health Graduates","2019","2019","12","12","-","All sectors","V52","Dietetics, Optometry and Podiatry","Number",""
"HGO14C01","Number of Health Graduates","2019","2019","13","13","01","Private sector","201","Dentistry","Number",""
"HGO14C01","Number of Health Graduates","2019","2019","13","13","01","Private sector","401","Medical Science","Number",""
"HGO14C01","Number of Health Graduates","2019","2019","13","13","01","Private sector","202","Medicine","Number",""
"HGO14C01","Number of Health Graduates","2019","2019","13","13","01","Private sector","30","Nursing and Midwifery","Number",""
"HGO14C01","Number of Health Graduates","2019","2019","13","13","01","Private sector","501","Occupational Therapy","Number",""
"HGO14C01","Number of Health Graduates","2019","2019","13","13","01","Private sector","60","Pharmacy","Number",""
"HGO14C01","Number of Health Graduates","2019","2019","13","13","01","Private sector","504","Physiotherapy","Number",""
"HGO14C01","Number of Health Graduates","2019","2019","13","13","01","Private sector","402","Radiography and Radiation Therapy","Number",""
"HGO14C01","Number of Health Graduates","2019","2019","13","13","01","Private sector","702","Social Care","Number",""
"HGO14C01","Number of Health Graduates","2019","2019","13","13","01","Private sector","701","Social Work","Number",""
"HGO14C01","Number of Health Graduates","2019","2019","13","13","01","Private sector","10","Speech and Language Therapy","Number",""
"HGO14C01","Number of Health Graduates","2019","2019","13","13","01","Private sector","V52","Dietetics, Optometry and Podiatry","Number",""
"HGO14C01","Number of Health Graduates","2019","2019","13","13","02","Public sector","201","Dentistry","Number",""
"HGO14C01","Number of Health Graduates","2019","2019","13","13","02","Public sector","401","Medical Science","Number",""
"HGO14C01","Number of Health Graduates","2019","2019","13","13","02","Public sector","202","Medicine","Number",""
"HGO14C01","Number of Health Graduates","2019","2019","13","13","02","Public sector","30","Nursing and Midwifery","Number",""
"HGO14C01","Number of Health Graduates","2019","2019","13","13","02","Public sector","501","Occupational Therapy","Number",""
"HGO14C01","Number of Health Graduates","2019","2019","13","13","02","Public sector","60","Pharmacy","Number",""
"HGO14C01","Number of Health Graduates","2019","2019","13","13","02","Public sector","504","Physiotherapy","Number",""
"HGO14C01","Number of Health Graduates","2019","2019","13","13","02","Public sector","402","Radiography and Radiation Therapy","Number",""
"HGO14C01","Number of Health Graduates","2019","2019","13","13","02","Public sector","702","Social Care","Number",""
"HGO14C01","Number of Health Graduates","2019","2019","13","13","02","Public sector","701","Social Work","Number",""
"HGO14C01","Number of Health Graduates","2019","2019","13","13","02","Public sector","10","Speech and Language Therapy","Number",""
"HGO14C01","Number of Health Graduates","2019","2019","13","13","02","Public sector","V52","Dietetics, Optometry and Podiatry","Number",""
"HGO14C01","Number of Health Graduates","2019","2019","13","13","-","All sectors","201","Dentistry","Number",""
"HGO14C01","Number of Health Graduates","2019","2019","13","13","-","All sectors","401","Medical Science","Number",""
"HGO14C01","Number of Health Graduates","2019","2019","13","13","-","All sectors","202","Medicine","Number",""
"HGO14C01","Number of Health Graduates","2019","2019","13","13","-","All sectors","30","Nursing and Midwifery","Number",""
"HGO14C01","Number of Health Graduates","2019","2019","13","13","-","All sectors","501","Occupational Therapy","Number",""
"HGO14C01","Number of Health Graduates","2019","2019","13","13","-","All sectors","60","Pharmacy","Number",""
"HGO14C01","Number of Health Graduates","2019","2019","13","13","-","All sectors","504","Physiotherapy","Number",""
"HGO14C01","Number of Health Graduates","2019","2019","13","13","-","All sectors","402","Radiography and Radiation Therapy","Number",""
"HGO14C01","Number of Health Graduates","2019","2019","13","13","-","All sectors","702","Social Care","Number",""
"HGO14C01","Number of Health Graduates","2019","2019","13","13","-","All sectors","701","Social Work","Number",""
"HGO14C01","Number of Health Graduates","2019","2019","13","13","-","All sectors","10","Speech and Language Therapy","Number",""
"HGO14C01","Number of Health Graduates","2019","2019","13","13","-","All sectors","V52","Dietetics, Optometry and Podiatry","Number",""
"HGO14C01","Number of Health Graduates","2020","2020","01","1","01","Private sector","201","Dentistry","Number","9"
"HGO14C01","Number of Health Graduates","2020","2020","01","1","01","Private sector","401","Medical Science","Number","12"
"HGO14C01","Number of Health Graduates","2020","2020","01","1","01","Private sector","202","Medicine","Number","15"
"HGO14C01","Number of Health Graduates","2020","2020","01","1","01","Private sector","30","Nursing and Midwifery","Number","189"
"HGO14C01","Number of Health Graduates","2020","2020","01","1","01","Private sector","501","Occupational Therapy","Number","60"
"HGO14C01","Number of Health Graduates","2020","2020","01","1","01","Private sector","60","Pharmacy","Number","132"
"HGO14C01","Number of Health Graduates","2020","2020","01","1","01","Private sector","504","Physiotherapy","Number","96"
"HGO14C01","Number of Health Graduates","2020","2020","01","1","01","Private sector","402","Radiography and Radiation Therapy","Number","18"
"HGO14C01","Number of Health Graduates","2020","2020","01","1","01","Private sector","702","Social Care","Number","708"
"HGO14C01","Number of Health Graduates","2020","2020","01","1","01","Private sector","701","Social Work","Number","48"
"HGO14C01","Number of Health Graduates","2020","2020","01","1","01","Private sector","10","Speech and Language Therapy","Number","75"
"HGO14C01","Number of Health Graduates","2020","2020","01","1","01","Private sector","V52","Dietetics, Optometry and Podiatry","Number","54"
"HGO14C01","Number of Health Graduates","2020","2020","01","1","02","Public sector","201","Dentistry","Number","6"
"HGO14C01","Number of Health Graduates","2020","2020","01","1","02","Public sector","401","Medical Science","Number","63"
"HGO14C01","Number of Health Graduates","2020","2020","01","1","02","Public sector","202","Medicine","Number","603"
"HGO14C01","Number of Health Graduates","2020","2020","01","1","02","Public sector","30","Nursing and Midwifery","Number","1194"
"HGO14C01","Number of Health Graduates","2020","2020","01","1","02","Public sector","501","Occupational Therapy","Number","24"
"HGO14C01","Number of Health Graduates","2020","2020","01","1","02","Public sector","60","Pharmacy","Number","12"
"HGO14C01","Number of Health Graduates","2020","2020","01","1","02","Public sector","504","Physiotherapy","Number","57"
"HGO14C01","Number of Health Graduates","2020","2020","01","1","02","Public sector","402","Radiography and Radiation Therapy","Number","72"
"HGO14C01","Number of Health Graduates","2020","2020","01","1","02","Public sector","702","Social Care","Number","210"
"HGO14C01","Number of Health Graduates","2020","2020","01","1","02","Public sector","701","Social Work","Number","111"
"HGO14C01","Number of Health Graduates","2020","2020","01","1","02","Public sector","10","Speech and Language Therapy","Number","27"
"HGO14C01","Number of Health Graduates","2020","2020","01","1","02","Public sector","V52","Dietetics, Optometry and Podiatry","Number","36"
"HGO14C01","Number of Health Graduates","2020","2020","01","1","-","All sectors","201","Dentistry","Number","15"
"HGO14C01","Number of Health Graduates","2020","2020","01","1","-","All sectors","401","Medical Science","Number","78"
"HGO14C01","Number of Health Graduates","2020","2020","01","1","-","All sectors","202","Medicine","Number","618"
"HGO14C01","Number of Health Graduates","2020","2020","01","1","-","All sectors","30","Nursing and Midwifery","Number","1383"
"HGO14C01","Number of Health Graduates","2020","2020","01","1","-","All sectors","501","Occupational Therapy","Number","84"
"HGO14C01","Number of Health Graduates","2020","2020","01","1","-","All sectors","60","Pharmacy","Number","147"
"HGO14C01","Number of Health Graduates","2020","2020","01","1","-","All sectors","504","Physiotherapy","Number","153"
"HGO14C01","Number of Health Graduates","2020","2020","01","1","-","All sectors","402","Radiography and Radiation Therapy","Number","90"
"HGO14C01","Number of Health Graduates","2020","2020","01","1","-","All sectors","702","Social Care","Number","918"
"HGO14C01","Number of Health Graduates","2020","2020","01","1","-","All sectors","701","Social Work","Number","159"
"HGO14C01","Number of Health Graduates","2020","2020","01","1","-","All sectors","10","Speech and Language Therapy","Number","105"
"HGO14C01","Number of Health Graduates","2020","2020","01","1","-","All sectors","V52","Dietetics, Optometry and Podiatry","Number","90"
"HGO14C01","Number of Health Graduates","2020","2020","02","2","01","Private sector","201","Dentistry","Number","6"
"HGO14C01","Number of Health Graduates","2020","2020","02","2","01","Private sector","401","Medical Science","Number","12"
"HGO14C01","Number of Health Graduates","2020","2020","02","2","01","Private sector","202","Medicine","Number","30"
"HGO14C01","Number of Health Graduates","2020","2020","02","2","01","Private sector","30","Nursing and Midwifery","Number","270"
"HGO14C01","Number of Health Graduates","2020","2020","02","2","01","Private sector","501","Occupational Therapy","Number","30"
"HGO14C01","Number of Health Graduates","2020","2020","02","2","01","Private sector","60","Pharmacy","Number","123"
"HGO14C01","Number of Health Graduates","2020","2020","02","2","01","Private sector","504","Physiotherapy","Number","60"
"HGO14C01","Number of Health Graduates","2020","2020","02","2","01","Private sector","402","Radiography and Radiation Therapy","Number","18"
"HGO14C01","Number of Health Graduates","2020","2020","02","2","01","Private sector","702","Social Care","Number","684"
"HGO14C01","Number of Health Graduates","2020","2020","02","2","01","Private sector","701","Social Work","Number","30"
"HGO14C01","Number of Health Graduates","2020","2020","02","2","01","Private sector","10","Speech and Language Therapy","Number","36"
"HGO14C01","Number of Health Graduates","2020","2020","02","2","01","Private sector","V52","Dietetics, Optometry and Podiatry","Number","45"
"HGO14C01","Number of Health Graduates","2020","2020","02","2","02","Public sector","201","Dentistry","Number","6"
"HGO14C01","Number of Health Graduates","2020","2020","02","2","02","Public sector","401","Medical Science","Number","63"
"HGO14C01","Number of Health Graduates","2020","2020","02","2","02","Public sector","202","Medicine","Number","300"
"HGO14C01","Number of Health Graduates","2020","2020","02","2","02","Public sector","30","Nursing and Midwifery","Number","978"
"HGO14C01","Number of Health Graduates","2020","2020","02","2","02","Public sector","501","Occupational Therapy","Number","57"
"HGO14C01","Number of Health Graduates","2020","2020","02","2","02","Public sector","60","Pharmacy","Number","21"
"HGO14C01","Number of Health Graduates","2020","2020","02","2","02","Public sector","504","Physiotherapy","Number","84"
"HGO14C01","Number of Health Graduates","2020","2020","02","2","02","Public sector","402","Radiography and Radiation Therapy","Number","66"
"HGO14C01","Number of Health Graduates","2020","2020","02","2","02","Public sector","702","Social Care","Number","228"
"HGO14C01","Number of Health Graduates","2020","2020","02","2","02","Public sector","701","Social Work","Number","126"
"HGO14C01","Number of Health Graduates","2020","2020","02","2","02","Public sector","10","Speech and Language Therapy","Number","69"
"HGO14C01","Number of Health Graduates","2020","2020","02","2","02","Public sector","V52","Dietetics, Optometry and Podiatry","Number","42"
"HGO14C01","Number of Health Graduates","2020","2020","02","2","-","All sectors","201","Dentistry","Number","12"
"HGO14C01","Number of Health Graduates","2020","2020","02","2","-","All sectors","401","Medical Science","Number","75"
"HGO14C01","Number of Health Graduates","2020","2020","02","2","-","All sectors","202","Medicine","Number","333"
"HGO14C01","Number of Health Graduates","2020","2020","02","2","-","All sectors","30","Nursing and Midwifery","Number","1248"
"HGO14C01","Number of Health Graduates","2020","2020","02","2","-","All sectors","501","Occupational Therapy","Number","84"
"HGO14C01","Number of Health Graduates","2020","2020","02","2","-","All sectors","60","Pharmacy","Number","144"
"HGO14C01","Number of Health Graduates","2020","2020","02","2","-","All sectors","504","Physiotherapy","Number","144"
"HGO14C01","Number of Health Graduates","2020","2020","02","2","-","All sectors","402","Radiography and Radiation Therapy","Number","84"
"HGO14C01","Number of Health Graduates","2020","2020","02","2","-","All sectors","702","Social Care","Number","912"
"HGO14C01","Number of Health Graduates","2020","2020","02","2","-","All sectors","701","Social Work","Number","156"
"HGO14C01","Number of Health Graduates","2020","2020","02","2","-","All sectors","10","Speech and Language Therapy","Number","105"
"HGO14C01","Number of Health Graduates","2020","2020","02","2","-","All sectors","V52","Dietetics, Optometry and Podiatry","Number","87"
"HGO14C01","Number of Health Graduates","2020","2020","03","3","01","Private sector","201","Dentistry","Number","3"
"HGO14C01","Number of Health Graduates","2020","2020","03","3","01","Private sector","401","Medical Science","Number","15"
"HGO14C01","Number of Health Graduates","2020","2020","03","3","01","Private sector","202","Medicine","Number","24"
"HGO14C01","Number of Health Graduates","2020","2020","03","3","01","Private sector","30","Nursing and Midwifery","Number","288"
"HGO14C01","Number of Health Graduates","2020","2020","03","3","01","Private sector","501","Occupational Therapy","Number","27"
"HGO14C01","Number of Health Graduates","2020","2020","03","3","01","Private sector","60","Pharmacy","Number","114"
"HGO14C01","Number of Health Graduates","2020","2020","03","3","01","Private sector","504","Physiotherapy","Number","42"
"HGO14C01","Number of Health Graduates","2020","2020","03","3","01","Private sector","402","Radiography and Radiation Therapy","Number","15"
"HGO14C01","Number of Health Graduates","2020","2020","03","3","01","Private sector","702","Social Care","Number","603"
"HGO14C01","Number of Health Graduates","2020","2020","03","3","01","Private sector","701","Social Work","Number","18"
"HGO14C01","Number of Health Graduates","2020","2020","03","3","01","Private sector","10","Speech and Language Therapy","Number","24"
"HGO14C01","Number of Health Graduates","2020","2020","03","3","01","Private sector","V52","Dietetics, Optometry and Podiatry","Number","36"
"HGO14C01","Number of Health Graduates","2020","2020","03","3","02","Public sector","201","Dentistry","Number","9"
"HGO14C01","Number of Health Graduates","2020","2020","03","3","02","Public sector","401","Medical Science","Number","54"
"HGO14C01","Number of Health Graduates","2020","2020","03","3","02","Public sector","202","Medicine","Number","351"
"HGO14C01","Number of Health Graduates","2020","2020","03","3","02","Public sector","30","Nursing and Midwifery","Number","753"
"HGO14C01","Number of Health Graduates","2020","2020","03","3","02","Public sector","501","Occupational Therapy","Number","57"
"HGO14C01","Number of Health Graduates","2020","2020","03","3","02","Public sector","60","Pharmacy","Number","21"
"HGO14C01","Number of Health Graduates","2020","2020","03","3","02","Public sector","504","Physiotherapy","Number","72"
"HGO14C01","Number of Health Graduates","2020","2020","03","3","02","Public sector","402","Radiography and Radiation Therapy","Number","51"
"HGO14C01","Number of Health Graduates","2020","2020","03","3","02","Public sector","702","Social Care","Number","240"
"HGO14C01","Number of Health Graduates","2020","2020","03","3","02","Public sector","701","Social Work","Number","123"
"HGO14C01","Number of Health Graduates","2020","2020","03","3","02","Public sector","10","Speech and Language Therapy","Number","72"
"HGO14C01","Number of Health Graduates","2020","2020","03","3","02","Public sector","V52","Dietetics, Optometry and Podiatry","Number","39"
"HGO14C01","Number of Health Graduates","2020","2020","03","3","-","All sectors","201","Dentistry","Number","12"
"HGO14C01","Number of Health Graduates","2020","2020","03","3","-","All sectors","401","Medical Science","Number","69"
"HGO14C01","Number of Health Graduates","2020","2020","03","3","-","All sectors","202","Medicine","Number","375"
"HGO14C01","Number of Health Graduates","2020","2020","03","3","-","All sectors","30","Nursing and Midwifery","Number","1041"
"HGO14C01","Number of Health Graduates","2020","2020","03","3","-","All sectors","501","Occupational Therapy","Number","84"
"HGO14C01","Number of Health Graduates","2020","2020","03","3","-","All sectors","60","Pharmacy","Number","132"
"HGO14C01","Number of Health Graduates","2020","2020","03","3","-","All sectors","504","Physiotherapy","Number","117"
"HGO14C01","Number of Health Graduates","2020","2020","03","3","-","All sectors","402","Radiography and Radiation Therapy","Number","63"
"HGO14C01","Number of Health Graduates","2020","2020","03","3","-","All sectors","702","Social Care","Number","843"
"HGO14C01","Number of Health Graduates","2020","2020","03","3","-","All sectors","701","Social Work","Number","141"
"HGO14C01","Number of Health Graduates","2020","2020","03","3","-","All sectors","10","Speech and Language Therapy","Number","96"
"HGO14C01","Number of Health Graduates","2020","2020","03","3","-","All sectors","V52","Dietetics, Optometry and Podiatry","Number","75"
"HGO14C01","Number of Health Graduates","2020","2020","04","4","01","Private sector","201","Dentistry","Number",""
"HGO14C01","Number of Health Graduates","2020","2020","04","4","01","Private sector","401","Medical Science","Number",""
"HGO14C01","Number of Health Graduates","2020","2020","04","4","01","Private sector","202","Medicine","Number",""
"HGO14C01","Number of Health Graduates","2020","2020","04","4","01","Private sector","30","Nursing and Midwifery","Number",""
"HGO14C01","Number of Health Graduates","2020","2020","04","4","01","Private sector","501","Occupational Therapy","Number",""
"HGO14C01","Number of Health Graduates","2020","2020","04","4","01","Private sector","60","Pharmacy","Number",""
"HGO14C01","Number of Health Graduates","2020","2020","04","4","01","Private sector","504","Physiotherapy","Number",""
"HGO14C01","Number of Health Graduates","2020","2020","04","4","01","Private sector","402","Radiography and Radiation Therapy","Number",""
"HGO14C01","Number of Health Graduates","2020","2020","04","4","01","Private sector","702","Social Care","Number",""
"HGO14C01","Number of Health Graduates","2020","2020","04","4","01","Private sector","701","Social Work","Number",""
"HGO14C01","Number of Health Graduates","2020","2020","04","4","01","Private sector","10","Speech and Language Therapy","Number",""
"HGO14C01","Number of Health Graduates","2020","2020","04","4","01","Private sector","V52","Dietetics, Optometry and Podiatry","Number",""
"HGO14C01","Number of Health Graduates","2020","2020","04","4","02","Public sector","201","Dentistry","Number",""
"HGO14C01","Number of Health Graduates","2020","2020","04","4","02","Public sector","401","Medical Science","Number",""
"HGO14C01","Number of Health Graduates","2020","2020","04","4","02","Public sector","202","Medicine","Number",""
"HGO14C01","Number of Health Graduates","2020","2020","04","4","02","Public sector","30","Nursing and Midwifery","Number",""
"HGO14C01","Number of Health Graduates","2020","2020","04","4","02","Public sector","501","Occupational Therapy","Number",""
"HGO14C01","Number of Health Graduates","2020","2020","04","4","02","Public sector","60","Pharmacy","Number",""
"HGO14C01","Number of Health Graduates","2020","2020","04","4","02","Public sector","504","Physiotherapy","Number",""
"HGO14C01","Number of Health Graduates","2020","2020","04","4","02","Public sector","402","Radiography and Radiation Therapy","Number",""
"HGO14C01","Number of Health Graduates","2020","2020","04","4","02","Public sector","702","Social Care","Number",""
"HGO14C01","Number of Health Graduates","2020","2020","04","4","02","Public sector","701","Social Work","Number",""
"HGO14C01","Number of Health Graduates","2020","2020","04","4","02","Public sector","10","Speech and Language Therapy","Number",""
"HGO14C01","Number of Health Graduates","2020","2020","04","4","02","Public sector","V52","Dietetics, Optometry and Podiatry","Number",""
"HGO14C01","Number of Health Graduates","2020","2020","04","4","-","All sectors","201","Dentistry","Number",""
"HGO14C01","Number of Health Graduates","2020","2020","04","4","-","All sectors","401","Medical Science","Number",""
"HGO14C01","Number of Health Graduates","2020","2020","04","4","-","All sectors","202","Medicine","Number",""
"HGO14C01","Number of Health Graduates","2020","2020","04","4","-","All sectors","30","Nursing and Midwifery","Number",""
"HGO14C01","Number of Health Graduates","2020","2020","04","4","-","All sectors","501","Occupational Therapy","Number",""
"HGO14C01","Number of Health Graduates","2020","2020","04","4","-","All sectors","60","Pharmacy","Number",""
"HGO14C01","Number of Health Graduates","2020","2020","04","4","-","All sectors","504","Physiotherapy","Number",""
"HGO14C01","Number of Health Graduates","2020","2020","04","4","-","All sectors","402","Radiography and Radiation Therapy","Number",""
"HGO14C01","Number of Health Graduates","2020","2020","04","4","-","All sectors","702","Social Care","Number",""
"HGO14C01","Number of Health Graduates","2020","2020","04","4","-","All sectors","701","Social Work","Number",""
"HGO14C01","Number of Health Graduates","2020","2020","04","4","-","All sectors","10","Speech and Language Therapy","Number",""
"HGO14C01","Number of Health Graduates","2020","2020","04","4","-","All sectors","V52","Dietetics, Optometry and Podiatry","Number",""
"HGO14C01","Number of Health Graduates","2020","2020","05","5","01","Private sector","201","Dentistry","Number",""
"HGO14C01","Number of Health Graduates","2020","2020","05","5","01","Private sector","401","Medical Science","Number",""
"HGO14C01","Number of Health Graduates","2020","2020","05","5","01","Private sector","202","Medicine","Number",""
"HGO14C01","Number of Health Graduates","2020","2020","05","5","01","Private sector","30","Nursing and Midwifery","Number",""
"HGO14C01","Number of Health Graduates","2020","2020","05","5","01","Private sector","501","Occupational Therapy","Number",""
"HGO14C01","Number of Health Graduates","2020","2020","05","5","01","Private sector","60","Pharmacy","Number",""
"HGO14C01","Number of Health Graduates","2020","2020","05","5","01","Private sector","504","Physiotherapy","Number",""
"HGO14C01","Number of Health Graduates","2020","2020","05","5","01","Private sector","402","Radiography and Radiation Therapy","Number",""
"HGO14C01","Number of Health Graduates","2020","2020","05","5","01","Private sector","702","Social Care","Number",""
"HGO14C01","Number of Health Graduates","2020","2020","05","5","01","Private sector","701","Social Work","Number",""
"HGO14C01","Number of Health Graduates","2020","2020","05","5","01","Private sector","10","Speech and Language Therapy","Number",""
"HGO14C01","Number of Health Graduates","2020","2020","05","5","01","Private sector","V52","Dietetics, Optometry and Podiatry","Number",""
"HGO14C01","Number of Health Graduates","2020","2020","05","5","02","Public sector","201","Dentistry","Number",""
"HGO14C01","Number of Health Graduates","2020","2020","05","5","02","Public sector","401","Medical Science","Number",""
"HGO14C01","Number of Health Graduates","2020","2020","05","5","02","Public sector","202","Medicine","Number",""
"HGO14C01","Number of Health Graduates","2020","2020","05","5","02","Public sector","30","Nursing and Midwifery","Number",""
"HGO14C01","Number of Health Graduates","2020","2020","05","5","02","Public sector","501","Occupational Therapy","Number",""
"HGO14C01","Number of Health Graduates","2020","2020","05","5","02","Public sector","60","Pharmacy","Number",""
"HGO14C01","Number of Health Graduates","2020","2020","05","5","02","Public sector","504","Physiotherapy","Number",""
"HGO14C01","Number of Health Graduates","2020","2020","05","5","02","Public sector","402","Radiography and Radiation Therapy","Number",""
"HGO14C01","Number of Health Graduates","2020","2020","05","5","02","Public sector","702","Social Care","Number",""
"HGO14C01","Number of Health Graduates","2020","2020","05","5","02","Public sector","701","Social Work","Number",""
"HGO14C01","Number of Health Graduates","2020","2020","05","5","02","Public sector","10","Speech and Language Therapy","Number",""
"HGO14C01","Number of Health Graduates","2020","2020","05","5","02","Public sector","V52","Dietetics, Optometry and Podiatry","Number",""
"HGO14C01","Number of Health Graduates","2020","2020","05","5","-","All sectors","201","Dentistry","Number",""
"HGO14C01","Number of Health Graduates","2020","2020","05","5","-","All sectors","401","Medical Science","Number",""
"HGO14C01","Number of Health Graduates","2020","2020","05","5","-","All sectors","202","Medicine","Number",""
"HGO14C01","Number of Health Graduates","2020","2020","05","5","-","All sectors","30","Nursing and Midwifery","Number",""
"HGO14C01","Number of Health Graduates","2020","2020","05","5","-","All sectors","501","Occupational Therapy","Number",""
"HGO14C01","Number of Health Graduates","2020","2020","05","5","-","All sectors","60","Pharmacy","Number",""
"HGO14C01","Number of Health Graduates","2020","2020","05","5","-","All sectors","504","Physiotherapy","Number",""
"HGO14C01","Number of Health Graduates","2020","2020","05","5","-","All sectors","402","Radiography and Radiation Therapy","Number",""
"HGO14C01","Number of Health Graduates","2020","2020","05","5","-","All sectors","702","Social Care","Number",""
"HGO14C01","Number of Health Graduates","2020","2020","05","5","-","All sectors","701","Social Work","Number",""
"HGO14C01","Number of Health Graduates","2020","2020","05","5","-","All sectors","10","Speech and Language Therapy","Number",""
"HGO14C01","Number of Health Graduates","2020","2020","05","5","-","All sectors","V52","Dietetics, Optometry and Podiatry","Number",""
"HGO14C01","Number of Health Graduates","2020","2020","06","6","01","Private sector","201","Dentistry","Number",""
"HGO14C01","Number of Health Graduates","2020","2020","06","6","01","Private sector","401","Medical Science","Number",""
"HGO14C01","Number of Health Graduates","2020","2020","06","6","01","Private sector","202","Medicine","Number",""
"HGO14C01","Number of Health Graduates","2020","2020","06","6","01","Private sector","30","Nursing and Midwifery","Number",""
"HGO14C01","Number of Health Graduates","2020","2020","06","6","01","Private sector","501","Occupational Therapy","Number",""
"HGO14C01","Number of Health Graduates","2020","2020","06","6","01","Private sector","60","Pharmacy","Number",""
"HGO14C01","Number of Health Graduates","2020","2020","06","6","01","Private sector","504","Physiotherapy","Number",""
"HGO14C01","Number of Health Graduates","2020","2020","06","6","01","Private sector","402","Radiography and Radiation Therapy","Number",""
"HGO14C01","Number of Health Graduates","2020","2020","06","6","01","Private sector","702","Social Care","Number",""
"HGO14C01","Number of Health Graduates","2020","2020","06","6","01","Private sector","701","Social Work","Number",""
"HGO14C01","Number of Health Graduates","2020","2020","06","6","01","Private sector","10","Speech and Language Therapy","Number",""
"HGO14C01","Number of Health Graduates","2020","2020","06","6","01","Private sector","V52","Dietetics, Optometry and Podiatry","Number",""
"HGO14C01","Number of Health Graduates","2020","2020","06","6","02","Public sector","201","Dentistry","Number",""
"HGO14C01","Number of Health Graduates","2020","2020","06","6","02","Public sector","401","Medical Science","Number",""
"HGO14C01","Number of Health Graduates","2020","2020","06","6","02","Public sector","202","Medicine","Number",""
"HGO14C01","Number of Health Graduates","2020","2020","06","6","02","Public sector","30","Nursing and Midwifery","Number",""
"HGO14C01","Number of Health Graduates","2020","2020","06","6","02","Public sector","501","Occupational Therapy","Number",""
"HGO14C01","Number of Health Graduates","2020","2020","06","6","02","Public sector","60","Pharmacy","Number",""
"HGO14C01","Number of Health Graduates","2020","2020","06","6","02","Public sector","504","Physiotherapy","Number",""
"HGO14C01","Number of Health Graduates","2020","2020","06","6","02","Public sector","402","Radiography and Radiation Therapy","Number",""
"HGO14C01","Number of Health Graduates","2020","2020","06","6","02","Public sector","702","Social Care","Number",""
"HGO14C01","Number of Health Graduates","2020","2020","06","6","02","Public sector","701","Social Work","Number",""
"HGO14C01","Number of Health Graduates","2020","2020","06","6","02","Public sector","10","Speech and Language Therapy","Number",""
"HGO14C01","Number of Health Graduates","2020","2020","06","6","02","Public sector","V52","Dietetics, Optometry and Podiatry","Number",""
"HGO14C01","Number of Health Graduates","2020","2020","06","6","-","All sectors","201","Dentistry","Number",""
"HGO14C01","Number of Health Graduates","2020","2020","06","6","-","All sectors","401","Medical Science","Number",""
"HGO14C01","Number of Health Graduates","2020","2020","06","6","-","All sectors","202","Medicine","Number",""
"HGO14C01","Number of Health Graduates","2020","2020","06","6","-","All sectors","30","Nursing and Midwifery","Number",""
"HGO14C01","Number of Health Graduates","2020","2020","06","6","-","All sectors","501","Occupational Therapy","Number",""
"HGO14C01","Number of Health Graduates","2020","2020","06","6","-","All sectors","60","Pharmacy","Number",""
"HGO14C01","Number of Health Graduates","2020","2020","06","6","-","All sectors","504","Physiotherapy","Number",""
"HGO14C01","Number of Health Graduates","2020","2020","06","6","-","All sectors","402","Radiography and Radiation Therapy","Number",""
"HGO14C01","Number of Health Graduates","2020","2020","06","6","-","All sectors","702","Social Care","Number",""
"HGO14C01","Number of Health Graduates","2020","2020","06","6","-","All sectors","701","Social Work","Number",""
"HGO14C01","Number of Health Graduates","2020","2020","06","6","-","All sectors","10","Speech and Language Therapy","Number",""
"HGO14C01","Number of Health Graduates","2020","2020","06","6","-","All sectors","V52","Dietetics, Optometry and Podiatry","Number",""
"HGO14C01","Number of Health Graduates","2020","2020","07","7","01","Private sector","201","Dentistry","Number",""
"HGO14C01","Number of Health Graduates","2020","2020","07","7","01","Private sector","401","Medical Science","Number",""
"HGO14C01","Number of Health Graduates","2020","2020","07","7","01","Private sector","202","Medicine","Number",""
"HGO14C01","Number of Health Graduates","2020","2020","07","7","01","Private sector","30","Nursing and Midwifery","Number",""
"HGO14C01","Number of Health Graduates","2020","2020","07","7","01","Private sector","501","Occupational Therapy","Number",""
"HGO14C01","Number of Health Graduates","2020","2020","07","7","01","Private sector","60","Pharmacy","Number",""
"HGO14C01","Number of Health Graduates","2020","2020","07","7","01","Private sector","504","Physiotherapy","Number",""
"HGO14C01","Number of Health Graduates","2020","2020","07","7","01","Private sector","402","Radiography and Radiation Therapy","Number",""
"HGO14C01","Number of Health Graduates","2020","2020","07","7","01","Private sector","702","Social Care","Number",""
"HGO14C01","Number of Health Graduates","2020","2020","07","7","01","Private sector","701","Social Work","Number",""
"HGO14C01","Number of Health Graduates","2020","2020","07","7","01","Private sector","10","Speech and Language Therapy","Number",""
"HGO14C01","Number of Health Graduates","2020","2020","07","7","01","Private sector","V52","Dietetics, Optometry and Podiatry","Number",""
"HGO14C01","Number of Health Graduates","2020","2020","07","7","02","Public sector","201","Dentistry","Number",""
"HGO14C01","Number of Health Graduates","2020","2020","07","7","02","Public sector","401","Medical Science","Number",""
"HGO14C01","Number of Health Graduates","2020","2020","07","7","02","Public sector","202","Medicine","Number",""
"HGO14C01","Number of Health Graduates","2020","2020","07","7","02","Public sector","30","Nursing and Midwifery","Number",""
"HGO14C01","Number of Health Graduates","2020","2020","07","7","02","Public sector","501","Occupational Therapy","Number",""
"HGO14C01","Number of Health Graduates","2020","2020","07","7","02","Public sector","60","Pharmacy","Number",""
"HGO14C01","Number of Health Graduates","2020","2020","07","7","02","Public sector","504","Physiotherapy","Number",""
"HGO14C01","Number of Health Graduates","2020","2020","07","7","02","Public sector","402","Radiography and Radiation Therapy","Number",""
"HGO14C01","Number of Health Graduates","2020","2020","07","7","02","Public sector","702","Social Care","Number",""
"HGO14C01","Number of Health Graduates","2020","2020","07","7","02","Public sector","701","Social Work","Number",""
"HGO14C01","Number of Health Graduates","2020","2020","07","7","02","Public sector","10","Speech and Language Therapy","Number",""
"HGO14C01","Number of Health Graduates","2020","2020","07","7","02","Public sector","V52","Dietetics, Optometry and Podiatry","Number",""
"HGO14C01","Number of Health Graduates","2020","2020","07","7","-","All sectors","201","Dentistry","Number",""
"HGO14C01","Number of Health Graduates","2020","2020","07","7","-","All sectors","401","Medical Science","Number",""
"HGO14C01","Number of Health Graduates","2020","2020","07","7","-","All sectors","202","Medicine","Number",""
"HGO14C01","Number of Health Graduates","2020","2020","07","7","-","All sectors","30","Nursing and Midwifery","Number",""
"HGO14C01","Number of Health Graduates","2020","2020","07","7","-","All sectors","501","Occupational Therapy","Number",""
"HGO14C01","Number of Health Graduates","2020","2020","07","7","-","All sectors","60","Pharmacy","Number",""
"HGO14C01","Number of Health Graduates","2020","2020","07","7","-","All sectors","504","Physiotherapy","Number",""
"HGO14C01","Number of Health Graduates","2020","2020","07","7","-","All sectors","402","Radiography and Radiation Therapy","Number",""
"HGO14C01","Number of Health Graduates","2020","2020","07","7","-","All sectors","702","Social Care","Number",""
"HGO14C01","Number of Health Graduates","2020","2020","07","7","-","All sectors","701","Social Work","Number",""
"HGO14C01","Number of Health Graduates","2020","2020","07","7","-","All sectors","10","Speech and Language Therapy","Number",""
"HGO14C01","Number of Health Graduates","2020","2020","07","7","-","All sectors","V52","Dietetics, Optometry and Podiatry","Number",""
"HGO14C01","Number of Health Graduates","2020","2020","08","8","01","Private sector","201","Dentistry","Number",""
"HGO14C01","Number of Health Graduates","2020","2020","08","8","01","Private sector","401","Medical Science","Number",""
"HGO14C01","Number of Health Graduates","2020","2020","08","8","01","Private sector","202","Medicine","Number",""
"HGO14C01","Number of Health Graduates","2020","2020","08","8","01","Private sector","30","Nursing and Midwifery","Number",""
"HGO14C01","Number of Health Graduates","2020","2020","08","8","01","Private sector","501","Occupational Therapy","Number",""
"HGO14C01","Number of Health Graduates","2020","2020","08","8","01","Private sector","60","Pharmacy","Number",""
"HGO14C01","Number of Health Graduates","2020","2020","08","8","01","Private sector","504","Physiotherapy","Number",""
"HGO14C01","Number of Health Graduates","2020","2020","08","8","01","Private sector","402","Radiography and Radiation Therapy","Number",""
"HGO14C01","Number of Health Graduates","2020","2020","08","8","01","Private sector","702","Social Care","Number",""
"HGO14C01","Number of Health Graduates","2020","2020","08","8","01","Private sector","701","Social Work","Number",""
"HGO14C01","Number of Health Graduates","2020","2020","08","8","01","Private sector","10","Speech and Language Therapy","Number",""
"HGO14C01","Number of Health Graduates","2020","2020","08","8","01","Private sector","V52","Dietetics, Optometry and Podiatry","Number",""
"HGO14C01","Number of Health Graduates","2020","2020","08","8","02","Public sector","201","Dentistry","Number",""
"HGO14C01","Number of Health Graduates","2020","2020","08","8","02","Public sector","401","Medical Science","Number",""
"HGO14C01","Number of Health Graduates","2020","2020","08","8","02","Public sector","202","Medicine","Number",""
"HGO14C01","Number of Health Graduates","2020","2020","08","8","02","Public sector","30","Nursing and Midwifery","Number",""
"HGO14C01","Number of Health Graduates","2020","2020","08","8","02","Public sector","501","Occupational Therapy","Number",""
"HGO14C01","Number of Health Graduates","2020","2020","08","8","02","Public sector","60","Pharmacy","Number",""
"HGO14C01","Number of Health Graduates","2020","2020","08","8","02","Public sector","504","Physiotherapy","Number",""
"HGO14C01","Number of Health Graduates","2020","2020","08","8","02","Public sector","402","Radiography and Radiation Therapy","Number",""
"HGO14C01","Number of Health Graduates","2020","2020","08","8","02","Public sector","702","Social Care","Number",""
"HGO14C01","Number of Health Graduates","2020","2020","08","8","02","Public sector","701","Social Work","Number",""
"HGO14C01","Number of Health Graduates","2020","2020","08","8","02","Public sector","10","Speech and Language Therapy","Number",""
"HGO14C01","Number of Health Graduates","2020","2020","08","8","02","Public sector","V52","Dietetics, Optometry and Podiatry","Number",""
"HGO14C01","Number of Health Graduates","2020","2020","08","8","-","All sectors","201","Dentistry","Number",""
"HGO14C01","Number of Health Graduates","2020","2020","08","8","-","All sectors","401","Medical Science","Number",""
"HGO14C01","Number of Health Graduates","2020","2020","08","8","-","All sectors","202","Medicine","Number",""
"HGO14C01","Number of Health Graduates","2020","2020","08","8","-","All sectors","30","Nursing and Midwifery","Number",""
"HGO14C01","Number of Health Graduates","2020","2020","08","8","-","All sectors","501","Occupational Therapy","Number",""
"HGO14C01","Number of Health Graduates","2020","2020","08","8","-","All sectors","60","Pharmacy","Number",""
"HGO14C01","Number of Health Graduates","2020","2020","08","8","-","All sectors","504","Physiotherapy","Number",""
"HGO14C01","Number of Health Graduates","2020","2020","08","8","-","All sectors","402","Radiography and Radiation Therapy","Number",""
"HGO14C01","Number of Health Graduates","2020","2020","08","8","-","All sectors","702","Social Care","Number",""
"HGO14C01","Number of Health Graduates","2020","2020","08","8","-","All sectors","701","Social Work","Number",""
"HGO14C01","Number of Health Graduates","2020","2020","08","8","-","All sectors","10","Speech and Language Therapy","Number",""
"HGO14C01","Number of Health Graduates","2020","2020","08","8","-","All sectors","V52","Dietetics, Optometry and Podiatry","Number",""
"HGO14C01","Number of Health Graduates","2020","2020","09","9","01","Private sector","201","Dentistry","Number",""
"HGO14C01","Number of Health Graduates","2020","2020","09","9","01","Private sector","401","Medical Science","Number",""
"HGO14C01","Number of Health Graduates","2020","2020","09","9","01","Private sector","202","Medicine","Number",""
"HGO14C01","Number of Health Graduates","2020","2020","09","9","01","Private sector","30","Nursing and Midwifery","Number",""
"HGO14C01","Number of Health Graduates","2020","2020","09","9","01","Private sector","501","Occupational Therapy","Number",""
"HGO14C01","Number of Health Graduates","2020","2020","09","9","01","Private sector","60","Pharmacy","Number",""
"HGO14C01","Number of Health Graduates","2020","2020","09","9","01","Private sector","504","Physiotherapy","Number",""
"HGO14C01","Number of Health Graduates","2020","2020","09","9","01","Private sector","402","Radiography and Radiation Therapy","Number",""
"HGO14C01","Number of Health Graduates","2020","2020","09","9","01","Private sector","702","Social Care","Number",""
"HGO14C01","Number of Health Graduates","2020","2020","09","9","01","Private sector","701","Social Work","Number",""
"HGO14C01","Number of Health Graduates","2020","2020","09","9","01","Private sector","10","Speech and Language Therapy","Number",""
"HGO14C01","Number of Health Graduates","2020","2020","09","9","01","Private sector","V52","Dietetics, Optometry and Podiatry","Number",""
"HGO14C01","Number of Health Graduates","2020","2020","09","9","02","Public sector","201","Dentistry","Number",""
"HGO14C01","Number of Health Graduates","2020","2020","09","9","02","Public sector","401","Medical Science","Number",""
"HGO14C01","Number of Health Graduates","2020","2020","09","9","02","Public sector","202","Medicine","Number",""
"HGO14C01","Number of Health Graduates","2020","2020","09","9","02","Public sector","30","Nursing and Midwifery","Number",""
"HGO14C01","Number of Health Graduates","2020","2020","09","9","02","Public sector","501","Occupational Therapy","Number",""
"HGO14C01","Number of Health Graduates","2020","2020","09","9","02","Public sector","60","Pharmacy","Number",""
"HGO14C01","Number of Health Graduates","2020","2020","09","9","02","Public sector","504","Physiotherapy","Number",""
"HGO14C01","Number of Health Graduates","2020","2020","09","9","02","Public sector","402","Radiography and Radiation Therapy","Number",""
"HGO14C01","Number of Health Graduates","2020","2020","09","9","02","Public sector","702","Social Care","Number",""
"HGO14C01","Number of Health Graduates","2020","2020","09","9","02","Public sector","701","Social Work","Number",""
"HGO14C01","Number of Health Graduates","2020","2020","09","9","02","Public sector","10","Speech and Language Therapy","Number",""
"HGO14C01","Number of Health Graduates","2020","2020","09","9","02","Public sector","V52","Dietetics, Optometry and Podiatry","Number",""
"HGO14C01","Number of Health Graduates","2020","2020","09","9","-","All sectors","201","Dentistry","Number",""
"HGO14C01","Number of Health Graduates","2020","2020","09","9","-","All sectors","401","Medical Science","Number",""
"HGO14C01","Number of Health Graduates","2020","2020","09","9","-","All sectors","202","Medicine","Number",""
"HGO14C01","Number of Health Graduates","2020","2020","09","9","-","All sectors","30","Nursing and Midwifery","Number",""
"HGO14C01","Number of Health Graduates","2020","2020","09","9","-","All sectors","501","Occupational Therapy","Number",""
"HGO14C01","Number of Health Graduates","2020","2020","09","9","-","All sectors","60","Pharmacy","Number",""
"HGO14C01","Number of Health Graduates","2020","2020","09","9","-","All sectors","504","Physiotherapy","Number",""
"HGO14C01","Number of Health Graduates","2020","2020","09","9","-","All sectors","402","Radiography and Radiation Therapy","Number",""
"HGO14C01","Number of Health Graduates","2020","2020","09","9","-","All sectors","702","Social Care","Number",""
"HGO14C01","Number of Health Graduates","2020","2020","09","9","-","All sectors","701","Social Work","Number",""
"HGO14C01","Number of Health Graduates","2020","2020","09","9","-","All sectors","10","Speech and Language Therapy","Number",""
"HGO14C01","Number of Health Graduates","2020","2020","09","9","-","All sectors","V52","Dietetics, Optometry and Podiatry","Number",""
"HGO14C01","Number of Health Graduates","2020","2020","10","10","01","Private sector","201","Dentistry","Number",""
"HGO14C01","Number of Health Graduates","2020","2020","10","10","01","Private sector","401","Medical Science","Number",""
"HGO14C01","Number of Health Graduates","2020","2020","10","10","01","Private sector","202","Medicine","Number",""
"HGO14C01","Number of Health Graduates","2020","2020","10","10","01","Private sector","30","Nursing and Midwifery","Number",""
"HGO14C01","Number of Health Graduates","2020","2020","10","10","01","Private sector","501","Occupational Therapy","Number",""
"HGO14C01","Number of Health Graduates","2020","2020","10","10","01","Private sector","60","Pharmacy","Number",""
"HGO14C01","Number of Health Graduates","2020","2020","10","10","01","Private sector","504","Physiotherapy","Number",""
"HGO14C01","Number of Health Graduates","2020","2020","10","10","01","Private sector","402","Radiography and Radiation Therapy","Number",""
"HGO14C01","Number of Health Graduates","2020","2020","10","10","01","Private sector","702","Social Care","Number",""
"HGO14C01","Number of Health Graduates","2020","2020","10","10","01","Private sector","701","Social Work","Number",""
"HGO14C01","Number of Health Graduates","2020","2020","10","10","01","Private sector","10","Speech and Language Therapy","Number",""
"HGO14C01","Number of Health Graduates","2020","2020","10","10","01","Private sector","V52","Dietetics, Optometry and Podiatry","Number",""
"HGO14C01","Number of Health Graduates","2020","2020","10","10","02","Public sector","201","Dentistry","Number",""
"HGO14C01","Number of Health Graduates","2020","2020","10","10","02","Public sector","401","Medical Science","Number",""
"HGO14C01","Number of Health Graduates","2020","2020","10","10","02","Public sector","202","Medicine","Number",""
"HGO14C01","Number of Health Graduates","2020","2020","10","10","02","Public sector","30","Nursing and Midwifery","Number",""
"HGO14C01","Number of Health Graduates","2020","2020","10","10","02","Public sector","501","Occupational Therapy","Number",""
"HGO14C01","Number of Health Graduates","2020","2020","10","10","02","Public sector","60","Pharmacy","Number",""
"HGO14C01","Number of Health Graduates","2020","2020","10","10","02","Public sector","504","Physiotherapy","Number",""
"HGO14C01","Number of Health Graduates","2020","2020","10","10","02","Public sector","402","Radiography and Radiation Therapy","Number",""
"HGO14C01","Number of Health Graduates","2020","2020","10","10","02","Public sector","702","Social Care","Number",""
"HGO14C01","Number of Health Graduates","2020","2020","10","10","02","Public sector","701","Social Work","Number",""
"HGO14C01","Number of Health Graduates","2020","2020","10","10","02","Public sector","10","Speech and Language Therapy","Number",""
"HGO14C01","Number of Health Graduates","2020","2020","10","10","02","Public sector","V52","Dietetics, Optometry and Podiatry","Number",""
"HGO14C01","Number of Health Graduates","2020","2020","10","10","-","All sectors","201","Dentistry","Number",""
"HGO14C01","Number of Health Graduates","2020","2020","10","10","-","All sectors","401","Medical Science","Number",""
"HGO14C01","Number of Health Graduates","2020","2020","10","10","-","All sectors","202","Medicine","Number",""
"HGO14C01","Number of Health Graduates","2020","2020","10","10","-","All sectors","30","Nursing and Midwifery","Number",""
"HGO14C01","Number of Health Graduates","2020","2020","10","10","-","All sectors","501","Occupational Therapy","Number",""
"HGO14C01","Number of Health Graduates","2020","2020","10","10","-","All sectors","60","Pharmacy","Number",""
"HGO14C01","Number of Health Graduates","2020","2020","10","10","-","All sectors","504","Physiotherapy","Number",""
"HGO14C01","Number of Health Graduates","2020","2020","10","10","-","All sectors","402","Radiography and Radiation Therapy","Number",""
"HGO14C01","Number of Health Graduates","2020","2020","10","10","-","All sectors","702","Social Care","Number",""
"HGO14C01","Number of Health Graduates","2020","2020","10","10","-","All sectors","701","Social Work","Number",""
"HGO14C01","Number of Health Graduates","2020","2020","10","10","-","All sectors","10","Speech and Language Therapy","Number",""
"HGO14C01","Number of Health Graduates","2020","2020","10","10","-","All sectors","V52","Dietetics, Optometry and Podiatry","Number",""
"HGO14C01","Number of Health Graduates","2020","2020","11","11","01","Private sector","201","Dentistry","Number",""
"HGO14C01","Number of Health Graduates","2020","2020","11","11","01","Private sector","401","Medical Science","Number",""
"HGO14C01","Number of Health Graduates","2020","2020","11","11","01","Private sector","202","Medicine","Number",""
"HGO14C01","Number of Health Graduates","2020","2020","11","11","01","Private sector","30","Nursing and Midwifery","Number",""
"HGO14C01","Number of Health Graduates","2020","2020","11","11","01","Private sector","501","Occupational Therapy","Number",""
"HGO14C01","Number of Health Graduates","2020","2020","11","11","01","Private sector","60","Pharmacy","Number",""
"HGO14C01","Number of Health Graduates","2020","2020","11","11","01","Private sector","504","Physiotherapy","Number",""
"HGO14C01","Number of Health Graduates","2020","2020","11","11","01","Private sector","402","Radiography and Radiation Therapy","Number",""
"HGO14C01","Number of Health Graduates","2020","2020","11","11","01","Private sector","702","Social Care","Number",""
"HGO14C01","Number of Health Graduates","2020","2020","11","11","01","Private sector","701","Social Work","Number",""
"HGO14C01","Number of Health Graduates","2020","2020","11","11","01","Private sector","10","Speech and Language Therapy","Number",""
"HGO14C01","Number of Health Graduates","2020","2020","11","11","01","Private sector","V52","Dietetics, Optometry and Podiatry","Number",""
"HGO14C01","Number of Health Graduates","2020","2020","11","11","02","Public sector","201","Dentistry","Number",""
"HGO14C01","Number of Health Graduates","2020","2020","11","11","02","Public sector","401","Medical Science","Number",""
"HGO14C01","Number of Health Graduates","2020","2020","11","11","02","Public sector","202","Medicine","Number",""
"HGO14C01","Number of Health Graduates","2020","2020","11","11","02","Public sector","30","Nursing and Midwifery","Number",""
"HGO14C01","Number of Health Graduates","2020","2020","11","11","02","Public sector","501","Occupational Therapy","Number",""
"HGO14C01","Number of Health Graduates","2020","2020","11","11","02","Public sector","60","Pharmacy","Number",""
"HGO14C01","Number of Health Graduates","2020","2020","11","11","02","Public sector","504","Physiotherapy","Number",""
"HGO14C01","Number of Health Graduates","2020","2020","11","11","02","Public sector","402","Radiography and Radiation Therapy","Number",""
"HGO14C01","Number of Health Graduates","2020","2020","11","11","02","Public sector","702","Social Care","Number",""
"HGO14C01","Number of Health Graduates","2020","2020","11","11","02","Public sector","701","Social Work","Number",""
"HGO14C01","Number of Health Graduates","2020","2020","11","11","02","Public sector","10","Speech and Language Therapy","Number",""
"HGO14C01","Number of Health Graduates","2020","2020","11","11","02","Public sector","V52","Dietetics, Optometry and Podiatry","Number",""
"HGO14C01","Number of Health Graduates","2020","2020","11","11","-","All sectors","201","Dentistry","Number",""
"HGO14C01","Number of Health Graduates","2020","2020","11","11","-","All sectors","401","Medical Science","Number",""
"HGO14C01","Number of Health Graduates","2020","2020","11","11","-","All sectors","202","Medicine","Number",""
"HGO14C01","Number of Health Graduates","2020","2020","11","11","-","All sectors","30","Nursing and Midwifery","Number",""
"HGO14C01","Number of Health Graduates","2020","2020","11","11","-","All sectors","501","Occupational Therapy","Number",""
"HGO14C01","Number of Health Graduates","2020","2020","11","11","-","All sectors","60","Pharmacy","Number",""
"HGO14C01","Number of Health Graduates","2020","2020","11","11","-","All sectors","504","Physiotherapy","Number",""
"HGO14C01","Number of Health Graduates","2020","2020","11","11","-","All sectors","402","Radiography and Radiation Therapy","Number",""
"HGO14C01","Number of Health Graduates","2020","2020","11","11","-","All sectors","702","Social Care","Number",""
"HGO14C01","Number of Health Graduates","2020","2020","11","11","-","All sectors","701","Social Work","Number",""
"HGO14C01","Number of Health Graduates","2020","2020","11","11","-","All sectors","10","Speech and Language Therapy","Number",""
"HGO14C01","Number of Health Graduates","2020","2020","11","11","-","All sectors","V52","Dietetics, Optometry and Podiatry","Number",""
"HGO14C01","Number of Health Graduates","2020","2020","12","12","01","Private sector","201","Dentistry","Number",""
"HGO14C01","Number of Health Graduates","2020","2020","12","12","01","Private sector","401","Medical Science","Number",""
"HGO14C01","Number of Health Graduates","2020","2020","12","12","01","Private sector","202","Medicine","Number",""
"HGO14C01","Number of Health Graduates","2020","2020","12","12","01","Private sector","30","Nursing and Midwifery","Number",""
"HGO14C01","Number of Health Graduates","2020","2020","12","12","01","Private sector","501","Occupational Therapy","Number",""
"HGO14C01","Number of Health Graduates","2020","2020","12","12","01","Private sector","60","Pharmacy","Number",""
"HGO14C01","Number of Health Graduates","2020","2020","12","12","01","Private sector","504","Physiotherapy","Number",""
"HGO14C01","Number of Health Graduates","2020","2020","12","12","01","Private sector","402","Radiography and Radiation Therapy","Number",""
"HGO14C01","Number of Health Graduates","2020","2020","12","12","01","Private sector","702","Social Care","Number",""
"HGO14C01","Number of Health Graduates","2020","2020","12","12","01","Private sector","701","Social Work","Number",""
"HGO14C01","Number of Health Graduates","2020","2020","12","12","01","Private sector","10","Speech and Language Therapy","Number",""
"HGO14C01","Number of Health Graduates","2020","2020","12","12","01","Private sector","V52","Dietetics, Optometry and Podiatry","Number",""
"HGO14C01","Number of Health Graduates","2020","2020","12","12","02","Public sector","201","Dentistry","Number",""
"HGO14C01","Number of Health Graduates","2020","2020","12","12","02","Public sector","401","Medical Science","Number",""
"HGO14C01","Number of Health Graduates","2020","2020","12","12","02","Public sector","202","Medicine","Number",""
"HGO14C01","Number of Health Graduates","2020","2020","12","12","02","Public sector","30","Nursing and Midwifery","Number",""
"HGO14C01","Number of Health Graduates","2020","2020","12","12","02","Public sector","501","Occupational Therapy","Number",""
"HGO14C01","Number of Health Graduates","2020","2020","12","12","02","Public sector","60","Pharmacy","Number",""
"HGO14C01","Number of Health Graduates","2020","2020","12","12","02","Public sector","504","Physiotherapy","Number",""
"HGO14C01","Number of Health Graduates","2020","2020","12","12","02","Public sector","402","Radiography and Radiation Therapy","Number",""
"HGO14C01","Number of Health Graduates","2020","2020","12","12","02","Public sector","702","Social Care","Number",""
"HGO14C01","Number of Health Graduates","2020","2020","12","12","02","Public sector","701","Social Work","Number",""
"HGO14C01","Number of Health Graduates","2020","2020","12","12","02","Public sector","10","Speech and Language Therapy","Number",""
"HGO14C01","Number of Health Graduates","2020","2020","12","12","02","Public sector","V52","Dietetics, Optometry and Podiatry","Number",""
"HGO14C01","Number of Health Graduates","2020","2020","12","12","-","All sectors","201","Dentistry","Number",""
"HGO14C01","Number of Health Graduates","2020","2020","12","12","-","All sectors","401","Medical Science","Number",""
"HGO14C01","Number of Health Graduates","2020","2020","12","12","-","All sectors","202","Medicine","Number",""
"HGO14C01","Number of Health Graduates","2020","2020","12","12","-","All sectors","30","Nursing and Midwifery","Number",""
"HGO14C01","Number of Health Graduates","2020","2020","12","12","-","All sectors","501","Occupational Therapy","Number",""
"HGO14C01","Number of Health Graduates","2020","2020","12","12","-","All sectors","60","Pharmacy","Number",""
"HGO14C01","Number of Health Graduates","2020","2020","12","12","-","All sectors","504","Physiotherapy","Number",""
"HGO14C01","Number of Health Graduates","2020","2020","12","12","-","All sectors","402","Radiography and Radiation Therapy","Number",""
"HGO14C01","Number of Health Graduates","2020","2020","12","12","-","All sectors","702","Social Care","Number",""
"HGO14C01","Number of Health Graduates","2020","2020","12","12","-","All sectors","701","Social Work","Number",""
"HGO14C01","Number of Health Graduates","2020","2020","12","12","-","All sectors","10","Speech and Language Therapy","Number",""
"HGO14C01","Number of Health Graduates","2020","2020","12","12","-","All sectors","V52","Dietetics, Optometry and Podiatry","Number",""
"HGO14C01","Number of Health Graduates","2020","2020","13","13","01","Private sector","201","Dentistry","Number",""
"HGO14C01","Number of Health Graduates","2020","2020","13","13","01","Private sector","401","Medical Science","Number",""
"HGO14C01","Number of Health Graduates","2020","2020","13","13","01","Private sector","202","Medicine","Number",""
"HGO14C01","Number of Health Graduates","2020","2020","13","13","01","Private sector","30","Nursing and Midwifery","Number",""
"HGO14C01","Number of Health Graduates","2020","2020","13","13","01","Private sector","501","Occupational Therapy","Number",""
"HGO14C01","Number of Health Graduates","2020","2020","13","13","01","Private sector","60","Pharmacy","Number",""
"HGO14C01","Number of Health Graduates","2020","2020","13","13","01","Private sector","504","Physiotherapy","Number",""
"HGO14C01","Number of Health Graduates","2020","2020","13","13","01","Private sector","402","Radiography and Radiation Therapy","Number",""
"HGO14C01","Number of Health Graduates","2020","2020","13","13","01","Private sector","702","Social Care","Number",""
"HGO14C01","Number of Health Graduates","2020","2020","13","13","01","Private sector","701","Social Work","Number",""
"HGO14C01","Number of Health Graduates","2020","2020","13","13","01","Private sector","10","Speech and Language Therapy","Number",""
"HGO14C01","Number of Health Graduates","2020","2020","13","13","01","Private sector","V52","Dietetics, Optometry and Podiatry","Number",""
"HGO14C01","Number of Health Graduates","2020","2020","13","13","02","Public sector","201","Dentistry","Number",""
"HGO14C01","Number of Health Graduates","2020","2020","13","13","02","Public sector","401","Medical Science","Number",""
"HGO14C01","Number of Health Graduates","2020","2020","13","13","02","Public sector","202","Medicine","Number",""
"HGO14C01","Number of Health Graduates","2020","2020","13","13","02","Public sector","30","Nursing and Midwifery","Number",""
"HGO14C01","Number of Health Graduates","2020","2020","13","13","02","Public sector","501","Occupational Therapy","Number",""
"HGO14C01","Number of Health Graduates","2020","2020","13","13","02","Public sector","60","Pharmacy","Number",""
"HGO14C01","Number of Health Graduates","2020","2020","13","13","02","Public sector","504","Physiotherapy","Number",""
"HGO14C01","Number of Health Graduates","2020","2020","13","13","02","Public sector","402","Radiography and Radiation Therapy","Number",""
"HGO14C01","Number of Health Graduates","2020","2020","13","13","02","Public sector","702","Social Care","Number",""
"HGO14C01","Number of Health Graduates","2020","2020","13","13","02","Public sector","701","Social Work","Number",""
"HGO14C01","Number of Health Graduates","2020","2020","13","13","02","Public sector","10","Speech and Language Therapy","Number",""
"HGO14C01","Number of Health Graduates","2020","2020","13","13","02","Public sector","V52","Dietetics, Optometry and Podiatry","Number",""
"HGO14C01","Number of Health Graduates","2020","2020","13","13","-","All sectors","201","Dentistry","Number",""
"HGO14C01","Number of Health Graduates","2020","2020","13","13","-","All sectors","401","Medical Science","Number",""
"HGO14C01","Number of Health Graduates","2020","2020","13","13","-","All sectors","202","Medicine","Number",""
"HGO14C01","Number of Health Graduates","2020","2020","13","13","-","All sectors","30","Nursing and Midwifery","Number",""
"HGO14C01","Number of Health Graduates","2020","2020","13","13","-","All sectors","501","Occupational Therapy","Number",""
"HGO14C01","Number of Health Graduates","2020","2020","13","13","-","All sectors","60","Pharmacy","Number",""
"HGO14C01","Number of Health Graduates","2020","2020","13","13","-","All sectors","504","Physiotherapy","Number",""
"HGO14C01","Number of Health Graduates","2020","2020","13","13","-","All sectors","402","Radiography and Radiation Therapy","Number",""
"HGO14C01","Number of Health Graduates","2020","2020","13","13","-","All sectors","702","Social Care","Number",""
"HGO14C01","Number of Health Graduates","2020","2020","13","13","-","All sectors","701","Social Work","Number",""
"HGO14C01","Number of Health Graduates","2020","2020","13","13","-","All sectors","10","Speech and Language Therapy","Number",""
"HGO14C01","Number of Health Graduates","2020","2020","13","13","-","All sectors","V52","Dietetics, Optometry and Podiatry","Number",""
"HGO14C01","Number of Health Graduates","2021","2021","01","1","01","Private sector","201","Dentistry","Number","6"
"HGO14C01","Number of Health Graduates","2021","2021","01","1","01","Private sector","401","Medical Science","Number","12"
"HGO14C01","Number of Health Graduates","2021","2021","01","1","01","Private sector","202","Medicine","Number","15"
"HGO14C01","Number of Health Graduates","2021","2021","01","1","01","Private sector","30","Nursing and Midwifery","Number","285"
"HGO14C01","Number of Health Graduates","2021","2021","01","1","01","Private sector","501","Occupational Therapy","Number","57"
"HGO14C01","Number of Health Graduates","2021","2021","01","1","01","Private sector","60","Pharmacy","Number","126"
"HGO14C01","Number of Health Graduates","2021","2021","01","1","01","Private sector","504","Physiotherapy","Number","72"
"HGO14C01","Number of Health Graduates","2021","2021","01","1","01","Private sector","402","Radiography and Radiation Therapy","Number","15"
"HGO14C01","Number of Health Graduates","2021","2021","01","1","01","Private sector","702","Social Care","Number","882"
"HGO14C01","Number of Health Graduates","2021","2021","01","1","01","Private sector","701","Social Work","Number","69"
"HGO14C01","Number of Health Graduates","2021","2021","01","1","01","Private sector","10","Speech and Language Therapy","Number","51"
"HGO14C01","Number of Health Graduates","2021","2021","01","1","01","Private sector","V52","Dietetics, Optometry and Podiatry","Number","57"
"HGO14C01","Number of Health Graduates","2021","2021","01","1","02","Public sector","201","Dentistry","Number","9"
"HGO14C01","Number of Health Graduates","2021","2021","01","1","02","Public sector","401","Medical Science","Number","60"
"HGO14C01","Number of Health Graduates","2021","2021","01","1","02","Public sector","202","Medicine","Number","642"
"HGO14C01","Number of Health Graduates","2021","2021","01","1","02","Public sector","30","Nursing and Midwifery","Number","1158"
"HGO14C01","Number of Health Graduates","2021","2021","01","1","02","Public sector","501","Occupational Therapy","Number","45"
"HGO14C01","Number of Health Graduates","2021","2021","01","1","02","Public sector","60","Pharmacy","Number","12"
"HGO14C01","Number of Health Graduates","2021","2021","01","1","02","Public sector","504","Physiotherapy","Number","102"
"HGO14C01","Number of Health Graduates","2021","2021","01","1","02","Public sector","402","Radiography and Radiation Therapy","Number","111"
"HGO14C01","Number of Health Graduates","2021","2021","01","1","02","Public sector","702","Social Care","Number","261"
"HGO14C01","Number of Health Graduates","2021","2021","01","1","02","Public sector","701","Social Work","Number","114"
"HGO14C01","Number of Health Graduates","2021","2021","01","1","02","Public sector","10","Speech and Language Therapy","Number","51"
"HGO14C01","Number of Health Graduates","2021","2021","01","1","02","Public sector","V52","Dietetics, Optometry and Podiatry","Number","42"
"HGO14C01","Number of Health Graduates","2021","2021","01","1","-","All sectors","201","Dentistry","Number","15"
"HGO14C01","Number of Health Graduates","2021","2021","01","1","-","All sectors","401","Medical Science","Number","75"
"HGO14C01","Number of Health Graduates","2021","2021","01","1","-","All sectors","202","Medicine","Number","657"
"HGO14C01","Number of Health Graduates","2021","2021","01","1","-","All sectors","30","Nursing and Midwifery","Number","1440"
"HGO14C01","Number of Health Graduates","2021","2021","01","1","-","All sectors","501","Occupational Therapy","Number","102"
"HGO14C01","Number of Health Graduates","2021","2021","01","1","-","All sectors","60","Pharmacy","Number","138"
"HGO14C01","Number of Health Graduates","2021","2021","01","1","-","All sectors","504","Physiotherapy","Number","174"
"HGO14C01","Number of Health Graduates","2021","2021","01","1","-","All sectors","402","Radiography and Radiation Therapy","Number","126"
"HGO14C01","Number of Health Graduates","2021","2021","01","1","-","All sectors","702","Social Care","Number","1143"
"HGO14C01","Number of Health Graduates","2021","2021","01","1","-","All sectors","701","Social Work","Number","183"
"HGO14C01","Number of Health Graduates","2021","2021","01","1","-","All sectors","10","Speech and Language Therapy","Number","99"
"HGO14C01","Number of Health Graduates","2021","2021","01","1","-","All sectors","V52","Dietetics, Optometry and Podiatry","Number","96"
"HGO14C01","Number of Health Graduates","2021","2021","02","2","01","Private sector","201","Dentistry","Number","9"
"HGO14C01","Number of Health Graduates","2021","2021","02","2","01","Private sector","401","Medical Science","Number","12"
"HGO14C01","Number of Health Graduates","2021","2021","02","2","01","Private sector","202","Medicine","Number","33"
"HGO14C01","Number of Health Graduates","2021","2021","02","2","01","Private sector","30","Nursing and Midwifery","Number","324"
"HGO14C01","Number of Health Graduates","2021","2021","02","2","01","Private sector","501","Occupational Therapy","Number","30"
"HGO14C01","Number of Health Graduates","2021","2021","02","2","01","Private sector","60","Pharmacy","Number","111"
"HGO14C01","Number of Health Graduates","2021","2021","02","2","01","Private sector","504","Physiotherapy","Number","54"
"HGO14C01","Number of Health Graduates","2021","2021","02","2","01","Private sector","402","Radiography and Radiation Therapy","Number","15"
"HGO14C01","Number of Health Graduates","2021","2021","02","2","01","Private sector","702","Social Care","Number","780"
"HGO14C01","Number of Health Graduates","2021","2021","02","2","01","Private sector","701","Social Work","Number","36"
"HGO14C01","Number of Health Graduates","2021","2021","02","2","01","Private sector","10","Speech and Language Therapy","Number","21"
"HGO14C01","Number of Health Graduates","2021","2021","02","2","01","Private sector","V52","Dietetics, Optometry and Podiatry","Number","42"
"HGO14C01","Number of Health Graduates","2021","2021","02","2","02","Public sector","201","Dentistry","Number","9"
"HGO14C01","Number of Health Graduates","2021","2021","02","2","02","Public sector","401","Medical Science","Number","57"
"HGO14C01","Number of Health Graduates","2021","2021","02","2","02","Public sector","202","Medicine","Number","279"
"HGO14C01","Number of Health Graduates","2021","2021","02","2","02","Public sector","30","Nursing and Midwifery","Number","921"
"HGO14C01","Number of Health Graduates","2021","2021","02","2","02","Public sector","501","Occupational Therapy","Number","66"
"HGO14C01","Number of Health Graduates","2021","2021","02","2","02","Public sector","60","Pharmacy","Number","15"
"HGO14C01","Number of Health Graduates","2021","2021","02","2","02","Public sector","504","Physiotherapy","Number","102"
"HGO14C01","Number of Health Graduates","2021","2021","02","2","02","Public sector","402","Radiography and Radiation Therapy","Number","105"
"HGO14C01","Number of Health Graduates","2021","2021","02","2","02","Public sector","702","Social Care","Number","300"
"HGO14C01","Number of Health Graduates","2021","2021","02","2","02","Public sector","701","Social Work","Number","135"
"HGO14C01","Number of Health Graduates","2021","2021","02","2","02","Public sector","10","Speech and Language Therapy","Number","78"
"HGO14C01","Number of Health Graduates","2021","2021","02","2","02","Public sector","V52","Dietetics, Optometry and Podiatry","Number","51"
"HGO14C01","Number of Health Graduates","2021","2021","02","2","-","All sectors","201","Dentistry","Number","18"
"HGO14C01","Number of Health Graduates","2021","2021","02","2","-","All sectors","401","Medical Science","Number","69"
"HGO14C01","Number of Health Graduates","2021","2021","02","2","-","All sectors","202","Medicine","Number","312"
"HGO14C01","Number of Health Graduates","2021","2021","02","2","-","All sectors","30","Nursing and Midwifery","Number","1245"
"HGO14C01","Number of Health Graduates","2021","2021","02","2","-","All sectors","501","Occupational Therapy","Number","96"
"HGO14C01","Number of Health Graduates","2021","2021","02","2","-","All sectors","60","Pharmacy","Number","126"
"HGO14C01","Number of Health Graduates","2021","2021","02","2","-","All sectors","504","Physiotherapy","Number","156"
"HGO14C01","Number of Health Graduates","2021","2021","02","2","-","All sectors","402","Radiography and Radiation Therapy","Number","120"
"HGO14C01","Number of Health Graduates","2021","2021","02","2","-","All sectors","702","Social Care","Number","1077"
"HGO14C01","Number of Health Graduates","2021","2021","02","2","-","All sectors","701","Social Work","Number","171"
"HGO14C01","Number of Health Graduates","2021","2021","02","2","-","All sectors","10","Speech and Language Therapy","Number","102"
"HGO14C01","Number of Health Graduates","2021","2021","02","2","-","All sectors","V52","Dietetics, Optometry and Podiatry","Number","93"
"HGO14C01","Number of Health Graduates","2021","2021","03","3","01","Private sector","201","Dentistry","Number",""
"HGO14C01","Number of Health Graduates","2021","2021","03","3","01","Private sector","401","Medical Science","Number",""
"HGO14C01","Number of Health Graduates","2021","2021","03","3","01","Private sector","202","Medicine","Number",""
"HGO14C01","Number of Health Graduates","2021","2021","03","3","01","Private sector","30","Nursing and Midwifery","Number",""
"HGO14C01","Number of Health Graduates","2021","2021","03","3","01","Private sector","501","Occupational Therapy","Number",""
"HGO14C01","Number of Health Graduates","2021","2021","03","3","01","Private sector","60","Pharmacy","Number",""
"HGO14C01","Number of Health Graduates","2021","2021","03","3","01","Private sector","504","Physiotherapy","Number",""
"HGO14C01","Number of Health Graduates","2021","2021","03","3","01","Private sector","402","Radiography and Radiation Therapy","Number",""
"HGO14C01","Number of Health Graduates","2021","2021","03","3","01","Private sector","702","Social Care","Number",""
"HGO14C01","Number of Health Graduates","2021","2021","03","3","01","Private sector","701","Social Work","Number",""
"HGO14C01","Number of Health Graduates","2021","2021","03","3","01","Private sector","10","Speech and Language Therapy","Number",""
"HGO14C01","Number of Health Graduates","2021","2021","03","3","01","Private sector","V52","Dietetics, Optometry and Podiatry","Number",""
"HGO14C01","Number of Health Graduates","2021","2021","03","3","02","Public sector","201","Dentistry","Number",""
"HGO14C01","Number of Health Graduates","2021","2021","03","3","02","Public sector","401","Medical Science","Number",""
"HGO14C01","Number of Health Graduates","2021","2021","03","3","02","Public sector","202","Medicine","Number",""
"HGO14C01","Number of Health Graduates","2021","2021","03","3","02","Public sector","30","Nursing and Midwifery","Number",""
"HGO14C01","Number of Health Graduates","2021","2021","03","3","02","Public sector","501","Occupational Therapy","Number",""
"HGO14C01","Number of Health Graduates","2021","2021","03","3","02","Public sector","60","Pharmacy","Number",""
"HGO14C01","Number of Health Graduates","2021","2021","03","3","02","Public sector","504","Physiotherapy","Number",""
"HGO14C01","Number of Health Graduates","2021","2021","03","3","02","Public sector","402","Radiography and Radiation Therapy","Number",""
"HGO14C01","Number of Health Graduates","2021","2021","03","3","02","Public sector","702","Social Care","Number",""
"HGO14C01","Number of Health Graduates","2021","2021","03","3","02","Public sector","701","Social Work","Number",""
"HGO14C01","Number of Health Graduates","2021","2021","03","3","02","Public sector","10","Speech and Language Therapy","Number",""
"HGO14C01","Number of Health Graduates","2021","2021","03","3","02","Public sector","V52","Dietetics, Optometry and Podiatry","Number",""
"HGO14C01","Number of Health Graduates","2021","2021","03","3","-","All sectors","201","Dentistry","Number",""
"HGO14C01","Number of Health Graduates","2021","2021","03","3","-","All sectors","401","Medical Science","Number",""
"HGO14C01","Number of Health Graduates","2021","2021","03","3","-","All sectors","202","Medicine","Number",""
"HGO14C01","Number of Health Graduates","2021","2021","03","3","-","All sectors","30","Nursing and Midwifery","Number",""
"HGO14C01","Number of Health Graduates","2021","2021","03","3","-","All sectors","501","Occupational Therapy","Number",""
"HGO14C01","Number of Health Graduates","2021","2021","03","3","-","All sectors","60","Pharmacy","Number",""
"HGO14C01","Number of Health Graduates","2021","2021","03","3","-","All sectors","504","Physiotherapy","Number",""
"HGO14C01","Number of Health Graduates","2021","2021","03","3","-","All sectors","402","Radiography and Radiation Therapy","Number",""
"HGO14C01","Number of Health Graduates","2021","2021","03","3","-","All sectors","702","Social Care","Number",""
"HGO14C01","Number of Health Graduates","2021","2021","03","3","-","All sectors","701","Social Work","Number",""
"HGO14C01","Number of Health Graduates","2021","2021","03","3","-","All sectors","10","Speech and Language Therapy","Number",""
"HGO14C01","Number of Health Graduates","2021","2021","03","3","-","All sectors","V52","Dietetics, Optometry and Podiatry","Number",""
"HGO14C01","Number of Health Graduates","2021","2021","04","4","01","Private sector","201","Dentistry","Number",""
"HGO14C01","Number of Health Graduates","2021","2021","04","4","01","Private sector","401","Medical Science","Number",""
"HGO14C01","Number of Health Graduates","2021","2021","04","4","01","Private sector","202","Medicine","Number",""
"HGO14C01","Number of Health Graduates","2021","2021","04","4","01","Private sector","30","Nursing and Midwifery","Number",""
"HGO14C01","Number of Health Graduates","2021","2021","04","4","01","Private sector","501","Occupational Therapy","Number",""
"HGO14C01","Number of Health Graduates","2021","2021","04","4","01","Private sector","60","Pharmacy","Number",""
"HGO14C01","Number of Health Graduates","2021","2021","04","4","01","Private sector","504","Physiotherapy","Number",""
"HGO14C01","Number of Health Graduates","2021","2021","04","4","01","Private sector","402","Radiography and Radiation Therapy","Number",""
"HGO14C01","Number of Health Graduates","2021","2021","04","4","01","Private sector","702","Social Care","Number",""
"HGO14C01","Number of Health Graduates","2021","2021","04","4","01","Private sector","701","Social Work","Number",""
"HGO14C01","Number of Health Graduates","2021","2021","04","4","01","Private sector","10","Speech and Language Therapy","Number",""
"HGO14C01","Number of Health Graduates","2021","2021","04","4","01","Private sector","V52","Dietetics, Optometry and Podiatry","Number",""
"HGO14C01","Number of Health Graduates","2021","2021","04","4","02","Public sector","201","Dentistry","Number",""
"HGO14C01","Number of Health Graduates","2021","2021","04","4","02","Public sector","401","Medical Science","Number",""
"HGO14C01","Number of Health Graduates","2021","2021","04","4","02","Public sector","202","Medicine","Number",""
"HGO14C01","Number of Health Graduates","2021","2021","04","4","02","Public sector","30","Nursing and Midwifery","Number",""
"HGO14C01","Number of Health Graduates","2021","2021","04","4","02","Public sector","501","Occupational Therapy","Number",""
"HGO14C01","Number of Health Graduates","2021","2021","04","4","02","Public sector","60","Pharmacy","Number",""
"HGO14C01","Number of Health Graduates","2021","2021","04","4","02","Public sector","504","Physiotherapy","Number",""
"HGO14C01","Number of Health Graduates","2021","2021","04","4","02","Public sector","402","Radiography and Radiation Therapy","Number",""
"HGO14C01","Number of Health Graduates","2021","2021","04","4","02","Public sector","702","Social Care","Number",""
"HGO14C01","Number of Health Graduates","2021","2021","04","4","02","Public sector","701","Social Work","Number",""
"HGO14C01","Number of Health Graduates","2021","2021","04","4","02","Public sector","10","Speech and Language Therapy","Number",""
"HGO14C01","Number of Health Graduates","2021","2021","04","4","02","Public sector","V52","Dietetics, Optometry and Podiatry","Number",""
"HGO14C01","Number of Health Graduates","2021","2021","04","4","-","All sectors","201","Dentistry","Number",""
"HGO14C01","Number of Health Graduates","2021","2021","04","4","-","All sectors","401","Medical Science","Number",""
"HGO14C01","Number of Health Graduates","2021","2021","04","4","-","All sectors","202","Medicine","Number",""
"HGO14C01","Number of Health Graduates","2021","2021","04","4","-","All sectors","30","Nursing and Midwifery","Number",""
"HGO14C01","Number of Health Graduates","2021","2021","04","4","-","All sectors","501","Occupational Therapy","Number",""
"HGO14C01","Number of Health Graduates","2021","2021","04","4","-","All sectors","60","Pharmacy","Number",""
"HGO14C01","Number of Health Graduates","2021","2021","04","4","-","All sectors","504","Physiotherapy","Number",""
"HGO14C01","Number of Health Graduates","2021","2021","04","4","-","All sectors","402","Radiography and Radiation Therapy","Number",""
"HGO14C01","Number of Health Graduates","2021","2021","04","4","-","All sectors","702","Social Care","Number",""
"HGO14C01","Number of Health Graduates","2021","2021","04","4","-","All sectors","701","Social Work","Number",""
"HGO14C01","Number of Health Graduates","2021","2021","04","4","-","All sectors","10","Speech and Language Therapy","Number",""
"HGO14C01","Number of Health Graduates","2021","2021","04","4","-","All sectors","V52","Dietetics, Optometry and Podiatry","Number",""
"HGO14C01","Number of Health Graduates","2021","2021","05","5","01","Private sector","201","Dentistry","Number",""
"HGO14C01","Number of Health Graduates","2021","2021","05","5","01","Private sector","401","Medical Science","Number",""
"HGO14C01","Number of Health Graduates","2021","2021","05","5","01","Private sector","202","Medicine","Number",""
"HGO14C01","Number of Health Graduates","2021","2021","05","5","01","Private sector","30","Nursing and Midwifery","Number",""
"HGO14C01","Number of Health Graduates","2021","2021","05","5","01","Private sector","501","Occupational Therapy","Number",""
"HGO14C01","Number of Health Graduates","2021","2021","05","5","01","Private sector","60","Pharmacy","Number",""
"HGO14C01","Number of Health Graduates","2021","2021","05","5","01","Private sector","504","Physiotherapy","Number",""
"HGO14C01","Number of Health Graduates","2021","2021","05","5","01","Private sector","402","Radiography and Radiation Therapy","Number",""
"HGO14C01","Number of Health Graduates","2021","2021","05","5","01","Private sector","702","Social Care","Number",""
"HGO14C01","Number of Health Graduates","2021","2021","05","5","01","Private sector","701","Social Work","Number",""
"HGO14C01","Number of Health Graduates","2021","2021","05","5","01","Private sector","10","Speech and Language Therapy","Number",""
"HGO14C01","Number of Health Graduates","2021","2021","05","5","01","Private sector","V52","Dietetics, Optometry and Podiatry","Number",""
"HGO14C01","Number of Health Graduates","2021","2021","05","5","02","Public sector","201","Dentistry","Number",""
"HGO14C01","Number of Health Graduates","2021","2021","05","5","02","Public sector","401","Medical Science","Number",""
"HGO14C01","Number of Health Graduates","2021","2021","05","5","02","Public sector","202","Medicine","Number",""
"HGO14C01","Number of Health Graduates","2021","2021","05","5","02","Public sector","30","Nursing and Midwifery","Number",""
"HGO14C01","Number of Health Graduates","2021","2021","05","5","02","Public sector","501","Occupational Therapy","Number",""
"HGO14C01","Number of Health Graduates","2021","2021","05","5","02","Public sector","60","Pharmacy","Number",""
"HGO14C01","Number of Health Graduates","2021","2021","05","5","02","Public sector","504","Physiotherapy","Number",""
"HGO14C01","Number of Health Graduates","2021","2021","05","5","02","Public sector","402","Radiography and Radiation Therapy","Number",""
"HGO14C01","Number of Health Graduates","2021","2021","05","5","02","Public sector","702","Social Care","Number",""
"HGO14C01","Number of Health Graduates","2021","2021","05","5","02","Public sector","701","Social Work","Number",""
"HGO14C01","Number of Health Graduates","2021","2021","05","5","02","Public sector","10","Speech and Language Therapy","Number",""
"HGO14C01","Number of Health Graduates","2021","2021","05","5","02","Public sector","V52","Dietetics, Optometry and Podiatry","Number",""
"HGO14C01","Number of Health Graduates","2021","2021","05","5","-","All sectors","201","Dentistry","Number",""
"HGO14C01","Number of Health Graduates","2021","2021","05","5","-","All sectors","401","Medical Science","Number",""
"HGO14C01","Number of Health Graduates","2021","2021","05","5","-","All sectors","202","Medicine","Number",""
"HGO14C01","Number of Health Graduates","2021","2021","05","5","-","All sectors","30","Nursing and Midwifery","Number",""
"HGO14C01","Number of Health Graduates","2021","2021","05","5","-","All sectors","501","Occupational Therapy","Number",""
"HGO14C01","Number of Health Graduates","2021","2021","05","5","-","All sectors","60","Pharmacy","Number",""
"HGO14C01","Number of Health Graduates","2021","2021","05","5","-","All sectors","504","Physiotherapy","Number",""
"HGO14C01","Number of Health Graduates","2021","2021","05","5","-","All sectors","402","Radiography and Radiation Therapy","Number",""
"HGO14C01","Number of Health Graduates","2021","2021","05","5","-","All sectors","702","Social Care","Number",""
"HGO14C01","Number of Health Graduates","2021","2021","05","5","-","All sectors","701","Social Work","Number",""
"HGO14C01","Number of Health Graduates","2021","2021","05","5","-","All sectors","10","Speech and Language Therapy","Number",""
"HGO14C01","Number of Health Graduates","2021","2021","05","5","-","All sectors","V52","Dietetics, Optometry and Podiatry","Number",""
"HGO14C01","Number of Health Graduates","2021","2021","06","6","01","Private sector","201","Dentistry","Number",""
"HGO14C01","Number of Health Graduates","2021","2021","06","6","01","Private sector","401","Medical Science","Number",""
"HGO14C01","Number of Health Graduates","2021","2021","06","6","01","Private sector","202","Medicine","Number",""
"HGO14C01","Number of Health Graduates","2021","2021","06","6","01","Private sector","30","Nursing and Midwifery","Number",""
"HGO14C01","Number of Health Graduates","2021","2021","06","6","01","Private sector","501","Occupational Therapy","Number",""
"HGO14C01","Number of Health Graduates","2021","2021","06","6","01","Private sector","60","Pharmacy","Number",""
"HGO14C01","Number of Health Graduates","2021","2021","06","6","01","Private sector","504","Physiotherapy","Number",""
"HGO14C01","Number of Health Graduates","2021","2021","06","6","01","Private sector","402","Radiography and Radiation Therapy","Number",""
"HGO14C01","Number of Health Graduates","2021","2021","06","6","01","Private sector","702","Social Care","Number",""
"HGO14C01","Number of Health Graduates","2021","2021","06","6","01","Private sector","701","Social Work","Number",""
"HGO14C01","Number of Health Graduates","2021","2021","06","6","01","Private sector","10","Speech and Language Therapy","Number",""
"HGO14C01","Number of Health Graduates","2021","2021","06","6","01","Private sector","V52","Dietetics, Optometry and Podiatry","Number",""
"HGO14C01","Number of Health Graduates","2021","2021","06","6","02","Public sector","201","Dentistry","Number",""
"HGO14C01","Number of Health Graduates","2021","2021","06","6","02","Public sector","401","Medical Science","Number",""
"HGO14C01","Number of Health Graduates","2021","2021","06","6","02","Public sector","202","Medicine","Number",""
"HGO14C01","Number of Health Graduates","2021","2021","06","6","02","Public sector","30","Nursing and Midwifery","Number",""
"HGO14C01","Number of Health Graduates","2021","2021","06","6","02","Public sector","501","Occupational Therapy","Number",""
"HGO14C01","Number of Health Graduates","2021","2021","06","6","02","Public sector","60","Pharmacy","Number",""
"HGO14C01","Number of Health Graduates","2021","2021","06","6","02","Public sector","504","Physiotherapy","Number",""
"HGO14C01","Number of Health Graduates","2021","2021","06","6","02","Public sector","402","Radiography and Radiation Therapy","Number",""
"HGO14C01","Number of Health Graduates","2021","2021","06","6","02","Public sector","702","Social Care","Number",""
"HGO14C01","Number of Health Graduates","2021","2021","06","6","02","Public sector","701","Social Work","Number",""
"HGO14C01","Number of Health Graduates","2021","2021","06","6","02","Public sector","10","Speech and Language Therapy","Number",""
"HGO14C01","Number of Health Graduates","2021","2021","06","6","02","Public sector","V52","Dietetics, Optometry and Podiatry","Number",""
"HGO14C01","Number of Health Graduates","2021","2021","06","6","-","All sectors","201","Dentistry","Number",""
"HGO14C01","Number of Health Graduates","2021","2021","06","6","-","All sectors","401","Medical Science","Number",""
"HGO14C01","Number of Health Graduates","2021","2021","06","6","-","All sectors","202","Medicine","Number",""
"HGO14C01","Number of Health Graduates","2021","2021","06","6","-","All sectors","30","Nursing and Midwifery","Number",""
"HGO14C01","Number of Health Graduates","2021","2021","06","6","-","All sectors","501","Occupational Therapy","Number",""
"HGO14C01","Number of Health Graduates","2021","2021","06","6","-","All sectors","60","Pharmacy","Number",""
"HGO14C01","Number of Health Graduates","2021","2021","06","6","-","All sectors","504","Physiotherapy","Number",""
"HGO14C01","Number of Health Graduates","2021","2021","06","6","-","All sectors","402","Radiography and Radiation Therapy","Number",""
"HGO14C01","Number of Health Graduates","2021","2021","06","6","-","All sectors","702","Social Care","Number",""
"HGO14C01","Number of Health Graduates","2021","2021","06","6","-","All sectors","701","Social Work","Number",""
"HGO14C01","Number of Health Graduates","2021","2021","06","6","-","All sectors","10","Speech and Language Therapy","Number",""
"HGO14C01","Number of Health Graduates","2021","2021","06","6","-","All sectors","V52","Dietetics, Optometry and Podiatry","Number",""
"HGO14C01","Number of Health Graduates","2021","2021","07","7","01","Private sector","201","Dentistry","Number",""
"HGO14C01","Number of Health Graduates","2021","2021","07","7","01","Private sector","401","Medical Science","Number",""
"HGO14C01","Number of Health Graduates","2021","2021","07","7","01","Private sector","202","Medicine","Number",""
"HGO14C01","Number of Health Graduates","2021","2021","07","7","01","Private sector","30","Nursing and Midwifery","Number",""
"HGO14C01","Number of Health Graduates","2021","2021","07","7","01","Private sector","501","Occupational Therapy","Number",""
"HGO14C01","Number of Health Graduates","2021","2021","07","7","01","Private sector","60","Pharmacy","Number",""
"HGO14C01","Number of Health Graduates","2021","2021","07","7","01","Private sector","504","Physiotherapy","Number",""
"HGO14C01","Number of Health Graduates","2021","2021","07","7","01","Private sector","402","Radiography and Radiation Therapy","Number",""
"HGO14C01","Number of Health Graduates","2021","2021","07","7","01","Private sector","702","Social Care","Number",""
"HGO14C01","Number of Health Graduates","2021","2021","07","7","01","Private sector","701","Social Work","Number",""
"HGO14C01","Number of Health Graduates","2021","2021","07","7","01","Private sector","10","Speech and Language Therapy","Number",""
"HGO14C01","Number of Health Graduates","2021","2021","07","7","01","Private sector","V52","Dietetics, Optometry and Podiatry","Number",""
"HGO14C01","Number of Health Graduates","2021","2021","07","7","02","Public sector","201","Dentistry","Number",""
"HGO14C01","Number of Health Graduates","2021","2021","07","7","02","Public sector","401","Medical Science","Number",""
"HGO14C01","Number of Health Graduates","2021","2021","07","7","02","Public sector","202","Medicine","Number",""
"HGO14C01","Number of Health Graduates","2021","2021","07","7","02","Public sector","30","Nursing and Midwifery","Number",""
"HGO14C01","Number of Health Graduates","2021","2021","07","7","02","Public sector","501","Occupational Therapy","Number",""
"HGO14C01","Number of Health Graduates","2021","2021","07","7","02","Public sector","60","Pharmacy","Number",""
"HGO14C01","Number of Health Graduates","2021","2021","07","7","02","Public sector","504","Physiotherapy","Number",""
"HGO14C01","Number of Health Graduates","2021","2021","07","7","02","Public sector","402","Radiography and Radiation Therapy","Number",""
"HGO14C01","Number of Health Graduates","2021","2021","07","7","02","Public sector","702","Social Care","Number",""
"HGO14C01","Number of Health Graduates","2021","2021","07","7","02","Public sector","701","Social Work","Number",""
"HGO14C01","Number of Health Graduates","2021","2021","07","7","02","Public sector","10","Speech and Language Therapy","Number",""
"HGO14C01","Number of Health Graduates","2021","2021","07","7","02","Public sector","V52","Dietetics, Optometry and Podiatry","Number",""
"HGO14C01","Number of Health Graduates","2021","2021","07","7","-","All sectors","201","Dentistry","Number",""
"HGO14C01","Number of Health Graduates","2021","2021","07","7","-","All sectors","401","Medical Science","Number",""
"HGO14C01","Number of Health Graduates","2021","2021","07","7","-","All sectors","202","Medicine","Number",""
"HGO14C01","Number of Health Graduates","2021","2021","07","7","-","All sectors","30","Nursing and Midwifery","Number",""
"HGO14C01","Number of Health Graduates","2021","2021","07","7","-","All sectors","501","Occupational Therapy","Number",""
"HGO14C01","Number of Health Graduates","2021","2021","07","7","-","All sectors","60","Pharmacy","Number",""
"HGO14C01","Number of Health Graduates","2021","2021","07","7","-","All sectors","504","Physiotherapy","Number",""
"HGO14C01","Number of Health Graduates","2021","2021","07","7","-","All sectors","402","Radiography and Radiation Therapy","Number",""
"HGO14C01","Number of Health Graduates","2021","2021","07","7","-","All sectors","702","Social Care","Number",""
"HGO14C01","Number of Health Graduates","2021","2021","07","7","-","All sectors","701","Social Work","Number",""
"HGO14C01","Number of Health Graduates","2021","2021","07","7","-","All sectors","10","Speech and Language Therapy","Number",""
"HGO14C01","Number of Health Graduates","2021","2021","07","7","-","All sectors","V52","Dietetics, Optometry and Podiatry","Number",""
"HGO14C01","Number of Health Graduates","2021","2021","08","8","01","Private sector","201","Dentistry","Number",""
"HGO14C01","Number of Health Graduates","2021","2021","08","8","01","Private sector","401","Medical Science","Number",""
"HGO14C01","Number of Health Graduates","2021","2021","08","8","01","Private sector","202","Medicine","Number",""
"HGO14C01","Number of Health Graduates","2021","2021","08","8","01","Private sector","30","Nursing and Midwifery","Number",""
"HGO14C01","Number of Health Graduates","2021","2021","08","8","01","Private sector","501","Occupational Therapy","Number",""
"HGO14C01","Number of Health Graduates","2021","2021","08","8","01","Private sector","60","Pharmacy","Number",""
"HGO14C01","Number of Health Graduates","2021","2021","08","8","01","Private sector","504","Physiotherapy","Number",""
"HGO14C01","Number of Health Graduates","2021","2021","08","8","01","Private sector","402","Radiography and Radiation Therapy","Number",""
"HGO14C01","Number of Health Graduates","2021","2021","08","8","01","Private sector","702","Social Care","Number",""
"HGO14C01","Number of Health Graduates","2021","2021","08","8","01","Private sector","701","Social Work","Number",""
"HGO14C01","Number of Health Graduates","2021","2021","08","8","01","Private sector","10","Speech and Language Therapy","Number",""
"HGO14C01","Number of Health Graduates","2021","2021","08","8","01","Private sector","V52","Dietetics, Optometry and Podiatry","Number",""
"HGO14C01","Number of Health Graduates","2021","2021","08","8","02","Public sector","201","Dentistry","Number",""
"HGO14C01","Number of Health Graduates","2021","2021","08","8","02","Public sector","401","Medical Science","Number",""
"HGO14C01","Number of Health Graduates","2021","2021","08","8","02","Public sector","202","Medicine","Number",""
"HGO14C01","Number of Health Graduates","2021","2021","08","8","02","Public sector","30","Nursing and Midwifery","Number",""
"HGO14C01","Number of Health Graduates","2021","2021","08","8","02","Public sector","501","Occupational Therapy","Number",""
"HGO14C01","Number of Health Graduates","2021","2021","08","8","02","Public sector","60","Pharmacy","Number",""
"HGO14C01","Number of Health Graduates","2021","2021","08","8","02","Public sector","504","Physiotherapy","Number",""
"HGO14C01","Number of Health Graduates","2021","2021","08","8","02","Public sector","402","Radiography and Radiation Therapy","Number",""
"HGO14C01","Number of Health Graduates","2021","2021","08","8","02","Public sector","702","Social Care","Number",""
"HGO14C01","Number of Health Graduates","2021","2021","08","8","02","Public sector","701","Social Work","Number",""
"HGO14C01","Number of Health Graduates","2021","2021","08","8","02","Public sector","10","Speech and Language Therapy","Number",""
"HGO14C01","Number of Health Graduates","2021","2021","08","8","02","Public sector","V52","Dietetics, Optometry and Podiatry","Number",""
"HGO14C01","Number of Health Graduates","2021","2021","08","8","-","All sectors","201","Dentistry","Number",""
"HGO14C01","Number of Health Graduates","2021","2021","08","8","-","All sectors","401","Medical Science","Number",""
"HGO14C01","Number of Health Graduates","2021","2021","08","8","-","All sectors","202","Medicine","Number",""
"HGO14C01","Number of Health Graduates","2021","2021","08","8","-","All sectors","30","Nursing and Midwifery","Number",""
"HGO14C01","Number of Health Graduates","2021","2021","08","8","-","All sectors","501","Occupational Therapy","Number",""
"HGO14C01","Number of Health Graduates","2021","2021","08","8","-","All sectors","60","Pharmacy","Number",""
"HGO14C01","Number of Health Graduates","2021","2021","08","8","-","All sectors","504","Physiotherapy","Number",""
"HGO14C01","Number of Health Graduates","2021","2021","08","8","-","All sectors","402","Radiography and Radiation Therapy","Number",""
"HGO14C01","Number of Health Graduates","2021","2021","08","8","-","All sectors","702","Social Care","Number",""
"HGO14C01","Number of Health Graduates","2021","2021","08","8","-","All sectors","701","Social Work","Number",""
"HGO14C01","Number of Health Graduates","2021","2021","08","8","-","All sectors","10","Speech and Language Therapy","Number",""
"HGO14C01","Number of Health Graduates","2021","2021","08","8","-","All sectors","V52","Dietetics, Optometry and Podiatry","Number",""
"HGO14C01","Number of Health Graduates","2021","2021","09","9","01","Private sector","201","Dentistry","Number",""
"HGO14C01","Number of Health Graduates","2021","2021","09","9","01","Private sector","401","Medical Science","Number",""
"HGO14C01","Number of Health Graduates","2021","2021","09","9","01","Private sector","202","Medicine","Number",""
"HGO14C01","Number of Health Graduates","2021","2021","09","9","01","Private sector","30","Nursing and Midwifery","Number",""
"HGO14C01","Number of Health Graduates","2021","2021","09","9","01","Private sector","501","Occupational Therapy","Number",""
"HGO14C01","Number of Health Graduates","2021","2021","09","9","01","Private sector","60","Pharmacy","Number",""
"HGO14C01","Number of Health Graduates","2021","2021","09","9","01","Private sector","504","Physiotherapy","Number",""
"HGO14C01","Number of Health Graduates","2021","2021","09","9","01","Private sector","402","Radiography and Radiation Therapy","Number",""
"HGO14C01","Number of Health Graduates","2021","2021","09","9","01","Private sector","702","Social Care","Number",""
"HGO14C01","Number of Health Graduates","2021","2021","09","9","01","Private sector","701","Social Work","Number",""
"HGO14C01","Number of Health Graduates","2021","2021","09","9","01","Private sector","10","Speech and Language Therapy","Number",""
"HGO14C01","Number of Health Graduates","2021","2021","09","9","01","Private sector","V52","Dietetics, Optometry and Podiatry","Number",""
"HGO14C01","Number of Health Graduates","2021","2021","09","9","02","Public sector","201","Dentistry","Number",""
"HGO14C01","Number of Health Graduates","2021","2021","09","9","02","Public sector","401","Medical Science","Number",""
"HGO14C01","Number of Health Graduates","2021","2021","09","9","02","Public sector","202","Medicine","Number",""
"HGO14C01","Number of Health Graduates","2021","2021","09","9","02","Public sector","30","Nursing and Midwifery","Number",""
"HGO14C01","Number of Health Graduates","2021","2021","09","9","02","Public sector","501","Occupational Therapy","Number",""
"HGO14C01","Number of Health Graduates","2021","2021","09","9","02","Public sector","60","Pharmacy","Number",""
"HGO14C01","Number of Health Graduates","2021","2021","09","9","02","Public sector","504","Physiotherapy","Number",""
"HGO14C01","Number of Health Graduates","2021","2021","09","9","02","Public sector","402","Radiography and Radiation Therapy","Number",""
"HGO14C01","Number of Health Graduates","2021","2021","09","9","02","Public sector","702","Social Care","Number",""
"HGO14C01","Number of Health Graduates","2021","2021","09","9","02","Public sector","701","Social Work","Number",""
"HGO14C01","Number of Health Graduates","2021","2021","09","9","02","Public sector","10","Speech and Language Therapy","Number",""
"HGO14C01","Number of Health Graduates","2021","2021","09","9","02","Public sector","V52","Dietetics, Optometry and Podiatry","Number",""
"HGO14C01","Number of Health Graduates","2021","2021","09","9","-","All sectors","201","Dentistry","Number",""
"HGO14C01","Number of Health Graduates","2021","2021","09","9","-","All sectors","401","Medical Science","Number",""
"HGO14C01","Number of Health Graduates","2021","2021","09","9","-","All sectors","202","Medicine","Number",""
"HGO14C01","Number of Health Graduates","2021","2021","09","9","-","All sectors","30","Nursing and Midwifery","Number",""
"HGO14C01","Number of Health Graduates","2021","2021","09","9","-","All sectors","501","Occupational Therapy","Number",""
"HGO14C01","Number of Health Graduates","2021","2021","09","9","-","All sectors","60","Pharmacy","Number",""
"HGO14C01","Number of Health Graduates","2021","2021","09","9","-","All sectors","504","Physiotherapy","Number",""
"HGO14C01","Number of Health Graduates","2021","2021","09","9","-","All sectors","402","Radiography and Radiation Therapy","Number",""
"HGO14C01","Number of Health Graduates","2021","2021","09","9","-","All sectors","702","Social Care","Number",""
"HGO14C01","Number of Health Graduates","2021","2021","09","9","-","All sectors","701","Social Work","Number",""
"HGO14C01","Number of Health Graduates","2021","2021","09","9","-","All sectors","10","Speech and Language Therapy","Number",""
"HGO14C01","Number of Health Graduates","2021","2021","09","9","-","All sectors","V52","Dietetics, Optometry and Podiatry","Number",""
"HGO14C01","Number of Health Graduates","2021","2021","10","10","01","Private sector","201","Dentistry","Number",""
"HGO14C01","Number of Health Graduates","2021","2021","10","10","01","Private sector","401","Medical Science","Number",""
"HGO14C01","Number of Health Graduates","2021","2021","10","10","01","Private sector","202","Medicine","Number",""
"HGO14C01","Number of Health Graduates","2021","2021","10","10","01","Private sector","30","Nursing and Midwifery","Number",""
"HGO14C01","Number of Health Graduates","2021","2021","10","10","01","Private sector","501","Occupational Therapy","Number",""
"HGO14C01","Number of Health Graduates","2021","2021","10","10","01","Private sector","60","Pharmacy","Number",""
"HGO14C01","Number of Health Graduates","2021","2021","10","10","01","Private sector","504","Physiotherapy","Number",""
"HGO14C01","Number of Health Graduates","2021","2021","10","10","01","Private sector","402","Radiography and Radiation Therapy","Number",""
"HGO14C01","Number of Health Graduates","2021","2021","10","10","01","Private sector","702","Social Care","Number",""
"HGO14C01","Number of Health Graduates","2021","2021","10","10","01","Private sector","701","Social Work","Number",""
"HGO14C01","Number of Health Graduates","2021","2021","10","10","01","Private sector","10","Speech and Language Therapy","Number",""
"HGO14C01","Number of Health Graduates","2021","2021","10","10","01","Private sector","V52","Dietetics, Optometry and Podiatry","Number",""
"HGO14C01","Number of Health Graduates","2021","2021","10","10","02","Public sector","201","Dentistry","Number",""
"HGO14C01","Number of Health Graduates","2021","2021","10","10","02","Public sector","401","Medical Science","Number",""
"HGO14C01","Number of Health Graduates","2021","2021","10","10","02","Public sector","202","Medicine","Number",""
"HGO14C01","Number of Health Graduates","2021","2021","10","10","02","Public sector","30","Nursing and Midwifery","Number",""
"HGO14C01","Number of Health Graduates","2021","2021","10","10","02","Public sector","501","Occupational Therapy","Number",""
"HGO14C01","Number of Health Graduates","2021","2021","10","10","02","Public sector","60","Pharmacy","Number",""
"HGO14C01","Number of Health Graduates","2021","2021","10","10","02","Public sector","504","Physiotherapy","Number",""
"HGO14C01","Number of Health Graduates","2021","2021","10","10","02","Public sector","402","Radiography and Radiation Therapy","Number",""
"HGO14C01","Number of Health Graduates","2021","2021","10","10","02","Public sector","702","Social Care","Number",""
"HGO14C01","Number of Health Graduates","2021","2021","10","10","02","Public sector","701","Social Work","Number",""
"HGO14C01","Number of Health Graduates","2021","2021","10","10","02","Public sector","10","Speech and Language Therapy","Number",""
"HGO14C01","Number of Health Graduates","2021","2021","10","10","02","Public sector","V52","Dietetics, Optometry and Podiatry","Number",""
"HGO14C01","Number of Health Graduates","2021","2021","10","10","-","All sectors","201","Dentistry","Number",""
"HGO14C01","Number of Health Graduates","2021","2021","10","10","-","All sectors","401","Medical Science","Number",""
"HGO14C01","Number of Health Graduates","2021","2021","10","10","-","All sectors","202","Medicine","Number",""
"HGO14C01","Number of Health Graduates","2021","2021","10","10","-","All sectors","30","Nursing and Midwifery","Number",""
"HGO14C01","Number of Health Graduates","2021","2021","10","10","-","All sectors","501","Occupational Therapy","Number",""
"HGO14C01","Number of Health Graduates","2021","2021","10","10","-","All sectors","60","Pharmacy","Number",""
"HGO14C01","Number of Health Graduates","2021","2021","10","10","-","All sectors","504","Physiotherapy","Number",""
"HGO14C01","Number of Health Graduates","2021","2021","10","10","-","All sectors","402","Radiography and Radiation Therapy","Number",""
"HGO14C01","Number of Health Graduates","2021","2021","10","10","-","All sectors","702","Social Care","Number",""
"HGO14C01","Number of Health Graduates","2021","2021","10","10","-","All sectors","701","Social Work","Number",""
"HGO14C01","Number of Health Graduates","2021","2021","10","10","-","All sectors","10","Speech and Language Therapy","Number",""
"HGO14C01","Number of Health Graduates","2021","2021","10","10","-","All sectors","V52","Dietetics, Optometry and Podiatry","Number",""
"HGO14C01","Number of Health Graduates","2021","2021","11","11","01","Private sector","201","Dentistry","Number",""
"HGO14C01","Number of Health Graduates","2021","2021","11","11","01","Private sector","401","Medical Science","Number",""
"HGO14C01","Number of Health Graduates","2021","2021","11","11","01","Private sector","202","Medicine","Number",""
"HGO14C01","Number of Health Graduates","2021","2021","11","11","01","Private sector","30","Nursing and Midwifery","Number",""
"HGO14C01","Number of Health Graduates","2021","2021","11","11","01","Private sector","501","Occupational Therapy","Number",""
"HGO14C01","Number of Health Graduates","2021","2021","11","11","01","Private sector","60","Pharmacy","Number",""
"HGO14C01","Number of Health Graduates","2021","2021","11","11","01","Private sector","504","Physiotherapy","Number",""
"HGO14C01","Number of Health Graduates","2021","2021","11","11","01","Private sector","402","Radiography and Radiation Therapy","Number",""
"HGO14C01","Number of Health Graduates","2021","2021","11","11","01","Private sector","702","Social Care","Number",""
"HGO14C01","Number of Health Graduates","2021","2021","11","11","01","Private sector","701","Social Work","Number",""
"HGO14C01","Number of Health Graduates","2021","2021","11","11","01","Private sector","10","Speech and Language Therapy","Number",""
"HGO14C01","Number of Health Graduates","2021","2021","11","11","01","Private sector","V52","Dietetics, Optometry and Podiatry","Number",""
"HGO14C01","Number of Health Graduates","2021","2021","11","11","02","Public sector","201","Dentistry","Number",""
"HGO14C01","Number of Health Graduates","2021","2021","11","11","02","Public sector","401","Medical Science","Number",""
"HGO14C01","Number of Health Graduates","2021","2021","11","11","02","Public sector","202","Medicine","Number",""
"HGO14C01","Number of Health Graduates","2021","2021","11","11","02","Public sector","30","Nursing and Midwifery","Number",""
"HGO14C01","Number of Health Graduates","2021","2021","11","11","02","Public sector","501","Occupational Therapy","Number",""
"HGO14C01","Number of Health Graduates","2021","2021","11","11","02","Public sector","60","Pharmacy","Number",""
"HGO14C01","Number of Health Graduates","2021","2021","11","11","02","Public sector","504","Physiotherapy","Number",""
"HGO14C01","Number of Health Graduates","2021","2021","11","11","02","Public sector","402","Radiography and Radiation Therapy","Number",""
"HGO14C01","Number of Health Graduates","2021","2021","11","11","02","Public sector","702","Social Care","Number",""
"HGO14C01","Number of Health Graduates","2021","2021","11","11","02","Public sector","701","Social Work","Number",""
"HGO14C01","Number of Health Graduates","2021","2021","11","11","02","Public sector","10","Speech and Language Therapy","Number",""
"HGO14C01","Number of Health Graduates","2021","2021","11","11","02","Public sector","V52","Dietetics, Optometry and Podiatry","Number",""
"HGO14C01","Number of Health Graduates","2021","2021","11","11","-","All sectors","201","Dentistry","Number",""
"HGO14C01","Number of Health Graduates","2021","2021","11","11","-","All sectors","401","Medical Science","Number",""
"HGO14C01","Number of Health Graduates","2021","2021","11","11","-","All sectors","202","Medicine","Number",""
"HGO14C01","Number of Health Graduates","2021","2021","11","11","-","All sectors","30","Nursing and Midwifery","Number",""
"HGO14C01","Number of Health Graduates","2021","2021","11","11","-","All sectors","501","Occupational Therapy","Number",""
"HGO14C01","Number of Health Graduates","2021","2021","11","11","-","All sectors","60","Pharmacy","Number",""
"HGO14C01","Number of Health Graduates","2021","2021","11","11","-","All sectors","504","Physiotherapy","Number",""
"HGO14C01","Number of Health Graduates","2021","2021","11","11","-","All sectors","402","Radiography and Radiation Therapy","Number",""
"HGO14C01","Number of Health Graduates","2021","2021","11","11","-","All sectors","702","Social Care","Number",""
"HGO14C01","Number of Health Graduates","2021","2021","11","11","-","All sectors","701","Social Work","Number",""
"HGO14C01","Number of Health Graduates","2021","2021","11","11","-","All sectors","10","Speech and Language Therapy","Number",""
"HGO14C01","Number of Health Graduates","2021","2021","11","11","-","All sectors","V52","Dietetics, Optometry and Podiatry","Number",""
"HGO14C01","Number of Health Graduates","2021","2021","12","12","01","Private sector","201","Dentistry","Number",""
"HGO14C01","Number of Health Graduates","2021","2021","12","12","01","Private sector","401","Medical Science","Number",""
"HGO14C01","Number of Health Graduates","2021","2021","12","12","01","Private sector","202","Medicine","Number",""
"HGO14C01","Number of Health Graduates","2021","2021","12","12","01","Private sector","30","Nursing and Midwifery","Number",""
"HGO14C01","Number of Health Graduates","2021","2021","12","12","01","Private sector","501","Occupational Therapy","Number",""
"HGO14C01","Number of Health Graduates","2021","2021","12","12","01","Private sector","60","Pharmacy","Number",""
"HGO14C01","Number of Health Graduates","2021","2021","12","12","01","Private sector","504","Physiotherapy","Number",""
"HGO14C01","Number of Health Graduates","2021","2021","12","12","01","Private sector","402","Radiography and Radiation Therapy","Number",""
"HGO14C01","Number of Health Graduates","2021","2021","12","12","01","Private sector","702","Social Care","Number",""
"HGO14C01","Number of Health Graduates","2021","2021","12","12","01","Private sector","701","Social Work","Number",""
"HGO14C01","Number of Health Graduates","2021","2021","12","12","01","Private sector","10","Speech and Language Therapy","Number",""
"HGO14C01","Number of Health Graduates","2021","2021","12","12","01","Private sector","V52","Dietetics, Optometry and Podiatry","Number",""
"HGO14C01","Number of Health Graduates","2021","2021","12","12","02","Public sector","201","Dentistry","Number",""
"HGO14C01","Number of Health Graduates","2021","2021","12","12","02","Public sector","401","Medical Science","Number",""
"HGO14C01","Number of Health Graduates","2021","2021","12","12","02","Public sector","202","Medicine","Number",""
"HGO14C01","Number of Health Graduates","2021","2021","12","12","02","Public sector","30","Nursing and Midwifery","Number",""
"HGO14C01","Number of Health Graduates","2021","2021","12","12","02","Public sector","501","Occupational Therapy","Number",""
"HGO14C01","Number of Health Graduates","2021","2021","12","12","02","Public sector","60","Pharmacy","Number",""
"HGO14C01","Number of Health Graduates","2021","2021","12","12","02","Public sector","504","Physiotherapy","Number",""
"HGO14C01","Number of Health Graduates","2021","2021","12","12","02","Public sector","402","Radiography and Radiation Therapy","Number",""
"HGO14C01","Number of Health Graduates","2021","2021","12","12","02","Public sector","702","Social Care","Number",""
"HGO14C01","Number of Health Graduates","2021","2021","12","12","02","Public sector","701","Social Work","Number",""
"HGO14C01","Number of Health Graduates","2021","2021","12","12","02","Public sector","10","Speech and Language Therapy","Number",""
"HGO14C01","Number of Health Graduates","2021","2021","12","12","02","Public sector","V52","Dietetics, Optometry and Podiatry","Number",""
"HGO14C01","Number of Health Graduates","2021","2021","12","12","-","All sectors","201","Dentistry","Number",""
"HGO14C01","Number of Health Graduates","2021","2021","12","12","-","All sectors","401","Medical Science","Number",""
"HGO14C01","Number of Health Graduates","2021","2021","12","12","-","All sectors","202","Medicine","Number",""
"HGO14C01","Number of Health Graduates","2021","2021","12","12","-","All sectors","30","Nursing and Midwifery","Number",""
"HGO14C01","Number of Health Graduates","2021","2021","12","12","-","All sectors","501","Occupational Therapy","Number",""
"HGO14C01","Number of Health Graduates","2021","2021","12","12","-","All sectors","60","Pharmacy","Number",""
"HGO14C01","Number of Health Graduates","2021","2021","12","12","-","All sectors","504","Physiotherapy","Number",""
"HGO14C01","Number of Health Graduates","2021","2021","12","12","-","All sectors","402","Radiography and Radiation Therapy","Number",""
"HGO14C01","Number of Health Graduates","2021","2021","12","12","-","All sectors","702","Social Care","Number",""
"HGO14C01","Number of Health Graduates","2021","2021","12","12","-","All sectors","701","Social Work","Number",""
"HGO14C01","Number of Health Graduates","2021","2021","12","12","-","All sectors","10","Speech and Language Therapy","Number",""
"HGO14C01","Number of Health Graduates","2021","2021","12","12","-","All sectors","V52","Dietetics, Optometry and Podiatry","Number",""
"HGO14C01","Number of Health Graduates","2021","2021","13","13","01","Private sector","201","Dentistry","Number",""
"HGO14C01","Number of Health Graduates","2021","2021","13","13","01","Private sector","401","Medical Science","Number",""
"HGO14C01","Number of Health Graduates","2021","2021","13","13","01","Private sector","202","Medicine","Number",""
"HGO14C01","Number of Health Graduates","2021","2021","13","13","01","Private sector","30","Nursing and Midwifery","Number",""
"HGO14C01","Number of Health Graduates","2021","2021","13","13","01","Private sector","501","Occupational Therapy","Number",""
"HGO14C01","Number of Health Graduates","2021","2021","13","13","01","Private sector","60","Pharmacy","Number",""
"HGO14C01","Number of Health Graduates","2021","2021","13","13","01","Private sector","504","Physiotherapy","Number",""
"HGO14C01","Number of Health Graduates","2021","2021","13","13","01","Private sector","402","Radiography and Radiation Therapy","Number",""
"HGO14C01","Number of Health Graduates","2021","2021","13","13","01","Private sector","702","Social Care","Number",""
"HGO14C01","Number of Health Graduates","2021","2021","13","13","01","Private sector","701","Social Work","Number",""
"HGO14C01","Number of Health Graduates","2021","2021","13","13","01","Private sector","10","Speech and Language Therapy","Number",""
"HGO14C01","Number of Health Graduates","2021","2021","13","13","01","Private sector","V52","Dietetics, Optometry and Podiatry","Number",""
"HGO14C01","Number of Health Graduates","2021","2021","13","13","02","Public sector","201","Dentistry","Number",""
"HGO14C01","Number of Health Graduates","2021","2021","13","13","02","Public sector","401","Medical Science","Number",""
"HGO14C01","Number of Health Graduates","2021","2021","13","13","02","Public sector","202","Medicine","Number",""
"HGO14C01","Number of Health Graduates","2021","2021","13","13","02","Public sector","30","Nursing and Midwifery","Number",""
"HGO14C01","Number of Health Graduates","2021","2021","13","13","02","Public sector","501","Occupational Therapy","Number",""
"HGO14C01","Number of Health Graduates","2021","2021","13","13","02","Public sector","60","Pharmacy","Number",""
"HGO14C01","Number of Health Graduates","2021","2021","13","13","02","Public sector","504","Physiotherapy","Number",""
"HGO14C01","Number of Health Graduates","2021","2021","13","13","02","Public sector","402","Radiography and Radiation Therapy","Number",""
"HGO14C01","Number of Health Graduates","2021","2021","13","13","02","Public sector","702","Social Care","Number",""
"HGO14C01","Number of Health Graduates","2021","2021","13","13","02","Public sector","701","Social Work","Number",""
"HGO14C01","Number of Health Graduates","2021","2021","13","13","02","Public sector","10","Speech and Language Therapy","Number",""
"HGO14C01","Number of Health Graduates","2021","2021","13","13","02","Public sector","V52","Dietetics, Optometry and Podiatry","Number",""
"HGO14C01","Number of Health Graduates","2021","2021","13","13","-","All sectors","201","Dentistry","Number",""
"HGO14C01","Number of Health Graduates","2021","2021","13","13","-","All sectors","401","Medical Science","Number",""
"HGO14C01","Number of Health Graduates","2021","2021","13","13","-","All sectors","202","Medicine","Number",""
"HGO14C01","Number of Health Graduates","2021","2021","13","13","-","All sectors","30","Nursing and Midwifery","Number",""
"HGO14C01","Number of Health Graduates","2021","2021","13","13","-","All sectors","501","Occupational Therapy","Number",""
"HGO14C01","Number of Health Graduates","2021","2021","13","13","-","All sectors","60","Pharmacy","Number",""
"HGO14C01","Number of Health Graduates","2021","2021","13","13","-","All sectors","504","Physiotherapy","Number",""
"HGO14C01","Number of Health Graduates","2021","2021","13","13","-","All sectors","402","Radiography and Radiation Therapy","Number",""
"HGO14C01","Number of Health Graduates","2021","2021","13","13","-","All sectors","702","Social Care","Number",""
"HGO14C01","Number of Health Graduates","2021","2021","13","13","-","All sectors","701","Social Work","Number",""
"HGO14C01","Number of Health Graduates","2021","2021","13","13","-","All sectors","10","Speech and Language Therapy","Number",""
"HGO14C01","Number of Health Graduates","2021","2021","13","13","-","All sectors","V52","Dietetics, Optometry and Podiatry","Number",""
"HGO14C01","Number of Health Graduates","2022","2022","01","1","01","Private sector","201","Dentistry","Number","3"
"HGO14C01","Number of Health Graduates","2022","2022","01","1","01","Private sector","401","Medical Science","Number","9"
"HGO14C01","Number of Health Graduates","2022","2022","01","1","01","Private sector","202","Medicine","Number","9"
"HGO14C01","Number of Health Graduates","2022","2022","01","1","01","Private sector","30","Nursing and Midwifery","Number","234"
"HGO14C01","Number of Health Graduates","2022","2022","01","1","01","Private sector","501","Occupational Therapy","Number","36"
"HGO14C01","Number of Health Graduates","2022","2022","01","1","01","Private sector","60","Pharmacy","Number","129"
"HGO14C01","Number of Health Graduates","2022","2022","01","1","01","Private sector","504","Physiotherapy","Number","66"
"HGO14C01","Number of Health Graduates","2022","2022","01","1","01","Private sector","402","Radiography and Radiation Therapy","Number","21"
"HGO14C01","Number of Health Graduates","2022","2022","01","1","01","Private sector","702","Social Care","Number","885"
"HGO14C01","Number of Health Graduates","2022","2022","01","1","01","Private sector","701","Social Work","Number","57"
"HGO14C01","Number of Health Graduates","2022","2022","01","1","01","Private sector","10","Speech and Language Therapy","Number","45"
"HGO14C01","Number of Health Graduates","2022","2022","01","1","01","Private sector","V52","Dietetics, Optometry and Podiatry","Number","54"
"HGO14C01","Number of Health Graduates","2022","2022","01","1","02","Public sector","201","Dentistry","Number","6"
"HGO14C01","Number of Health Graduates","2022","2022","01","1","02","Public sector","401","Medical Science","Number","60"
"HGO14C01","Number of Health Graduates","2022","2022","01","1","02","Public sector","202","Medicine","Number","609"
"HGO14C01","Number of Health Graduates","2022","2022","01","1","02","Public sector","30","Nursing and Midwifery","Number","1149"
"HGO14C01","Number of Health Graduates","2022","2022","01","1","02","Public sector","501","Occupational Therapy","Number","63"
"HGO14C01","Number of Health Graduates","2022","2022","01","1","02","Public sector","60","Pharmacy","Number","15"
"HGO14C01","Number of Health Graduates","2022","2022","01","1","02","Public sector","504","Physiotherapy","Number","108"
"HGO14C01","Number of Health Graduates","2022","2022","01","1","02","Public sector","402","Radiography and Radiation Therapy","Number","114"
"HGO14C01","Number of Health Graduates","2022","2022","01","1","02","Public sector","702","Social Care","Number","234"
"HGO14C01","Number of Health Graduates","2022","2022","01","1","02","Public sector","701","Social Work","Number","141"
"HGO14C01","Number of Health Graduates","2022","2022","01","1","02","Public sector","10","Speech and Language Therapy","Number","51"
"HGO14C01","Number of Health Graduates","2022","2022","01","1","02","Public sector","V52","Dietetics, Optometry and Podiatry","Number","51"
"HGO14C01","Number of Health Graduates","2022","2022","01","1","-","All sectors","201","Dentistry","Number","9"
"HGO14C01","Number of Health Graduates","2022","2022","01","1","-","All sectors","401","Medical Science","Number","69"
"HGO14C01","Number of Health Graduates","2022","2022","01","1","-","All sectors","202","Medicine","Number","618"
"HGO14C01","Number of Health Graduates","2022","2022","01","1","-","All sectors","30","Nursing and Midwifery","Number","1383"
"HGO14C01","Number of Health Graduates","2022","2022","01","1","-","All sectors","501","Occupational Therapy","Number","99"
"HGO14C01","Number of Health Graduates","2022","2022","01","1","-","All sectors","60","Pharmacy","Number","144"
"HGO14C01","Number of Health Graduates","2022","2022","01","1","-","All sectors","504","Physiotherapy","Number","174"
"HGO14C01","Number of Health Graduates","2022","2022","01","1","-","All sectors","402","Radiography and Radiation Therapy","Number","135"
"HGO14C01","Number of Health Graduates","2022","2022","01","1","-","All sectors","702","Social Care","Number","1119"
"HGO14C01","Number of Health Graduates","2022","2022","01","1","-","All sectors","701","Social Work","Number","198"
"HGO14C01","Number of Health Graduates","2022","2022","01","1","-","All sectors","10","Speech and Language Therapy","Number","96"
"HGO14C01","Number of Health Graduates","2022","2022","01","1","-","All sectors","V52","Dietetics, Optometry and Podiatry","Number","105"
"HGO14C01","Number of Health Graduates","2022","2022","02","2","01","Private sector","201","Dentistry","Number",""
"HGO14C01","Number of Health Graduates","2022","2022","02","2","01","Private sector","401","Medical Science","Number",""
"HGO14C01","Number of Health Graduates","2022","2022","02","2","01","Private sector","202","Medicine","Number",""
"HGO14C01","Number of Health Graduates","2022","2022","02","2","01","Private sector","30","Nursing and Midwifery","Number",""
"HGO14C01","Number of Health Graduates","2022","2022","02","2","01","Private sector","501","Occupational Therapy","Number",""
"HGO14C01","Number of Health Graduates","2022","2022","02","2","01","Private sector","60","Pharmacy","Number",""
"HGO14C01","Number of Health Graduates","2022","2022","02","2","01","Private sector","504","Physiotherapy","Number",""
"HGO14C01","Number of Health Graduates","2022","2022","02","2","01","Private sector","402","Radiography and Radiation Therapy","Number",""
"HGO14C01","Number of Health Graduates","2022","2022","02","2","01","Private sector","702","Social Care","Number",""
"HGO14C01","Number of Health Graduates","2022","2022","02","2","01","Private sector","701","Social Work","Number",""
"HGO14C01","Number of Health Graduates","2022","2022","02","2","01","Private sector","10","Speech and Language Therapy","Number",""
"HGO14C01","Number of Health Graduates","2022","2022","02","2","01","Private sector","V52","Dietetics, Optometry and Podiatry","Number",""
"HGO14C01","Number of Health Graduates","2022","2022","02","2","02","Public sector","201","Dentistry","Number",""
"HGO14C01","Number of Health Graduates","2022","2022","02","2","02","Public sector","401","Medical Science","Number",""
"HGO14C01","Number of Health Graduates","2022","2022","02","2","02","Public sector","202","Medicine","Number",""
"HGO14C01","Number of Health Graduates","2022","2022","02","2","02","Public sector","30","Nursing and Midwifery","Number",""
"HGO14C01","Number of Health Graduates","2022","2022","02","2","02","Public sector","501","Occupational Therapy","Number",""
"HGO14C01","Number of Health Graduates","2022","2022","02","2","02","Public sector","60","Pharmacy","Number",""
"HGO14C01","Number of Health Graduates","2022","2022","02","2","02","Public sector","504","Physiotherapy","Number",""
"HGO14C01","Number of Health Graduates","2022","2022","02","2","02","Public sector","402","Radiography and Radiation Therapy","Number",""
"HGO14C01","Number of Health Graduates","2022","2022","02","2","02","Public sector","702","Social Care","Number",""
"HGO14C01","Number of Health Graduates","2022","2022","02","2","02","Public sector","701","Social Work","Number",""
"HGO14C01","Number of Health Graduates","2022","2022","02","2","02","Public sector","10","Speech and Language Therapy","Number",""
"HGO14C01","Number of Health Graduates","2022","2022","02","2","02","Public sector","V52","Dietetics, Optometry and Podiatry","Number",""
"HGO14C01","Number of Health Graduates","2022","2022","02","2","-","All sectors","201","Dentistry","Number",""
"HGO14C01","Number of Health Graduates","2022","2022","02","2","-","All sectors","401","Medical Science","Number",""
"HGO14C01","Number of Health Graduates","2022","2022","02","2","-","All sectors","202","Medicine","Number",""
"HGO14C01","Number of Health Graduates","2022","2022","02","2","-","All sectors","30","Nursing and Midwifery","Number",""
"HGO14C01","Number of Health Graduates","2022","2022","02","2","-","All sectors","501","Occupational Therapy","Number",""
"HGO14C01","Number of Health Graduates","2022","2022","02","2","-","All sectors","60","Pharmacy","Number",""
"HGO14C01","Number of Health Graduates","2022","2022","02","2","-","All sectors","504","Physiotherapy","Number",""
"HGO14C01","Number of Health Graduates","2022","2022","02","2","-","All sectors","402","Radiography and Radiation Therapy","Number",""
"HGO14C01","Number of Health Graduates","2022","2022","02","2","-","All sectors","702","Social Care","Number",""
"HGO14C01","Number of Health Graduates","2022","2022","02","2","-","All sectors","701","Social Work","Number",""
"HGO14C01","Number of Health Graduates","2022","2022","02","2","-","All sectors","10","Speech and Language Therapy","Number",""
"HGO14C01","Number of Health Graduates","2022","2022","02","2","-","All sectors","V52","Dietetics, Optometry and Podiatry","Number",""
"HGO14C01","Number of Health Graduates","2022","2022","03","3","01","Private sector","201","Dentistry","Number",""
"HGO14C01","Number of Health Graduates","2022","2022","03","3","01","Private sector","401","Medical Science","Number",""
"HGO14C01","Number of Health Graduates","2022","2022","03","3","01","Private sector","202","Medicine","Number",""
"HGO14C01","Number of Health Graduates","2022","2022","03","3","01","Private sector","30","Nursing and Midwifery","Number",""
"HGO14C01","Number of Health Graduates","2022","2022","03","3","01","Private sector","501","Occupational Therapy","Number",""
"HGO14C01","Number of Health Graduates","2022","2022","03","3","01","Private sector","60","Pharmacy","Number",""
"HGO14C01","Number of Health Graduates","2022","2022","03","3","01","Private sector","504","Physiotherapy","Number",""
"HGO14C01","Number of Health Graduates","2022","2022","03","3","01","Private sector","402","Radiography and Radiation Therapy","Number",""
"HGO14C01","Number of Health Graduates","2022","2022","03","3","01","Private sector","702","Social Care","Number",""
"HGO14C01","Number of Health Graduates","2022","2022","03","3","01","Private sector","701","Social Work","Number",""
"HGO14C01","Number of Health Graduates","2022","2022","03","3","01","Private sector","10","Speech and Language Therapy","Number",""
"HGO14C01","Number of Health Graduates","2022","2022","03","3","01","Private sector","V52","Dietetics, Optometry and Podiatry","Number",""
"HGO14C01","Number of Health Graduates","2022","2022","03","3","02","Public sector","201","Dentistry","Number",""
"HGO14C01","Number of Health Graduates","2022","2022","03","3","02","Public sector","401","Medical Science","Number",""
"HGO14C01","Number of Health Graduates","2022","2022","03","3","02","Public sector","202","Medicine","Number",""
"HGO14C01","Number of Health Graduates","2022","2022","03","3","02","Public sector","30","Nursing and Midwifery","Number",""
"HGO14C01","Number of Health Graduates","2022","2022","03","3","02","Public sector","501","Occupational Therapy","Number",""
"HGO14C01","Number of Health Graduates","2022","2022","03","3","02","Public sector","60","Pharmacy","Number",""
"HGO14C01","Number of Health Graduates","2022","2022","03","3","02","Public sector","504","Physiotherapy","Number",""
"HGO14C01","Number of Health Graduates","2022","2022","03","3","02","Public sector","402","Radiography and Radiation Therapy","Number",""
"HGO14C01","Number of Health Graduates","2022","2022","03","3","02","Public sector","702","Social Care","Number",""
"HGO14C01","Number of Health Graduates","2022","2022","03","3","02","Public sector","701","Social Work","Number",""
"HGO14C01","Number of Health Graduates","2022","2022","03","3","02","Public sector","10","Speech and Language Therapy","Number",""
"HGO14C01","Number of Health Graduates","2022","2022","03","3","02","Public sector","V52","Dietetics, Optometry and Podiatry","Number",""
"HGO14C01","Number of Health Graduates","2022","2022","03","3","-","All sectors","201","Dentistry","Number",""
"HGO14C01","Number of Health Graduates","2022","2022","03","3","-","All sectors","401","Medical Science","Number",""
"HGO14C01","Number of Health Graduates","2022","2022","03","3","-","All sectors","202","Medicine","Number",""
"HGO14C01","Number of Health Graduates","2022","2022","03","3","-","All sectors","30","Nursing and Midwifery","Number",""
"HGO14C01","Number of Health Graduates","2022","2022","03","3","-","All sectors","501","Occupational Therapy","Number",""
"HGO14C01","Number of Health Graduates","2022","2022","03","3","-","All sectors","60","Pharmacy","Number",""
"HGO14C01","Number of Health Graduates","2022","2022","03","3","-","All sectors","504","Physiotherapy","Number",""
"HGO14C01","Number of Health Graduates","2022","2022","03","3","-","All sectors","402","Radiography and Radiation Therapy","Number",""
"HGO14C01","Number of Health Graduates","2022","2022","03","3","-","All sectors","702","Social Care","Number",""
"HGO14C01","Number of Health Graduates","2022","2022","03","3","-","All sectors","701","Social Work","Number",""
"HGO14C01","Number of Health Graduates","2022","2022","03","3","-","All sectors","10","Speech and Language Therapy","Number",""
"HGO14C01","Number of Health Graduates","2022","2022","03","3","-","All sectors","V52","Dietetics, Optometry and Podiatry","Number",""
"HGO14C01","Number of Health Graduates","2022","2022","04","4","01","Private sector","201","Dentistry","Number",""
"HGO14C01","Number of Health Graduates","2022","2022","04","4","01","Private sector","401","Medical Science","Number",""
"HGO14C01","Number of Health Graduates","2022","2022","04","4","01","Private sector","202","Medicine","Number",""
"HGO14C01","Number of Health Graduates","2022","2022","04","4","01","Private sector","30","Nursing and Midwifery","Number",""
"HGO14C01","Number of Health Graduates","2022","2022","04","4","01","Private sector","501","Occupational Therapy","Number",""
"HGO14C01","Number of Health Graduates","2022","2022","04","4","01","Private sector","60","Pharmacy","Number",""
"HGO14C01","Number of Health Graduates","2022","2022","04","4","01","Private sector","504","Physiotherapy","Number",""
"HGO14C01","Number of Health Graduates","2022","2022","04","4","01","Private sector","402","Radiography and Radiation Therapy","Number",""
"HGO14C01","Number of Health Graduates","2022","2022","04","4","01","Private sector","702","Social Care","Number",""
"HGO14C01","Number of Health Graduates","2022","2022","04","4","01","Private sector","701","Social Work","Number",""
"HGO14C01","Number of Health Graduates","2022","2022","04","4","01","Private sector","10","Speech and Language Therapy","Number",""
"HGO14C01","Number of Health Graduates","2022","2022","04","4","01","Private sector","V52","Dietetics, Optometry and Podiatry","Number",""
"HGO14C01","Number of Health Graduates","2022","2022","04","4","02","Public sector","201","Dentistry","Number",""
"HGO14C01","Number of Health Graduates","2022","2022","04","4","02","Public sector","401","Medical Science","Number",""
"HGO14C01","Number of Health Graduates","2022","2022","04","4","02","Public sector","202","Medicine","Number",""
"HGO14C01","Number of Health Graduates","2022","2022","04","4","02","Public sector","30","Nursing and Midwifery","Number",""
"HGO14C01","Number of Health Graduates","2022","2022","04","4","02","Public sector","501","Occupational Therapy","Number",""
"HGO14C01","Number of Health Graduates","2022","2022","04","4","02","Public sector","60","Pharmacy","Number",""
"HGO14C01","Number of Health Graduates","2022","2022","04","4","02","Public sector","504","Physiotherapy","Number",""
"HGO14C01","Number of Health Graduates","2022","2022","04","4","02","Public sector","402","Radiography and Radiation Therapy","Number",""
"HGO14C01","Number of Health Graduates","2022","2022","04","4","02","Public sector","702","Social Care","Number",""
"HGO14C01","Number of Health Graduates","2022","2022","04","4","02","Public sector","701","Social Work","Number",""
"HGO14C01","Number of Health Graduates","2022","2022","04","4","02","Public sector","10","Speech and Language Therapy","Number",""
"HGO14C01","Number of Health Graduates","2022","2022","04","4","02","Public sector","V52","Dietetics, Optometry and Podiatry","Number",""
"HGO14C01","Number of Health Graduates","2022","2022","04","4","-","All sectors","201","Dentistry","Number",""
"HGO14C01","Number of Health Graduates","2022","2022","04","4","-","All sectors","401","Medical Science","Number",""
"HGO14C01","Number of Health Graduates","2022","2022","04","4","-","All sectors","202","Medicine","Number",""
"HGO14C01","Number of Health Graduates","2022","2022","04","4","-","All sectors","30","Nursing and Midwifery","Number",""
"HGO14C01","Number of Health Graduates","2022","2022","04","4","-","All sectors","501","Occupational Therapy","Number",""
"HGO14C01","Number of Health Graduates","2022","2022","04","4","-","All sectors","60","Pharmacy","Number",""
"HGO14C01","Number of Health Graduates","2022","2022","04","4","-","All sectors","504","Physiotherapy","Number",""
"HGO14C01","Number of Health Graduates","2022","2022","04","4","-","All sectors","402","Radiography and Radiation Therapy","Number",""
"HGO14C01","Number of Health Graduates","2022","2022","04","4","-","All sectors","702","Social Care","Number",""
"HGO14C01","Number of Health Graduates","2022","2022","04","4","-","All sectors","701","Social Work","Number",""
"HGO14C01","Number of Health Graduates","2022","2022","04","4","-","All sectors","10","Speech and Language Therapy","Number",""
"HGO14C01","Number of Health Graduates","2022","2022","04","4","-","All sectors","V52","Dietetics, Optometry and Podiatry","Number",""
"HGO14C01","Number of Health Graduates","2022","2022","05","5","01","Private sector","201","Dentistry","Number",""
"HGO14C01","Number of Health Graduates","2022","2022","05","5","01","Private sector","401","Medical Science","Number",""
"HGO14C01","Number of Health Graduates","2022","2022","05","5","01","Private sector","202","Medicine","Number",""
"HGO14C01","Number of Health Graduates","2022","2022","05","5","01","Private sector","30","Nursing and Midwifery","Number",""
"HGO14C01","Number of Health Graduates","2022","2022","05","5","01","Private sector","501","Occupational Therapy","Number",""
"HGO14C01","Number of Health Graduates","2022","2022","05","5","01","Private sector","60","Pharmacy","Number",""
"HGO14C01","Number of Health Graduates","2022","2022","05","5","01","Private sector","504","Physiotherapy","Number",""
"HGO14C01","Number of Health Graduates","2022","2022","05","5","01","Private sector","402","Radiography and Radiation Therapy","Number",""
"HGO14C01","Number of Health Graduates","2022","2022","05","5","01","Private sector","702","Social Care","Number",""
"HGO14C01","Number of Health Graduates","2022","2022","05","5","01","Private sector","701","Social Work","Number",""
"HGO14C01","Number of Health Graduates","2022","2022","05","5","01","Private sector","10","Speech and Language Therapy","Number",""
"HGO14C01","Number of Health Graduates","2022","2022","05","5","01","Private sector","V52","Dietetics, Optometry and Podiatry","Number",""
"HGO14C01","Number of Health Graduates","2022","2022","05","5","02","Public sector","201","Dentistry","Number",""
"HGO14C01","Number of Health Graduates","2022","2022","05","5","02","Public sector","401","Medical Science","Number",""
"HGO14C01","Number of Health Graduates","2022","2022","05","5","02","Public sector","202","Medicine","Number",""
"HGO14C01","Number of Health Graduates","2022","2022","05","5","02","Public sector","30","Nursing and Midwifery","Number",""
"HGO14C01","Number of Health Graduates","2022","2022","05","5","02","Public sector","501","Occupational Therapy","Number",""
"HGO14C01","Number of Health Graduates","2022","2022","05","5","02","Public sector","60","Pharmacy","Number",""
"HGO14C01","Number of Health Graduates","2022","2022","05","5","02","Public sector","504","Physiotherapy","Number",""
"HGO14C01","Number of Health Graduates","2022","2022","05","5","02","Public sector","402","Radiography and Radiation Therapy","Number",""
"HGO14C01","Number of Health Graduates","2022","2022","05","5","02","Public sector","702","Social Care","Number",""
"HGO14C01","Number of Health Graduates","2022","2022","05","5","02","Public sector","701","Social Work","Number",""
"HGO14C01","Number of Health Graduates","2022","2022","05","5","02","Public sector","10","Speech and Language Therapy","Number",""
"HGO14C01","Number of Health Graduates","2022","2022","05","5","02","Public sector","V52","Dietetics, Optometry and Podiatry","Number",""
"HGO14C01","Number of Health Graduates","2022","2022","05","5","-","All sectors","201","Dentistry","Number",""
"HGO14C01","Number of Health Graduates","2022","2022","05","5","-","All sectors","401","Medical Science","Number",""
"HGO14C01","Number of Health Graduates","2022","2022","05","5","-","All sectors","202","Medicine","Number",""
"HGO14C01","Number of Health Graduates","2022","2022","05","5","-","All sectors","30","Nursing and Midwifery","Number",""
"HGO14C01","Number of Health Graduates","2022","2022","05","5","-","All sectors","501","Occupational Therapy","Number",""
"HGO14C01","Number of Health Graduates","2022","2022","05","5","-","All sectors","60","Pharmacy","Number",""
"HGO14C01","Number of Health Graduates","2022","2022","05","5","-","All sectors","504","Physiotherapy","Number",""
"HGO14C01","Number of Health Graduates","2022","2022","05","5","-","All sectors","402","Radiography and Radiation Therapy","Number",""
"HGO14C01","Number of Health Graduates","2022","2022","05","5","-","All sectors","702","Social Care","Number",""
"HGO14C01","Number of Health Graduates","2022","2022","05","5","-","All sectors","701","Social Work","Number",""
"HGO14C01","Number of Health Graduates","2022","2022","05","5","-","All sectors","10","Speech and Language Therapy","Number",""
"HGO14C01","Number of Health Graduates","2022","2022","05","5","-","All sectors","V52","Dietetics, Optometry and Podiatry","Number",""
"HGO14C01","Number of Health Graduates","2022","2022","06","6","01","Private sector","201","Dentistry","Number",""
"HGO14C01","Number of Health Graduates","2022","2022","06","6","01","Private sector","401","Medical Science","Number",""
"HGO14C01","Number of Health Graduates","2022","2022","06","6","01","Private sector","202","Medicine","Number",""
"HGO14C01","Number of Health Graduates","2022","2022","06","6","01","Private sector","30","Nursing and Midwifery","Number",""
"HGO14C01","Number of Health Graduates","2022","2022","06","6","01","Private sector","501","Occupational Therapy","Number",""
"HGO14C01","Number of Health Graduates","2022","2022","06","6","01","Private sector","60","Pharmacy","Number",""
"HGO14C01","Number of Health Graduates","2022","2022","06","6","01","Private sector","504","Physiotherapy","Number",""
"HGO14C01","Number of Health Graduates","2022","2022","06","6","01","Private sector","402","Radiography and Radiation Therapy","Number",""
"HGO14C01","Number of Health Graduates","2022","2022","06","6","01","Private sector","702","Social Care","Number",""
"HGO14C01","Number of Health Graduates","2022","2022","06","6","01","Private sector","701","Social Work","Number",""
"HGO14C01","Number of Health Graduates","2022","2022","06","6","01","Private sector","10","Speech and Language Therapy","Number",""
"HGO14C01","Number of Health Graduates","2022","2022","06","6","01","Private sector","V52","Dietetics, Optometry and Podiatry","Number",""
"HGO14C01","Number of Health Graduates","2022","2022","06","6","02","Public sector","201","Dentistry","Number",""
"HGO14C01","Number of Health Graduates","2022","2022","06","6","02","Public sector","401","Medical Science","Number",""
"HGO14C01","Number of Health Graduates","2022","2022","06","6","02","Public sector","202","Medicine","Number",""
"HGO14C01","Number of Health Graduates","2022","2022","06","6","02","Public sector","30","Nursing and Midwifery","Number",""
"HGO14C01","Number of Health Graduates","2022","2022","06","6","02","Public sector","501","Occupational Therapy","Number",""
"HGO14C01","Number of Health Graduates","2022","2022","06","6","02","Public sector","60","Pharmacy","Number",""
"HGO14C01","Number of Health Graduates","2022","2022","06","6","02","Public sector","504","Physiotherapy","Number",""
"HGO14C01","Number of Health Graduates","2022","2022","06","6","02","Public sector","402","Radiography and Radiation Therapy","Number",""
"HGO14C01","Number of Health Graduates","2022","2022","06","6","02","Public sector","702","Social Care","Number",""
"HGO14C01","Number of Health Graduates","2022","2022","06","6","02","Public sector","701","Social Work","Number",""
"HGO14C01","Number of Health Graduates","2022","2022","06","6","02","Public sector","10","Speech and Language Therapy","Number",""
"HGO14C01","Number of Health Graduates","2022","2022","06","6","02","Public sector","V52","Dietetics, Optometry and Podiatry","Number",""
"HGO14C01","Number of Health Graduates","2022","2022","06","6","-","All sectors","201","Dentistry","Number",""
"HGO14C01","Number of Health Graduates","2022","2022","06","6","-","All sectors","401","Medical Science","Number",""
"HGO14C01","Number of Health Graduates","2022","2022","06","6","-","All sectors","202","Medicine","Number",""
"HGO14C01","Number of Health Graduates","2022","2022","06","6","-","All sectors","30","Nursing and Midwifery","Number",""
"HGO14C01","Number of Health Graduates","2022","2022","06","6","-","All sectors","501","Occupational Therapy","Number",""
"HGO14C01","Number of Health Graduates","2022","2022","06","6","-","All sectors","60","Pharmacy","Number",""
"HGO14C01","Number of Health Graduates","2022","2022","06","6","-","All sectors","504","Physiotherapy","Number",""
"HGO14C01","Number of Health Graduates","2022","2022","06","6","-","All sectors","402","Radiography and Radiation Therapy","Number",""
"HGO14C01","Number of Health Graduates","2022","2022","06","6","-","All sectors","702","Social Care","Number",""
"HGO14C01","Number of Health Graduates","2022","2022","06","6","-","All sectors","701","Social Work","Number",""
"HGO14C01","Number of Health Graduates","2022","2022","06","6","-","All sectors","10","Speech and Language Therapy","Number",""
"HGO14C01","Number of Health Graduates","2022","2022","06","6","-","All sectors","V52","Dietetics, Optometry and Podiatry","Number",""
"HGO14C01","Number of Health Graduates","2022","2022","07","7","01","Private sector","201","Dentistry","Number",""
"HGO14C01","Number of Health Graduates","2022","2022","07","7","01","Private sector","401","Medical Science","Number",""
"HGO14C01","Number of Health Graduates","2022","2022","07","7","01","Private sector","202","Medicine","Number",""
"HGO14C01","Number of Health Graduates","2022","2022","07","7","01","Private sector","30","Nursing and Midwifery","Number",""
"HGO14C01","Number of Health Graduates","2022","2022","07","7","01","Private sector","501","Occupational Therapy","Number",""
"HGO14C01","Number of Health Graduates","2022","2022","07","7","01","Private sector","60","Pharmacy","Number",""
"HGO14C01","Number of Health Graduates","2022","2022","07","7","01","Private sector","504","Physiotherapy","Number",""
"HGO14C01","Number of Health Graduates","2022","2022","07","7","01","Private sector","402","Radiography and Radiation Therapy","Number",""
"HGO14C01","Number of Health Graduates","2022","2022","07","7","01","Private sector","702","Social Care","Number",""
"HGO14C01","Number of Health Graduates","2022","2022","07","7","01","Private sector","701","Social Work","Number",""
"HGO14C01","Number of Health Graduates","2022","2022","07","7","01","Private sector","10","Speech and Language Therapy","Number",""
"HGO14C01","Number of Health Graduates","2022","2022","07","7","01","Private sector","V52","Dietetics, Optometry and Podiatry","Number",""
"HGO14C01","Number of Health Graduates","2022","2022","07","7","02","Public sector","201","Dentistry","Number",""
"HGO14C01","Number of Health Graduates","2022","2022","07","7","02","Public sector","401","Medical Science","Number",""
"HGO14C01","Number of Health Graduates","2022","2022","07","7","02","Public sector","202","Medicine","Number",""
"HGO14C01","Number of Health Graduates","2022","2022","07","7","02","Public sector","30","Nursing and Midwifery","Number",""
"HGO14C01","Number of Health Graduates","2022","2022","07","7","02","Public sector","501","Occupational Therapy","Number",""
"HGO14C01","Number of Health Graduates","2022","2022","07","7","02","Public sector","60","Pharmacy","Number",""
"HGO14C01","Number of Health Graduates","2022","2022","07","7","02","Public sector","504","Physiotherapy","Number",""
"HGO14C01","Number of Health Graduates","2022","2022","07","7","02","Public sector","402","Radiography and Radiation Therapy","Number",""
"HGO14C01","Number of Health Graduates","2022","2022","07","7","02","Public sector","702","Social Care","Number",""
"HGO14C01","Number of Health Graduates","2022","2022","07","7","02","Public sector","701","Social Work","Number",""
"HGO14C01","Number of Health Graduates","2022","2022","07","7","02","Public sector","10","Speech and Language Therapy","Number",""
"HGO14C01","Number of Health Graduates","2022","2022","07","7","02","Public sector","V52","Dietetics, Optometry and Podiatry","Number",""
"HGO14C01","Number of Health Graduates","2022","2022","07","7","-","All sectors","201","Dentistry","Number",""
"HGO14C01","Number of Health Graduates","2022","2022","07","7","-","All sectors","401","Medical Science","Number",""
"HGO14C01","Number of Health Graduates","2022","2022","07","7","-","All sectors","202","Medicine","Number",""
"HGO14C01","Number of Health Graduates","2022","2022","07","7","-","All sectors","30","Nursing and Midwifery","Number",""
"HGO14C01","Number of Health Graduates","2022","2022","07","7","-","All sectors","501","Occupational Therapy","Number",""
"HGO14C01","Number of Health Graduates","2022","2022","07","7","-","All sectors","60","Pharmacy","Number",""
"HGO14C01","Number of Health Graduates","2022","2022","07","7","-","All sectors","504","Physiotherapy","Number",""
"HGO14C01","Number of Health Graduates","2022","2022","07","7","-","All sectors","402","Radiography and Radiation Therapy","Number",""
"HGO14C01","Number of Health Graduates","2022","2022","07","7","-","All sectors","702","Social Care","Number",""
"HGO14C01","Number of Health Graduates","2022","2022","07","7","-","All sectors","701","Social Work","Number",""
"HGO14C01","Number of Health Graduates","2022","2022","07","7","-","All sectors","10","Speech and Language Therapy","Number",""
"HGO14C01","Number of Health Graduates","2022","2022","07","7","-","All sectors","V52","Dietetics, Optometry and Podiatry","Number",""
"HGO14C01","Number of Health Graduates","2022","2022","08","8","01","Private sector","201","Dentistry","Number",""
"HGO14C01","Number of Health Graduates","2022","2022","08","8","01","Private sector","401","Medical Science","Number",""
"HGO14C01","Number of Health Graduates","2022","2022","08","8","01","Private sector","202","Medicine","Number",""
"HGO14C01","Number of Health Graduates","2022","2022","08","8","01","Private sector","30","Nursing and Midwifery","Number",""
"HGO14C01","Number of Health Graduates","2022","2022","08","8","01","Private sector","501","Occupational Therapy","Number",""
"HGO14C01","Number of Health Graduates","2022","2022","08","8","01","Private sector","60","Pharmacy","Number",""
"HGO14C01","Number of Health Graduates","2022","2022","08","8","01","Private sector","504","Physiotherapy","Number",""
"HGO14C01","Number of Health Graduates","2022","2022","08","8","01","Private sector","402","Radiography and Radiation Therapy","Number",""
"HGO14C01","Number of Health Graduates","2022","2022","08","8","01","Private sector","702","Social Care","Number",""
"HGO14C01","Number of Health Graduates","2022","2022","08","8","01","Private sector","701","Social Work","Number",""
"HGO14C01","Number of Health Graduates","2022","2022","08","8","01","Private sector","10","Speech and Language Therapy","Number",""
"HGO14C01","Number of Health Graduates","2022","2022","08","8","01","Private sector","V52","Dietetics, Optometry and Podiatry","Number",""
"HGO14C01","Number of Health Graduates","2022","2022","08","8","02","Public sector","201","Dentistry","Number",""
"HGO14C01","Number of Health Graduates","2022","2022","08","8","02","Public sector","401","Medical Science","Number",""
"HGO14C01","Number of Health Graduates","2022","2022","08","8","02","Public sector","202","Medicine","Number",""
"HGO14C01","Number of Health Graduates","2022","2022","08","8","02","Public sector","30","Nursing and Midwifery","Number",""
"HGO14C01","Number of Health Graduates","2022","2022","08","8","02","Public sector","501","Occupational Therapy","Number",""
"HGO14C01","Number of Health Graduates","2022","2022","08","8","02","Public sector","60","Pharmacy","Number",""
"HGO14C01","Number of Health Graduates","2022","2022","08","8","02","Public sector","504","Physiotherapy","Number",""
"HGO14C01","Number of Health Graduates","2022","2022","08","8","02","Public sector","402","Radiography and Radiation Therapy","Number",""
"HGO14C01","Number of Health Graduates","2022","2022","08","8","02","Public sector","702","Social Care","Number",""
"HGO14C01","Number of Health Graduates","2022","2022","08","8","02","Public sector","701","Social Work","Number",""
"HGO14C01","Number of Health Graduates","2022","2022","08","8","02","Public sector","10","Speech and Language Therapy","Number",""
"HGO14C01","Number of Health Graduates","2022","2022","08","8","02","Public sector","V52","Dietetics, Optometry and Podiatry","Number",""
"HGO14C01","Number of Health Graduates","2022","2022","08","8","-","All sectors","201","Dentistry","Number",""
"HGO14C01","Number of Health Graduates","2022","2022","08","8","-","All sectors","401","Medical Science","Number",""
"HGO14C01","Number of Health Graduates","2022","2022","08","8","-","All sectors","202","Medicine","Number",""
"HGO14C01","Number of Health Graduates","2022","2022","08","8","-","All sectors","30","Nursing and Midwifery","Number",""
"HGO14C01","Number of Health Graduates","2022","2022","08","8","-","All sectors","501","Occupational Therapy","Number",""
"HGO14C01","Number of Health Graduates","2022","2022","08","8","-","All sectors","60","Pharmacy","Number",""
"HGO14C01","Number of Health Graduates","2022","2022","08","8","-","All sectors","504","Physiotherapy","Number",""
"HGO14C01","Number of Health Graduates","2022","2022","08","8","-","All sectors","402","Radiography and Radiation Therapy","Number",""
"HGO14C01","Number of Health Graduates","2022","2022","08","8","-","All sectors","702","Social Care","Number",""
"HGO14C01","Number of Health Graduates","2022","2022","08","8","-","All sectors","701","Social Work","Number",""
"HGO14C01","Number of Health Graduates","2022","2022","08","8","-","All sectors","10","Speech and Language Therapy","Number",""
"HGO14C01","Number of Health Graduates","2022","2022","08","8","-","All sectors","V52","Dietetics, Optometry and Podiatry","Number",""
"HGO14C01","Number of Health Graduates","2022","2022","09","9","01","Private sector","201","Dentistry","Number",""
"HGO14C01","Number of Health Graduates","2022","2022","09","9","01","Private sector","401","Medical Science","Number",""
"HGO14C01","Number of Health Graduates","2022","2022","09","9","01","Private sector","202","Medicine","Number",""
"HGO14C01","Number of Health Graduates","2022","2022","09","9","01","Private sector","30","Nursing and Midwifery","Number",""
"HGO14C01","Number of Health Graduates","2022","2022","09","9","01","Private sector","501","Occupational Therapy","Number",""
"HGO14C01","Number of Health Graduates","2022","2022","09","9","01","Private sector","60","Pharmacy","Number",""
"HGO14C01","Number of Health Graduates","2022","2022","09","9","01","Private sector","504","Physiotherapy","Number",""
"HGO14C01","Number of Health Graduates","2022","2022","09","9","01","Private sector","402","Radiography and Radiation Therapy","Number",""
"HGO14C01","Number of Health Graduates","2022","2022","09","9","01","Private sector","702","Social Care","Number",""
"HGO14C01","Number of Health Graduates","2022","2022","09","9","01","Private sector","701","Social Work","Number",""
"HGO14C01","Number of Health Graduates","2022","2022","09","9","01","Private sector","10","Speech and Language Therapy","Number",""
"HGO14C01","Number of Health Graduates","2022","2022","09","9","01","Private sector","V52","Dietetics, Optometry and Podiatry","Number",""
"HGO14C01","Number of Health Graduates","2022","2022","09","9","02","Public sector","201","Dentistry","Number",""
"HGO14C01","Number of Health Graduates","2022","2022","09","9","02","Public sector","401","Medical Science","Number",""
"HGO14C01","Number of Health Graduates","2022","2022","09","9","02","Public sector","202","Medicine","Number",""
"HGO14C01","Number of Health Graduates","2022","2022","09","9","02","Public sector","30","Nursing and Midwifery","Number",""
"HGO14C01","Number of Health Graduates","2022","2022","09","9","02","Public sector","501","Occupational Therapy","Number",""
"HGO14C01","Number of Health Graduates","2022","2022","09","9","02","Public sector","60","Pharmacy","Number",""
"HGO14C01","Number of Health Graduates","2022","2022","09","9","02","Public sector","504","Physiotherapy","Number",""
"HGO14C01","Number of Health Graduates","2022","2022","09","9","02","Public sector","402","Radiography and Radiation Therapy","Number",""
"HGO14C01","Number of Health Graduates","2022","2022","09","9","02","Public sector","702","Social Care","Number",""
"HGO14C01","Number of Health Graduates","2022","2022","09","9","02","Public sector","701","Social Work","Number",""
"HGO14C01","Number of Health Graduates","2022","2022","09","9","02","Public sector","10","Speech and Language Therapy","Number",""
"HGO14C01","Number of Health Graduates","2022","2022","09","9","02","Public sector","V52","Dietetics, Optometry and Podiatry","Number",""
"HGO14C01","Number of Health Graduates","2022","2022","09","9","-","All sectors","201","Dentistry","Number",""
"HGO14C01","Number of Health Graduates","2022","2022","09","9","-","All sectors","401","Medical Science","Number",""
"HGO14C01","Number of Health Graduates","2022","2022","09","9","-","All sectors","202","Medicine","Number",""
"HGO14C01","Number of Health Graduates","2022","2022","09","9","-","All sectors","30","Nursing and Midwifery","Number",""
"HGO14C01","Number of Health Graduates","2022","2022","09","9","-","All sectors","501","Occupational Therapy","Number",""
"HGO14C01","Number of Health Graduates","2022","2022","09","9","-","All sectors","60","Pharmacy","Number",""
"HGO14C01","Number of Health Graduates","2022","2022","09","9","-","All sectors","504","Physiotherapy","Number",""
"HGO14C01","Number of Health Graduates","2022","2022","09","9","-","All sectors","402","Radiography and Radiation Therapy","Number",""
"HGO14C01","Number of Health Graduates","2022","2022","09","9","-","All sectors","702","Social Care","Number",""
"HGO14C01","Number of Health Graduates","2022","2022","09","9","-","All sectors","701","Social Work","Number",""
"HGO14C01","Number of Health Graduates","2022","2022","09","9","-","All sectors","10","Speech and Language Therapy","Number",""
"HGO14C01","Number of Health Graduates","2022","2022","09","9","-","All sectors","V52","Dietetics, Optometry and Podiatry","Number",""
"HGO14C01","Number of Health Graduates","2022","2022","10","10","01","Private sector","201","Dentistry","Number",""
"HGO14C01","Number of Health Graduates","2022","2022","10","10","01","Private sector","401","Medical Science","Number",""
"HGO14C01","Number of Health Graduates","2022","2022","10","10","01","Private sector","202","Medicine","Number",""
"HGO14C01","Number of Health Graduates","2022","2022","10","10","01","Private sector","30","Nursing and Midwifery","Number",""
"HGO14C01","Number of Health Graduates","2022","2022","10","10","01","Private sector","501","Occupational Therapy","Number",""
"HGO14C01","Number of Health Graduates","2022","2022","10","10","01","Private sector","60","Pharmacy","Number",""
"HGO14C01","Number of Health Graduates","2022","2022","10","10","01","Private sector","504","Physiotherapy","Number",""
"HGO14C01","Number of Health Graduates","2022","2022","10","10","01","Private sector","402","Radiography and Radiation Therapy","Number",""
"HGO14C01","Number of Health Graduates","2022","2022","10","10","01","Private sector","702","Social Care","Number",""
"HGO14C01","Number of Health Graduates","2022","2022","10","10","01","Private sector","701","Social Work","Number",""
"HGO14C01","Number of Health Graduates","2022","2022","10","10","01","Private sector","10","Speech and Language Therapy","Number",""
"HGO14C01","Number of Health Graduates","2022","2022","10","10","01","Private sector","V52","Dietetics, Optometry and Podiatry","Number",""
"HGO14C01","Number of Health Graduates","2022","2022","10","10","02","Public sector","201","Dentistry","Number",""
"HGO14C01","Number of Health Graduates","2022","2022","10","10","02","Public sector","401","Medical Science","Number",""
"HGO14C01","Number of Health Graduates","2022","2022","10","10","02","Public sector","202","Medicine","Number",""
"HGO14C01","Number of Health Graduates","2022","2022","10","10","02","Public sector","30","Nursing and Midwifery","Number",""
"HGO14C01","Number of Health Graduates","2022","2022","10","10","02","Public sector","501","Occupational Therapy","Number",""
"HGO14C01","Number of Health Graduates","2022","2022","10","10","02","Public sector","60","Pharmacy","Number",""
"HGO14C01","Number of Health Graduates","2022","2022","10","10","02","Public sector","504","Physiotherapy","Number",""
"HGO14C01","Number of Health Graduates","2022","2022","10","10","02","Public sector","402","Radiography and Radiation Therapy","Number",""
"HGO14C01","Number of Health Graduates","2022","2022","10","10","02","Public sector","702","Social Care","Number",""
"HGO14C01","Number of Health Graduates","2022","2022","10","10","02","Public sector","701","Social Work","Number",""
"HGO14C01","Number of Health Graduates","2022","2022","10","10","02","Public sector","10","Speech and Language Therapy","Number",""
"HGO14C01","Number of Health Graduates","2022","2022","10","10","02","Public sector","V52","Dietetics, Optometry and Podiatry","Number",""
"HGO14C01","Number of Health Graduates","2022","2022","10","10","-","All sectors","201","Dentistry","Number",""
"HGO14C01","Number of Health Graduates","2022","2022","10","10","-","All sectors","401","Medical Science","Number",""
"HGO14C01","Number of Health Graduates","2022","2022","10","10","-","All sectors","202","Medicine","Number",""
"HGO14C01","Number of Health Graduates","2022","2022","10","10","-","All sectors","30","Nursing and Midwifery","Number",""
"HGO14C01","Number of Health Graduates","2022","2022","10","10","-","All sectors","501","Occupational Therapy","Number",""
"HGO14C01","Number of Health Graduates","2022","2022","10","10","-","All sectors","60","Pharmacy","Number",""
"HGO14C01","Number of Health Graduates","2022","2022","10","10","-","All sectors","504","Physiotherapy","Number",""
"HGO14C01","Number of Health Graduates","2022","2022","10","10","-","All sectors","402","Radiography and Radiation Therapy","Number",""
"HGO14C01","Number of Health Graduates","2022","2022","10","10","-","All sectors","702","Social Care","Number",""
"HGO14C01","Number of Health Graduates","2022","2022","10","10","-","All sectors","701","Social Work","Number",""
"HGO14C01","Number of Health Graduates","2022","2022","10","10","-","All sectors","10","Speech and Language Therapy","Number",""
"HGO14C01","Number of Health Graduates","2022","2022","10","10","-","All sectors","V52","Dietetics, Optometry and Podiatry","Number",""
"HGO14C01","Number of Health Graduates","2022","2022","11","11","01","Private sector","201","Dentistry","Number",""
"HGO14C01","Number of Health Graduates","2022","2022","11","11","01","Private sector","401","Medical Science","Number",""
"HGO14C01","Number of Health Graduates","2022","2022","11","11","01","Private sector","202","Medicine","Number",""
"HGO14C01","Number of Health Graduates","2022","2022","11","11","01","Private sector","30","Nursing and Midwifery","Number",""
"HGO14C01","Number of Health Graduates","2022","2022","11","11","01","Private sector","501","Occupational Therapy","Number",""
"HGO14C01","Number of Health Graduates","2022","2022","11","11","01","Private sector","60","Pharmacy","Number",""
"HGO14C01","Number of Health Graduates","2022","2022","11","11","01","Private sector","504","Physiotherapy","Number",""
"HGO14C01","Number of Health Graduates","2022","2022","11","11","01","Private sector","402","Radiography and Radiation Therapy","Number",""
"HGO14C01","Number of Health Graduates","2022","2022","11","11","01","Private sector","702","Social Care","Number",""
"HGO14C01","Number of Health Graduates","2022","2022","11","11","01","Private sector","701","Social Work","Number",""
"HGO14C01","Number of Health Graduates","2022","2022","11","11","01","Private sector","10","Speech and Language Therapy","Number",""
"HGO14C01","Number of Health Graduates","2022","2022","11","11","01","Private sector","V52","Dietetics, Optometry and Podiatry","Number",""
"HGO14C01","Number of Health Graduates","2022","2022","11","11","02","Public sector","201","Dentistry","Number",""
"HGO14C01","Number of Health Graduates","2022","2022","11","11","02","Public sector","401","Medical Science","Number",""
"HGO14C01","Number of Health Graduates","2022","2022","11","11","02","Public sector","202","Medicine","Number",""
"HGO14C01","Number of Health Graduates","2022","2022","11","11","02","Public sector","30","Nursing and Midwifery","Number",""
"HGO14C01","Number of Health Graduates","2022","2022","11","11","02","Public sector","501","Occupational Therapy","Number",""
"HGO14C01","Number of Health Graduates","2022","2022","11","11","02","Public sector","60","Pharmacy","Number",""
"HGO14C01","Number of Health Graduates","2022","2022","11","11","02","Public sector","504","Physiotherapy","Number",""
"HGO14C01","Number of Health Graduates","2022","2022","11","11","02","Public sector","402","Radiography and Radiation Therapy","Number",""
"HGO14C01","Number of Health Graduates","2022","2022","11","11","02","Public sector","702","Social Care","Number",""
"HGO14C01","Number of Health Graduates","2022","2022","11","11","02","Public sector","701","Social Work","Number",""
"HGO14C01","Number of Health Graduates","2022","2022","11","11","02","Public sector","10","Speech and Language Therapy","Number",""
"HGO14C01","Number of Health Graduates","2022","2022","11","11","02","Public sector","V52","Dietetics, Optometry and Podiatry","Number",""
"HGO14C01","Number of Health Graduates","2022","2022","11","11","-","All sectors","201","Dentistry","Number",""
"HGO14C01","Number of Health Graduates","2022","2022","11","11","-","All sectors","401","Medical Science","Number",""
"HGO14C01","Number of Health Graduates","2022","2022","11","11","-","All sectors","202","Medicine","Number",""
"HGO14C01","Number of Health Graduates","2022","2022","11","11","-","All sectors","30","Nursing and Midwifery","Number",""
"HGO14C01","Number of Health Graduates","2022","2022","11","11","-","All sectors","501","Occupational Therapy","Number",""
"HGO14C01","Number of Health Graduates","2022","2022","11","11","-","All sectors","60","Pharmacy","Number",""
"HGO14C01","Number of Health Graduates","2022","2022","11","11","-","All sectors","504","Physiotherapy","Number",""
"HGO14C01","Number of Health Graduates","2022","2022","11","11","-","All sectors","402","Radiography and Radiation Therapy","Number",""
"HGO14C01","Number of Health Graduates","2022","2022","11","11","-","All sectors","702","Social Care","Number",""
"HGO14C01","Number of Health Graduates","2022","2022","11","11","-","All sectors","701","Social Work","Number",""
"HGO14C01","Number of Health Graduates","2022","2022","11","11","-","All sectors","10","Speech and Language Therapy","Number",""
"HGO14C01","Number of Health Graduates","2022","2022","11","11","-","All sectors","V52","Dietetics, Optometry and Podiatry","Number",""
"HGO14C01","Number of Health Graduates","2022","2022","12","12","01","Private sector","201","Dentistry","Number",""
"HGO14C01","Number of Health Graduates","2022","2022","12","12","01","Private sector","401","Medical Science","Number",""
"HGO14C01","Number of Health Graduates","2022","2022","12","12","01","Private sector","202","Medicine","Number",""
"HGO14C01","Number of Health Graduates","2022","2022","12","12","01","Private sector","30","Nursing and Midwifery","Number",""
"HGO14C01","Number of Health Graduates","2022","2022","12","12","01","Private sector","501","Occupational Therapy","Number",""
"HGO14C01","Number of Health Graduates","2022","2022","12","12","01","Private sector","60","Pharmacy","Number",""
"HGO14C01","Number of Health Graduates","2022","2022","12","12","01","Private sector","504","Physiotherapy","Number",""
"HGO14C01","Number of Health Graduates","2022","2022","12","12","01","Private sector","402","Radiography and Radiation Therapy","Number",""
"HGO14C01","Number of Health Graduates","2022","2022","12","12","01","Private sector","702","Social Care","Number",""
"HGO14C01","Number of Health Graduates","2022","2022","12","12","01","Private sector","701","Social Work","Number",""
"HGO14C01","Number of Health Graduates","2022","2022","12","12","01","Private sector","10","Speech and Language Therapy","Number",""
"HGO14C01","Number of Health Graduates","2022","2022","12","12","01","Private sector","V52","Dietetics, Optometry and Podiatry","Number",""
"HGO14C01","Number of Health Graduates","2022","2022","12","12","02","Public sector","201","Dentistry","Number",""
"HGO14C01","Number of Health Graduates","2022","2022","12","12","02","Public sector","401","Medical Science","Number",""
"HGO14C01","Number of Health Graduates","2022","2022","12","12","02","Public sector","202","Medicine","Number",""
"HGO14C01","Number of Health Graduates","2022","2022","12","12","02","Public sector","30","Nursing and Midwifery","Number",""
"HGO14C01","Number of Health Graduates","2022","2022","12","12","02","Public sector","501","Occupational Therapy","Number",""
"HGO14C01","Number of Health Graduates","2022","2022","12","12","02","Public sector","60","Pharmacy","Number",""
"HGO14C01","Number of Health Graduates","2022","2022","12","12","02","Public sector","504","Physiotherapy","Number",""
"HGO14C01","Number of Health Graduates","2022","2022","12","12","02","Public sector","402","Radiography and Radiation Therapy","Number",""
"HGO14C01","Number of Health Graduates","2022","2022","12","12","02","Public sector","702","Social Care","Number",""
"HGO14C01","Number of Health Graduates","2022","2022","12","12","02","Public sector","701","Social Work","Number",""
"HGO14C01","Number of Health Graduates","2022","2022","12","12","02","Public sector","10","Speech and Language Therapy","Number",""
"HGO14C01","Number of Health Graduates","2022","2022","12","12","02","Public sector","V52","Dietetics, Optometry and Podiatry","Number",""
"HGO14C01","Number of Health Graduates","2022","2022","12","12","-","All sectors","201","Dentistry","Number",""
"HGO14C01","Number of Health Graduates","2022","2022","12","12","-","All sectors","401","Medical Science","Number",""
"HGO14C01","Number of Health Graduates","2022","2022","12","12","-","All sectors","202","Medicine","Number",""
"HGO14C01","Number of Health Graduates","2022","2022","12","12","-","All sectors","30","Nursing and Midwifery","Number",""
"HGO14C01","Number of Health Graduates","2022","2022","12","12","-","All sectors","501","Occupational Therapy","Number",""
"HGO14C01","Number of Health Graduates","2022","2022","12","12","-","All sectors","60","Pharmacy","Number",""
"HGO14C01","Number of Health Graduates","2022","2022","12","12","-","All sectors","504","Physiotherapy","Number",""
"HGO14C01","Number of Health Graduates","2022","2022","12","12","-","All sectors","402","Radiography and Radiation Therapy","Number",""
"HGO14C01","Number of Health Graduates","2022","2022","12","12","-","All sectors","702","Social Care","Number",""
"HGO14C01","Number of Health Graduates","2022","2022","12","12","-","All sectors","701","Social Work","Number",""
"HGO14C01","Number of Health Graduates","2022","2022","12","12","-","All sectors","10","Speech and Language Therapy","Number",""
"HGO14C01","Number of Health Graduates","2022","2022","12","12","-","All sectors","V52","Dietetics, Optometry and Podiatry","Number",""
"HGO14C01","Number of Health Graduates","2022","2022","13","13","01","Private sector","201","Dentistry","Number",""
"HGO14C01","Number of Health Graduates","2022","2022","13","13","01","Private sector","401","Medical Science","Number",""
"HGO14C01","Number of Health Graduates","2022","2022","13","13","01","Private sector","202","Medicine","Number",""
"HGO14C01","Number of Health Graduates","2022","2022","13","13","01","Private sector","30","Nursing and Midwifery","Number",""
"HGO14C01","Number of Health Graduates","2022","2022","13","13","01","Private sector","501","Occupational Therapy","Number",""
"HGO14C01","Number of Health Graduates","2022","2022","13","13","01","Private sector","60","Pharmacy","Number",""
"HGO14C01","Number of Health Graduates","2022","2022","13","13","01","Private sector","504","Physiotherapy","Number",""
"HGO14C01","Number of Health Graduates","2022","2022","13","13","01","Private sector","402","Radiography and Radiation Therapy","Number",""
"HGO14C01","Number of Health Graduates","2022","2022","13","13","01","Private sector","702","Social Care","Number",""
"HGO14C01","Number of Health Graduates","2022","2022","13","13","01","Private sector","701","Social Work","Number",""
"HGO14C01","Number of Health Graduates","2022","2022","13","13","01","Private sector","10","Speech and Language Therapy","Number",""
"HGO14C01","Number of Health Graduates","2022","2022","13","13","01","Private sector","V52","Dietetics, Optometry and Podiatry","Number",""
"HGO14C01","Number of Health Graduates","2022","2022","13","13","02","Public sector","201","Dentistry","Number",""
"HGO14C01","Number of Health Graduates","2022","2022","13","13","02","Public sector","401","Medical Science","Number",""
"HGO14C01","Number of Health Graduates","2022","2022","13","13","02","Public sector","202","Medicine","Number",""
"HGO14C01","Number of Health Graduates","2022","2022","13","13","02","Public sector","30","Nursing and Midwifery","Number",""
"HGO14C01","Number of Health Graduates","2022","2022","13","13","02","Public sector","501","Occupational Therapy","Number",""
"HGO14C01","Number of Health Graduates","2022","2022","13","13","02","Public sector","60","Pharmacy","Number",""
"HGO14C01","Number of Health Graduates","2022","2022","13","13","02","Public sector","504","Physiotherapy","Number",""
"HGO14C01","Number of Health Graduates","2022","2022","13","13","02","Public sector","402","Radiography and Radiation Therapy","Number",""
"HGO14C01","Number of Health Graduates","2022","2022","13","13","02","Public sector","702","Social Care","Number",""
"HGO14C01","Number of Health Graduates","2022","2022","13","13","02","Public sector","701","Social Work","Number",""
"HGO14C01","Number of Health Graduates","2022","2022","13","13","02","Public sector","10","Speech and Language Therapy","Number",""
"HGO14C01","Number of Health Graduates","2022","2022","13","13","02","Public sector","V52","Dietetics, Optometry and Podiatry","Number",""
"HGO14C01","Number of Health Graduates","2022","2022","13","13","-","All sectors","201","Dentistry","Number",""
"HGO14C01","Number of Health Graduates","2022","2022","13","13","-","All sectors","401","Medical Science","Number",""
"HGO14C01","Number of Health Graduates","2022","2022","13","13","-","All sectors","202","Medicine","Number",""
"HGO14C01","Number of Health Graduates","2022","2022","13","13","-","All sectors","30","Nursing and Midwifery","Number",""
"HGO14C01","Number of Health Graduates","2022","2022","13","13","-","All sectors","501","Occupational Therapy","Number",""
"HGO14C01","Number of Health Graduates","2022","2022","13","13","-","All sectors","60","Pharmacy","Number",""
"HGO14C01","Number of Health Graduates","2022","2022","13","13","-","All sectors","504","Physiotherapy","Number",""
"HGO14C01","Number of Health Graduates","2022","2022","13","13","-","All sectors","402","Radiography and Radiation Therapy","Number",""
"HGO14C01","Number of Health Graduates","2022","2022","13","13","-","All sectors","702","Social Care","Number",""
"HGO14C01","Number of Health Graduates","2022","2022","13","13","-","All sectors","701","Social Work","Number",""
"HGO14C01","Number of Health Graduates","2022","2022","13","13","-","All sectors","10","Speech and Language Therapy","Number",""
"HGO14C01","Number of Health Graduates","2022","2022","13","13","-","All sectors","V52","Dietetics, Optometry and Podiatry","Number",""
