ï»¿"STATISTIC","Statistic Label","TLIST(A1)","Graduation Year","C04237V05010","Years not captured","C04477V05260","Field of Study","UNIT","VALUE"
"HGO11C01","Number of Health Graduates","2010","2010","12","1 year","201","Dentistry","Number","6"
"HGO11C01","Number of Health Graduates","2010","2010","12","1 year","401","Medical Science","Number","6"
"HGO11C01","Number of Health Graduates","2010","2010","12","1 year","202","Medicine","Number","36"
"HGO11C01","Number of Health Graduates","2010","2010","12","1 year","30","Nursing and Midwifery","Number","102"
"HGO11C01","Number of Health Graduates","2010","2010","12","1 year","501","Occupational Therapy","Number","6"
"HGO11C01","Number of Health Graduates","2010","2010","12","1 year","60","Pharmacy","Number",""
"HGO11C01","Number of Health Graduates","2010","2010","12","1 year","504","Physiotherapy","Number","9"
"HGO11C01","Number of Health Graduates","2010","2010","12","1 year","402","Radiography and Radiation Therapy","Number","3"
"HGO11C01","Number of Health Graduates","2010","2010","12","1 year","702","Social Care","Number","57"
"HGO11C01","Number of Health Graduates","2010","2010","12","1 year","701","Social Work","Number","6"
"HGO11C01","Number of Health Graduates","2010","2010","12","1 year","10","Speech and Language Therapy","Number","6"
"HGO11C01","Number of Health Graduates","2010","2010","12","1 year","V52","Dietetics, Optometry and Podiatry","Number","3"
"HGO11C01","Number of Health Graduates","2010","2010","14","2 years","201","Dentistry","Number","3"
"HGO11C01","Number of Health Graduates","2010","2010","14","2 years","401","Medical Science","Number","3"
"HGO11C01","Number of Health Graduates","2010","2010","14","2 years","202","Medicine","Number","6"
"HGO11C01","Number of Health Graduates","2010","2010","14","2 years","30","Nursing and Midwifery","Number","66"
"HGO11C01","Number of Health Graduates","2010","2010","14","2 years","501","Occupational Therapy","Number","9"
"HGO11C01","Number of Health Graduates","2010","2010","14","2 years","60","Pharmacy","Number",""
"HGO11C01","Number of Health Graduates","2010","2010","14","2 years","504","Physiotherapy","Number","9"
"HGO11C01","Number of Health Graduates","2010","2010","14","2 years","402","Radiography and Radiation Therapy","Number","3"
"HGO11C01","Number of Health Graduates","2010","2010","14","2 years","702","Social Care","Number","21"
"HGO11C01","Number of Health Graduates","2010","2010","14","2 years","701","Social Work","Number","3"
"HGO11C01","Number of Health Graduates","2010","2010","14","2 years","10","Speech and Language Therapy","Number","6"
"HGO11C01","Number of Health Graduates","2010","2010","14","2 years","V52","Dietetics, Optometry and Podiatry","Number",""
"HGO11C01","Number of Health Graduates","2010","2010","16","3 years","201","Dentistry","Number","3"
"HGO11C01","Number of Health Graduates","2010","2010","16","3 years","401","Medical Science","Number","6"
"HGO11C01","Number of Health Graduates","2010","2010","16","3 years","202","Medicine","Number","6"
"HGO11C01","Number of Health Graduates","2010","2010","16","3 years","30","Nursing and Midwifery","Number","48"
"HGO11C01","Number of Health Graduates","2010","2010","16","3 years","501","Occupational Therapy","Number","3"
"HGO11C01","Number of Health Graduates","2010","2010","16","3 years","60","Pharmacy","Number",""
"HGO11C01","Number of Health Graduates","2010","2010","16","3 years","504","Physiotherapy","Number","6"
"HGO11C01","Number of Health Graduates","2010","2010","16","3 years","402","Radiography and Radiation Therapy","Number",""
"HGO11C01","Number of Health Graduates","2010","2010","16","3 years","702","Social Care","Number","12"
"HGO11C01","Number of Health Graduates","2010","2010","16","3 years","701","Social Work","Number","3"
"HGO11C01","Number of Health Graduates","2010","2010","16","3 years","10","Speech and Language Therapy","Number","3"
"HGO11C01","Number of Health Graduates","2010","2010","16","3 years","V52","Dietetics, Optometry and Podiatry","Number","3"
"HGO11C01","Number of Health Graduates","2010","2010","18","4 years","201","Dentistry","Number","3"
"HGO11C01","Number of Health Graduates","2010","2010","18","4 years","401","Medical Science","Number","3"
"HGO11C01","Number of Health Graduates","2010","2010","18","4 years","202","Medicine","Number","3"
"HGO11C01","Number of Health Graduates","2010","2010","18","4 years","30","Nursing and Midwifery","Number","30"
"HGO11C01","Number of Health Graduates","2010","2010","18","4 years","501","Occupational Therapy","Number","3"
"HGO11C01","Number of Health Graduates","2010","2010","18","4 years","60","Pharmacy","Number",""
"HGO11C01","Number of Health Graduates","2010","2010","18","4 years","504","Physiotherapy","Number","6"
"HGO11C01","Number of Health Graduates","2010","2010","18","4 years","402","Radiography and Radiation Therapy","Number",""
"HGO11C01","Number of Health Graduates","2010","2010","18","4 years","702","Social Care","Number","15"
"HGO11C01","Number of Health Graduates","2010","2010","18","4 years","701","Social Work","Number",""
"HGO11C01","Number of Health Graduates","2010","2010","18","4 years","10","Speech and Language Therapy","Number",""
"HGO11C01","Number of Health Graduates","2010","2010","18","4 years","V52","Dietetics, Optometry and Podiatry","Number",""
"HGO11C01","Number of Health Graduates","2010","2010","20","5 years","201","Dentistry","Number","6"
"HGO11C01","Number of Health Graduates","2010","2010","20","5 years","401","Medical Science","Number",""
"HGO11C01","Number of Health Graduates","2010","2010","20","5 years","202","Medicine","Number","3"
"HGO11C01","Number of Health Graduates","2010","2010","20","5 years","30","Nursing and Midwifery","Number","27"
"HGO11C01","Number of Health Graduates","2010","2010","20","5 years","501","Occupational Therapy","Number","6"
"HGO11C01","Number of Health Graduates","2010","2010","20","5 years","60","Pharmacy","Number",""
"HGO11C01","Number of Health Graduates","2010","2010","20","5 years","504","Physiotherapy","Number","6"
"HGO11C01","Number of Health Graduates","2010","2010","20","5 years","402","Radiography and Radiation Therapy","Number",""
"HGO11C01","Number of Health Graduates","2010","2010","20","5 years","702","Social Care","Number","3"
"HGO11C01","Number of Health Graduates","2010","2010","20","5 years","701","Social Work","Number",""
"HGO11C01","Number of Health Graduates","2010","2010","20","5 years","10","Speech and Language Therapy","Number",""
"HGO11C01","Number of Health Graduates","2010","2010","20","5 years","V52","Dietetics, Optometry and Podiatry","Number",""
"HGO11C01","Number of Health Graduates","2010","2010","22","6 years","201","Dentistry","Number",""
"HGO11C01","Number of Health Graduates","2010","2010","22","6 years","401","Medical Science","Number",""
"HGO11C01","Number of Health Graduates","2010","2010","22","6 years","202","Medicine","Number","3"
"HGO11C01","Number of Health Graduates","2010","2010","22","6 years","30","Nursing and Midwifery","Number","18"
"HGO11C01","Number of Health Graduates","2010","2010","22","6 years","501","Occupational Therapy","Number",""
"HGO11C01","Number of Health Graduates","2010","2010","22","6 years","60","Pharmacy","Number",""
"HGO11C01","Number of Health Graduates","2010","2010","22","6 years","504","Physiotherapy","Number","3"
"HGO11C01","Number of Health Graduates","2010","2010","22","6 years","402","Radiography and Radiation Therapy","Number","3"
"HGO11C01","Number of Health Graduates","2010","2010","22","6 years","702","Social Care","Number","3"
"HGO11C01","Number of Health Graduates","2010","2010","22","6 years","701","Social Work","Number","3"
"HGO11C01","Number of Health Graduates","2010","2010","22","6 years","10","Speech and Language Therapy","Number",""
"HGO11C01","Number of Health Graduates","2010","2010","22","6 years","V52","Dietetics, Optometry and Podiatry","Number",""
"HGO11C01","Number of Health Graduates","2010","2010","24","7 years","201","Dentistry","Number",""
"HGO11C01","Number of Health Graduates","2010","2010","24","7 years","401","Medical Science","Number",""
"HGO11C01","Number of Health Graduates","2010","2010","24","7 years","202","Medicine","Number",""
"HGO11C01","Number of Health Graduates","2010","2010","24","7 years","30","Nursing and Midwifery","Number","18"
"HGO11C01","Number of Health Graduates","2010","2010","24","7 years","501","Occupational Therapy","Number",""
"HGO11C01","Number of Health Graduates","2010","2010","24","7 years","60","Pharmacy","Number",""
"HGO11C01","Number of Health Graduates","2010","2010","24","7 years","504","Physiotherapy","Number","3"
"HGO11C01","Number of Health Graduates","2010","2010","24","7 years","402","Radiography and Radiation Therapy","Number",""
"HGO11C01","Number of Health Graduates","2010","2010","24","7 years","702","Social Care","Number","3"
"HGO11C01","Number of Health Graduates","2010","2010","24","7 years","701","Social Work","Number",""
"HGO11C01","Number of Health Graduates","2010","2010","24","7 years","10","Speech and Language Therapy","Number",""
"HGO11C01","Number of Health Graduates","2010","2010","24","7 years","V52","Dietetics, Optometry and Podiatry","Number",""
"HGO11C01","Number of Health Graduates","2010","2010","26","8 years","201","Dentistry","Number",""
"HGO11C01","Number of Health Graduates","2010","2010","26","8 years","401","Medical Science","Number","3"
"HGO11C01","Number of Health Graduates","2010","2010","26","8 years","202","Medicine","Number","3"
"HGO11C01","Number of Health Graduates","2010","2010","26","8 years","30","Nursing and Midwifery","Number","12"
"HGO11C01","Number of Health Graduates","2010","2010","26","8 years","501","Occupational Therapy","Number",""
"HGO11C01","Number of Health Graduates","2010","2010","26","8 years","60","Pharmacy","Number",""
"HGO11C01","Number of Health Graduates","2010","2010","26","8 years","504","Physiotherapy","Number",""
"HGO11C01","Number of Health Graduates","2010","2010","26","8 years","402","Radiography and Radiation Therapy","Number",""
"HGO11C01","Number of Health Graduates","2010","2010","26","8 years","702","Social Care","Number","3"
"HGO11C01","Number of Health Graduates","2010","2010","26","8 years","701","Social Work","Number",""
"HGO11C01","Number of Health Graduates","2010","2010","26","8 years","10","Speech and Language Therapy","Number",""
"HGO11C01","Number of Health Graduates","2010","2010","26","8 years","V52","Dietetics, Optometry and Podiatry","Number",""
"HGO11C01","Number of Health Graduates","2010","2010","28","9 years","201","Dentistry","Number",""
"HGO11C01","Number of Health Graduates","2010","2010","28","9 years","401","Medical Science","Number",""
"HGO11C01","Number of Health Graduates","2010","2010","28","9 years","202","Medicine","Number","3"
"HGO11C01","Number of Health Graduates","2010","2010","28","9 years","30","Nursing and Midwifery","Number","3"
"HGO11C01","Number of Health Graduates","2010","2010","28","9 years","501","Occupational Therapy","Number","3"
"HGO11C01","Number of Health Graduates","2010","2010","28","9 years","60","Pharmacy","Number",""
"HGO11C01","Number of Health Graduates","2010","2010","28","9 years","504","Physiotherapy","Number","3"
"HGO11C01","Number of Health Graduates","2010","2010","28","9 years","402","Radiography and Radiation Therapy","Number",""
"HGO11C01","Number of Health Graduates","2010","2010","28","9 years","702","Social Care","Number","3"
"HGO11C01","Number of Health Graduates","2010","2010","28","9 years","701","Social Work","Number",""
"HGO11C01","Number of Health Graduates","2010","2010","28","9 years","10","Speech and Language Therapy","Number",""
"HGO11C01","Number of Health Graduates","2010","2010","28","9 years","V52","Dietetics, Optometry and Podiatry","Number",""
"HGO11C01","Number of Health Graduates","2010","2010","30","10 years","201","Dentistry","Number",""
"HGO11C01","Number of Health Graduates","2010","2010","30","10 years","401","Medical Science","Number",""
"HGO11C01","Number of Health Graduates","2010","2010","30","10 years","202","Medicine","Number",""
"HGO11C01","Number of Health Graduates","2010","2010","30","10 years","30","Nursing and Midwifery","Number","6"
"HGO11C01","Number of Health Graduates","2010","2010","30","10 years","501","Occupational Therapy","Number",""
"HGO11C01","Number of Health Graduates","2010","2010","30","10 years","60","Pharmacy","Number",""
"HGO11C01","Number of Health Graduates","2010","2010","30","10 years","504","Physiotherapy","Number",""
"HGO11C01","Number of Health Graduates","2010","2010","30","10 years","402","Radiography and Radiation Therapy","Number",""
"HGO11C01","Number of Health Graduates","2010","2010","30","10 years","702","Social Care","Number",""
"HGO11C01","Number of Health Graduates","2010","2010","30","10 years","701","Social Work","Number",""
"HGO11C01","Number of Health Graduates","2010","2010","30","10 years","10","Speech and Language Therapy","Number",""
"HGO11C01","Number of Health Graduates","2010","2010","30","10 years","V52","Dietetics, Optometry and Podiatry","Number",""
"HGO11C01","Number of Health Graduates","2010","2010","32","11 years","201","Dentistry","Number",""
"HGO11C01","Number of Health Graduates","2010","2010","32","11 years","401","Medical Science","Number",""
"HGO11C01","Number of Health Graduates","2010","2010","32","11 years","202","Medicine","Number",""
"HGO11C01","Number of Health Graduates","2010","2010","32","11 years","30","Nursing and Midwifery","Number","3"
"HGO11C01","Number of Health Graduates","2010","2010","32","11 years","501","Occupational Therapy","Number",""
"HGO11C01","Number of Health Graduates","2010","2010","32","11 years","60","Pharmacy","Number",""
"HGO11C01","Number of Health Graduates","2010","2010","32","11 years","504","Physiotherapy","Number",""
"HGO11C01","Number of Health Graduates","2010","2010","32","11 years","402","Radiography and Radiation Therapy","Number",""
"HGO11C01","Number of Health Graduates","2010","2010","32","11 years","702","Social Care","Number",""
"HGO11C01","Number of Health Graduates","2010","2010","32","11 years","701","Social Work","Number",""
"HGO11C01","Number of Health Graduates","2010","2010","32","11 years","10","Speech and Language Therapy","Number",""
"HGO11C01","Number of Health Graduates","2010","2010","32","11 years","V52","Dietetics, Optometry and Podiatry","Number",""
"HGO11C01","Number of Health Graduates","2010","2010","34","12 years","201","Dentistry","Number",""
"HGO11C01","Number of Health Graduates","2010","2010","34","12 years","401","Medical Science","Number",""
"HGO11C01","Number of Health Graduates","2010","2010","34","12 years","202","Medicine","Number",""
"HGO11C01","Number of Health Graduates","2010","2010","34","12 years","30","Nursing and Midwifery","Number","3"
"HGO11C01","Number of Health Graduates","2010","2010","34","12 years","501","Occupational Therapy","Number",""
"HGO11C01","Number of Health Graduates","2010","2010","34","12 years","60","Pharmacy","Number",""
"HGO11C01","Number of Health Graduates","2010","2010","34","12 years","504","Physiotherapy","Number",""
"HGO11C01","Number of Health Graduates","2010","2010","34","12 years","402","Radiography and Radiation Therapy","Number",""
"HGO11C01","Number of Health Graduates","2010","2010","34","12 years","702","Social Care","Number",""
"HGO11C01","Number of Health Graduates","2010","2010","34","12 years","701","Social Work","Number",""
"HGO11C01","Number of Health Graduates","2010","2010","34","12 years","10","Speech and Language Therapy","Number",""
"HGO11C01","Number of Health Graduates","2010","2010","34","12 years","V52","Dietetics, Optometry and Podiatry","Number",""
"HGO11C01","Number of Health Graduates","2010","2010","36","13 years","201","Dentistry","Number",""
"HGO11C01","Number of Health Graduates","2010","2010","36","13 years","401","Medical Science","Number",""
"HGO11C01","Number of Health Graduates","2010","2010","36","13 years","202","Medicine","Number",""
"HGO11C01","Number of Health Graduates","2010","2010","36","13 years","30","Nursing and Midwifery","Number",""
"HGO11C01","Number of Health Graduates","2010","2010","36","13 years","501","Occupational Therapy","Number",""
"HGO11C01","Number of Health Graduates","2010","2010","36","13 years","60","Pharmacy","Number",""
"HGO11C01","Number of Health Graduates","2010","2010","36","13 years","504","Physiotherapy","Number",""
"HGO11C01","Number of Health Graduates","2010","2010","36","13 years","402","Radiography and Radiation Therapy","Number",""
"HGO11C01","Number of Health Graduates","2010","2010","36","13 years","702","Social Care","Number",""
"HGO11C01","Number of Health Graduates","2010","2010","36","13 years","701","Social Work","Number",""
"HGO11C01","Number of Health Graduates","2010","2010","36","13 years","10","Speech and Language Therapy","Number",""
"HGO11C01","Number of Health Graduates","2010","2010","36","13 years","V52","Dietetics, Optometry and Podiatry","Number",""
"HGO11C01","Number of Health Graduates","2010","2010","-","All Years","201","Dentistry","Number","18"
"HGO11C01","Number of Health Graduates","2010","2010","-","All Years","401","Medical Science","Number","24"
"HGO11C01","Number of Health Graduates","2010","2010","-","All Years","202","Medicine","Number","60"
"HGO11C01","Number of Health Graduates","2010","2010","-","All Years","30","Nursing and Midwifery","Number","336"
"HGO11C01","Number of Health Graduates","2010","2010","-","All Years","501","Occupational Therapy","Number","30"
"HGO11C01","Number of Health Graduates","2010","2010","-","All Years","60","Pharmacy","Number",""
"HGO11C01","Number of Health Graduates","2010","2010","-","All Years","504","Physiotherapy","Number","45"
"HGO11C01","Number of Health Graduates","2010","2010","-","All Years","402","Radiography and Radiation Therapy","Number","12"
"HGO11C01","Number of Health Graduates","2010","2010","-","All Years","702","Social Care","Number","120"
"HGO11C01","Number of Health Graduates","2010","2010","-","All Years","701","Social Work","Number","15"
"HGO11C01","Number of Health Graduates","2010","2010","-","All Years","10","Speech and Language Therapy","Number","21"
"HGO11C01","Number of Health Graduates","2010","2010","-","All Years","V52","Dietetics, Optometry and Podiatry","Number","15"
"HGO11C01","Number of Health Graduates","2011","2011","12","1 year","201","Dentistry","Number","3"
"HGO11C01","Number of Health Graduates","2011","2011","12","1 year","401","Medical Science","Number","9"
"HGO11C01","Number of Health Graduates","2011","2011","12","1 year","202","Medicine","Number","33"
"HGO11C01","Number of Health Graduates","2011","2011","12","1 year","30","Nursing and Midwifery","Number","111"
"HGO11C01","Number of Health Graduates","2011","2011","12","1 year","501","Occupational Therapy","Number","12"
"HGO11C01","Number of Health Graduates","2011","2011","12","1 year","60","Pharmacy","Number",""
"HGO11C01","Number of Health Graduates","2011","2011","12","1 year","504","Physiotherapy","Number","12"
"HGO11C01","Number of Health Graduates","2011","2011","12","1 year","402","Radiography and Radiation Therapy","Number","3"
"HGO11C01","Number of Health Graduates","2011","2011","12","1 year","702","Social Care","Number","48"
"HGO11C01","Number of Health Graduates","2011","2011","12","1 year","701","Social Work","Number","6"
"HGO11C01","Number of Health Graduates","2011","2011","12","1 year","10","Speech and Language Therapy","Number","6"
"HGO11C01","Number of Health Graduates","2011","2011","12","1 year","V52","Dietetics, Optometry and Podiatry","Number","3"
"HGO11C01","Number of Health Graduates","2011","2011","14","2 years","201","Dentistry","Number","9"
"HGO11C01","Number of Health Graduates","2011","2011","14","2 years","401","Medical Science","Number","6"
"HGO11C01","Number of Health Graduates","2011","2011","14","2 years","202","Medicine","Number","9"
"HGO11C01","Number of Health Graduates","2011","2011","14","2 years","30","Nursing and Midwifery","Number","63"
"HGO11C01","Number of Health Graduates","2011","2011","14","2 years","501","Occupational Therapy","Number","6"
"HGO11C01","Number of Health Graduates","2011","2011","14","2 years","60","Pharmacy","Number",""
"HGO11C01","Number of Health Graduates","2011","2011","14","2 years","504","Physiotherapy","Number","3"
"HGO11C01","Number of Health Graduates","2011","2011","14","2 years","402","Radiography and Radiation Therapy","Number",""
"HGO11C01","Number of Health Graduates","2011","2011","14","2 years","702","Social Care","Number","15"
"HGO11C01","Number of Health Graduates","2011","2011","14","2 years","701","Social Work","Number","6"
"HGO11C01","Number of Health Graduates","2011","2011","14","2 years","10","Speech and Language Therapy","Number","6"
"HGO11C01","Number of Health Graduates","2011","2011","14","2 years","V52","Dietetics, Optometry and Podiatry","Number","3"
"HGO11C01","Number of Health Graduates","2011","2011","16","3 years","201","Dentistry","Number","6"
"HGO11C01","Number of Health Graduates","2011","2011","16","3 years","401","Medical Science","Number","3"
"HGO11C01","Number of Health Graduates","2011","2011","16","3 years","202","Medicine","Number","6"
"HGO11C01","Number of Health Graduates","2011","2011","16","3 years","30","Nursing and Midwifery","Number","48"
"HGO11C01","Number of Health Graduates","2011","2011","16","3 years","501","Occupational Therapy","Number","6"
"HGO11C01","Number of Health Graduates","2011","2011","16","3 years","60","Pharmacy","Number",""
"HGO11C01","Number of Health Graduates","2011","2011","16","3 years","504","Physiotherapy","Number","6"
"HGO11C01","Number of Health Graduates","2011","2011","16","3 years","402","Radiography and Radiation Therapy","Number",""
"HGO11C01","Number of Health Graduates","2011","2011","16","3 years","702","Social Care","Number","9"
"HGO11C01","Number of Health Graduates","2011","2011","16","3 years","701","Social Work","Number",""
"HGO11C01","Number of Health Graduates","2011","2011","16","3 years","10","Speech and Language Therapy","Number","3"
"HGO11C01","Number of Health Graduates","2011","2011","16","3 years","V52","Dietetics, Optometry and Podiatry","Number","3"
"HGO11C01","Number of Health Graduates","2011","2011","18","4 years","201","Dentistry","Number","6"
"HGO11C01","Number of Health Graduates","2011","2011","18","4 years","401","Medical Science","Number",""
"HGO11C01","Number of Health Graduates","2011","2011","18","4 years","202","Medicine","Number","3"
"HGO11C01","Number of Health Graduates","2011","2011","18","4 years","30","Nursing and Midwifery","Number","27"
"HGO11C01","Number of Health Graduates","2011","2011","18","4 years","501","Occupational Therapy","Number","6"
"HGO11C01","Number of Health Graduates","2011","2011","18","4 years","60","Pharmacy","Number",""
"HGO11C01","Number of Health Graduates","2011","2011","18","4 years","504","Physiotherapy","Number","3"
"HGO11C01","Number of Health Graduates","2011","2011","18","4 years","402","Radiography and Radiation Therapy","Number",""
"HGO11C01","Number of Health Graduates","2011","2011","18","4 years","702","Social Care","Number","3"
"HGO11C01","Number of Health Graduates","2011","2011","18","4 years","701","Social Work","Number",""
"HGO11C01","Number of Health Graduates","2011","2011","18","4 years","10","Speech and Language Therapy","Number","6"
"HGO11C01","Number of Health Graduates","2011","2011","18","4 years","V52","Dietetics, Optometry and Podiatry","Number",""
"HGO11C01","Number of Health Graduates","2011","2011","20","5 years","201","Dentistry","Number",""
"HGO11C01","Number of Health Graduates","2011","2011","20","5 years","401","Medical Science","Number",""
"HGO11C01","Number of Health Graduates","2011","2011","20","5 years","202","Medicine","Number","3"
"HGO11C01","Number of Health Graduates","2011","2011","20","5 years","30","Nursing and Midwifery","Number","24"
"HGO11C01","Number of Health Graduates","2011","2011","20","5 years","501","Occupational Therapy","Number","9"
"HGO11C01","Number of Health Graduates","2011","2011","20","5 years","60","Pharmacy","Number",""
"HGO11C01","Number of Health Graduates","2011","2011","20","5 years","504","Physiotherapy","Number",""
"HGO11C01","Number of Health Graduates","2011","2011","20","5 years","402","Radiography and Radiation Therapy","Number",""
"HGO11C01","Number of Health Graduates","2011","2011","20","5 years","702","Social Care","Number","6"
"HGO11C01","Number of Health Graduates","2011","2011","20","5 years","701","Social Work","Number","3"
"HGO11C01","Number of Health Graduates","2011","2011","20","5 years","10","Speech and Language Therapy","Number","6"
"HGO11C01","Number of Health Graduates","2011","2011","20","5 years","V52","Dietetics, Optometry and Podiatry","Number",""
"HGO11C01","Number of Health Graduates","2011","2011","22","6 years","201","Dentistry","Number","3"
"HGO11C01","Number of Health Graduates","2011","2011","22","6 years","401","Medical Science","Number","3"
"HGO11C01","Number of Health Graduates","2011","2011","22","6 years","202","Medicine","Number",""
"HGO11C01","Number of Health Graduates","2011","2011","22","6 years","30","Nursing and Midwifery","Number","15"
"HGO11C01","Number of Health Graduates","2011","2011","22","6 years","501","Occupational Therapy","Number",""
"HGO11C01","Number of Health Graduates","2011","2011","22","6 years","60","Pharmacy","Number",""
"HGO11C01","Number of Health Graduates","2011","2011","22","6 years","504","Physiotherapy","Number",""
"HGO11C01","Number of Health Graduates","2011","2011","22","6 years","402","Radiography and Radiation Therapy","Number",""
"HGO11C01","Number of Health Graduates","2011","2011","22","6 years","702","Social Care","Number","3"
"HGO11C01","Number of Health Graduates","2011","2011","22","6 years","701","Social Work","Number",""
"HGO11C01","Number of Health Graduates","2011","2011","22","6 years","10","Speech and Language Therapy","Number",""
"HGO11C01","Number of Health Graduates","2011","2011","22","6 years","V52","Dietetics, Optometry and Podiatry","Number",""
"HGO11C01","Number of Health Graduates","2011","2011","24","7 years","201","Dentistry","Number","3"
"HGO11C01","Number of Health Graduates","2011","2011","24","7 years","401","Medical Science","Number","3"
"HGO11C01","Number of Health Graduates","2011","2011","24","7 years","202","Medicine","Number","3"
"HGO11C01","Number of Health Graduates","2011","2011","24","7 years","30","Nursing and Midwifery","Number","15"
"HGO11C01","Number of Health Graduates","2011","2011","24","7 years","501","Occupational Therapy","Number",""
"HGO11C01","Number of Health Graduates","2011","2011","24","7 years","60","Pharmacy","Number",""
"HGO11C01","Number of Health Graduates","2011","2011","24","7 years","504","Physiotherapy","Number","3"
"HGO11C01","Number of Health Graduates","2011","2011","24","7 years","402","Radiography and Radiation Therapy","Number",""
"HGO11C01","Number of Health Graduates","2011","2011","24","7 years","702","Social Care","Number","3"
"HGO11C01","Number of Health Graduates","2011","2011","24","7 years","701","Social Work","Number",""
"HGO11C01","Number of Health Graduates","2011","2011","24","7 years","10","Speech and Language Therapy","Number","3"
"HGO11C01","Number of Health Graduates","2011","2011","24","7 years","V52","Dietetics, Optometry and Podiatry","Number",""
"HGO11C01","Number of Health Graduates","2011","2011","26","8 years","201","Dentistry","Number",""
"HGO11C01","Number of Health Graduates","2011","2011","26","8 years","401","Medical Science","Number","3"
"HGO11C01","Number of Health Graduates","2011","2011","26","8 years","202","Medicine","Number",""
"HGO11C01","Number of Health Graduates","2011","2011","26","8 years","30","Nursing and Midwifery","Number","12"
"HGO11C01","Number of Health Graduates","2011","2011","26","8 years","501","Occupational Therapy","Number","3"
"HGO11C01","Number of Health Graduates","2011","2011","26","8 years","60","Pharmacy","Number",""
"HGO11C01","Number of Health Graduates","2011","2011","26","8 years","504","Physiotherapy","Number","3"
"HGO11C01","Number of Health Graduates","2011","2011","26","8 years","402","Radiography and Radiation Therapy","Number",""
"HGO11C01","Number of Health Graduates","2011","2011","26","8 years","702","Social Care","Number",""
"HGO11C01","Number of Health Graduates","2011","2011","26","8 years","701","Social Work","Number",""
"HGO11C01","Number of Health Graduates","2011","2011","26","8 years","10","Speech and Language Therapy","Number",""
"HGO11C01","Number of Health Graduates","2011","2011","26","8 years","V52","Dietetics, Optometry and Podiatry","Number",""
"HGO11C01","Number of Health Graduates","2011","2011","28","9 years","201","Dentistry","Number",""
"HGO11C01","Number of Health Graduates","2011","2011","28","9 years","401","Medical Science","Number",""
"HGO11C01","Number of Health Graduates","2011","2011","28","9 years","202","Medicine","Number",""
"HGO11C01","Number of Health Graduates","2011","2011","28","9 years","30","Nursing and Midwifery","Number","6"
"HGO11C01","Number of Health Graduates","2011","2011","28","9 years","501","Occupational Therapy","Number","3"
"HGO11C01","Number of Health Graduates","2011","2011","28","9 years","60","Pharmacy","Number",""
"HGO11C01","Number of Health Graduates","2011","2011","28","9 years","504","Physiotherapy","Number",""
"HGO11C01","Number of Health Graduates","2011","2011","28","9 years","402","Radiography and Radiation Therapy","Number",""
"HGO11C01","Number of Health Graduates","2011","2011","28","9 years","702","Social Care","Number",""
"HGO11C01","Number of Health Graduates","2011","2011","28","9 years","701","Social Work","Number",""
"HGO11C01","Number of Health Graduates","2011","2011","28","9 years","10","Speech and Language Therapy","Number","3"
"HGO11C01","Number of Health Graduates","2011","2011","28","9 years","V52","Dietetics, Optometry and Podiatry","Number","3"
"HGO11C01","Number of Health Graduates","2011","2011","30","10 years","201","Dentistry","Number",""
"HGO11C01","Number of Health Graduates","2011","2011","30","10 years","401","Medical Science","Number",""
"HGO11C01","Number of Health Graduates","2011","2011","30","10 years","202","Medicine","Number",""
"HGO11C01","Number of Health Graduates","2011","2011","30","10 years","30","Nursing and Midwifery","Number","6"
"HGO11C01","Number of Health Graduates","2011","2011","30","10 years","501","Occupational Therapy","Number",""
"HGO11C01","Number of Health Graduates","2011","2011","30","10 years","60","Pharmacy","Number",""
"HGO11C01","Number of Health Graduates","2011","2011","30","10 years","504","Physiotherapy","Number",""
"HGO11C01","Number of Health Graduates","2011","2011","30","10 years","402","Radiography and Radiation Therapy","Number",""
"HGO11C01","Number of Health Graduates","2011","2011","30","10 years","702","Social Care","Number",""
"HGO11C01","Number of Health Graduates","2011","2011","30","10 years","701","Social Work","Number",""
"HGO11C01","Number of Health Graduates","2011","2011","30","10 years","10","Speech and Language Therapy","Number",""
"HGO11C01","Number of Health Graduates","2011","2011","30","10 years","V52","Dietetics, Optometry and Podiatry","Number",""
"HGO11C01","Number of Health Graduates","2011","2011","32","11 years","201","Dentistry","Number",""
"HGO11C01","Number of Health Graduates","2011","2011","32","11 years","401","Medical Science","Number",""
"HGO11C01","Number of Health Graduates","2011","2011","32","11 years","202","Medicine","Number",""
"HGO11C01","Number of Health Graduates","2011","2011","32","11 years","30","Nursing and Midwifery","Number",""
"HGO11C01","Number of Health Graduates","2011","2011","32","11 years","501","Occupational Therapy","Number",""
"HGO11C01","Number of Health Graduates","2011","2011","32","11 years","60","Pharmacy","Number",""
"HGO11C01","Number of Health Graduates","2011","2011","32","11 years","504","Physiotherapy","Number",""
"HGO11C01","Number of Health Graduates","2011","2011","32","11 years","402","Radiography and Radiation Therapy","Number",""
"HGO11C01","Number of Health Graduates","2011","2011","32","11 years","702","Social Care","Number","3"
"HGO11C01","Number of Health Graduates","2011","2011","32","11 years","701","Social Work","Number",""
"HGO11C01","Number of Health Graduates","2011","2011","32","11 years","10","Speech and Language Therapy","Number","3"
"HGO11C01","Number of Health Graduates","2011","2011","32","11 years","V52","Dietetics, Optometry and Podiatry","Number",""
"HGO11C01","Number of Health Graduates","2011","2011","34","12 years","201","Dentistry","Number",""
"HGO11C01","Number of Health Graduates","2011","2011","34","12 years","401","Medical Science","Number",""
"HGO11C01","Number of Health Graduates","2011","2011","34","12 years","202","Medicine","Number",""
"HGO11C01","Number of Health Graduates","2011","2011","34","12 years","30","Nursing and Midwifery","Number",""
"HGO11C01","Number of Health Graduates","2011","2011","34","12 years","501","Occupational Therapy","Number",""
"HGO11C01","Number of Health Graduates","2011","2011","34","12 years","60","Pharmacy","Number",""
"HGO11C01","Number of Health Graduates","2011","2011","34","12 years","504","Physiotherapy","Number",""
"HGO11C01","Number of Health Graduates","2011","2011","34","12 years","402","Radiography and Radiation Therapy","Number",""
"HGO11C01","Number of Health Graduates","2011","2011","34","12 years","702","Social Care","Number",""
"HGO11C01","Number of Health Graduates","2011","2011","34","12 years","701","Social Work","Number",""
"HGO11C01","Number of Health Graduates","2011","2011","34","12 years","10","Speech and Language Therapy","Number",""
"HGO11C01","Number of Health Graduates","2011","2011","34","12 years","V52","Dietetics, Optometry and Podiatry","Number",""
"HGO11C01","Number of Health Graduates","2011","2011","36","13 years","201","Dentistry","Number",""
"HGO11C01","Number of Health Graduates","2011","2011","36","13 years","401","Medical Science","Number",""
"HGO11C01","Number of Health Graduates","2011","2011","36","13 years","202","Medicine","Number",""
"HGO11C01","Number of Health Graduates","2011","2011","36","13 years","30","Nursing and Midwifery","Number",""
"HGO11C01","Number of Health Graduates","2011","2011","36","13 years","501","Occupational Therapy","Number",""
"HGO11C01","Number of Health Graduates","2011","2011","36","13 years","60","Pharmacy","Number",""
"HGO11C01","Number of Health Graduates","2011","2011","36","13 years","504","Physiotherapy","Number",""
"HGO11C01","Number of Health Graduates","2011","2011","36","13 years","402","Radiography and Radiation Therapy","Number",""
"HGO11C01","Number of Health Graduates","2011","2011","36","13 years","702","Social Care","Number",""
"HGO11C01","Number of Health Graduates","2011","2011","36","13 years","701","Social Work","Number",""
"HGO11C01","Number of Health Graduates","2011","2011","36","13 years","10","Speech and Language Therapy","Number",""
"HGO11C01","Number of Health Graduates","2011","2011","36","13 years","V52","Dietetics, Optometry and Podiatry","Number",""
"HGO11C01","Number of Health Graduates","2011","2011","-","All Years","201","Dentistry","Number","27"
"HGO11C01","Number of Health Graduates","2011","2011","-","All Years","401","Medical Science","Number","27"
"HGO11C01","Number of Health Graduates","2011","2011","-","All Years","202","Medicine","Number","57"
"HGO11C01","Number of Health Graduates","2011","2011","-","All Years","30","Nursing and Midwifery","Number","324"
"HGO11C01","Number of Health Graduates","2011","2011","-","All Years","501","Occupational Therapy","Number","42"
"HGO11C01","Number of Health Graduates","2011","2011","-","All Years","60","Pharmacy","Number",""
"HGO11C01","Number of Health Graduates","2011","2011","-","All Years","504","Physiotherapy","Number","30"
"HGO11C01","Number of Health Graduates","2011","2011","-","All Years","402","Radiography and Radiation Therapy","Number","6"
"HGO11C01","Number of Health Graduates","2011","2011","-","All Years","702","Social Care","Number","90"
"HGO11C01","Number of Health Graduates","2011","2011","-","All Years","701","Social Work","Number","15"
"HGO11C01","Number of Health Graduates","2011","2011","-","All Years","10","Speech and Language Therapy","Number","33"
"HGO11C01","Number of Health Graduates","2011","2011","-","All Years","V52","Dietetics, Optometry and Podiatry","Number","15"
"HGO11C01","Number of Health Graduates","2012","2012","12","1 year","201","Dentistry","Number","6"
"HGO11C01","Number of Health Graduates","2012","2012","12","1 year","401","Medical Science","Number","9"
"HGO11C01","Number of Health Graduates","2012","2012","12","1 year","202","Medicine","Number","33"
"HGO11C01","Number of Health Graduates","2012","2012","12","1 year","30","Nursing and Midwifery","Number","99"
"HGO11C01","Number of Health Graduates","2012","2012","12","1 year","501","Occupational Therapy","Number","9"
"HGO11C01","Number of Health Graduates","2012","2012","12","1 year","60","Pharmacy","Number",""
"HGO11C01","Number of Health Graduates","2012","2012","12","1 year","504","Physiotherapy","Number","12"
"HGO11C01","Number of Health Graduates","2012","2012","12","1 year","402","Radiography and Radiation Therapy","Number","3"
"HGO11C01","Number of Health Graduates","2012","2012","12","1 year","702","Social Care","Number","51"
"HGO11C01","Number of Health Graduates","2012","2012","12","1 year","701","Social Work","Number","12"
"HGO11C01","Number of Health Graduates","2012","2012","12","1 year","10","Speech and Language Therapy","Number","9"
"HGO11C01","Number of Health Graduates","2012","2012","12","1 year","V52","Dietetics, Optometry and Podiatry","Number","3"
"HGO11C01","Number of Health Graduates","2012","2012","14","2 years","201","Dentistry","Number","3"
"HGO11C01","Number of Health Graduates","2012","2012","14","2 years","401","Medical Science","Number",""
"HGO11C01","Number of Health Graduates","2012","2012","14","2 years","202","Medicine","Number","6"
"HGO11C01","Number of Health Graduates","2012","2012","14","2 years","30","Nursing and Midwifery","Number","48"
"HGO11C01","Number of Health Graduates","2012","2012","14","2 years","501","Occupational Therapy","Number","9"
"HGO11C01","Number of Health Graduates","2012","2012","14","2 years","60","Pharmacy","Number",""
"HGO11C01","Number of Health Graduates","2012","2012","14","2 years","504","Physiotherapy","Number","12"
"HGO11C01","Number of Health Graduates","2012","2012","14","2 years","402","Radiography and Radiation Therapy","Number","3"
"HGO11C01","Number of Health Graduates","2012","2012","14","2 years","702","Social Care","Number","21"
"HGO11C01","Number of Health Graduates","2012","2012","14","2 years","701","Social Work","Number","6"
"HGO11C01","Number of Health Graduates","2012","2012","14","2 years","10","Speech and Language Therapy","Number","3"
"HGO11C01","Number of Health Graduates","2012","2012","14","2 years","V52","Dietetics, Optometry and Podiatry","Number",""
"HGO11C01","Number of Health Graduates","2012","2012","16","3 years","201","Dentistry","Number","6"
"HGO11C01","Number of Health Graduates","2012","2012","16","3 years","401","Medical Science","Number",""
"HGO11C01","Number of Health Graduates","2012","2012","16","3 years","202","Medicine","Number","3"
"HGO11C01","Number of Health Graduates","2012","2012","16","3 years","30","Nursing and Midwifery","Number","42"
"HGO11C01","Number of Health Graduates","2012","2012","16","3 years","501","Occupational Therapy","Number","3"
"HGO11C01","Number of Health Graduates","2012","2012","16","3 years","60","Pharmacy","Number",""
"HGO11C01","Number of Health Graduates","2012","2012","16","3 years","504","Physiotherapy","Number","6"
"HGO11C01","Number of Health Graduates","2012","2012","16","3 years","402","Radiography and Radiation Therapy","Number",""
"HGO11C01","Number of Health Graduates","2012","2012","16","3 years","702","Social Care","Number","12"
"HGO11C01","Number of Health Graduates","2012","2012","16","3 years","701","Social Work","Number","6"
"HGO11C01","Number of Health Graduates","2012","2012","16","3 years","10","Speech and Language Therapy","Number","3"
"HGO11C01","Number of Health Graduates","2012","2012","16","3 years","V52","Dietetics, Optometry and Podiatry","Number","3"
"HGO11C01","Number of Health Graduates","2012","2012","18","4 years","201","Dentistry","Number","3"
"HGO11C01","Number of Health Graduates","2012","2012","18","4 years","401","Medical Science","Number","3"
"HGO11C01","Number of Health Graduates","2012","2012","18","4 years","202","Medicine","Number","3"
"HGO11C01","Number of Health Graduates","2012","2012","18","4 years","30","Nursing and Midwifery","Number","42"
"HGO11C01","Number of Health Graduates","2012","2012","18","4 years","501","Occupational Therapy","Number","6"
"HGO11C01","Number of Health Graduates","2012","2012","18","4 years","60","Pharmacy","Number",""
"HGO11C01","Number of Health Graduates","2012","2012","18","4 years","504","Physiotherapy","Number","3"
"HGO11C01","Number of Health Graduates","2012","2012","18","4 years","402","Radiography and Radiation Therapy","Number",""
"HGO11C01","Number of Health Graduates","2012","2012","18","4 years","702","Social Care","Number","9"
"HGO11C01","Number of Health Graduates","2012","2012","18","4 years","701","Social Work","Number","3"
"HGO11C01","Number of Health Graduates","2012","2012","18","4 years","10","Speech and Language Therapy","Number",""
"HGO11C01","Number of Health Graduates","2012","2012","18","4 years","V52","Dietetics, Optometry and Podiatry","Number","3"
"HGO11C01","Number of Health Graduates","2012","2012","20","5 years","201","Dentistry","Number",""
"HGO11C01","Number of Health Graduates","2012","2012","20","5 years","401","Medical Science","Number",""
"HGO11C01","Number of Health Graduates","2012","2012","20","5 years","202","Medicine","Number",""
"HGO11C01","Number of Health Graduates","2012","2012","20","5 years","30","Nursing and Midwifery","Number","27"
"HGO11C01","Number of Health Graduates","2012","2012","20","5 years","501","Occupational Therapy","Number","3"
"HGO11C01","Number of Health Graduates","2012","2012","20","5 years","60","Pharmacy","Number",""
"HGO11C01","Number of Health Graduates","2012","2012","20","5 years","504","Physiotherapy","Number","3"
"HGO11C01","Number of Health Graduates","2012","2012","20","5 years","402","Radiography and Radiation Therapy","Number",""
"HGO11C01","Number of Health Graduates","2012","2012","20","5 years","702","Social Care","Number","9"
"HGO11C01","Number of Health Graduates","2012","2012","20","5 years","701","Social Work","Number",""
"HGO11C01","Number of Health Graduates","2012","2012","20","5 years","10","Speech and Language Therapy","Number",""
"HGO11C01","Number of Health Graduates","2012","2012","20","5 years","V52","Dietetics, Optometry and Podiatry","Number","3"
"HGO11C01","Number of Health Graduates","2012","2012","22","6 years","201","Dentistry","Number","3"
"HGO11C01","Number of Health Graduates","2012","2012","22","6 years","401","Medical Science","Number",""
"HGO11C01","Number of Health Graduates","2012","2012","22","6 years","202","Medicine","Number",""
"HGO11C01","Number of Health Graduates","2012","2012","22","6 years","30","Nursing and Midwifery","Number","21"
"HGO11C01","Number of Health Graduates","2012","2012","22","6 years","501","Occupational Therapy","Number",""
"HGO11C01","Number of Health Graduates","2012","2012","22","6 years","60","Pharmacy","Number",""
"HGO11C01","Number of Health Graduates","2012","2012","22","6 years","504","Physiotherapy","Number","3"
"HGO11C01","Number of Health Graduates","2012","2012","22","6 years","402","Radiography and Radiation Therapy","Number",""
"HGO11C01","Number of Health Graduates","2012","2012","22","6 years","702","Social Care","Number","6"
"HGO11C01","Number of Health Graduates","2012","2012","22","6 years","701","Social Work","Number",""
"HGO11C01","Number of Health Graduates","2012","2012","22","6 years","10","Speech and Language Therapy","Number","3"
"HGO11C01","Number of Health Graduates","2012","2012","22","6 years","V52","Dietetics, Optometry and Podiatry","Number","3"
"HGO11C01","Number of Health Graduates","2012","2012","24","7 years","201","Dentistry","Number",""
"HGO11C01","Number of Health Graduates","2012","2012","24","7 years","401","Medical Science","Number",""
"HGO11C01","Number of Health Graduates","2012","2012","24","7 years","202","Medicine","Number",""
"HGO11C01","Number of Health Graduates","2012","2012","24","7 years","30","Nursing and Midwifery","Number","15"
"HGO11C01","Number of Health Graduates","2012","2012","24","7 years","501","Occupational Therapy","Number",""
"HGO11C01","Number of Health Graduates","2012","2012","24","7 years","60","Pharmacy","Number",""
"HGO11C01","Number of Health Graduates","2012","2012","24","7 years","504","Physiotherapy","Number",""
"HGO11C01","Number of Health Graduates","2012","2012","24","7 years","402","Radiography and Radiation Therapy","Number",""
"HGO11C01","Number of Health Graduates","2012","2012","24","7 years","702","Social Care","Number",""
"HGO11C01","Number of Health Graduates","2012","2012","24","7 years","701","Social Work","Number","3"
"HGO11C01","Number of Health Graduates","2012","2012","24","7 years","10","Speech and Language Therapy","Number",""
"HGO11C01","Number of Health Graduates","2012","2012","24","7 years","V52","Dietetics, Optometry and Podiatry","Number",""
"HGO11C01","Number of Health Graduates","2012","2012","26","8 years","201","Dentistry","Number",""
"HGO11C01","Number of Health Graduates","2012","2012","26","8 years","401","Medical Science","Number",""
"HGO11C01","Number of Health Graduates","2012","2012","26","8 years","202","Medicine","Number",""
"HGO11C01","Number of Health Graduates","2012","2012","26","8 years","30","Nursing and Midwifery","Number","9"
"HGO11C01","Number of Health Graduates","2012","2012","26","8 years","501","Occupational Therapy","Number","3"
"HGO11C01","Number of Health Graduates","2012","2012","26","8 years","60","Pharmacy","Number",""
"HGO11C01","Number of Health Graduates","2012","2012","26","8 years","504","Physiotherapy","Number",""
"HGO11C01","Number of Health Graduates","2012","2012","26","8 years","402","Radiography and Radiation Therapy","Number",""
"HGO11C01","Number of Health Graduates","2012","2012","26","8 years","702","Social Care","Number","3"
"HGO11C01","Number of Health Graduates","2012","2012","26","8 years","701","Social Work","Number",""
"HGO11C01","Number of Health Graduates","2012","2012","26","8 years","10","Speech and Language Therapy","Number",""
"HGO11C01","Number of Health Graduates","2012","2012","26","8 years","V52","Dietetics, Optometry and Podiatry","Number",""
"HGO11C01","Number of Health Graduates","2012","2012","28","9 years","201","Dentistry","Number",""
"HGO11C01","Number of Health Graduates","2012","2012","28","9 years","401","Medical Science","Number",""
"HGO11C01","Number of Health Graduates","2012","2012","28","9 years","202","Medicine","Number",""
"HGO11C01","Number of Health Graduates","2012","2012","28","9 years","30","Nursing and Midwifery","Number","3"
"HGO11C01","Number of Health Graduates","2012","2012","28","9 years","501","Occupational Therapy","Number",""
"HGO11C01","Number of Health Graduates","2012","2012","28","9 years","60","Pharmacy","Number",""
"HGO11C01","Number of Health Graduates","2012","2012","28","9 years","504","Physiotherapy","Number",""
"HGO11C01","Number of Health Graduates","2012","2012","28","9 years","402","Radiography and Radiation Therapy","Number",""
"HGO11C01","Number of Health Graduates","2012","2012","28","9 years","702","Social Care","Number","3"
"HGO11C01","Number of Health Graduates","2012","2012","28","9 years","701","Social Work","Number",""
"HGO11C01","Number of Health Graduates","2012","2012","28","9 years","10","Speech and Language Therapy","Number",""
"HGO11C01","Number of Health Graduates","2012","2012","28","9 years","V52","Dietetics, Optometry and Podiatry","Number",""
"HGO11C01","Number of Health Graduates","2012","2012","30","10 years","201","Dentistry","Number",""
"HGO11C01","Number of Health Graduates","2012","2012","30","10 years","401","Medical Science","Number",""
"HGO11C01","Number of Health Graduates","2012","2012","30","10 years","202","Medicine","Number",""
"HGO11C01","Number of Health Graduates","2012","2012","30","10 years","30","Nursing and Midwifery","Number","3"
"HGO11C01","Number of Health Graduates","2012","2012","30","10 years","501","Occupational Therapy","Number",""
"HGO11C01","Number of Health Graduates","2012","2012","30","10 years","60","Pharmacy","Number",""
"HGO11C01","Number of Health Graduates","2012","2012","30","10 years","504","Physiotherapy","Number",""
"HGO11C01","Number of Health Graduates","2012","2012","30","10 years","402","Radiography and Radiation Therapy","Number",""
"HGO11C01","Number of Health Graduates","2012","2012","30","10 years","702","Social Care","Number",""
"HGO11C01","Number of Health Graduates","2012","2012","30","10 years","701","Social Work","Number","3"
"HGO11C01","Number of Health Graduates","2012","2012","30","10 years","10","Speech and Language Therapy","Number",""
"HGO11C01","Number of Health Graduates","2012","2012","30","10 years","V52","Dietetics, Optometry and Podiatry","Number",""
"HGO11C01","Number of Health Graduates","2012","2012","32","11 years","201","Dentistry","Number",""
"HGO11C01","Number of Health Graduates","2012","2012","32","11 years","401","Medical Science","Number",""
"HGO11C01","Number of Health Graduates","2012","2012","32","11 years","202","Medicine","Number",""
"HGO11C01","Number of Health Graduates","2012","2012","32","11 years","30","Nursing and Midwifery","Number",""
"HGO11C01","Number of Health Graduates","2012","2012","32","11 years","501","Occupational Therapy","Number",""
"HGO11C01","Number of Health Graduates","2012","2012","32","11 years","60","Pharmacy","Number",""
"HGO11C01","Number of Health Graduates","2012","2012","32","11 years","504","Physiotherapy","Number",""
"HGO11C01","Number of Health Graduates","2012","2012","32","11 years","402","Radiography and Radiation Therapy","Number",""
"HGO11C01","Number of Health Graduates","2012","2012","32","11 years","702","Social Care","Number",""
"HGO11C01","Number of Health Graduates","2012","2012","32","11 years","701","Social Work","Number",""
"HGO11C01","Number of Health Graduates","2012","2012","32","11 years","10","Speech and Language Therapy","Number",""
"HGO11C01","Number of Health Graduates","2012","2012","32","11 years","V52","Dietetics, Optometry and Podiatry","Number",""
"HGO11C01","Number of Health Graduates","2012","2012","34","12 years","201","Dentistry","Number",""
"HGO11C01","Number of Health Graduates","2012","2012","34","12 years","401","Medical Science","Number",""
"HGO11C01","Number of Health Graduates","2012","2012","34","12 years","202","Medicine","Number",""
"HGO11C01","Number of Health Graduates","2012","2012","34","12 years","30","Nursing and Midwifery","Number",""
"HGO11C01","Number of Health Graduates","2012","2012","34","12 years","501","Occupational Therapy","Number",""
"HGO11C01","Number of Health Graduates","2012","2012","34","12 years","60","Pharmacy","Number",""
"HGO11C01","Number of Health Graduates","2012","2012","34","12 years","504","Physiotherapy","Number",""
"HGO11C01","Number of Health Graduates","2012","2012","34","12 years","402","Radiography and Radiation Therapy","Number",""
"HGO11C01","Number of Health Graduates","2012","2012","34","12 years","702","Social Care","Number",""
"HGO11C01","Number of Health Graduates","2012","2012","34","12 years","701","Social Work","Number",""
"HGO11C01","Number of Health Graduates","2012","2012","34","12 years","10","Speech and Language Therapy","Number",""
"HGO11C01","Number of Health Graduates","2012","2012","34","12 years","V52","Dietetics, Optometry and Podiatry","Number",""
"HGO11C01","Number of Health Graduates","2012","2012","36","13 years","201","Dentistry","Number",""
"HGO11C01","Number of Health Graduates","2012","2012","36","13 years","401","Medical Science","Number",""
"HGO11C01","Number of Health Graduates","2012","2012","36","13 years","202","Medicine","Number",""
"HGO11C01","Number of Health Graduates","2012","2012","36","13 years","30","Nursing and Midwifery","Number",""
"HGO11C01","Number of Health Graduates","2012","2012","36","13 years","501","Occupational Therapy","Number",""
"HGO11C01","Number of Health Graduates","2012","2012","36","13 years","60","Pharmacy","Number",""
"HGO11C01","Number of Health Graduates","2012","2012","36","13 years","504","Physiotherapy","Number",""
"HGO11C01","Number of Health Graduates","2012","2012","36","13 years","402","Radiography and Radiation Therapy","Number",""
"HGO11C01","Number of Health Graduates","2012","2012","36","13 years","702","Social Care","Number",""
"HGO11C01","Number of Health Graduates","2012","2012","36","13 years","701","Social Work","Number",""
"HGO11C01","Number of Health Graduates","2012","2012","36","13 years","10","Speech and Language Therapy","Number",""
"HGO11C01","Number of Health Graduates","2012","2012","36","13 years","V52","Dietetics, Optometry and Podiatry","Number",""
"HGO11C01","Number of Health Graduates","2012","2012","-","All Years","201","Dentistry","Number","21"
"HGO11C01","Number of Health Graduates","2012","2012","-","All Years","401","Medical Science","Number","12"
"HGO11C01","Number of Health Graduates","2012","2012","-","All Years","202","Medicine","Number","48"
"HGO11C01","Number of Health Graduates","2012","2012","-","All Years","30","Nursing and Midwifery","Number","309"
"HGO11C01","Number of Health Graduates","2012","2012","-","All Years","501","Occupational Therapy","Number","39"
"HGO11C01","Number of Health Graduates","2012","2012","-","All Years","60","Pharmacy","Number",""
"HGO11C01","Number of Health Graduates","2012","2012","-","All Years","504","Physiotherapy","Number","42"
"HGO11C01","Number of Health Graduates","2012","2012","-","All Years","402","Radiography and Radiation Therapy","Number","9"
"HGO11C01","Number of Health Graduates","2012","2012","-","All Years","702","Social Care","Number","117"
"HGO11C01","Number of Health Graduates","2012","2012","-","All Years","701","Social Work","Number","33"
"HGO11C01","Number of Health Graduates","2012","2012","-","All Years","10","Speech and Language Therapy","Number","24"
"HGO11C01","Number of Health Graduates","2012","2012","-","All Years","V52","Dietetics, Optometry and Podiatry","Number","18"
"HGO11C01","Number of Health Graduates","2013","2013","12","1 year","201","Dentistry","Number","6"
"HGO11C01","Number of Health Graduates","2013","2013","12","1 year","401","Medical Science","Number","6"
"HGO11C01","Number of Health Graduates","2013","2013","12","1 year","202","Medicine","Number","27"
"HGO11C01","Number of Health Graduates","2013","2013","12","1 year","30","Nursing and Midwifery","Number","120"
"HGO11C01","Number of Health Graduates","2013","2013","12","1 year","501","Occupational Therapy","Number","9"
"HGO11C01","Number of Health Graduates","2013","2013","12","1 year","60","Pharmacy","Number",""
"HGO11C01","Number of Health Graduates","2013","2013","12","1 year","504","Physiotherapy","Number","12"
"HGO11C01","Number of Health Graduates","2013","2013","12","1 year","402","Radiography and Radiation Therapy","Number","6"
"HGO11C01","Number of Health Graduates","2013","2013","12","1 year","702","Social Care","Number","51"
"HGO11C01","Number of Health Graduates","2013","2013","12","1 year","701","Social Work","Number","9"
"HGO11C01","Number of Health Graduates","2013","2013","12","1 year","10","Speech and Language Therapy","Number","12"
"HGO11C01","Number of Health Graduates","2013","2013","12","1 year","V52","Dietetics, Optometry and Podiatry","Number","3"
"HGO11C01","Number of Health Graduates","2013","2013","14","2 years","201","Dentistry","Number","3"
"HGO11C01","Number of Health Graduates","2013","2013","14","2 years","401","Medical Science","Number",""
"HGO11C01","Number of Health Graduates","2013","2013","14","2 years","202","Medicine","Number","6"
"HGO11C01","Number of Health Graduates","2013","2013","14","2 years","30","Nursing and Midwifery","Number","63"
"HGO11C01","Number of Health Graduates","2013","2013","14","2 years","501","Occupational Therapy","Number","6"
"HGO11C01","Number of Health Graduates","2013","2013","14","2 years","60","Pharmacy","Number",""
"HGO11C01","Number of Health Graduates","2013","2013","14","2 years","504","Physiotherapy","Number","15"
"HGO11C01","Number of Health Graduates","2013","2013","14","2 years","402","Radiography and Radiation Therapy","Number","3"
"HGO11C01","Number of Health Graduates","2013","2013","14","2 years","702","Social Care","Number","30"
"HGO11C01","Number of Health Graduates","2013","2013","14","2 years","701","Social Work","Number","3"
"HGO11C01","Number of Health Graduates","2013","2013","14","2 years","10","Speech and Language Therapy","Number","6"
"HGO11C01","Number of Health Graduates","2013","2013","14","2 years","V52","Dietetics, Optometry and Podiatry","Number",""
"HGO11C01","Number of Health Graduates","2013","2013","16","3 years","201","Dentistry","Number","6"
"HGO11C01","Number of Health Graduates","2013","2013","16","3 years","401","Medical Science","Number","3"
"HGO11C01","Number of Health Graduates","2013","2013","16","3 years","202","Medicine","Number","3"
"HGO11C01","Number of Health Graduates","2013","2013","16","3 years","30","Nursing and Midwifery","Number","27"
"HGO11C01","Number of Health Graduates","2013","2013","16","3 years","501","Occupational Therapy","Number","6"
"HGO11C01","Number of Health Graduates","2013","2013","16","3 years","60","Pharmacy","Number",""
"HGO11C01","Number of Health Graduates","2013","2013","16","3 years","504","Physiotherapy","Number","3"
"HGO11C01","Number of Health Graduates","2013","2013","16","3 years","402","Radiography and Radiation Therapy","Number","3"
"HGO11C01","Number of Health Graduates","2013","2013","16","3 years","702","Social Care","Number","18"
"HGO11C01","Number of Health Graduates","2013","2013","16","3 years","701","Social Work","Number",""
"HGO11C01","Number of Health Graduates","2013","2013","16","3 years","10","Speech and Language Therapy","Number","6"
"HGO11C01","Number of Health Graduates","2013","2013","16","3 years","V52","Dietetics, Optometry and Podiatry","Number",""
"HGO11C01","Number of Health Graduates","2013","2013","18","4 years","201","Dentistry","Number","3"
"HGO11C01","Number of Health Graduates","2013","2013","18","4 years","401","Medical Science","Number",""
"HGO11C01","Number of Health Graduates","2013","2013","18","4 years","202","Medicine","Number","3"
"HGO11C01","Number of Health Graduates","2013","2013","18","4 years","30","Nursing and Midwifery","Number","33"
"HGO11C01","Number of Health Graduates","2013","2013","18","4 years","501","Occupational Therapy","Number","6"
"HGO11C01","Number of Health Graduates","2013","2013","18","4 years","60","Pharmacy","Number",""
"HGO11C01","Number of Health Graduates","2013","2013","18","4 years","504","Physiotherapy","Number","3"
"HGO11C01","Number of Health Graduates","2013","2013","18","4 years","402","Radiography and Radiation Therapy","Number",""
"HGO11C01","Number of Health Graduates","2013","2013","18","4 years","702","Social Care","Number","12"
"HGO11C01","Number of Health Graduates","2013","2013","18","4 years","701","Social Work","Number",""
"HGO11C01","Number of Health Graduates","2013","2013","18","4 years","10","Speech and Language Therapy","Number","6"
"HGO11C01","Number of Health Graduates","2013","2013","18","4 years","V52","Dietetics, Optometry and Podiatry","Number",""
"HGO11C01","Number of Health Graduates","2013","2013","20","5 years","201","Dentistry","Number","3"
"HGO11C01","Number of Health Graduates","2013","2013","20","5 years","401","Medical Science","Number",""
"HGO11C01","Number of Health Graduates","2013","2013","20","5 years","202","Medicine","Number",""
"HGO11C01","Number of Health Graduates","2013","2013","20","5 years","30","Nursing and Midwifery","Number","18"
"HGO11C01","Number of Health Graduates","2013","2013","20","5 years","501","Occupational Therapy","Number","3"
"HGO11C01","Number of Health Graduates","2013","2013","20","5 years","60","Pharmacy","Number",""
"HGO11C01","Number of Health Graduates","2013","2013","20","5 years","504","Physiotherapy","Number","3"
"HGO11C01","Number of Health Graduates","2013","2013","20","5 years","402","Radiography and Radiation Therapy","Number",""
"HGO11C01","Number of Health Graduates","2013","2013","20","5 years","702","Social Care","Number","6"
"HGO11C01","Number of Health Graduates","2013","2013","20","5 years","701","Social Work","Number",""
"HGO11C01","Number of Health Graduates","2013","2013","20","5 years","10","Speech and Language Therapy","Number","9"
"HGO11C01","Number of Health Graduates","2013","2013","20","5 years","V52","Dietetics, Optometry and Podiatry","Number",""
"HGO11C01","Number of Health Graduates","2013","2013","22","6 years","201","Dentistry","Number",""
"HGO11C01","Number of Health Graduates","2013","2013","22","6 years","401","Medical Science","Number",""
"HGO11C01","Number of Health Graduates","2013","2013","22","6 years","202","Medicine","Number","6"
"HGO11C01","Number of Health Graduates","2013","2013","22","6 years","30","Nursing and Midwifery","Number","18"
"HGO11C01","Number of Health Graduates","2013","2013","22","6 years","501","Occupational Therapy","Number","3"
"HGO11C01","Number of Health Graduates","2013","2013","22","6 years","60","Pharmacy","Number",""
"HGO11C01","Number of Health Graduates","2013","2013","22","6 years","504","Physiotherapy","Number","3"
"HGO11C01","Number of Health Graduates","2013","2013","22","6 years","402","Radiography and Radiation Therapy","Number",""
"HGO11C01","Number of Health Graduates","2013","2013","22","6 years","702","Social Care","Number","6"
"HGO11C01","Number of Health Graduates","2013","2013","22","6 years","701","Social Work","Number","3"
"HGO11C01","Number of Health Graduates","2013","2013","22","6 years","10","Speech and Language Therapy","Number","3"
"HGO11C01","Number of Health Graduates","2013","2013","22","6 years","V52","Dietetics, Optometry and Podiatry","Number",""
"HGO11C01","Number of Health Graduates","2013","2013","24","7 years","201","Dentistry","Number",""
"HGO11C01","Number of Health Graduates","2013","2013","24","7 years","401","Medical Science","Number",""
"HGO11C01","Number of Health Graduates","2013","2013","24","7 years","202","Medicine","Number","3"
"HGO11C01","Number of Health Graduates","2013","2013","24","7 years","30","Nursing and Midwifery","Number","15"
"HGO11C01","Number of Health Graduates","2013","2013","24","7 years","501","Occupational Therapy","Number","3"
"HGO11C01","Number of Health Graduates","2013","2013","24","7 years","60","Pharmacy","Number",""
"HGO11C01","Number of Health Graduates","2013","2013","24","7 years","504","Physiotherapy","Number",""
"HGO11C01","Number of Health Graduates","2013","2013","24","7 years","402","Radiography and Radiation Therapy","Number",""
"HGO11C01","Number of Health Graduates","2013","2013","24","7 years","702","Social Care","Number",""
"HGO11C01","Number of Health Graduates","2013","2013","24","7 years","701","Social Work","Number",""
"HGO11C01","Number of Health Graduates","2013","2013","24","7 years","10","Speech and Language Therapy","Number",""
"HGO11C01","Number of Health Graduates","2013","2013","24","7 years","V52","Dietetics, Optometry and Podiatry","Number",""
"HGO11C01","Number of Health Graduates","2013","2013","26","8 years","201","Dentistry","Number",""
"HGO11C01","Number of Health Graduates","2013","2013","26","8 years","401","Medical Science","Number",""
"HGO11C01","Number of Health Graduates","2013","2013","26","8 years","202","Medicine","Number",""
"HGO11C01","Number of Health Graduates","2013","2013","26","8 years","30","Nursing and Midwifery","Number","6"
"HGO11C01","Number of Health Graduates","2013","2013","26","8 years","501","Occupational Therapy","Number",""
"HGO11C01","Number of Health Graduates","2013","2013","26","8 years","60","Pharmacy","Number",""
"HGO11C01","Number of Health Graduates","2013","2013","26","8 years","504","Physiotherapy","Number",""
"HGO11C01","Number of Health Graduates","2013","2013","26","8 years","402","Radiography and Radiation Therapy","Number",""
"HGO11C01","Number of Health Graduates","2013","2013","26","8 years","702","Social Care","Number","3"
"HGO11C01","Number of Health Graduates","2013","2013","26","8 years","701","Social Work","Number",""
"HGO11C01","Number of Health Graduates","2013","2013","26","8 years","10","Speech and Language Therapy","Number",""
"HGO11C01","Number of Health Graduates","2013","2013","26","8 years","V52","Dietetics, Optometry and Podiatry","Number",""
"HGO11C01","Number of Health Graduates","2013","2013","28","9 years","201","Dentistry","Number",""
"HGO11C01","Number of Health Graduates","2013","2013","28","9 years","401","Medical Science","Number",""
"HGO11C01","Number of Health Graduates","2013","2013","28","9 years","202","Medicine","Number",""
"HGO11C01","Number of Health Graduates","2013","2013","28","9 years","30","Nursing and Midwifery","Number","3"
"HGO11C01","Number of Health Graduates","2013","2013","28","9 years","501","Occupational Therapy","Number",""
"HGO11C01","Number of Health Graduates","2013","2013","28","9 years","60","Pharmacy","Number",""
"HGO11C01","Number of Health Graduates","2013","2013","28","9 years","504","Physiotherapy","Number",""
"HGO11C01","Number of Health Graduates","2013","2013","28","9 years","402","Radiography and Radiation Therapy","Number",""
"HGO11C01","Number of Health Graduates","2013","2013","28","9 years","702","Social Care","Number",""
"HGO11C01","Number of Health Graduates","2013","2013","28","9 years","701","Social Work","Number",""
"HGO11C01","Number of Health Graduates","2013","2013","28","9 years","10","Speech and Language Therapy","Number",""
"HGO11C01","Number of Health Graduates","2013","2013","28","9 years","V52","Dietetics, Optometry and Podiatry","Number",""
"HGO11C01","Number of Health Graduates","2013","2013","30","10 years","201","Dentistry","Number",""
"HGO11C01","Number of Health Graduates","2013","2013","30","10 years","401","Medical Science","Number",""
"HGO11C01","Number of Health Graduates","2013","2013","30","10 years","202","Medicine","Number",""
"HGO11C01","Number of Health Graduates","2013","2013","30","10 years","30","Nursing and Midwifery","Number",""
"HGO11C01","Number of Health Graduates","2013","2013","30","10 years","501","Occupational Therapy","Number",""
"HGO11C01","Number of Health Graduates","2013","2013","30","10 years","60","Pharmacy","Number",""
"HGO11C01","Number of Health Graduates","2013","2013","30","10 years","504","Physiotherapy","Number",""
"HGO11C01","Number of Health Graduates","2013","2013","30","10 years","402","Radiography and Radiation Therapy","Number",""
"HGO11C01","Number of Health Graduates","2013","2013","30","10 years","702","Social Care","Number",""
"HGO11C01","Number of Health Graduates","2013","2013","30","10 years","701","Social Work","Number",""
"HGO11C01","Number of Health Graduates","2013","2013","30","10 years","10","Speech and Language Therapy","Number",""
"HGO11C01","Number of Health Graduates","2013","2013","30","10 years","V52","Dietetics, Optometry and Podiatry","Number",""
"HGO11C01","Number of Health Graduates","2013","2013","32","11 years","201","Dentistry","Number",""
"HGO11C01","Number of Health Graduates","2013","2013","32","11 years","401","Medical Science","Number",""
"HGO11C01","Number of Health Graduates","2013","2013","32","11 years","202","Medicine","Number",""
"HGO11C01","Number of Health Graduates","2013","2013","32","11 years","30","Nursing and Midwifery","Number",""
"HGO11C01","Number of Health Graduates","2013","2013","32","11 years","501","Occupational Therapy","Number",""
"HGO11C01","Number of Health Graduates","2013","2013","32","11 years","60","Pharmacy","Number",""
"HGO11C01","Number of Health Graduates","2013","2013","32","11 years","504","Physiotherapy","Number",""
"HGO11C01","Number of Health Graduates","2013","2013","32","11 years","402","Radiography and Radiation Therapy","Number",""
"HGO11C01","Number of Health Graduates","2013","2013","32","11 years","702","Social Care","Number",""
"HGO11C01","Number of Health Graduates","2013","2013","32","11 years","701","Social Work","Number",""
"HGO11C01","Number of Health Graduates","2013","2013","32","11 years","10","Speech and Language Therapy","Number",""
"HGO11C01","Number of Health Graduates","2013","2013","32","11 years","V52","Dietetics, Optometry and Podiatry","Number",""
"HGO11C01","Number of Health Graduates","2013","2013","34","12 years","201","Dentistry","Number",""
"HGO11C01","Number of Health Graduates","2013","2013","34","12 years","401","Medical Science","Number",""
"HGO11C01","Number of Health Graduates","2013","2013","34","12 years","202","Medicine","Number",""
"HGO11C01","Number of Health Graduates","2013","2013","34","12 years","30","Nursing and Midwifery","Number",""
"HGO11C01","Number of Health Graduates","2013","2013","34","12 years","501","Occupational Therapy","Number",""
"HGO11C01","Number of Health Graduates","2013","2013","34","12 years","60","Pharmacy","Number",""
"HGO11C01","Number of Health Graduates","2013","2013","34","12 years","504","Physiotherapy","Number",""
"HGO11C01","Number of Health Graduates","2013","2013","34","12 years","402","Radiography and Radiation Therapy","Number",""
"HGO11C01","Number of Health Graduates","2013","2013","34","12 years","702","Social Care","Number",""
"HGO11C01","Number of Health Graduates","2013","2013","34","12 years","701","Social Work","Number",""
"HGO11C01","Number of Health Graduates","2013","2013","34","12 years","10","Speech and Language Therapy","Number",""
"HGO11C01","Number of Health Graduates","2013","2013","34","12 years","V52","Dietetics, Optometry and Podiatry","Number",""
"HGO11C01","Number of Health Graduates","2013","2013","36","13 years","201","Dentistry","Number",""
"HGO11C01","Number of Health Graduates","2013","2013","36","13 years","401","Medical Science","Number",""
"HGO11C01","Number of Health Graduates","2013","2013","36","13 years","202","Medicine","Number",""
"HGO11C01","Number of Health Graduates","2013","2013","36","13 years","30","Nursing and Midwifery","Number",""
"HGO11C01","Number of Health Graduates","2013","2013","36","13 years","501","Occupational Therapy","Number",""
"HGO11C01","Number of Health Graduates","2013","2013","36","13 years","60","Pharmacy","Number",""
"HGO11C01","Number of Health Graduates","2013","2013","36","13 years","504","Physiotherapy","Number",""
"HGO11C01","Number of Health Graduates","2013","2013","36","13 years","402","Radiography and Radiation Therapy","Number",""
"HGO11C01","Number of Health Graduates","2013","2013","36","13 years","702","Social Care","Number",""
"HGO11C01","Number of Health Graduates","2013","2013","36","13 years","701","Social Work","Number",""
"HGO11C01","Number of Health Graduates","2013","2013","36","13 years","10","Speech and Language Therapy","Number",""
"HGO11C01","Number of Health Graduates","2013","2013","36","13 years","V52","Dietetics, Optometry and Podiatry","Number",""
"HGO11C01","Number of Health Graduates","2013","2013","-","All Years","201","Dentistry","Number","21"
"HGO11C01","Number of Health Graduates","2013","2013","-","All Years","401","Medical Science","Number","9"
"HGO11C01","Number of Health Graduates","2013","2013","-","All Years","202","Medicine","Number","51"
"HGO11C01","Number of Health Graduates","2013","2013","-","All Years","30","Nursing and Midwifery","Number","303"
"HGO11C01","Number of Health Graduates","2013","2013","-","All Years","501","Occupational Therapy","Number","33"
"HGO11C01","Number of Health Graduates","2013","2013","-","All Years","60","Pharmacy","Number",""
"HGO11C01","Number of Health Graduates","2013","2013","-","All Years","504","Physiotherapy","Number","42"
"HGO11C01","Number of Health Graduates","2013","2013","-","All Years","402","Radiography and Radiation Therapy","Number","12"
"HGO11C01","Number of Health Graduates","2013","2013","-","All Years","702","Social Care","Number","126"
"HGO11C01","Number of Health Graduates","2013","2013","-","All Years","701","Social Work","Number","18"
"HGO11C01","Number of Health Graduates","2013","2013","-","All Years","10","Speech and Language Therapy","Number","39"
"HGO11C01","Number of Health Graduates","2013","2013","-","All Years","V52","Dietetics, Optometry and Podiatry","Number","9"
"HGO11C01","Number of Health Graduates","2014","2014","12","1 year","201","Dentistry","Number","9"
"HGO11C01","Number of Health Graduates","2014","2014","12","1 year","401","Medical Science","Number","3"
"HGO11C01","Number of Health Graduates","2014","2014","12","1 year","202","Medicine","Number","36"
"HGO11C01","Number of Health Graduates","2014","2014","12","1 year","30","Nursing and Midwifery","Number","87"
"HGO11C01","Number of Health Graduates","2014","2014","12","1 year","501","Occupational Therapy","Number","12"
"HGO11C01","Number of Health Graduates","2014","2014","12","1 year","60","Pharmacy","Number",""
"HGO11C01","Number of Health Graduates","2014","2014","12","1 year","504","Physiotherapy","Number","6"
"HGO11C01","Number of Health Graduates","2014","2014","12","1 year","402","Radiography and Radiation Therapy","Number",""
"HGO11C01","Number of Health Graduates","2014","2014","12","1 year","702","Social Care","Number","48"
"HGO11C01","Number of Health Graduates","2014","2014","12","1 year","701","Social Work","Number","9"
"HGO11C01","Number of Health Graduates","2014","2014","12","1 year","10","Speech and Language Therapy","Number","3"
"HGO11C01","Number of Health Graduates","2014","2014","12","1 year","V52","Dietetics, Optometry and Podiatry","Number","9"
"HGO11C01","Number of Health Graduates","2014","2014","14","2 years","201","Dentistry","Number","3"
"HGO11C01","Number of Health Graduates","2014","2014","14","2 years","401","Medical Science","Number",""
"HGO11C01","Number of Health Graduates","2014","2014","14","2 years","202","Medicine","Number","15"
"HGO11C01","Number of Health Graduates","2014","2014","14","2 years","30","Nursing and Midwifery","Number","39"
"HGO11C01","Number of Health Graduates","2014","2014","14","2 years","501","Occupational Therapy","Number","6"
"HGO11C01","Number of Health Graduates","2014","2014","14","2 years","60","Pharmacy","Number",""
"HGO11C01","Number of Health Graduates","2014","2014","14","2 years","504","Physiotherapy","Number","6"
"HGO11C01","Number of Health Graduates","2014","2014","14","2 years","402","Radiography and Radiation Therapy","Number",""
"HGO11C01","Number of Health Graduates","2014","2014","14","2 years","702","Social Care","Number","21"
"HGO11C01","Number of Health Graduates","2014","2014","14","2 years","701","Social Work","Number","3"
"HGO11C01","Number of Health Graduates","2014","2014","14","2 years","10","Speech and Language Therapy","Number","3"
"HGO11C01","Number of Health Graduates","2014","2014","14","2 years","V52","Dietetics, Optometry and Podiatry","Number","6"
"HGO11C01","Number of Health Graduates","2014","2014","16","3 years","201","Dentistry","Number","3"
"HGO11C01","Number of Health Graduates","2014","2014","16","3 years","401","Medical Science","Number",""
"HGO11C01","Number of Health Graduates","2014","2014","16","3 years","202","Medicine","Number","6"
"HGO11C01","Number of Health Graduates","2014","2014","16","3 years","30","Nursing and Midwifery","Number","45"
"HGO11C01","Number of Health Graduates","2014","2014","16","3 years","501","Occupational Therapy","Number","6"
"HGO11C01","Number of Health Graduates","2014","2014","16","3 years","60","Pharmacy","Number",""
"HGO11C01","Number of Health Graduates","2014","2014","16","3 years","504","Physiotherapy","Number","6"
"HGO11C01","Number of Health Graduates","2014","2014","16","3 years","402","Radiography and Radiation Therapy","Number","3"
"HGO11C01","Number of Health Graduates","2014","2014","16","3 years","702","Social Care","Number","12"
"HGO11C01","Number of Health Graduates","2014","2014","16","3 years","701","Social Work","Number","6"
"HGO11C01","Number of Health Graduates","2014","2014","16","3 years","10","Speech and Language Therapy","Number","6"
"HGO11C01","Number of Health Graduates","2014","2014","16","3 years","V52","Dietetics, Optometry and Podiatry","Number","3"
"HGO11C01","Number of Health Graduates","2014","2014","18","4 years","201","Dentistry","Number",""
"HGO11C01","Number of Health Graduates","2014","2014","18","4 years","401","Medical Science","Number",""
"HGO11C01","Number of Health Graduates","2014","2014","18","4 years","202","Medicine","Number","3"
"HGO11C01","Number of Health Graduates","2014","2014","18","4 years","30","Nursing and Midwifery","Number","27"
"HGO11C01","Number of Health Graduates","2014","2014","18","4 years","501","Occupational Therapy","Number","6"
"HGO11C01","Number of Health Graduates","2014","2014","18","4 years","60","Pharmacy","Number",""
"HGO11C01","Number of Health Graduates","2014","2014","18","4 years","504","Physiotherapy","Number","3"
"HGO11C01","Number of Health Graduates","2014","2014","18","4 years","402","Radiography and Radiation Therapy","Number",""
"HGO11C01","Number of Health Graduates","2014","2014","18","4 years","702","Social Care","Number","12"
"HGO11C01","Number of Health Graduates","2014","2014","18","4 years","701","Social Work","Number",""
"HGO11C01","Number of Health Graduates","2014","2014","18","4 years","10","Speech and Language Therapy","Number",""
"HGO11C01","Number of Health Graduates","2014","2014","18","4 years","V52","Dietetics, Optometry and Podiatry","Number","3"
"HGO11C01","Number of Health Graduates","2014","2014","20","5 years","201","Dentistry","Number",""
"HGO11C01","Number of Health Graduates","2014","2014","20","5 years","401","Medical Science","Number",""
"HGO11C01","Number of Health Graduates","2014","2014","20","5 years","202","Medicine","Number","6"
"HGO11C01","Number of Health Graduates","2014","2014","20","5 years","30","Nursing and Midwifery","Number","21"
"HGO11C01","Number of Health Graduates","2014","2014","20","5 years","501","Occupational Therapy","Number",""
"HGO11C01","Number of Health Graduates","2014","2014","20","5 years","60","Pharmacy","Number",""
"HGO11C01","Number of Health Graduates","2014","2014","20","5 years","504","Physiotherapy","Number",""
"HGO11C01","Number of Health Graduates","2014","2014","20","5 years","402","Radiography and Radiation Therapy","Number",""
"HGO11C01","Number of Health Graduates","2014","2014","20","5 years","702","Social Care","Number","6"
"HGO11C01","Number of Health Graduates","2014","2014","20","5 years","701","Social Work","Number",""
"HGO11C01","Number of Health Graduates","2014","2014","20","5 years","10","Speech and Language Therapy","Number",""
"HGO11C01","Number of Health Graduates","2014","2014","20","5 years","V52","Dietetics, Optometry and Podiatry","Number",""
"HGO11C01","Number of Health Graduates","2014","2014","22","6 years","201","Dentistry","Number",""
"HGO11C01","Number of Health Graduates","2014","2014","22","6 years","401","Medical Science","Number",""
"HGO11C01","Number of Health Graduates","2014","2014","22","6 years","202","Medicine","Number","3"
"HGO11C01","Number of Health Graduates","2014","2014","22","6 years","30","Nursing and Midwifery","Number","9"
"HGO11C01","Number of Health Graduates","2014","2014","22","6 years","501","Occupational Therapy","Number",""
"HGO11C01","Number of Health Graduates","2014","2014","22","6 years","60","Pharmacy","Number",""
"HGO11C01","Number of Health Graduates","2014","2014","22","6 years","504","Physiotherapy","Number","3"
"HGO11C01","Number of Health Graduates","2014","2014","22","6 years","402","Radiography and Radiation Therapy","Number",""
"HGO11C01","Number of Health Graduates","2014","2014","22","6 years","702","Social Care","Number","3"
"HGO11C01","Number of Health Graduates","2014","2014","22","6 years","701","Social Work","Number",""
"HGO11C01","Number of Health Graduates","2014","2014","22","6 years","10","Speech and Language Therapy","Number",""
"HGO11C01","Number of Health Graduates","2014","2014","22","6 years","V52","Dietetics, Optometry and Podiatry","Number",""
"HGO11C01","Number of Health Graduates","2014","2014","24","7 years","201","Dentistry","Number",""
"HGO11C01","Number of Health Graduates","2014","2014","24","7 years","401","Medical Science","Number",""
"HGO11C01","Number of Health Graduates","2014","2014","24","7 years","202","Medicine","Number","3"
"HGO11C01","Number of Health Graduates","2014","2014","24","7 years","30","Nursing and Midwifery","Number","6"
"HGO11C01","Number of Health Graduates","2014","2014","24","7 years","501","Occupational Therapy","Number",""
"HGO11C01","Number of Health Graduates","2014","2014","24","7 years","60","Pharmacy","Number",""
"HGO11C01","Number of Health Graduates","2014","2014","24","7 years","504","Physiotherapy","Number","3"
"HGO11C01","Number of Health Graduates","2014","2014","24","7 years","402","Radiography and Radiation Therapy","Number",""
"HGO11C01","Number of Health Graduates","2014","2014","24","7 years","702","Social Care","Number","3"
"HGO11C01","Number of Health Graduates","2014","2014","24","7 years","701","Social Work","Number",""
"HGO11C01","Number of Health Graduates","2014","2014","24","7 years","10","Speech and Language Therapy","Number","3"
"HGO11C01","Number of Health Graduates","2014","2014","24","7 years","V52","Dietetics, Optometry and Podiatry","Number",""
"HGO11C01","Number of Health Graduates","2014","2014","26","8 years","201","Dentistry","Number",""
"HGO11C01","Number of Health Graduates","2014","2014","26","8 years","401","Medical Science","Number",""
"HGO11C01","Number of Health Graduates","2014","2014","26","8 years","202","Medicine","Number",""
"HGO11C01","Number of Health Graduates","2014","2014","26","8 years","30","Nursing and Midwifery","Number",""
"HGO11C01","Number of Health Graduates","2014","2014","26","8 years","501","Occupational Therapy","Number",""
"HGO11C01","Number of Health Graduates","2014","2014","26","8 years","60","Pharmacy","Number",""
"HGO11C01","Number of Health Graduates","2014","2014","26","8 years","504","Physiotherapy","Number",""
"HGO11C01","Number of Health Graduates","2014","2014","26","8 years","402","Radiography and Radiation Therapy","Number",""
"HGO11C01","Number of Health Graduates","2014","2014","26","8 years","702","Social Care","Number",""
"HGO11C01","Number of Health Graduates","2014","2014","26","8 years","701","Social Work","Number",""
"HGO11C01","Number of Health Graduates","2014","2014","26","8 years","10","Speech and Language Therapy","Number",""
"HGO11C01","Number of Health Graduates","2014","2014","26","8 years","V52","Dietetics, Optometry and Podiatry","Number",""
"HGO11C01","Number of Health Graduates","2014","2014","28","9 years","201","Dentistry","Number",""
"HGO11C01","Number of Health Graduates","2014","2014","28","9 years","401","Medical Science","Number",""
"HGO11C01","Number of Health Graduates","2014","2014","28","9 years","202","Medicine","Number",""
"HGO11C01","Number of Health Graduates","2014","2014","28","9 years","30","Nursing and Midwifery","Number",""
"HGO11C01","Number of Health Graduates","2014","2014","28","9 years","501","Occupational Therapy","Number",""
"HGO11C01","Number of Health Graduates","2014","2014","28","9 years","60","Pharmacy","Number",""
"HGO11C01","Number of Health Graduates","2014","2014","28","9 years","504","Physiotherapy","Number",""
"HGO11C01","Number of Health Graduates","2014","2014","28","9 years","402","Radiography and Radiation Therapy","Number",""
"HGO11C01","Number of Health Graduates","2014","2014","28","9 years","702","Social Care","Number",""
"HGO11C01","Number of Health Graduates","2014","2014","28","9 years","701","Social Work","Number",""
"HGO11C01","Number of Health Graduates","2014","2014","28","9 years","10","Speech and Language Therapy","Number",""
"HGO11C01","Number of Health Graduates","2014","2014","28","9 years","V52","Dietetics, Optometry and Podiatry","Number",""
"HGO11C01","Number of Health Graduates","2014","2014","30","10 years","201","Dentistry","Number",""
"HGO11C01","Number of Health Graduates","2014","2014","30","10 years","401","Medical Science","Number",""
"HGO11C01","Number of Health Graduates","2014","2014","30","10 years","202","Medicine","Number",""
"HGO11C01","Number of Health Graduates","2014","2014","30","10 years","30","Nursing and Midwifery","Number",""
"HGO11C01","Number of Health Graduates","2014","2014","30","10 years","501","Occupational Therapy","Number",""
"HGO11C01","Number of Health Graduates","2014","2014","30","10 years","60","Pharmacy","Number",""
"HGO11C01","Number of Health Graduates","2014","2014","30","10 years","504","Physiotherapy","Number",""
"HGO11C01","Number of Health Graduates","2014","2014","30","10 years","402","Radiography and Radiation Therapy","Number",""
"HGO11C01","Number of Health Graduates","2014","2014","30","10 years","702","Social Care","Number",""
"HGO11C01","Number of Health Graduates","2014","2014","30","10 years","701","Social Work","Number",""
"HGO11C01","Number of Health Graduates","2014","2014","30","10 years","10","Speech and Language Therapy","Number",""
"HGO11C01","Number of Health Graduates","2014","2014","30","10 years","V52","Dietetics, Optometry and Podiatry","Number",""
"HGO11C01","Number of Health Graduates","2014","2014","32","11 years","201","Dentistry","Number",""
"HGO11C01","Number of Health Graduates","2014","2014","32","11 years","401","Medical Science","Number",""
"HGO11C01","Number of Health Graduates","2014","2014","32","11 years","202","Medicine","Number",""
"HGO11C01","Number of Health Graduates","2014","2014","32","11 years","30","Nursing and Midwifery","Number",""
"HGO11C01","Number of Health Graduates","2014","2014","32","11 years","501","Occupational Therapy","Number",""
"HGO11C01","Number of Health Graduates","2014","2014","32","11 years","60","Pharmacy","Number",""
"HGO11C01","Number of Health Graduates","2014","2014","32","11 years","504","Physiotherapy","Number",""
"HGO11C01","Number of Health Graduates","2014","2014","32","11 years","402","Radiography and Radiation Therapy","Number",""
"HGO11C01","Number of Health Graduates","2014","2014","32","11 years","702","Social Care","Number",""
"HGO11C01","Number of Health Graduates","2014","2014","32","11 years","701","Social Work","Number",""
"HGO11C01","Number of Health Graduates","2014","2014","32","11 years","10","Speech and Language Therapy","Number",""
"HGO11C01","Number of Health Graduates","2014","2014","32","11 years","V52","Dietetics, Optometry and Podiatry","Number",""
"HGO11C01","Number of Health Graduates","2014","2014","34","12 years","201","Dentistry","Number",""
"HGO11C01","Number of Health Graduates","2014","2014","34","12 years","401","Medical Science","Number",""
"HGO11C01","Number of Health Graduates","2014","2014","34","12 years","202","Medicine","Number",""
"HGO11C01","Number of Health Graduates","2014","2014","34","12 years","30","Nursing and Midwifery","Number",""
"HGO11C01","Number of Health Graduates","2014","2014","34","12 years","501","Occupational Therapy","Number",""
"HGO11C01","Number of Health Graduates","2014","2014","34","12 years","60","Pharmacy","Number",""
"HGO11C01","Number of Health Graduates","2014","2014","34","12 years","504","Physiotherapy","Number",""
"HGO11C01","Number of Health Graduates","2014","2014","34","12 years","402","Radiography and Radiation Therapy","Number",""
"HGO11C01","Number of Health Graduates","2014","2014","34","12 years","702","Social Care","Number",""
"HGO11C01","Number of Health Graduates","2014","2014","34","12 years","701","Social Work","Number",""
"HGO11C01","Number of Health Graduates","2014","2014","34","12 years","10","Speech and Language Therapy","Number",""
"HGO11C01","Number of Health Graduates","2014","2014","34","12 years","V52","Dietetics, Optometry and Podiatry","Number",""
"HGO11C01","Number of Health Graduates","2014","2014","36","13 years","201","Dentistry","Number",""
"HGO11C01","Number of Health Graduates","2014","2014","36","13 years","401","Medical Science","Number",""
"HGO11C01","Number of Health Graduates","2014","2014","36","13 years","202","Medicine","Number",""
"HGO11C01","Number of Health Graduates","2014","2014","36","13 years","30","Nursing and Midwifery","Number",""
"HGO11C01","Number of Health Graduates","2014","2014","36","13 years","501","Occupational Therapy","Number",""
"HGO11C01","Number of Health Graduates","2014","2014","36","13 years","60","Pharmacy","Number",""
"HGO11C01","Number of Health Graduates","2014","2014","36","13 years","504","Physiotherapy","Number",""
"HGO11C01","Number of Health Graduates","2014","2014","36","13 years","402","Radiography and Radiation Therapy","Number",""
"HGO11C01","Number of Health Graduates","2014","2014","36","13 years","702","Social Care","Number",""
"HGO11C01","Number of Health Graduates","2014","2014","36","13 years","701","Social Work","Number",""
"HGO11C01","Number of Health Graduates","2014","2014","36","13 years","10","Speech and Language Therapy","Number",""
"HGO11C01","Number of Health Graduates","2014","2014","36","13 years","V52","Dietetics, Optometry and Podiatry","Number",""
"HGO11C01","Number of Health Graduates","2014","2014","-","All Years","201","Dentistry","Number","18"
"HGO11C01","Number of Health Graduates","2014","2014","-","All Years","401","Medical Science","Number","6"
"HGO11C01","Number of Health Graduates","2014","2014","-","All Years","202","Medicine","Number","75"
"HGO11C01","Number of Health Graduates","2014","2014","-","All Years","30","Nursing and Midwifery","Number","234"
"HGO11C01","Number of Health Graduates","2014","2014","-","All Years","501","Occupational Therapy","Number","30"
"HGO11C01","Number of Health Graduates","2014","2014","-","All Years","60","Pharmacy","Number",""
"HGO11C01","Number of Health Graduates","2014","2014","-","All Years","504","Physiotherapy","Number","30"
"HGO11C01","Number of Health Graduates","2014","2014","-","All Years","402","Radiography and Radiation Therapy","Number","6"
"HGO11C01","Number of Health Graduates","2014","2014","-","All Years","702","Social Care","Number","105"
"HGO11C01","Number of Health Graduates","2014","2014","-","All Years","701","Social Work","Number","18"
"HGO11C01","Number of Health Graduates","2014","2014","-","All Years","10","Speech and Language Therapy","Number","15"
"HGO11C01","Number of Health Graduates","2014","2014","-","All Years","V52","Dietetics, Optometry and Podiatry","Number","21"
"HGO11C01","Number of Health Graduates","2015","2015","12","1 year","201","Dentistry","Number","12"
"HGO11C01","Number of Health Graduates","2015","2015","12","1 year","401","Medical Science","Number",""
"HGO11C01","Number of Health Graduates","2015","2015","12","1 year","202","Medicine","Number","69"
"HGO11C01","Number of Health Graduates","2015","2015","12","1 year","30","Nursing and Midwifery","Number","87"
"HGO11C01","Number of Health Graduates","2015","2015","12","1 year","501","Occupational Therapy","Number","12"
"HGO11C01","Number of Health Graduates","2015","2015","12","1 year","60","Pharmacy","Number",""
"HGO11C01","Number of Health Graduates","2015","2015","12","1 year","504","Physiotherapy","Number","15"
"HGO11C01","Number of Health Graduates","2015","2015","12","1 year","402","Radiography and Radiation Therapy","Number","3"
"HGO11C01","Number of Health Graduates","2015","2015","12","1 year","702","Social Care","Number","48"
"HGO11C01","Number of Health Graduates","2015","2015","12","1 year","701","Social Work","Number","6"
"HGO11C01","Number of Health Graduates","2015","2015","12","1 year","10","Speech and Language Therapy","Number","9"
"HGO11C01","Number of Health Graduates","2015","2015","12","1 year","V52","Dietetics, Optometry and Podiatry","Number","6"
"HGO11C01","Number of Health Graduates","2015","2015","14","2 years","201","Dentistry","Number",""
"HGO11C01","Number of Health Graduates","2015","2015","14","2 years","401","Medical Science","Number",""
"HGO11C01","Number of Health Graduates","2015","2015","14","2 years","202","Medicine","Number","33"
"HGO11C01","Number of Health Graduates","2015","2015","14","2 years","30","Nursing and Midwifery","Number","30"
"HGO11C01","Number of Health Graduates","2015","2015","14","2 years","501","Occupational Therapy","Number","6"
"HGO11C01","Number of Health Graduates","2015","2015","14","2 years","60","Pharmacy","Number",""
"HGO11C01","Number of Health Graduates","2015","2015","14","2 years","504","Physiotherapy","Number","9"
"HGO11C01","Number of Health Graduates","2015","2015","14","2 years","402","Radiography and Radiation Therapy","Number",""
"HGO11C01","Number of Health Graduates","2015","2015","14","2 years","702","Social Care","Number","15"
"HGO11C01","Number of Health Graduates","2015","2015","14","2 years","701","Social Work","Number","3"
"HGO11C01","Number of Health Graduates","2015","2015","14","2 years","10","Speech and Language Therapy","Number","3"
"HGO11C01","Number of Health Graduates","2015","2015","14","2 years","V52","Dietetics, Optometry and Podiatry","Number","9"
"HGO11C01","Number of Health Graduates","2015","2015","16","3 years","201","Dentistry","Number",""
"HGO11C01","Number of Health Graduates","2015","2015","16","3 years","401","Medical Science","Number",""
"HGO11C01","Number of Health Graduates","2015","2015","16","3 years","202","Medicine","Number","12"
"HGO11C01","Number of Health Graduates","2015","2015","16","3 years","30","Nursing and Midwifery","Number","18"
"HGO11C01","Number of Health Graduates","2015","2015","16","3 years","501","Occupational Therapy","Number",""
"HGO11C01","Number of Health Graduates","2015","2015","16","3 years","60","Pharmacy","Number",""
"HGO11C01","Number of Health Graduates","2015","2015","16","3 years","504","Physiotherapy","Number","9"
"HGO11C01","Number of Health Graduates","2015","2015","16","3 years","402","Radiography and Radiation Therapy","Number","3"
"HGO11C01","Number of Health Graduates","2015","2015","16","3 years","702","Social Care","Number","9"
"HGO11C01","Number of Health Graduates","2015","2015","16","3 years","701","Social Work","Number",""
"HGO11C01","Number of Health Graduates","2015","2015","16","3 years","10","Speech and Language Therapy","Number","3"
"HGO11C01","Number of Health Graduates","2015","2015","16","3 years","V52","Dietetics, Optometry and Podiatry","Number","3"
"HGO11C01","Number of Health Graduates","2015","2015","18","4 years","201","Dentistry","Number",""
"HGO11C01","Number of Health Graduates","2015","2015","18","4 years","401","Medical Science","Number",""
"HGO11C01","Number of Health Graduates","2015","2015","18","4 years","202","Medicine","Number","3"
"HGO11C01","Number of Health Graduates","2015","2015","18","4 years","30","Nursing and Midwifery","Number","24"
"HGO11C01","Number of Health Graduates","2015","2015","18","4 years","501","Occupational Therapy","Number","3"
"HGO11C01","Number of Health Graduates","2015","2015","18","4 years","60","Pharmacy","Number",""
"HGO11C01","Number of Health Graduates","2015","2015","18","4 years","504","Physiotherapy","Number",""
"HGO11C01","Number of Health Graduates","2015","2015","18","4 years","402","Radiography and Radiation Therapy","Number",""
"HGO11C01","Number of Health Graduates","2015","2015","18","4 years","702","Social Care","Number","6"
"HGO11C01","Number of Health Graduates","2015","2015","18","4 years","701","Social Work","Number","3"
"HGO11C01","Number of Health Graduates","2015","2015","18","4 years","10","Speech and Language Therapy","Number",""
"HGO11C01","Number of Health Graduates","2015","2015","18","4 years","V52","Dietetics, Optometry and Podiatry","Number",""
"HGO11C01","Number of Health Graduates","2015","2015","20","5 years","201","Dentistry","Number","3"
"HGO11C01","Number of Health Graduates","2015","2015","20","5 years","401","Medical Science","Number",""
"HGO11C01","Number of Health Graduates","2015","2015","20","5 years","202","Medicine","Number",""
"HGO11C01","Number of Health Graduates","2015","2015","20","5 years","30","Nursing and Midwifery","Number","9"
"HGO11C01","Number of Health Graduates","2015","2015","20","5 years","501","Occupational Therapy","Number",""
"HGO11C01","Number of Health Graduates","2015","2015","20","5 years","60","Pharmacy","Number",""
"HGO11C01","Number of Health Graduates","2015","2015","20","5 years","504","Physiotherapy","Number","3"
"HGO11C01","Number of Health Graduates","2015","2015","20","5 years","402","Radiography and Radiation Therapy","Number",""
"HGO11C01","Number of Health Graduates","2015","2015","20","5 years","702","Social Care","Number","3"
"HGO11C01","Number of Health Graduates","2015","2015","20","5 years","701","Social Work","Number",""
"HGO11C01","Number of Health Graduates","2015","2015","20","5 years","10","Speech and Language Therapy","Number",""
"HGO11C01","Number of Health Graduates","2015","2015","20","5 years","V52","Dietetics, Optometry and Podiatry","Number",""
"HGO11C01","Number of Health Graduates","2015","2015","22","6 years","201","Dentistry","Number",""
"HGO11C01","Number of Health Graduates","2015","2015","22","6 years","401","Medical Science","Number",""
"HGO11C01","Number of Health Graduates","2015","2015","22","6 years","202","Medicine","Number",""
"HGO11C01","Number of Health Graduates","2015","2015","22","6 years","30","Nursing and Midwifery","Number","3"
"HGO11C01","Number of Health Graduates","2015","2015","22","6 years","501","Occupational Therapy","Number",""
"HGO11C01","Number of Health Graduates","2015","2015","22","6 years","60","Pharmacy","Number",""
"HGO11C01","Number of Health Graduates","2015","2015","22","6 years","504","Physiotherapy","Number",""
"HGO11C01","Number of Health Graduates","2015","2015","22","6 years","402","Radiography and Radiation Therapy","Number",""
"HGO11C01","Number of Health Graduates","2015","2015","22","6 years","702","Social Care","Number",""
"HGO11C01","Number of Health Graduates","2015","2015","22","6 years","701","Social Work","Number",""
"HGO11C01","Number of Health Graduates","2015","2015","22","6 years","10","Speech and Language Therapy","Number","3"
"HGO11C01","Number of Health Graduates","2015","2015","22","6 years","V52","Dietetics, Optometry and Podiatry","Number",""
"HGO11C01","Number of Health Graduates","2015","2015","24","7 years","201","Dentistry","Number",""
"HGO11C01","Number of Health Graduates","2015","2015","24","7 years","401","Medical Science","Number",""
"HGO11C01","Number of Health Graduates","2015","2015","24","7 years","202","Medicine","Number",""
"HGO11C01","Number of Health Graduates","2015","2015","24","7 years","30","Nursing and Midwifery","Number","3"
"HGO11C01","Number of Health Graduates","2015","2015","24","7 years","501","Occupational Therapy","Number",""
"HGO11C01","Number of Health Graduates","2015","2015","24","7 years","60","Pharmacy","Number",""
"HGO11C01","Number of Health Graduates","2015","2015","24","7 years","504","Physiotherapy","Number",""
"HGO11C01","Number of Health Graduates","2015","2015","24","7 years","402","Radiography and Radiation Therapy","Number",""
"HGO11C01","Number of Health Graduates","2015","2015","24","7 years","702","Social Care","Number",""
"HGO11C01","Number of Health Graduates","2015","2015","24","7 years","701","Social Work","Number",""
"HGO11C01","Number of Health Graduates","2015","2015","24","7 years","10","Speech and Language Therapy","Number",""
"HGO11C01","Number of Health Graduates","2015","2015","24","7 years","V52","Dietetics, Optometry and Podiatry","Number",""
"HGO11C01","Number of Health Graduates","2015","2015","26","8 years","201","Dentistry","Number",""
"HGO11C01","Number of Health Graduates","2015","2015","26","8 years","401","Medical Science","Number",""
"HGO11C01","Number of Health Graduates","2015","2015","26","8 years","202","Medicine","Number",""
"HGO11C01","Number of Health Graduates","2015","2015","26","8 years","30","Nursing and Midwifery","Number",""
"HGO11C01","Number of Health Graduates","2015","2015","26","8 years","501","Occupational Therapy","Number",""
"HGO11C01","Number of Health Graduates","2015","2015","26","8 years","60","Pharmacy","Number",""
"HGO11C01","Number of Health Graduates","2015","2015","26","8 years","504","Physiotherapy","Number",""
"HGO11C01","Number of Health Graduates","2015","2015","26","8 years","402","Radiography and Radiation Therapy","Number",""
"HGO11C01","Number of Health Graduates","2015","2015","26","8 years","702","Social Care","Number",""
"HGO11C01","Number of Health Graduates","2015","2015","26","8 years","701","Social Work","Number",""
"HGO11C01","Number of Health Graduates","2015","2015","26","8 years","10","Speech and Language Therapy","Number",""
"HGO11C01","Number of Health Graduates","2015","2015","26","8 years","V52","Dietetics, Optometry and Podiatry","Number",""
"HGO11C01","Number of Health Graduates","2015","2015","28","9 years","201","Dentistry","Number",""
"HGO11C01","Number of Health Graduates","2015","2015","28","9 years","401","Medical Science","Number",""
"HGO11C01","Number of Health Graduates","2015","2015","28","9 years","202","Medicine","Number",""
"HGO11C01","Number of Health Graduates","2015","2015","28","9 years","30","Nursing and Midwifery","Number",""
"HGO11C01","Number of Health Graduates","2015","2015","28","9 years","501","Occupational Therapy","Number",""
"HGO11C01","Number of Health Graduates","2015","2015","28","9 years","60","Pharmacy","Number",""
"HGO11C01","Number of Health Graduates","2015","2015","28","9 years","504","Physiotherapy","Number",""
"HGO11C01","Number of Health Graduates","2015","2015","28","9 years","402","Radiography and Radiation Therapy","Number",""
"HGO11C01","Number of Health Graduates","2015","2015","28","9 years","702","Social Care","Number",""
"HGO11C01","Number of Health Graduates","2015","2015","28","9 years","701","Social Work","Number",""
"HGO11C01","Number of Health Graduates","2015","2015","28","9 years","10","Speech and Language Therapy","Number",""
"HGO11C01","Number of Health Graduates","2015","2015","28","9 years","V52","Dietetics, Optometry and Podiatry","Number",""
"HGO11C01","Number of Health Graduates","2015","2015","30","10 years","201","Dentistry","Number",""
"HGO11C01","Number of Health Graduates","2015","2015","30","10 years","401","Medical Science","Number",""
"HGO11C01","Number of Health Graduates","2015","2015","30","10 years","202","Medicine","Number",""
"HGO11C01","Number of Health Graduates","2015","2015","30","10 years","30","Nursing and Midwifery","Number",""
"HGO11C01","Number of Health Graduates","2015","2015","30","10 years","501","Occupational Therapy","Number",""
"HGO11C01","Number of Health Graduates","2015","2015","30","10 years","60","Pharmacy","Number",""
"HGO11C01","Number of Health Graduates","2015","2015","30","10 years","504","Physiotherapy","Number",""
"HGO11C01","Number of Health Graduates","2015","2015","30","10 years","402","Radiography and Radiation Therapy","Number",""
"HGO11C01","Number of Health Graduates","2015","2015","30","10 years","702","Social Care","Number",""
"HGO11C01","Number of Health Graduates","2015","2015","30","10 years","701","Social Work","Number",""
"HGO11C01","Number of Health Graduates","2015","2015","30","10 years","10","Speech and Language Therapy","Number",""
"HGO11C01","Number of Health Graduates","2015","2015","30","10 years","V52","Dietetics, Optometry and Podiatry","Number",""
"HGO11C01","Number of Health Graduates","2015","2015","32","11 years","201","Dentistry","Number",""
"HGO11C01","Number of Health Graduates","2015","2015","32","11 years","401","Medical Science","Number",""
"HGO11C01","Number of Health Graduates","2015","2015","32","11 years","202","Medicine","Number",""
"HGO11C01","Number of Health Graduates","2015","2015","32","11 years","30","Nursing and Midwifery","Number",""
"HGO11C01","Number of Health Graduates","2015","2015","32","11 years","501","Occupational Therapy","Number",""
"HGO11C01","Number of Health Graduates","2015","2015","32","11 years","60","Pharmacy","Number",""
"HGO11C01","Number of Health Graduates","2015","2015","32","11 years","504","Physiotherapy","Number",""
"HGO11C01","Number of Health Graduates","2015","2015","32","11 years","402","Radiography and Radiation Therapy","Number",""
"HGO11C01","Number of Health Graduates","2015","2015","32","11 years","702","Social Care","Number",""
"HGO11C01","Number of Health Graduates","2015","2015","32","11 years","701","Social Work","Number",""
"HGO11C01","Number of Health Graduates","2015","2015","32","11 years","10","Speech and Language Therapy","Number",""
"HGO11C01","Number of Health Graduates","2015","2015","32","11 years","V52","Dietetics, Optometry and Podiatry","Number",""
"HGO11C01","Number of Health Graduates","2015","2015","34","12 years","201","Dentistry","Number",""
"HGO11C01","Number of Health Graduates","2015","2015","34","12 years","401","Medical Science","Number",""
"HGO11C01","Number of Health Graduates","2015","2015","34","12 years","202","Medicine","Number",""
"HGO11C01","Number of Health Graduates","2015","2015","34","12 years","30","Nursing and Midwifery","Number",""
"HGO11C01","Number of Health Graduates","2015","2015","34","12 years","501","Occupational Therapy","Number",""
"HGO11C01","Number of Health Graduates","2015","2015","34","12 years","60","Pharmacy","Number",""
"HGO11C01","Number of Health Graduates","2015","2015","34","12 years","504","Physiotherapy","Number",""
"HGO11C01","Number of Health Graduates","2015","2015","34","12 years","402","Radiography and Radiation Therapy","Number",""
"HGO11C01","Number of Health Graduates","2015","2015","34","12 years","702","Social Care","Number",""
"HGO11C01","Number of Health Graduates","2015","2015","34","12 years","701","Social Work","Number",""
"HGO11C01","Number of Health Graduates","2015","2015","34","12 years","10","Speech and Language Therapy","Number",""
"HGO11C01","Number of Health Graduates","2015","2015","34","12 years","V52","Dietetics, Optometry and Podiatry","Number",""
"HGO11C01","Number of Health Graduates","2015","2015","36","13 years","201","Dentistry","Number",""
"HGO11C01","Number of Health Graduates","2015","2015","36","13 years","401","Medical Science","Number",""
"HGO11C01","Number of Health Graduates","2015","2015","36","13 years","202","Medicine","Number",""
"HGO11C01","Number of Health Graduates","2015","2015","36","13 years","30","Nursing and Midwifery","Number",""
"HGO11C01","Number of Health Graduates","2015","2015","36","13 years","501","Occupational Therapy","Number",""
"HGO11C01","Number of Health Graduates","2015","2015","36","13 years","60","Pharmacy","Number",""
"HGO11C01","Number of Health Graduates","2015","2015","36","13 years","504","Physiotherapy","Number",""
"HGO11C01","Number of Health Graduates","2015","2015","36","13 years","402","Radiography and Radiation Therapy","Number",""
"HGO11C01","Number of Health Graduates","2015","2015","36","13 years","702","Social Care","Number",""
"HGO11C01","Number of Health Graduates","2015","2015","36","13 years","701","Social Work","Number",""
"HGO11C01","Number of Health Graduates","2015","2015","36","13 years","10","Speech and Language Therapy","Number",""
"HGO11C01","Number of Health Graduates","2015","2015","36","13 years","V52","Dietetics, Optometry and Podiatry","Number",""
"HGO11C01","Number of Health Graduates","2015","2015","-","All Years","201","Dentistry","Number","15"
"HGO11C01","Number of Health Graduates","2015","2015","-","All Years","401","Medical Science","Number","3"
"HGO11C01","Number of Health Graduates","2015","2015","-","All Years","202","Medicine","Number","117"
"HGO11C01","Number of Health Graduates","2015","2015","-","All Years","30","Nursing and Midwifery","Number","174"
"HGO11C01","Number of Health Graduates","2015","2015","-","All Years","501","Occupational Therapy","Number","21"
"HGO11C01","Number of Health Graduates","2015","2015","-","All Years","60","Pharmacy","Number",""
"HGO11C01","Number of Health Graduates","2015","2015","-","All Years","504","Physiotherapy","Number","36"
"HGO11C01","Number of Health Graduates","2015","2015","-","All Years","402","Radiography and Radiation Therapy","Number","6"
"HGO11C01","Number of Health Graduates","2015","2015","-","All Years","702","Social Care","Number","81"
"HGO11C01","Number of Health Graduates","2015","2015","-","All Years","701","Social Work","Number","12"
"HGO11C01","Number of Health Graduates","2015","2015","-","All Years","10","Speech and Language Therapy","Number","18"
"HGO11C01","Number of Health Graduates","2015","2015","-","All Years","V52","Dietetics, Optometry and Podiatry","Number","18"
"HGO11C01","Number of Health Graduates","2016","2016","12","1 year","201","Dentistry","Number","6"
"HGO11C01","Number of Health Graduates","2016","2016","12","1 year","401","Medical Science","Number","6"
"HGO11C01","Number of Health Graduates","2016","2016","12","1 year","202","Medicine","Number","93"
"HGO11C01","Number of Health Graduates","2016","2016","12","1 year","30","Nursing and Midwifery","Number","84"
"HGO11C01","Number of Health Graduates","2016","2016","12","1 year","501","Occupational Therapy","Number","6"
"HGO11C01","Number of Health Graduates","2016","2016","12","1 year","60","Pharmacy","Number",""
"HGO11C01","Number of Health Graduates","2016","2016","12","1 year","504","Physiotherapy","Number","9"
"HGO11C01","Number of Health Graduates","2016","2016","12","1 year","402","Radiography and Radiation Therapy","Number",""
"HGO11C01","Number of Health Graduates","2016","2016","12","1 year","702","Social Care","Number","42"
"HGO11C01","Number of Health Graduates","2016","2016","12","1 year","701","Social Work","Number","6"
"HGO11C01","Number of Health Graduates","2016","2016","12","1 year","10","Speech and Language Therapy","Number","6"
"HGO11C01","Number of Health Graduates","2016","2016","12","1 year","V52","Dietetics, Optometry and Podiatry","Number","6"
"HGO11C01","Number of Health Graduates","2016","2016","14","2 years","201","Dentistry","Number",""
"HGO11C01","Number of Health Graduates","2016","2016","14","2 years","401","Medical Science","Number",""
"HGO11C01","Number of Health Graduates","2016","2016","14","2 years","202","Medicine","Number","27"
"HGO11C01","Number of Health Graduates","2016","2016","14","2 years","30","Nursing and Midwifery","Number","39"
"HGO11C01","Number of Health Graduates","2016","2016","14","2 years","501","Occupational Therapy","Number","6"
"HGO11C01","Number of Health Graduates","2016","2016","14","2 years","60","Pharmacy","Number",""
"HGO11C01","Number of Health Graduates","2016","2016","14","2 years","504","Physiotherapy","Number","12"
"HGO11C01","Number of Health Graduates","2016","2016","14","2 years","402","Radiography and Radiation Therapy","Number",""
"HGO11C01","Number of Health Graduates","2016","2016","14","2 years","702","Social Care","Number","15"
"HGO11C01","Number of Health Graduates","2016","2016","14","2 years","701","Social Work","Number","3"
"HGO11C01","Number of Health Graduates","2016","2016","14","2 years","10","Speech and Language Therapy","Number","6"
"HGO11C01","Number of Health Graduates","2016","2016","14","2 years","V52","Dietetics, Optometry and Podiatry","Number",""
"HGO11C01","Number of Health Graduates","2016","2016","16","3 years","201","Dentistry","Number","3"
"HGO11C01","Number of Health Graduates","2016","2016","16","3 years","401","Medical Science","Number",""
"HGO11C01","Number of Health Graduates","2016","2016","16","3 years","202","Medicine","Number","6"
"HGO11C01","Number of Health Graduates","2016","2016","16","3 years","30","Nursing and Midwifery","Number","15"
"HGO11C01","Number of Health Graduates","2016","2016","16","3 years","501","Occupational Therapy","Number","6"
"HGO11C01","Number of Health Graduates","2016","2016","16","3 years","60","Pharmacy","Number",""
"HGO11C01","Number of Health Graduates","2016","2016","16","3 years","504","Physiotherapy","Number","6"
"HGO11C01","Number of Health Graduates","2016","2016","16","3 years","402","Radiography and Radiation Therapy","Number",""
"HGO11C01","Number of Health Graduates","2016","2016","16","3 years","702","Social Care","Number","9"
"HGO11C01","Number of Health Graduates","2016","2016","16","3 years","701","Social Work","Number",""
"HGO11C01","Number of Health Graduates","2016","2016","16","3 years","10","Speech and Language Therapy","Number","3"
"HGO11C01","Number of Health Graduates","2016","2016","16","3 years","V52","Dietetics, Optometry and Podiatry","Number",""
"HGO11C01","Number of Health Graduates","2016","2016","18","4 years","201","Dentistry","Number",""
"HGO11C01","Number of Health Graduates","2016","2016","18","4 years","401","Medical Science","Number","3"
"HGO11C01","Number of Health Graduates","2016","2016","18","4 years","202","Medicine","Number","3"
"HGO11C01","Number of Health Graduates","2016","2016","18","4 years","30","Nursing and Midwifery","Number","12"
"HGO11C01","Number of Health Graduates","2016","2016","18","4 years","501","Occupational Therapy","Number","3"
"HGO11C01","Number of Health Graduates","2016","2016","18","4 years","60","Pharmacy","Number",""
"HGO11C01","Number of Health Graduates","2016","2016","18","4 years","504","Physiotherapy","Number",""
"HGO11C01","Number of Health Graduates","2016","2016","18","4 years","402","Radiography and Radiation Therapy","Number",""
"HGO11C01","Number of Health Graduates","2016","2016","18","4 years","702","Social Care","Number","3"
"HGO11C01","Number of Health Graduates","2016","2016","18","4 years","701","Social Work","Number",""
"HGO11C01","Number of Health Graduates","2016","2016","18","4 years","10","Speech and Language Therapy","Number",""
"HGO11C01","Number of Health Graduates","2016","2016","18","4 years","V52","Dietetics, Optometry and Podiatry","Number",""
"HGO11C01","Number of Health Graduates","2016","2016","20","5 years","201","Dentistry","Number",""
"HGO11C01","Number of Health Graduates","2016","2016","20","5 years","401","Medical Science","Number",""
"HGO11C01","Number of Health Graduates","2016","2016","20","5 years","202","Medicine","Number",""
"HGO11C01","Number of Health Graduates","2016","2016","20","5 years","30","Nursing and Midwifery","Number","6"
"HGO11C01","Number of Health Graduates","2016","2016","20","5 years","501","Occupational Therapy","Number",""
"HGO11C01","Number of Health Graduates","2016","2016","20","5 years","60","Pharmacy","Number",""
"HGO11C01","Number of Health Graduates","2016","2016","20","5 years","504","Physiotherapy","Number","3"
"HGO11C01","Number of Health Graduates","2016","2016","20","5 years","402","Radiography and Radiation Therapy","Number",""
"HGO11C01","Number of Health Graduates","2016","2016","20","5 years","702","Social Care","Number","6"
"HGO11C01","Number of Health Graduates","2016","2016","20","5 years","701","Social Work","Number",""
"HGO11C01","Number of Health Graduates","2016","2016","20","5 years","10","Speech and Language Therapy","Number",""
"HGO11C01","Number of Health Graduates","2016","2016","20","5 years","V52","Dietetics, Optometry and Podiatry","Number",""
"HGO11C01","Number of Health Graduates","2016","2016","22","6 years","201","Dentistry","Number",""
"HGO11C01","Number of Health Graduates","2016","2016","22","6 years","401","Medical Science","Number",""
"HGO11C01","Number of Health Graduates","2016","2016","22","6 years","202","Medicine","Number",""
"HGO11C01","Number of Health Graduates","2016","2016","22","6 years","30","Nursing and Midwifery","Number",""
"HGO11C01","Number of Health Graduates","2016","2016","22","6 years","501","Occupational Therapy","Number",""
"HGO11C01","Number of Health Graduates","2016","2016","22","6 years","60","Pharmacy","Number",""
"HGO11C01","Number of Health Graduates","2016","2016","22","6 years","504","Physiotherapy","Number",""
"HGO11C01","Number of Health Graduates","2016","2016","22","6 years","402","Radiography and Radiation Therapy","Number",""
"HGO11C01","Number of Health Graduates","2016","2016","22","6 years","702","Social Care","Number","3"
"HGO11C01","Number of Health Graduates","2016","2016","22","6 years","701","Social Work","Number",""
"HGO11C01","Number of Health Graduates","2016","2016","22","6 years","10","Speech and Language Therapy","Number",""
"HGO11C01","Number of Health Graduates","2016","2016","22","6 years","V52","Dietetics, Optometry and Podiatry","Number",""
"HGO11C01","Number of Health Graduates","2016","2016","24","7 years","201","Dentistry","Number",""
"HGO11C01","Number of Health Graduates","2016","2016","24","7 years","401","Medical Science","Number",""
"HGO11C01","Number of Health Graduates","2016","2016","24","7 years","202","Medicine","Number",""
"HGO11C01","Number of Health Graduates","2016","2016","24","7 years","30","Nursing and Midwifery","Number",""
"HGO11C01","Number of Health Graduates","2016","2016","24","7 years","501","Occupational Therapy","Number",""
"HGO11C01","Number of Health Graduates","2016","2016","24","7 years","60","Pharmacy","Number",""
"HGO11C01","Number of Health Graduates","2016","2016","24","7 years","504","Physiotherapy","Number",""
"HGO11C01","Number of Health Graduates","2016","2016","24","7 years","402","Radiography and Radiation Therapy","Number",""
"HGO11C01","Number of Health Graduates","2016","2016","24","7 years","702","Social Care","Number",""
"HGO11C01","Number of Health Graduates","2016","2016","24","7 years","701","Social Work","Number",""
"HGO11C01","Number of Health Graduates","2016","2016","24","7 years","10","Speech and Language Therapy","Number",""
"HGO11C01","Number of Health Graduates","2016","2016","24","7 years","V52","Dietetics, Optometry and Podiatry","Number",""
"HGO11C01","Number of Health Graduates","2016","2016","26","8 years","201","Dentistry","Number",""
"HGO11C01","Number of Health Graduates","2016","2016","26","8 years","401","Medical Science","Number",""
"HGO11C01","Number of Health Graduates","2016","2016","26","8 years","202","Medicine","Number",""
"HGO11C01","Number of Health Graduates","2016","2016","26","8 years","30","Nursing and Midwifery","Number",""
"HGO11C01","Number of Health Graduates","2016","2016","26","8 years","501","Occupational Therapy","Number",""
"HGO11C01","Number of Health Graduates","2016","2016","26","8 years","60","Pharmacy","Number",""
"HGO11C01","Number of Health Graduates","2016","2016","26","8 years","504","Physiotherapy","Number",""
"HGO11C01","Number of Health Graduates","2016","2016","26","8 years","402","Radiography and Radiation Therapy","Number",""
"HGO11C01","Number of Health Graduates","2016","2016","26","8 years","702","Social Care","Number",""
"HGO11C01","Number of Health Graduates","2016","2016","26","8 years","701","Social Work","Number",""
"HGO11C01","Number of Health Graduates","2016","2016","26","8 years","10","Speech and Language Therapy","Number",""
"HGO11C01","Number of Health Graduates","2016","2016","26","8 years","V52","Dietetics, Optometry and Podiatry","Number",""
"HGO11C01","Number of Health Graduates","2016","2016","28","9 years","201","Dentistry","Number",""
"HGO11C01","Number of Health Graduates","2016","2016","28","9 years","401","Medical Science","Number",""
"HGO11C01","Number of Health Graduates","2016","2016","28","9 years","202","Medicine","Number",""
"HGO11C01","Number of Health Graduates","2016","2016","28","9 years","30","Nursing and Midwifery","Number",""
"HGO11C01","Number of Health Graduates","2016","2016","28","9 years","501","Occupational Therapy","Number",""
"HGO11C01","Number of Health Graduates","2016","2016","28","9 years","60","Pharmacy","Number",""
"HGO11C01","Number of Health Graduates","2016","2016","28","9 years","504","Physiotherapy","Number",""
"HGO11C01","Number of Health Graduates","2016","2016","28","9 years","402","Radiography and Radiation Therapy","Number",""
"HGO11C01","Number of Health Graduates","2016","2016","28","9 years","702","Social Care","Number",""
"HGO11C01","Number of Health Graduates","2016","2016","28","9 years","701","Social Work","Number",""
"HGO11C01","Number of Health Graduates","2016","2016","28","9 years","10","Speech and Language Therapy","Number",""
"HGO11C01","Number of Health Graduates","2016","2016","28","9 years","V52","Dietetics, Optometry and Podiatry","Number",""
"HGO11C01","Number of Health Graduates","2016","2016","30","10 years","201","Dentistry","Number",""
"HGO11C01","Number of Health Graduates","2016","2016","30","10 years","401","Medical Science","Number",""
"HGO11C01","Number of Health Graduates","2016","2016","30","10 years","202","Medicine","Number",""
"HGO11C01","Number of Health Graduates","2016","2016","30","10 years","30","Nursing and Midwifery","Number",""
"HGO11C01","Number of Health Graduates","2016","2016","30","10 years","501","Occupational Therapy","Number",""
"HGO11C01","Number of Health Graduates","2016","2016","30","10 years","60","Pharmacy","Number",""
"HGO11C01","Number of Health Graduates","2016","2016","30","10 years","504","Physiotherapy","Number",""
"HGO11C01","Number of Health Graduates","2016","2016","30","10 years","402","Radiography and Radiation Therapy","Number",""
"HGO11C01","Number of Health Graduates","2016","2016","30","10 years","702","Social Care","Number",""
"HGO11C01","Number of Health Graduates","2016","2016","30","10 years","701","Social Work","Number",""
"HGO11C01","Number of Health Graduates","2016","2016","30","10 years","10","Speech and Language Therapy","Number",""
"HGO11C01","Number of Health Graduates","2016","2016","30","10 years","V52","Dietetics, Optometry and Podiatry","Number",""
"HGO11C01","Number of Health Graduates","2016","2016","32","11 years","201","Dentistry","Number",""
"HGO11C01","Number of Health Graduates","2016","2016","32","11 years","401","Medical Science","Number",""
"HGO11C01","Number of Health Graduates","2016","2016","32","11 years","202","Medicine","Number",""
"HGO11C01","Number of Health Graduates","2016","2016","32","11 years","30","Nursing and Midwifery","Number",""
"HGO11C01","Number of Health Graduates","2016","2016","32","11 years","501","Occupational Therapy","Number",""
"HGO11C01","Number of Health Graduates","2016","2016","32","11 years","60","Pharmacy","Number",""
"HGO11C01","Number of Health Graduates","2016","2016","32","11 years","504","Physiotherapy","Number",""
"HGO11C01","Number of Health Graduates","2016","2016","32","11 years","402","Radiography and Radiation Therapy","Number",""
"HGO11C01","Number of Health Graduates","2016","2016","32","11 years","702","Social Care","Number",""
"HGO11C01","Number of Health Graduates","2016","2016","32","11 years","701","Social Work","Number",""
"HGO11C01","Number of Health Graduates","2016","2016","32","11 years","10","Speech and Language Therapy","Number",""
"HGO11C01","Number of Health Graduates","2016","2016","32","11 years","V52","Dietetics, Optometry and Podiatry","Number",""
"HGO11C01","Number of Health Graduates","2016","2016","34","12 years","201","Dentistry","Number",""
"HGO11C01","Number of Health Graduates","2016","2016","34","12 years","401","Medical Science","Number",""
"HGO11C01","Number of Health Graduates","2016","2016","34","12 years","202","Medicine","Number",""
"HGO11C01","Number of Health Graduates","2016","2016","34","12 years","30","Nursing and Midwifery","Number",""
"HGO11C01","Number of Health Graduates","2016","2016","34","12 years","501","Occupational Therapy","Number",""
"HGO11C01","Number of Health Graduates","2016","2016","34","12 years","60","Pharmacy","Number",""
"HGO11C01","Number of Health Graduates","2016","2016","34","12 years","504","Physiotherapy","Number",""
"HGO11C01","Number of Health Graduates","2016","2016","34","12 years","402","Radiography and Radiation Therapy","Number",""
"HGO11C01","Number of Health Graduates","2016","2016","34","12 years","702","Social Care","Number",""
"HGO11C01","Number of Health Graduates","2016","2016","34","12 years","701","Social Work","Number",""
"HGO11C01","Number of Health Graduates","2016","2016","34","12 years","10","Speech and Language Therapy","Number",""
"HGO11C01","Number of Health Graduates","2016","2016","34","12 years","V52","Dietetics, Optometry and Podiatry","Number",""
"HGO11C01","Number of Health Graduates","2016","2016","36","13 years","201","Dentistry","Number",""
"HGO11C01","Number of Health Graduates","2016","2016","36","13 years","401","Medical Science","Number",""
"HGO11C01","Number of Health Graduates","2016","2016","36","13 years","202","Medicine","Number",""
"HGO11C01","Number of Health Graduates","2016","2016","36","13 years","30","Nursing and Midwifery","Number",""
"HGO11C01","Number of Health Graduates","2016","2016","36","13 years","501","Occupational Therapy","Number",""
"HGO11C01","Number of Health Graduates","2016","2016","36","13 years","60","Pharmacy","Number",""
"HGO11C01","Number of Health Graduates","2016","2016","36","13 years","504","Physiotherapy","Number",""
"HGO11C01","Number of Health Graduates","2016","2016","36","13 years","402","Radiography and Radiation Therapy","Number",""
"HGO11C01","Number of Health Graduates","2016","2016","36","13 years","702","Social Care","Number",""
"HGO11C01","Number of Health Graduates","2016","2016","36","13 years","701","Social Work","Number",""
"HGO11C01","Number of Health Graduates","2016","2016","36","13 years","10","Speech and Language Therapy","Number",""
"HGO11C01","Number of Health Graduates","2016","2016","36","13 years","V52","Dietetics, Optometry and Podiatry","Number",""
"HGO11C01","Number of Health Graduates","2016","2016","-","All Years","201","Dentistry","Number","12"
"HGO11C01","Number of Health Graduates","2016","2016","-","All Years","401","Medical Science","Number","9"
"HGO11C01","Number of Health Graduates","2016","2016","-","All Years","202","Medicine","Number","129"
"HGO11C01","Number of Health Graduates","2016","2016","-","All Years","30","Nursing and Midwifery","Number","159"
"HGO11C01","Number of Health Graduates","2016","2016","-","All Years","501","Occupational Therapy","Number","21"
"HGO11C01","Number of Health Graduates","2016","2016","-","All Years","60","Pharmacy","Number",""
"HGO11C01","Number of Health Graduates","2016","2016","-","All Years","504","Physiotherapy","Number","27"
"HGO11C01","Number of Health Graduates","2016","2016","-","All Years","402","Radiography and Radiation Therapy","Number","3"
"HGO11C01","Number of Health Graduates","2016","2016","-","All Years","702","Social Care","Number","75"
"HGO11C01","Number of Health Graduates","2016","2016","-","All Years","701","Social Work","Number","12"
"HGO11C01","Number of Health Graduates","2016","2016","-","All Years","10","Speech and Language Therapy","Number","15"
"HGO11C01","Number of Health Graduates","2016","2016","-","All Years","V52","Dietetics, Optometry and Podiatry","Number","9"
"HGO11C01","Number of Health Graduates","2017","2017","12","1 year","201","Dentistry","Number",""
"HGO11C01","Number of Health Graduates","2017","2017","12","1 year","401","Medical Science","Number","3"
"HGO11C01","Number of Health Graduates","2017","2017","12","1 year","202","Medicine","Number","102"
"HGO11C01","Number of Health Graduates","2017","2017","12","1 year","30","Nursing and Midwifery","Number","60"
"HGO11C01","Number of Health Graduates","2017","2017","12","1 year","501","Occupational Therapy","Number","12"
"HGO11C01","Number of Health Graduates","2017","2017","12","1 year","60","Pharmacy","Number",""
"HGO11C01","Number of Health Graduates","2017","2017","12","1 year","504","Physiotherapy","Number","12"
"HGO11C01","Number of Health Graduates","2017","2017","12","1 year","402","Radiography and Radiation Therapy","Number","3"
"HGO11C01","Number of Health Graduates","2017","2017","12","1 year","702","Social Care","Number","30"
"HGO11C01","Number of Health Graduates","2017","2017","12","1 year","701","Social Work","Number","3"
"HGO11C01","Number of Health Graduates","2017","2017","12","1 year","10","Speech and Language Therapy","Number","6"
"HGO11C01","Number of Health Graduates","2017","2017","12","1 year","V52","Dietetics, Optometry and Podiatry","Number","3"
"HGO11C01","Number of Health Graduates","2017","2017","14","2 years","201","Dentistry","Number","3"
"HGO11C01","Number of Health Graduates","2017","2017","14","2 years","401","Medical Science","Number","3"
"HGO11C01","Number of Health Graduates","2017","2017","14","2 years","202","Medicine","Number","24"
"HGO11C01","Number of Health Graduates","2017","2017","14","2 years","30","Nursing and Midwifery","Number","21"
"HGO11C01","Number of Health Graduates","2017","2017","14","2 years","501","Occupational Therapy","Number","12"
"HGO11C01","Number of Health Graduates","2017","2017","14","2 years","60","Pharmacy","Number",""
"HGO11C01","Number of Health Graduates","2017","2017","14","2 years","504","Physiotherapy","Number","6"
"HGO11C01","Number of Health Graduates","2017","2017","14","2 years","402","Radiography and Radiation Therapy","Number",""
"HGO11C01","Number of Health Graduates","2017","2017","14","2 years","702","Social Care","Number","21"
"HGO11C01","Number of Health Graduates","2017","2017","14","2 years","701","Social Work","Number",""
"HGO11C01","Number of Health Graduates","2017","2017","14","2 years","10","Speech and Language Therapy","Number",""
"HGO11C01","Number of Health Graduates","2017","2017","14","2 years","V52","Dietetics, Optometry and Podiatry","Number","3"
"HGO11C01","Number of Health Graduates","2017","2017","16","3 years","201","Dentistry","Number",""
"HGO11C01","Number of Health Graduates","2017","2017","16","3 years","401","Medical Science","Number",""
"HGO11C01","Number of Health Graduates","2017","2017","16","3 years","202","Medicine","Number","9"
"HGO11C01","Number of Health Graduates","2017","2017","16","3 years","30","Nursing and Midwifery","Number","12"
"HGO11C01","Number of Health Graduates","2017","2017","16","3 years","501","Occupational Therapy","Number",""
"HGO11C01","Number of Health Graduates","2017","2017","16","3 years","60","Pharmacy","Number",""
"HGO11C01","Number of Health Graduates","2017","2017","16","3 years","504","Physiotherapy","Number","6"
"HGO11C01","Number of Health Graduates","2017","2017","16","3 years","402","Radiography and Radiation Therapy","Number",""
"HGO11C01","Number of Health Graduates","2017","2017","16","3 years","702","Social Care","Number","9"
"HGO11C01","Number of Health Graduates","2017","2017","16","3 years","701","Social Work","Number",""
"HGO11C01","Number of Health Graduates","2017","2017","16","3 years","10","Speech and Language Therapy","Number",""
"HGO11C01","Number of Health Graduates","2017","2017","16","3 years","V52","Dietetics, Optometry and Podiatry","Number",""
"HGO11C01","Number of Health Graduates","2017","2017","18","4 years","201","Dentistry","Number",""
"HGO11C01","Number of Health Graduates","2017","2017","18","4 years","401","Medical Science","Number",""
"HGO11C01","Number of Health Graduates","2017","2017","18","4 years","202","Medicine","Number",""
"HGO11C01","Number of Health Graduates","2017","2017","18","4 years","30","Nursing and Midwifery","Number","3"
"HGO11C01","Number of Health Graduates","2017","2017","18","4 years","501","Occupational Therapy","Number",""
"HGO11C01","Number of Health Graduates","2017","2017","18","4 years","60","Pharmacy","Number",""
"HGO11C01","Number of Health Graduates","2017","2017","18","4 years","504","Physiotherapy","Number","3"
"HGO11C01","Number of Health Graduates","2017","2017","18","4 years","402","Radiography and Radiation Therapy","Number",""
"HGO11C01","Number of Health Graduates","2017","2017","18","4 years","702","Social Care","Number","6"
"HGO11C01","Number of Health Graduates","2017","2017","18","4 years","701","Social Work","Number","3"
"HGO11C01","Number of Health Graduates","2017","2017","18","4 years","10","Speech and Language Therapy","Number",""
"HGO11C01","Number of Health Graduates","2017","2017","18","4 years","V52","Dietetics, Optometry and Podiatry","Number",""
"HGO11C01","Number of Health Graduates","2017","2017","20","5 years","201","Dentistry","Number",""
"HGO11C01","Number of Health Graduates","2017","2017","20","5 years","401","Medical Science","Number",""
"HGO11C01","Number of Health Graduates","2017","2017","20","5 years","202","Medicine","Number",""
"HGO11C01","Number of Health Graduates","2017","2017","20","5 years","30","Nursing and Midwifery","Number",""
"HGO11C01","Number of Health Graduates","2017","2017","20","5 years","501","Occupational Therapy","Number",""
"HGO11C01","Number of Health Graduates","2017","2017","20","5 years","60","Pharmacy","Number",""
"HGO11C01","Number of Health Graduates","2017","2017","20","5 years","504","Physiotherapy","Number",""
"HGO11C01","Number of Health Graduates","2017","2017","20","5 years","402","Radiography and Radiation Therapy","Number",""
"HGO11C01","Number of Health Graduates","2017","2017","20","5 years","702","Social Care","Number",""
"HGO11C01","Number of Health Graduates","2017","2017","20","5 years","701","Social Work","Number",""
"HGO11C01","Number of Health Graduates","2017","2017","20","5 years","10","Speech and Language Therapy","Number",""
"HGO11C01","Number of Health Graduates","2017","2017","20","5 years","V52","Dietetics, Optometry and Podiatry","Number",""
"HGO11C01","Number of Health Graduates","2017","2017","22","6 years","201","Dentistry","Number",""
"HGO11C01","Number of Health Graduates","2017","2017","22","6 years","401","Medical Science","Number",""
"HGO11C01","Number of Health Graduates","2017","2017","22","6 years","202","Medicine","Number",""
"HGO11C01","Number of Health Graduates","2017","2017","22","6 years","30","Nursing and Midwifery","Number",""
"HGO11C01","Number of Health Graduates","2017","2017","22","6 years","501","Occupational Therapy","Number",""
"HGO11C01","Number of Health Graduates","2017","2017","22","6 years","60","Pharmacy","Number",""
"HGO11C01","Number of Health Graduates","2017","2017","22","6 years","504","Physiotherapy","Number",""
"HGO11C01","Number of Health Graduates","2017","2017","22","6 years","402","Radiography and Radiation Therapy","Number",""
"HGO11C01","Number of Health Graduates","2017","2017","22","6 years","702","Social Care","Number",""
"HGO11C01","Number of Health Graduates","2017","2017","22","6 years","701","Social Work","Number",""
"HGO11C01","Number of Health Graduates","2017","2017","22","6 years","10","Speech and Language Therapy","Number",""
"HGO11C01","Number of Health Graduates","2017","2017","22","6 years","V52","Dietetics, Optometry and Podiatry","Number",""
"HGO11C01","Number of Health Graduates","2017","2017","24","7 years","201","Dentistry","Number",""
"HGO11C01","Number of Health Graduates","2017","2017","24","7 years","401","Medical Science","Number",""
"HGO11C01","Number of Health Graduates","2017","2017","24","7 years","202","Medicine","Number",""
"HGO11C01","Number of Health Graduates","2017","2017","24","7 years","30","Nursing and Midwifery","Number",""
"HGO11C01","Number of Health Graduates","2017","2017","24","7 years","501","Occupational Therapy","Number",""
"HGO11C01","Number of Health Graduates","2017","2017","24","7 years","60","Pharmacy","Number",""
"HGO11C01","Number of Health Graduates","2017","2017","24","7 years","504","Physiotherapy","Number",""
"HGO11C01","Number of Health Graduates","2017","2017","24","7 years","402","Radiography and Radiation Therapy","Number",""
"HGO11C01","Number of Health Graduates","2017","2017","24","7 years","702","Social Care","Number",""
"HGO11C01","Number of Health Graduates","2017","2017","24","7 years","701","Social Work","Number",""
"HGO11C01","Number of Health Graduates","2017","2017","24","7 years","10","Speech and Language Therapy","Number",""
"HGO11C01","Number of Health Graduates","2017","2017","24","7 years","V52","Dietetics, Optometry and Podiatry","Number",""
"HGO11C01","Number of Health Graduates","2017","2017","26","8 years","201","Dentistry","Number",""
"HGO11C01","Number of Health Graduates","2017","2017","26","8 years","401","Medical Science","Number",""
"HGO11C01","Number of Health Graduates","2017","2017","26","8 years","202","Medicine","Number",""
"HGO11C01","Number of Health Graduates","2017","2017","26","8 years","30","Nursing and Midwifery","Number",""
"HGO11C01","Number of Health Graduates","2017","2017","26","8 years","501","Occupational Therapy","Number",""
"HGO11C01","Number of Health Graduates","2017","2017","26","8 years","60","Pharmacy","Number",""
"HGO11C01","Number of Health Graduates","2017","2017","26","8 years","504","Physiotherapy","Number",""
"HGO11C01","Number of Health Graduates","2017","2017","26","8 years","402","Radiography and Radiation Therapy","Number",""
"HGO11C01","Number of Health Graduates","2017","2017","26","8 years","702","Social Care","Number",""
"HGO11C01","Number of Health Graduates","2017","2017","26","8 years","701","Social Work","Number",""
"HGO11C01","Number of Health Graduates","2017","2017","26","8 years","10","Speech and Language Therapy","Number",""
"HGO11C01","Number of Health Graduates","2017","2017","26","8 years","V52","Dietetics, Optometry and Podiatry","Number",""
"HGO11C01","Number of Health Graduates","2017","2017","28","9 years","201","Dentistry","Number",""
"HGO11C01","Number of Health Graduates","2017","2017","28","9 years","401","Medical Science","Number",""
"HGO11C01","Number of Health Graduates","2017","2017","28","9 years","202","Medicine","Number",""
"HGO11C01","Number of Health Graduates","2017","2017","28","9 years","30","Nursing and Midwifery","Number",""
"HGO11C01","Number of Health Graduates","2017","2017","28","9 years","501","Occupational Therapy","Number",""
"HGO11C01","Number of Health Graduates","2017","2017","28","9 years","60","Pharmacy","Number",""
"HGO11C01","Number of Health Graduates","2017","2017","28","9 years","504","Physiotherapy","Number",""
"HGO11C01","Number of Health Graduates","2017","2017","28","9 years","402","Radiography and Radiation Therapy","Number",""
"HGO11C01","Number of Health Graduates","2017","2017","28","9 years","702","Social Care","Number",""
"HGO11C01","Number of Health Graduates","2017","2017","28","9 years","701","Social Work","Number",""
"HGO11C01","Number of Health Graduates","2017","2017","28","9 years","10","Speech and Language Therapy","Number",""
"HGO11C01","Number of Health Graduates","2017","2017","28","9 years","V52","Dietetics, Optometry and Podiatry","Number",""
"HGO11C01","Number of Health Graduates","2017","2017","30","10 years","201","Dentistry","Number",""
"HGO11C01","Number of Health Graduates","2017","2017","30","10 years","401","Medical Science","Number",""
"HGO11C01","Number of Health Graduates","2017","2017","30","10 years","202","Medicine","Number",""
"HGO11C01","Number of Health Graduates","2017","2017","30","10 years","30","Nursing and Midwifery","Number",""
"HGO11C01","Number of Health Graduates","2017","2017","30","10 years","501","Occupational Therapy","Number",""
"HGO11C01","Number of Health Graduates","2017","2017","30","10 years","60","Pharmacy","Number",""
"HGO11C01","Number of Health Graduates","2017","2017","30","10 years","504","Physiotherapy","Number",""
"HGO11C01","Number of Health Graduates","2017","2017","30","10 years","402","Radiography and Radiation Therapy","Number",""
"HGO11C01","Number of Health Graduates","2017","2017","30","10 years","702","Social Care","Number",""
"HGO11C01","Number of Health Graduates","2017","2017","30","10 years","701","Social Work","Number",""
"HGO11C01","Number of Health Graduates","2017","2017","30","10 years","10","Speech and Language Therapy","Number",""
"HGO11C01","Number of Health Graduates","2017","2017","30","10 years","V52","Dietetics, Optometry and Podiatry","Number",""
"HGO11C01","Number of Health Graduates","2017","2017","32","11 years","201","Dentistry","Number",""
"HGO11C01","Number of Health Graduates","2017","2017","32","11 years","401","Medical Science","Number",""
"HGO11C01","Number of Health Graduates","2017","2017","32","11 years","202","Medicine","Number",""
"HGO11C01","Number of Health Graduates","2017","2017","32","11 years","30","Nursing and Midwifery","Number",""
"HGO11C01","Number of Health Graduates","2017","2017","32","11 years","501","Occupational Therapy","Number",""
"HGO11C01","Number of Health Graduates","2017","2017","32","11 years","60","Pharmacy","Number",""
"HGO11C01","Number of Health Graduates","2017","2017","32","11 years","504","Physiotherapy","Number",""
"HGO11C01","Number of Health Graduates","2017","2017","32","11 years","402","Radiography and Radiation Therapy","Number",""
"HGO11C01","Number of Health Graduates","2017","2017","32","11 years","702","Social Care","Number",""
"HGO11C01","Number of Health Graduates","2017","2017","32","11 years","701","Social Work","Number",""
"HGO11C01","Number of Health Graduates","2017","2017","32","11 years","10","Speech and Language Therapy","Number",""
"HGO11C01","Number of Health Graduates","2017","2017","32","11 years","V52","Dietetics, Optometry and Podiatry","Number",""
"HGO11C01","Number of Health Graduates","2017","2017","34","12 years","201","Dentistry","Number",""
"HGO11C01","Number of Health Graduates","2017","2017","34","12 years","401","Medical Science","Number",""
"HGO11C01","Number of Health Graduates","2017","2017","34","12 years","202","Medicine","Number",""
"HGO11C01","Number of Health Graduates","2017","2017","34","12 years","30","Nursing and Midwifery","Number",""
"HGO11C01","Number of Health Graduates","2017","2017","34","12 years","501","Occupational Therapy","Number",""
"HGO11C01","Number of Health Graduates","2017","2017","34","12 years","60","Pharmacy","Number",""
"HGO11C01","Number of Health Graduates","2017","2017","34","12 years","504","Physiotherapy","Number",""
"HGO11C01","Number of Health Graduates","2017","2017","34","12 years","402","Radiography and Radiation Therapy","Number",""
"HGO11C01","Number of Health Graduates","2017","2017","34","12 years","702","Social Care","Number",""
"HGO11C01","Number of Health Graduates","2017","2017","34","12 years","701","Social Work","Number",""
"HGO11C01","Number of Health Graduates","2017","2017","34","12 years","10","Speech and Language Therapy","Number",""
"HGO11C01","Number of Health Graduates","2017","2017","34","12 years","V52","Dietetics, Optometry and Podiatry","Number",""
"HGO11C01","Number of Health Graduates","2017","2017","36","13 years","201","Dentistry","Number",""
"HGO11C01","Number of Health Graduates","2017","2017","36","13 years","401","Medical Science","Number",""
"HGO11C01","Number of Health Graduates","2017","2017","36","13 years","202","Medicine","Number",""
"HGO11C01","Number of Health Graduates","2017","2017","36","13 years","30","Nursing and Midwifery","Number",""
"HGO11C01","Number of Health Graduates","2017","2017","36","13 years","501","Occupational Therapy","Number",""
"HGO11C01","Number of Health Graduates","2017","2017","36","13 years","60","Pharmacy","Number",""
"HGO11C01","Number of Health Graduates","2017","2017","36","13 years","504","Physiotherapy","Number",""
"HGO11C01","Number of Health Graduates","2017","2017","36","13 years","402","Radiography and Radiation Therapy","Number",""
"HGO11C01","Number of Health Graduates","2017","2017","36","13 years","702","Social Care","Number",""
"HGO11C01","Number of Health Graduates","2017","2017","36","13 years","701","Social Work","Number",""
"HGO11C01","Number of Health Graduates","2017","2017","36","13 years","10","Speech and Language Therapy","Number",""
"HGO11C01","Number of Health Graduates","2017","2017","36","13 years","V52","Dietetics, Optometry and Podiatry","Number",""
"HGO11C01","Number of Health Graduates","2017","2017","-","All Years","201","Dentistry","Number","3"
"HGO11C01","Number of Health Graduates","2017","2017","-","All Years","401","Medical Science","Number","6"
"HGO11C01","Number of Health Graduates","2017","2017","-","All Years","202","Medicine","Number","135"
"HGO11C01","Number of Health Graduates","2017","2017","-","All Years","30","Nursing and Midwifery","Number","99"
"HGO11C01","Number of Health Graduates","2017","2017","-","All Years","501","Occupational Therapy","Number","24"
"HGO11C01","Number of Health Graduates","2017","2017","-","All Years","60","Pharmacy","Number",""
"HGO11C01","Number of Health Graduates","2017","2017","-","All Years","504","Physiotherapy","Number","27"
"HGO11C01","Number of Health Graduates","2017","2017","-","All Years","402","Radiography and Radiation Therapy","Number","6"
"HGO11C01","Number of Health Graduates","2017","2017","-","All Years","702","Social Care","Number","63"
"HGO11C01","Number of Health Graduates","2017","2017","-","All Years","701","Social Work","Number","6"
"HGO11C01","Number of Health Graduates","2017","2017","-","All Years","10","Speech and Language Therapy","Number","6"
"HGO11C01","Number of Health Graduates","2017","2017","-","All Years","V52","Dietetics, Optometry and Podiatry","Number","3"
"HGO11C01","Number of Health Graduates","2018","2018","12","1 year","201","Dentistry","Number","3"
"HGO11C01","Number of Health Graduates","2018","2018","12","1 year","401","Medical Science","Number","3"
"HGO11C01","Number of Health Graduates","2018","2018","12","1 year","202","Medicine","Number","54"
"HGO11C01","Number of Health Graduates","2018","2018","12","1 year","30","Nursing and Midwifery","Number","36"
"HGO11C01","Number of Health Graduates","2018","2018","12","1 year","501","Occupational Therapy","Number","3"
"HGO11C01","Number of Health Graduates","2018","2018","12","1 year","60","Pharmacy","Number",""
"HGO11C01","Number of Health Graduates","2018","2018","12","1 year","504","Physiotherapy","Number","9"
"HGO11C01","Number of Health Graduates","2018","2018","12","1 year","402","Radiography and Radiation Therapy","Number",""
"HGO11C01","Number of Health Graduates","2018","2018","12","1 year","702","Social Care","Number","33"
"HGO11C01","Number of Health Graduates","2018","2018","12","1 year","701","Social Work","Number","3"
"HGO11C01","Number of Health Graduates","2018","2018","12","1 year","10","Speech and Language Therapy","Number","6"
"HGO11C01","Number of Health Graduates","2018","2018","12","1 year","V52","Dietetics, Optometry and Podiatry","Number","3"
"HGO11C01","Number of Health Graduates","2018","2018","14","2 years","201","Dentistry","Number",""
"HGO11C01","Number of Health Graduates","2018","2018","14","2 years","401","Medical Science","Number",""
"HGO11C01","Number of Health Graduates","2018","2018","14","2 years","202","Medicine","Number","42"
"HGO11C01","Number of Health Graduates","2018","2018","14","2 years","30","Nursing and Midwifery","Number","18"
"HGO11C01","Number of Health Graduates","2018","2018","14","2 years","501","Occupational Therapy","Number","3"
"HGO11C01","Number of Health Graduates","2018","2018","14","2 years","60","Pharmacy","Number",""
"HGO11C01","Number of Health Graduates","2018","2018","14","2 years","504","Physiotherapy","Number","6"
"HGO11C01","Number of Health Graduates","2018","2018","14","2 years","402","Radiography and Radiation Therapy","Number",""
"HGO11C01","Number of Health Graduates","2018","2018","14","2 years","702","Social Care","Number","6"
"HGO11C01","Number of Health Graduates","2018","2018","14","2 years","701","Social Work","Number",""
"HGO11C01","Number of Health Graduates","2018","2018","14","2 years","10","Speech and Language Therapy","Number","3"
"HGO11C01","Number of Health Graduates","2018","2018","14","2 years","V52","Dietetics, Optometry and Podiatry","Number",""
"HGO11C01","Number of Health Graduates","2018","2018","16","3 years","201","Dentistry","Number",""
"HGO11C01","Number of Health Graduates","2018","2018","16","3 years","401","Medical Science","Number",""
"HGO11C01","Number of Health Graduates","2018","2018","16","3 years","202","Medicine","Number","3"
"HGO11C01","Number of Health Graduates","2018","2018","16","3 years","30","Nursing and Midwifery","Number","6"
"HGO11C01","Number of Health Graduates","2018","2018","16","3 years","501","Occupational Therapy","Number","3"
"HGO11C01","Number of Health Graduates","2018","2018","16","3 years","60","Pharmacy","Number",""
"HGO11C01","Number of Health Graduates","2018","2018","16","3 years","504","Physiotherapy","Number","3"
"HGO11C01","Number of Health Graduates","2018","2018","16","3 years","402","Radiography and Radiation Therapy","Number",""
"HGO11C01","Number of Health Graduates","2018","2018","16","3 years","702","Social Care","Number","3"
"HGO11C01","Number of Health Graduates","2018","2018","16","3 years","701","Social Work","Number",""
"HGO11C01","Number of Health Graduates","2018","2018","16","3 years","10","Speech and Language Therapy","Number",""
"HGO11C01","Number of Health Graduates","2018","2018","16","3 years","V52","Dietetics, Optometry and Podiatry","Number",""
"HGO11C01","Number of Health Graduates","2018","2018","18","4 years","201","Dentistry","Number",""
"HGO11C01","Number of Health Graduates","2018","2018","18","4 years","401","Medical Science","Number",""
"HGO11C01","Number of Health Graduates","2018","2018","18","4 years","202","Medicine","Number","3"
"HGO11C01","Number of Health Graduates","2018","2018","18","4 years","30","Nursing and Midwifery","Number",""
"HGO11C01","Number of Health Graduates","2018","2018","18","4 years","501","Occupational Therapy","Number",""
"HGO11C01","Number of Health Graduates","2018","2018","18","4 years","60","Pharmacy","Number",""
"HGO11C01","Number of Health Graduates","2018","2018","18","4 years","504","Physiotherapy","Number",""
"HGO11C01","Number of Health Graduates","2018","2018","18","4 years","402","Radiography and Radiation Therapy","Number",""
"HGO11C01","Number of Health Graduates","2018","2018","18","4 years","702","Social Care","Number",""
"HGO11C01","Number of Health Graduates","2018","2018","18","4 years","701","Social Work","Number",""
"HGO11C01","Number of Health Graduates","2018","2018","18","4 years","10","Speech and Language Therapy","Number",""
"HGO11C01","Number of Health Graduates","2018","2018","18","4 years","V52","Dietetics, Optometry and Podiatry","Number",""
"HGO11C01","Number of Health Graduates","2018","2018","20","5 years","201","Dentistry","Number",""
"HGO11C01","Number of Health Graduates","2018","2018","20","5 years","401","Medical Science","Number",""
"HGO11C01","Number of Health Graduates","2018","2018","20","5 years","202","Medicine","Number",""
"HGO11C01","Number of Health Graduates","2018","2018","20","5 years","30","Nursing and Midwifery","Number",""
"HGO11C01","Number of Health Graduates","2018","2018","20","5 years","501","Occupational Therapy","Number",""
"HGO11C01","Number of Health Graduates","2018","2018","20","5 years","60","Pharmacy","Number",""
"HGO11C01","Number of Health Graduates","2018","2018","20","5 years","504","Physiotherapy","Number",""
"HGO11C01","Number of Health Graduates","2018","2018","20","5 years","402","Radiography and Radiation Therapy","Number",""
"HGO11C01","Number of Health Graduates","2018","2018","20","5 years","702","Social Care","Number",""
"HGO11C01","Number of Health Graduates","2018","2018","20","5 years","701","Social Work","Number",""
"HGO11C01","Number of Health Graduates","2018","2018","20","5 years","10","Speech and Language Therapy","Number",""
"HGO11C01","Number of Health Graduates","2018","2018","20","5 years","V52","Dietetics, Optometry and Podiatry","Number",""
"HGO11C01","Number of Health Graduates","2018","2018","22","6 years","201","Dentistry","Number",""
"HGO11C01","Number of Health Graduates","2018","2018","22","6 years","401","Medical Science","Number",""
"HGO11C01","Number of Health Graduates","2018","2018","22","6 years","202","Medicine","Number",""
"HGO11C01","Number of Health Graduates","2018","2018","22","6 years","30","Nursing and Midwifery","Number",""
"HGO11C01","Number of Health Graduates","2018","2018","22","6 years","501","Occupational Therapy","Number",""
"HGO11C01","Number of Health Graduates","2018","2018","22","6 years","60","Pharmacy","Number",""
"HGO11C01","Number of Health Graduates","2018","2018","22","6 years","504","Physiotherapy","Number",""
"HGO11C01","Number of Health Graduates","2018","2018","22","6 years","402","Radiography and Radiation Therapy","Number",""
"HGO11C01","Number of Health Graduates","2018","2018","22","6 years","702","Social Care","Number",""
"HGO11C01","Number of Health Graduates","2018","2018","22","6 years","701","Social Work","Number",""
"HGO11C01","Number of Health Graduates","2018","2018","22","6 years","10","Speech and Language Therapy","Number",""
"HGO11C01","Number of Health Graduates","2018","2018","22","6 years","V52","Dietetics, Optometry and Podiatry","Number",""
"HGO11C01","Number of Health Graduates","2018","2018","24","7 years","201","Dentistry","Number",""
"HGO11C01","Number of Health Graduates","2018","2018","24","7 years","401","Medical Science","Number",""
"HGO11C01","Number of Health Graduates","2018","2018","24","7 years","202","Medicine","Number",""
"HGO11C01","Number of Health Graduates","2018","2018","24","7 years","30","Nursing and Midwifery","Number",""
"HGO11C01","Number of Health Graduates","2018","2018","24","7 years","501","Occupational Therapy","Number",""
"HGO11C01","Number of Health Graduates","2018","2018","24","7 years","60","Pharmacy","Number",""
"HGO11C01","Number of Health Graduates","2018","2018","24","7 years","504","Physiotherapy","Number",""
"HGO11C01","Number of Health Graduates","2018","2018","24","7 years","402","Radiography and Radiation Therapy","Number",""
"HGO11C01","Number of Health Graduates","2018","2018","24","7 years","702","Social Care","Number",""
"HGO11C01","Number of Health Graduates","2018","2018","24","7 years","701","Social Work","Number",""
"HGO11C01","Number of Health Graduates","2018","2018","24","7 years","10","Speech and Language Therapy","Number",""
"HGO11C01","Number of Health Graduates","2018","2018","24","7 years","V52","Dietetics, Optometry and Podiatry","Number",""
"HGO11C01","Number of Health Graduates","2018","2018","26","8 years","201","Dentistry","Number",""
"HGO11C01","Number of Health Graduates","2018","2018","26","8 years","401","Medical Science","Number",""
"HGO11C01","Number of Health Graduates","2018","2018","26","8 years","202","Medicine","Number",""
"HGO11C01","Number of Health Graduates","2018","2018","26","8 years","30","Nursing and Midwifery","Number",""
"HGO11C01","Number of Health Graduates","2018","2018","26","8 years","501","Occupational Therapy","Number",""
"HGO11C01","Number of Health Graduates","2018","2018","26","8 years","60","Pharmacy","Number",""
"HGO11C01","Number of Health Graduates","2018","2018","26","8 years","504","Physiotherapy","Number",""
"HGO11C01","Number of Health Graduates","2018","2018","26","8 years","402","Radiography and Radiation Therapy","Number",""
"HGO11C01","Number of Health Graduates","2018","2018","26","8 years","702","Social Care","Number",""
"HGO11C01","Number of Health Graduates","2018","2018","26","8 years","701","Social Work","Number",""
"HGO11C01","Number of Health Graduates","2018","2018","26","8 years","10","Speech and Language Therapy","Number",""
"HGO11C01","Number of Health Graduates","2018","2018","26","8 years","V52","Dietetics, Optometry and Podiatry","Number",""
"HGO11C01","Number of Health Graduates","2018","2018","28","9 years","201","Dentistry","Number",""
"HGO11C01","Number of Health Graduates","2018","2018","28","9 years","401","Medical Science","Number",""
"HGO11C01","Number of Health Graduates","2018","2018","28","9 years","202","Medicine","Number",""
"HGO11C01","Number of Health Graduates","2018","2018","28","9 years","30","Nursing and Midwifery","Number",""
"HGO11C01","Number of Health Graduates","2018","2018","28","9 years","501","Occupational Therapy","Number",""
"HGO11C01","Number of Health Graduates","2018","2018","28","9 years","60","Pharmacy","Number",""
"HGO11C01","Number of Health Graduates","2018","2018","28","9 years","504","Physiotherapy","Number",""
"HGO11C01","Number of Health Graduates","2018","2018","28","9 years","402","Radiography and Radiation Therapy","Number",""
"HGO11C01","Number of Health Graduates","2018","2018","28","9 years","702","Social Care","Number",""
"HGO11C01","Number of Health Graduates","2018","2018","28","9 years","701","Social Work","Number",""
"HGO11C01","Number of Health Graduates","2018","2018","28","9 years","10","Speech and Language Therapy","Number",""
"HGO11C01","Number of Health Graduates","2018","2018","28","9 years","V52","Dietetics, Optometry and Podiatry","Number",""
"HGO11C01","Number of Health Graduates","2018","2018","30","10 years","201","Dentistry","Number",""
"HGO11C01","Number of Health Graduates","2018","2018","30","10 years","401","Medical Science","Number",""
"HGO11C01","Number of Health Graduates","2018","2018","30","10 years","202","Medicine","Number",""
"HGO11C01","Number of Health Graduates","2018","2018","30","10 years","30","Nursing and Midwifery","Number",""
"HGO11C01","Number of Health Graduates","2018","2018","30","10 years","501","Occupational Therapy","Number",""
"HGO11C01","Number of Health Graduates","2018","2018","30","10 years","60","Pharmacy","Number",""
"HGO11C01","Number of Health Graduates","2018","2018","30","10 years","504","Physiotherapy","Number",""
"HGO11C01","Number of Health Graduates","2018","2018","30","10 years","402","Radiography and Radiation Therapy","Number",""
"HGO11C01","Number of Health Graduates","2018","2018","30","10 years","702","Social Care","Number",""
"HGO11C01","Number of Health Graduates","2018","2018","30","10 years","701","Social Work","Number",""
"HGO11C01","Number of Health Graduates","2018","2018","30","10 years","10","Speech and Language Therapy","Number",""
"HGO11C01","Number of Health Graduates","2018","2018","30","10 years","V52","Dietetics, Optometry and Podiatry","Number",""
"HGO11C01","Number of Health Graduates","2018","2018","32","11 years","201","Dentistry","Number",""
"HGO11C01","Number of Health Graduates","2018","2018","32","11 years","401","Medical Science","Number",""
"HGO11C01","Number of Health Graduates","2018","2018","32","11 years","202","Medicine","Number",""
"HGO11C01","Number of Health Graduates","2018","2018","32","11 years","30","Nursing and Midwifery","Number",""
"HGO11C01","Number of Health Graduates","2018","2018","32","11 years","501","Occupational Therapy","Number",""
"HGO11C01","Number of Health Graduates","2018","2018","32","11 years","60","Pharmacy","Number",""
"HGO11C01","Number of Health Graduates","2018","2018","32","11 years","504","Physiotherapy","Number",""
"HGO11C01","Number of Health Graduates","2018","2018","32","11 years","402","Radiography and Radiation Therapy","Number",""
"HGO11C01","Number of Health Graduates","2018","2018","32","11 years","702","Social Care","Number",""
"HGO11C01","Number of Health Graduates","2018","2018","32","11 years","701","Social Work","Number",""
"HGO11C01","Number of Health Graduates","2018","2018","32","11 years","10","Speech and Language Therapy","Number",""
"HGO11C01","Number of Health Graduates","2018","2018","32","11 years","V52","Dietetics, Optometry and Podiatry","Number",""
"HGO11C01","Number of Health Graduates","2018","2018","34","12 years","201","Dentistry","Number",""
"HGO11C01","Number of Health Graduates","2018","2018","34","12 years","401","Medical Science","Number",""
"HGO11C01","Number of Health Graduates","2018","2018","34","12 years","202","Medicine","Number",""
"HGO11C01","Number of Health Graduates","2018","2018","34","12 years","30","Nursing and Midwifery","Number",""
"HGO11C01","Number of Health Graduates","2018","2018","34","12 years","501","Occupational Therapy","Number",""
"HGO11C01","Number of Health Graduates","2018","2018","34","12 years","60","Pharmacy","Number",""
"HGO11C01","Number of Health Graduates","2018","2018","34","12 years","504","Physiotherapy","Number",""
"HGO11C01","Number of Health Graduates","2018","2018","34","12 years","402","Radiography and Radiation Therapy","Number",""
"HGO11C01","Number of Health Graduates","2018","2018","34","12 years","702","Social Care","Number",""
"HGO11C01","Number of Health Graduates","2018","2018","34","12 years","701","Social Work","Number",""
"HGO11C01","Number of Health Graduates","2018","2018","34","12 years","10","Speech and Language Therapy","Number",""
"HGO11C01","Number of Health Graduates","2018","2018","34","12 years","V52","Dietetics, Optometry and Podiatry","Number",""
"HGO11C01","Number of Health Graduates","2018","2018","36","13 years","201","Dentistry","Number",""
"HGO11C01","Number of Health Graduates","2018","2018","36","13 years","401","Medical Science","Number",""
"HGO11C01","Number of Health Graduates","2018","2018","36","13 years","202","Medicine","Number",""
"HGO11C01","Number of Health Graduates","2018","2018","36","13 years","30","Nursing and Midwifery","Number",""
"HGO11C01","Number of Health Graduates","2018","2018","36","13 years","501","Occupational Therapy","Number",""
"HGO11C01","Number of Health Graduates","2018","2018","36","13 years","60","Pharmacy","Number",""
"HGO11C01","Number of Health Graduates","2018","2018","36","13 years","504","Physiotherapy","Number",""
"HGO11C01","Number of Health Graduates","2018","2018","36","13 years","402","Radiography and Radiation Therapy","Number",""
"HGO11C01","Number of Health Graduates","2018","2018","36","13 years","702","Social Care","Number",""
"HGO11C01","Number of Health Graduates","2018","2018","36","13 years","701","Social Work","Number",""
"HGO11C01","Number of Health Graduates","2018","2018","36","13 years","10","Speech and Language Therapy","Number",""
"HGO11C01","Number of Health Graduates","2018","2018","36","13 years","V52","Dietetics, Optometry and Podiatry","Number",""
"HGO11C01","Number of Health Graduates","2018","2018","-","All Years","201","Dentistry","Number","6"
"HGO11C01","Number of Health Graduates","2018","2018","-","All Years","401","Medical Science","Number","3"
"HGO11C01","Number of Health Graduates","2018","2018","-","All Years","202","Medicine","Number","102"
"HGO11C01","Number of Health Graduates","2018","2018","-","All Years","30","Nursing and Midwifery","Number","60"
"HGO11C01","Number of Health Graduates","2018","2018","-","All Years","501","Occupational Therapy","Number","9"
"HGO11C01","Number of Health Graduates","2018","2018","-","All Years","60","Pharmacy","Number",""
"HGO11C01","Number of Health Graduates","2018","2018","-","All Years","504","Physiotherapy","Number","18"
"HGO11C01","Number of Health Graduates","2018","2018","-","All Years","402","Radiography and Radiation Therapy","Number","3"
"HGO11C01","Number of Health Graduates","2018","2018","-","All Years","702","Social Care","Number","42"
"HGO11C01","Number of Health Graduates","2018","2018","-","All Years","701","Social Work","Number","6"
"HGO11C01","Number of Health Graduates","2018","2018","-","All Years","10","Speech and Language Therapy","Number","6"
"HGO11C01","Number of Health Graduates","2018","2018","-","All Years","V52","Dietetics, Optometry and Podiatry","Number","6"
