ï»¿"STATISTIC","Statistic Label","TLIST(A1)","Graduation Year","C03433V04141","Years since Graduation","C04477V05260","Field of Study","UNIT","VALUE"
"HGO15C01","Median Weekly Earnings of Health Graduates","2010","2010","01","1","201","Dentistry","Euro",""
"HGO15C01","Median Weekly Earnings of Health Graduates","2010","2010","01","1","401","Medical Science","Euro","586"
"HGO15C01","Median Weekly Earnings of Health Graduates","2010","2010","01","1","202","Medicine","Euro","1270"
"HGO15C01","Median Weekly Earnings of Health Graduates","2010","2010","01","1","30","Nursing and Midwifery","Euro","702"
"HGO15C01","Median Weekly Earnings of Health Graduates","2010","2010","01","1","501","Occupational Therapy","Euro","650"
"HGO15C01","Median Weekly Earnings of Health Graduates","2010","2010","01","1","60","Pharmacy","Euro",""
"HGO15C01","Median Weekly Earnings of Health Graduates","2010","2010","01","1","504","Physiotherapy","Euro","483"
"HGO15C01","Median Weekly Earnings of Health Graduates","2010","2010","01","1","402","Radiography and Radiation Therapy","Euro","797"
"HGO15C01","Median Weekly Earnings of Health Graduates","2010","2010","01","1","702","Social Care","Euro","476"
"HGO15C01","Median Weekly Earnings of Health Graduates","2010","2010","01","1","701","Social Work","Euro","826"
"HGO15C01","Median Weekly Earnings of Health Graduates","2010","2010","01","1","10","Speech and Language Therapy","Euro","645"
"HGO15C01","Median Weekly Earnings of Health Graduates","2010","2010","01","1","V52","Dietetics, Optometry and Podiatry","Euro","627"
"HGO15C01","Median Weekly Earnings of Health Graduates","2010","2010","02","2","201","Dentistry","Euro",""
"HGO15C01","Median Weekly Earnings of Health Graduates","2010","2010","02","2","401","Medical Science","Euro","654"
"HGO15C01","Median Weekly Earnings of Health Graduates","2010","2010","02","2","202","Medicine","Euro","1259"
"HGO15C01","Median Weekly Earnings of Health Graduates","2010","2010","02","2","30","Nursing and Midwifery","Euro","726"
"HGO15C01","Median Weekly Earnings of Health Graduates","2010","2010","02","2","501","Occupational Therapy","Euro","672"
"HGO15C01","Median Weekly Earnings of Health Graduates","2010","2010","02","2","60","Pharmacy","Euro",""
"HGO15C01","Median Weekly Earnings of Health Graduates","2010","2010","02","2","504","Physiotherapy","Euro","568"
"HGO15C01","Median Weekly Earnings of Health Graduates","2010","2010","02","2","402","Radiography and Radiation Therapy","Euro","889"
"HGO15C01","Median Weekly Earnings of Health Graduates","2010","2010","02","2","702","Social Care","Euro","487"
"HGO15C01","Median Weekly Earnings of Health Graduates","2010","2010","02","2","701","Social Work","Euro","867"
"HGO15C01","Median Weekly Earnings of Health Graduates","2010","2010","02","2","10","Speech and Language Therapy","Euro","662"
"HGO15C01","Median Weekly Earnings of Health Graduates","2010","2010","02","2","V52","Dietetics, Optometry and Podiatry","Euro","628"
"HGO15C01","Median Weekly Earnings of Health Graduates","2010","2010","03","3","201","Dentistry","Euro",""
"HGO15C01","Median Weekly Earnings of Health Graduates","2010","2010","03","3","401","Medical Science","Euro","703"
"HGO15C01","Median Weekly Earnings of Health Graduates","2010","2010","03","3","202","Medicine","Euro","1243"
"HGO15C01","Median Weekly Earnings of Health Graduates","2010","2010","03","3","30","Nursing and Midwifery","Euro","737"
"HGO15C01","Median Weekly Earnings of Health Graduates","2010","2010","03","3","501","Occupational Therapy","Euro","685"
"HGO15C01","Median Weekly Earnings of Health Graduates","2010","2010","03","3","60","Pharmacy","Euro",""
"HGO15C01","Median Weekly Earnings of Health Graduates","2010","2010","03","3","504","Physiotherapy","Euro","651"
"HGO15C01","Median Weekly Earnings of Health Graduates","2010","2010","03","3","402","Radiography and Radiation Therapy","Euro","957"
"HGO15C01","Median Weekly Earnings of Health Graduates","2010","2010","03","3","702","Social Care","Euro","521"
"HGO15C01","Median Weekly Earnings of Health Graduates","2010","2010","03","3","701","Social Work","Euro","889"
"HGO15C01","Median Weekly Earnings of Health Graduates","2010","2010","03","3","10","Speech and Language Therapy","Euro","682"
"HGO15C01","Median Weekly Earnings of Health Graduates","2010","2010","03","3","V52","Dietetics, Optometry and Podiatry","Euro","635"
"HGO15C01","Median Weekly Earnings of Health Graduates","2010","2010","04","4","201","Dentistry","Euro",""
"HGO15C01","Median Weekly Earnings of Health Graduates","2010","2010","04","4","401","Medical Science","Euro","734"
"HGO15C01","Median Weekly Earnings of Health Graduates","2010","2010","04","4","202","Medicine","Euro","1285"
"HGO15C01","Median Weekly Earnings of Health Graduates","2010","2010","04","4","30","Nursing and Midwifery","Euro","766"
"HGO15C01","Median Weekly Earnings of Health Graduates","2010","2010","04","4","501","Occupational Therapy","Euro","725"
"HGO15C01","Median Weekly Earnings of Health Graduates","2010","2010","04","4","60","Pharmacy","Euro",""
"HGO15C01","Median Weekly Earnings of Health Graduates","2010","2010","04","4","504","Physiotherapy","Euro","704"
"HGO15C01","Median Weekly Earnings of Health Graduates","2010","2010","04","4","402","Radiography and Radiation Therapy","Euro","1039"
"HGO15C01","Median Weekly Earnings of Health Graduates","2010","2010","04","4","702","Social Care","Euro","553"
"HGO15C01","Median Weekly Earnings of Health Graduates","2010","2010","04","4","701","Social Work","Euro","915"
"HGO15C01","Median Weekly Earnings of Health Graduates","2010","2010","04","4","10","Speech and Language Therapy","Euro","734"
"HGO15C01","Median Weekly Earnings of Health Graduates","2010","2010","04","4","V52","Dietetics, Optometry and Podiatry","Euro","717"
"HGO15C01","Median Weekly Earnings of Health Graduates","2010","2010","05","5","201","Dentistry","Euro",""
"HGO15C01","Median Weekly Earnings of Health Graduates","2010","2010","05","5","401","Medical Science","Euro","811"
"HGO15C01","Median Weekly Earnings of Health Graduates","2010","2010","05","5","202","Medicine","Euro","1373"
"HGO15C01","Median Weekly Earnings of Health Graduates","2010","2010","05","5","30","Nursing and Midwifery","Euro","812"
"HGO15C01","Median Weekly Earnings of Health Graduates","2010","2010","05","5","501","Occupational Therapy","Euro","765"
"HGO15C01","Median Weekly Earnings of Health Graduates","2010","2010","05","5","60","Pharmacy","Euro",""
"HGO15C01","Median Weekly Earnings of Health Graduates","2010","2010","05","5","504","Physiotherapy","Euro","756"
"HGO15C01","Median Weekly Earnings of Health Graduates","2010","2010","05","5","402","Radiography and Radiation Therapy","Euro","1018"
"HGO15C01","Median Weekly Earnings of Health Graduates","2010","2010","05","5","702","Social Care","Euro","594"
"HGO15C01","Median Weekly Earnings of Health Graduates","2010","2010","05","5","701","Social Work","Euro","941"
"HGO15C01","Median Weekly Earnings of Health Graduates","2010","2010","05","5","10","Speech and Language Therapy","Euro","758"
"HGO15C01","Median Weekly Earnings of Health Graduates","2010","2010","05","5","V52","Dietetics, Optometry and Podiatry","Euro","759"
"HGO15C01","Median Weekly Earnings of Health Graduates","2010","2010","06","6","201","Dentistry","Euro",""
"HGO15C01","Median Weekly Earnings of Health Graduates","2010","2010","06","6","401","Medical Science","Euro","921"
"HGO15C01","Median Weekly Earnings of Health Graduates","2010","2010","06","6","202","Medicine","Euro","1465"
"HGO15C01","Median Weekly Earnings of Health Graduates","2010","2010","06","6","30","Nursing and Midwifery","Euro","830"
"HGO15C01","Median Weekly Earnings of Health Graduates","2010","2010","06","6","501","Occupational Therapy","Euro","771"
"HGO15C01","Median Weekly Earnings of Health Graduates","2010","2010","06","6","60","Pharmacy","Euro",""
"HGO15C01","Median Weekly Earnings of Health Graduates","2010","2010","06","6","504","Physiotherapy","Euro","806"
"HGO15C01","Median Weekly Earnings of Health Graduates","2010","2010","06","6","402","Radiography and Radiation Therapy","Euro","1049"
"HGO15C01","Median Weekly Earnings of Health Graduates","2010","2010","06","6","702","Social Care","Euro","626"
"HGO15C01","Median Weekly Earnings of Health Graduates","2010","2010","06","6","701","Social Work","Euro","948"
"HGO15C01","Median Weekly Earnings of Health Graduates","2010","2010","06","6","10","Speech and Language Therapy","Euro","780"
"HGO15C01","Median Weekly Earnings of Health Graduates","2010","2010","06","6","V52","Dietetics, Optometry and Podiatry","Euro","755"
"HGO15C01","Median Weekly Earnings of Health Graduates","2010","2010","07","7","201","Dentistry","Euro","1172"
"HGO15C01","Median Weekly Earnings of Health Graduates","2010","2010","07","7","401","Medical Science","Euro","1006"
"HGO15C01","Median Weekly Earnings of Health Graduates","2010","2010","07","7","202","Medicine","Euro","1496"
"HGO15C01","Median Weekly Earnings of Health Graduates","2010","2010","07","7","30","Nursing and Midwifery","Euro","863"
"HGO15C01","Median Weekly Earnings of Health Graduates","2010","2010","07","7","501","Occupational Therapy","Euro","814"
"HGO15C01","Median Weekly Earnings of Health Graduates","2010","2010","07","7","60","Pharmacy","Euro",""
"HGO15C01","Median Weekly Earnings of Health Graduates","2010","2010","07","7","504","Physiotherapy","Euro","829"
"HGO15C01","Median Weekly Earnings of Health Graduates","2010","2010","07","7","402","Radiography and Radiation Therapy","Euro","1099"
"HGO15C01","Median Weekly Earnings of Health Graduates","2010","2010","07","7","702","Social Care","Euro","653"
"HGO15C01","Median Weekly Earnings of Health Graduates","2010","2010","07","7","701","Social Work","Euro","968"
"HGO15C01","Median Weekly Earnings of Health Graduates","2010","2010","07","7","10","Speech and Language Therapy","Euro","827"
"HGO15C01","Median Weekly Earnings of Health Graduates","2010","2010","07","7","V52","Dietetics, Optometry and Podiatry","Euro","818"
"HGO15C01","Median Weekly Earnings of Health Graduates","2010","2010","08","8","201","Dentistry","Euro","1179"
"HGO15C01","Median Weekly Earnings of Health Graduates","2010","2010","08","8","401","Medical Science","Euro","944"
"HGO15C01","Median Weekly Earnings of Health Graduates","2010","2010","08","8","202","Medicine","Euro","1607"
"HGO15C01","Median Weekly Earnings of Health Graduates","2010","2010","08","8","30","Nursing and Midwifery","Euro","885"
"HGO15C01","Median Weekly Earnings of Health Graduates","2010","2010","08","8","501","Occupational Therapy","Euro","915"
"HGO15C01","Median Weekly Earnings of Health Graduates","2010","2010","08","8","60","Pharmacy","Euro",""
"HGO15C01","Median Weekly Earnings of Health Graduates","2010","2010","08","8","504","Physiotherapy","Euro","887"
"HGO15C01","Median Weekly Earnings of Health Graduates","2010","2010","08","8","402","Radiography and Radiation Therapy","Euro","1138"
"HGO15C01","Median Weekly Earnings of Health Graduates","2010","2010","08","8","702","Social Care","Euro","690"
"HGO15C01","Median Weekly Earnings of Health Graduates","2010","2010","08","8","701","Social Work","Euro","1018"
"HGO15C01","Median Weekly Earnings of Health Graduates","2010","2010","08","8","10","Speech and Language Therapy","Euro","870"
"HGO15C01","Median Weekly Earnings of Health Graduates","2010","2010","08","8","V52","Dietetics, Optometry and Podiatry","Euro","949"
"HGO15C01","Median Weekly Earnings of Health Graduates","2010","2010","09","9","201","Dentistry","Euro","1036"
"HGO15C01","Median Weekly Earnings of Health Graduates","2010","2010","09","9","401","Medical Science","Euro","1094"
"HGO15C01","Median Weekly Earnings of Health Graduates","2010","2010","09","9","202","Medicine","Euro","1560"
"HGO15C01","Median Weekly Earnings of Health Graduates","2010","2010","09","9","30","Nursing and Midwifery","Euro","919"
"HGO15C01","Median Weekly Earnings of Health Graduates","2010","2010","09","9","501","Occupational Therapy","Euro","920"
"HGO15C01","Median Weekly Earnings of Health Graduates","2010","2010","09","9","60","Pharmacy","Euro",""
"HGO15C01","Median Weekly Earnings of Health Graduates","2010","2010","09","9","504","Physiotherapy","Euro","936"
"HGO15C01","Median Weekly Earnings of Health Graduates","2010","2010","09","9","402","Radiography and Radiation Therapy","Euro","1177"
"HGO15C01","Median Weekly Earnings of Health Graduates","2010","2010","09","9","702","Social Care","Euro","702"
"HGO15C01","Median Weekly Earnings of Health Graduates","2010","2010","09","9","701","Social Work","Euro","1034"
"HGO15C01","Median Weekly Earnings of Health Graduates","2010","2010","09","9","10","Speech and Language Therapy","Euro","913"
"HGO15C01","Median Weekly Earnings of Health Graduates","2010","2010","09","9","V52","Dietetics, Optometry and Podiatry","Euro","1037"
"HGO15C01","Median Weekly Earnings of Health Graduates","2010","2010","10","10","201","Dentistry","Euro",""
"HGO15C01","Median Weekly Earnings of Health Graduates","2010","2010","10","10","401","Medical Science","Euro","1163"
"HGO15C01","Median Weekly Earnings of Health Graduates","2010","2010","10","10","202","Medicine","Euro","1690"
"HGO15C01","Median Weekly Earnings of Health Graduates","2010","2010","10","10","30","Nursing and Midwifery","Euro","955"
"HGO15C01","Median Weekly Earnings of Health Graduates","2010","2010","10","10","501","Occupational Therapy","Euro","962"
"HGO15C01","Median Weekly Earnings of Health Graduates","2010","2010","10","10","60","Pharmacy","Euro",""
"HGO15C01","Median Weekly Earnings of Health Graduates","2010","2010","10","10","504","Physiotherapy","Euro","971"
"HGO15C01","Median Weekly Earnings of Health Graduates","2010","2010","10","10","402","Radiography and Radiation Therapy","Euro","1134"
"HGO15C01","Median Weekly Earnings of Health Graduates","2010","2010","10","10","702","Social Care","Euro","715"
"HGO15C01","Median Weekly Earnings of Health Graduates","2010","2010","10","10","701","Social Work","Euro","1020"
"HGO15C01","Median Weekly Earnings of Health Graduates","2010","2010","10","10","10","Speech and Language Therapy","Euro","958"
"HGO15C01","Median Weekly Earnings of Health Graduates","2010","2010","10","10","V52","Dietetics, Optometry and Podiatry","Euro","1086"
"HGO15C01","Median Weekly Earnings of Health Graduates","2010","2010","11","11","201","Dentistry","Euro",""
"HGO15C01","Median Weekly Earnings of Health Graduates","2010","2010","11","11","401","Medical Science","Euro","1295"
"HGO15C01","Median Weekly Earnings of Health Graduates","2010","2010","11","11","202","Medicine","Euro","1864"
"HGO15C01","Median Weekly Earnings of Health Graduates","2010","2010","11","11","30","Nursing and Midwifery","Euro","963"
"HGO15C01","Median Weekly Earnings of Health Graduates","2010","2010","11","11","501","Occupational Therapy","Euro","1007"
"HGO15C01","Median Weekly Earnings of Health Graduates","2010","2010","11","11","60","Pharmacy","Euro",""
"HGO15C01","Median Weekly Earnings of Health Graduates","2010","2010","11","11","504","Physiotherapy","Euro","1000"
"HGO15C01","Median Weekly Earnings of Health Graduates","2010","2010","11","11","402","Radiography and Radiation Therapy","Euro","1213"
"HGO15C01","Median Weekly Earnings of Health Graduates","2010","2010","11","11","702","Social Care","Euro","754"
"HGO15C01","Median Weekly Earnings of Health Graduates","2010","2010","11","11","701","Social Work","Euro","1123"
"HGO15C01","Median Weekly Earnings of Health Graduates","2010","2010","11","11","10","Speech and Language Therapy","Euro","970"
"HGO15C01","Median Weekly Earnings of Health Graduates","2010","2010","11","11","V52","Dietetics, Optometry and Podiatry","Euro","1124"
"HGO15C01","Median Weekly Earnings of Health Graduates","2010","2010","12","12","201","Dentistry","Euro",""
"HGO15C01","Median Weekly Earnings of Health Graduates","2010","2010","12","12","401","Medical Science","Euro","1203"
"HGO15C01","Median Weekly Earnings of Health Graduates","2010","2010","12","12","202","Medicine","Euro","2093"
"HGO15C01","Median Weekly Earnings of Health Graduates","2010","2010","12","12","30","Nursing and Midwifery","Euro","1025"
"HGO15C01","Median Weekly Earnings of Health Graduates","2010","2010","12","12","501","Occupational Therapy","Euro","1054"
"HGO15C01","Median Weekly Earnings of Health Graduates","2010","2010","12","12","60","Pharmacy","Euro",""
"HGO15C01","Median Weekly Earnings of Health Graduates","2010","2010","12","12","504","Physiotherapy","Euro","1034"
"HGO15C01","Median Weekly Earnings of Health Graduates","2010","2010","12","12","402","Radiography and Radiation Therapy","Euro","1250"
"HGO15C01","Median Weekly Earnings of Health Graduates","2010","2010","12","12","702","Social Care","Euro","796"
"HGO15C01","Median Weekly Earnings of Health Graduates","2010","2010","12","12","701","Social Work","Euro","1126"
"HGO15C01","Median Weekly Earnings of Health Graduates","2010","2010","12","12","10","Speech and Language Therapy","Euro","984"
"HGO15C01","Median Weekly Earnings of Health Graduates","2010","2010","12","12","V52","Dietetics, Optometry and Podiatry","Euro","1185"
"HGO15C01","Median Weekly Earnings of Health Graduates","2010","2010","13","13","201","Dentistry","Euro","1437"
"HGO15C01","Median Weekly Earnings of Health Graduates","2010","2010","13","13","401","Medical Science","Euro","1343"
"HGO15C01","Median Weekly Earnings of Health Graduates","2010","2010","13","13","202","Medicine","Euro","2876"
"HGO15C01","Median Weekly Earnings of Health Graduates","2010","2010","13","13","30","Nursing and Midwifery","Euro","1051"
"HGO15C01","Median Weekly Earnings of Health Graduates","2010","2010","13","13","501","Occupational Therapy","Euro","1160"
"HGO15C01","Median Weekly Earnings of Health Graduates","2010","2010","13","13","60","Pharmacy","Euro",""
"HGO15C01","Median Weekly Earnings of Health Graduates","2010","2010","13","13","504","Physiotherapy","Euro","1166"
"HGO15C01","Median Weekly Earnings of Health Graduates","2010","2010","13","13","402","Radiography and Radiation Therapy","Euro","1289"
"HGO15C01","Median Weekly Earnings of Health Graduates","2010","2010","13","13","702","Social Care","Euro","845"
"HGO15C01","Median Weekly Earnings of Health Graduates","2010","2010","13","13","701","Social Work","Euro","1187"
"HGO15C01","Median Weekly Earnings of Health Graduates","2010","2010","13","13","10","Speech and Language Therapy","Euro","1023"
"HGO15C01","Median Weekly Earnings of Health Graduates","2010","2010","13","13","V52","Dietetics, Optometry and Podiatry","Euro","1257"
"HGO15C01","Median Weekly Earnings of Health Graduates","2011","2011","01","1","201","Dentistry","Euro",""
"HGO15C01","Median Weekly Earnings of Health Graduates","2011","2011","01","1","401","Medical Science","Euro","575"
"HGO15C01","Median Weekly Earnings of Health Graduates","2011","2011","01","1","202","Medicine","Euro","1136"
"HGO15C01","Median Weekly Earnings of Health Graduates","2011","2011","01","1","30","Nursing and Midwifery","Euro","672"
"HGO15C01","Median Weekly Earnings of Health Graduates","2011","2011","01","1","501","Occupational Therapy","Euro","470"
"HGO15C01","Median Weekly Earnings of Health Graduates","2011","2011","01","1","60","Pharmacy","Euro",""
"HGO15C01","Median Weekly Earnings of Health Graduates","2011","2011","01","1","504","Physiotherapy","Euro","437"
"HGO15C01","Median Weekly Earnings of Health Graduates","2011","2011","01","1","402","Radiography and Radiation Therapy","Euro","692"
"HGO15C01","Median Weekly Earnings of Health Graduates","2011","2011","01","1","702","Social Care","Euro","429"
"HGO15C01","Median Weekly Earnings of Health Graduates","2011","2011","01","1","701","Social Work","Euro","728"
"HGO15C01","Median Weekly Earnings of Health Graduates","2011","2011","01","1","10","Speech and Language Therapy","Euro","393"
"HGO15C01","Median Weekly Earnings of Health Graduates","2011","2011","01","1","V52","Dietetics, Optometry and Podiatry","Euro","629"
"HGO15C01","Median Weekly Earnings of Health Graduates","2011","2011","02","2","201","Dentistry","Euro",""
"HGO15C01","Median Weekly Earnings of Health Graduates","2011","2011","02","2","401","Medical Science","Euro","629"
"HGO15C01","Median Weekly Earnings of Health Graduates","2011","2011","02","2","202","Medicine","Euro","1208"
"HGO15C01","Median Weekly Earnings of Health Graduates","2011","2011","02","2","30","Nursing and Midwifery","Euro","690"
"HGO15C01","Median Weekly Earnings of Health Graduates","2011","2011","02","2","501","Occupational Therapy","Euro","643"
"HGO15C01","Median Weekly Earnings of Health Graduates","2011","2011","02","2","60","Pharmacy","Euro",""
"HGO15C01","Median Weekly Earnings of Health Graduates","2011","2011","02","2","504","Physiotherapy","Euro","546"
"HGO15C01","Median Weekly Earnings of Health Graduates","2011","2011","02","2","402","Radiography and Radiation Therapy","Euro","754"
"HGO15C01","Median Weekly Earnings of Health Graduates","2011","2011","02","2","702","Social Care","Euro","470"
"HGO15C01","Median Weekly Earnings of Health Graduates","2011","2011","02","2","701","Social Work","Euro","767"
"HGO15C01","Median Weekly Earnings of Health Graduates","2011","2011","02","2","10","Speech and Language Therapy","Euro","622"
"HGO15C01","Median Weekly Earnings of Health Graduates","2011","2011","02","2","V52","Dietetics, Optometry and Podiatry","Euro","659"
"HGO15C01","Median Weekly Earnings of Health Graduates","2011","2011","03","3","201","Dentistry","Euro",""
"HGO15C01","Median Weekly Earnings of Health Graduates","2011","2011","03","3","401","Medical Science","Euro","662"
"HGO15C01","Median Weekly Earnings of Health Graduates","2011","2011","03","3","202","Medicine","Euro","1238"
"HGO15C01","Median Weekly Earnings of Health Graduates","2011","2011","03","3","30","Nursing and Midwifery","Euro","719"
"HGO15C01","Median Weekly Earnings of Health Graduates","2011","2011","03","3","501","Occupational Therapy","Euro","676"
"HGO15C01","Median Weekly Earnings of Health Graduates","2011","2011","03","3","60","Pharmacy","Euro",""
"HGO15C01","Median Weekly Earnings of Health Graduates","2011","2011","03","3","504","Physiotherapy","Euro","679"
"HGO15C01","Median Weekly Earnings of Health Graduates","2011","2011","03","3","402","Radiography and Radiation Therapy","Euro","759"
"HGO15C01","Median Weekly Earnings of Health Graduates","2011","2011","03","3","702","Social Care","Euro","499"
"HGO15C01","Median Weekly Earnings of Health Graduates","2011","2011","03","3","701","Social Work","Euro","779"
"HGO15C01","Median Weekly Earnings of Health Graduates","2011","2011","03","3","10","Speech and Language Therapy","Euro","650"
"HGO15C01","Median Weekly Earnings of Health Graduates","2011","2011","03","3","V52","Dietetics, Optometry and Podiatry","Euro","685"
"HGO15C01","Median Weekly Earnings of Health Graduates","2011","2011","04","4","201","Dentistry","Euro",""
"HGO15C01","Median Weekly Earnings of Health Graduates","2011","2011","04","4","401","Medical Science","Euro","704"
"HGO15C01","Median Weekly Earnings of Health Graduates","2011","2011","04","4","202","Medicine","Euro","1322"
"HGO15C01","Median Weekly Earnings of Health Graduates","2011","2011","04","4","30","Nursing and Midwifery","Euro","749"
"HGO15C01","Median Weekly Earnings of Health Graduates","2011","2011","04","4","501","Occupational Therapy","Euro","716"
"HGO15C01","Median Weekly Earnings of Health Graduates","2011","2011","04","4","60","Pharmacy","Euro",""
"HGO15C01","Median Weekly Earnings of Health Graduates","2011","2011","04","4","504","Physiotherapy","Euro","690"
"HGO15C01","Median Weekly Earnings of Health Graduates","2011","2011","04","4","402","Radiography and Radiation Therapy","Euro","743"
"HGO15C01","Median Weekly Earnings of Health Graduates","2011","2011","04","4","702","Social Care","Euro","551"
"HGO15C01","Median Weekly Earnings of Health Graduates","2011","2011","04","4","701","Social Work","Euro","821"
"HGO15C01","Median Weekly Earnings of Health Graduates","2011","2011","04","4","10","Speech and Language Therapy","Euro","707"
"HGO15C01","Median Weekly Earnings of Health Graduates","2011","2011","04","4","V52","Dietetics, Optometry and Podiatry","Euro","732"
"HGO15C01","Median Weekly Earnings of Health Graduates","2011","2011","05","5","201","Dentistry","Euro","1032"
"HGO15C01","Median Weekly Earnings of Health Graduates","2011","2011","05","5","401","Medical Science","Euro","877"
"HGO15C01","Median Weekly Earnings of Health Graduates","2011","2011","05","5","202","Medicine","Euro","1368"
"HGO15C01","Median Weekly Earnings of Health Graduates","2011","2011","05","5","30","Nursing and Midwifery","Euro","781"
"HGO15C01","Median Weekly Earnings of Health Graduates","2011","2011","05","5","501","Occupational Therapy","Euro","747"
"HGO15C01","Median Weekly Earnings of Health Graduates","2011","2011","05","5","60","Pharmacy","Euro",""
"HGO15C01","Median Weekly Earnings of Health Graduates","2011","2011","05","5","504","Physiotherapy","Euro","742"
"HGO15C01","Median Weekly Earnings of Health Graduates","2011","2011","05","5","402","Radiography and Radiation Therapy","Euro","765"
"HGO15C01","Median Weekly Earnings of Health Graduates","2011","2011","05","5","702","Social Care","Euro","606"
"HGO15C01","Median Weekly Earnings of Health Graduates","2011","2011","05","5","701","Social Work","Euro","841"
"HGO15C01","Median Weekly Earnings of Health Graduates","2011","2011","05","5","10","Speech and Language Therapy","Euro","740"
"HGO15C01","Median Weekly Earnings of Health Graduates","2011","2011","05","5","V52","Dietetics, Optometry and Podiatry","Euro","894"
"HGO15C01","Median Weekly Earnings of Health Graduates","2011","2011","06","6","201","Dentistry","Euro","1082"
"HGO15C01","Median Weekly Earnings of Health Graduates","2011","2011","06","6","401","Medical Science","Euro","908"
"HGO15C01","Median Weekly Earnings of Health Graduates","2011","2011","06","6","202","Medicine","Euro","1513"
"HGO15C01","Median Weekly Earnings of Health Graduates","2011","2011","06","6","30","Nursing and Midwifery","Euro","850"
"HGO15C01","Median Weekly Earnings of Health Graduates","2011","2011","06","6","501","Occupational Therapy","Euro","782"
"HGO15C01","Median Weekly Earnings of Health Graduates","2011","2011","06","6","60","Pharmacy","Euro",""
"HGO15C01","Median Weekly Earnings of Health Graduates","2011","2011","06","6","504","Physiotherapy","Euro","795"
"HGO15C01","Median Weekly Earnings of Health Graduates","2011","2011","06","6","402","Radiography and Radiation Therapy","Euro","845"
"HGO15C01","Median Weekly Earnings of Health Graduates","2011","2011","06","6","702","Social Care","Euro","638"
"HGO15C01","Median Weekly Earnings of Health Graduates","2011","2011","06","6","701","Social Work","Euro","881"
"HGO15C01","Median Weekly Earnings of Health Graduates","2011","2011","06","6","10","Speech and Language Therapy","Euro","778"
"HGO15C01","Median Weekly Earnings of Health Graduates","2011","2011","06","6","V52","Dietetics, Optometry and Podiatry","Euro","935"
"HGO15C01","Median Weekly Earnings of Health Graduates","2011","2011","07","7","201","Dentistry","Euro",""
"HGO15C01","Median Weekly Earnings of Health Graduates","2011","2011","07","7","401","Medical Science","Euro","1027"
"HGO15C01","Median Weekly Earnings of Health Graduates","2011","2011","07","7","202","Medicine","Euro","1644"
"HGO15C01","Median Weekly Earnings of Health Graduates","2011","2011","07","7","30","Nursing and Midwifery","Euro","886"
"HGO15C01","Median Weekly Earnings of Health Graduates","2011","2011","07","7","501","Occupational Therapy","Euro","826"
"HGO15C01","Median Weekly Earnings of Health Graduates","2011","2011","07","7","60","Pharmacy","Euro",""
"HGO15C01","Median Weekly Earnings of Health Graduates","2011","2011","07","7","504","Physiotherapy","Euro","803"
"HGO15C01","Median Weekly Earnings of Health Graduates","2011","2011","07","7","402","Radiography and Radiation Therapy","Euro","851"
"HGO15C01","Median Weekly Earnings of Health Graduates","2011","2011","07","7","702","Social Care","Euro","658"
"HGO15C01","Median Weekly Earnings of Health Graduates","2011","2011","07","7","701","Social Work","Euro","941"
"HGO15C01","Median Weekly Earnings of Health Graduates","2011","2011","07","7","10","Speech and Language Therapy","Euro","861"
"HGO15C01","Median Weekly Earnings of Health Graduates","2011","2011","07","7","V52","Dietetics, Optometry and Podiatry","Euro","950"
"HGO15C01","Median Weekly Earnings of Health Graduates","2011","2011","08","8","201","Dentistry","Euro","904"
"HGO15C01","Median Weekly Earnings of Health Graduates","2011","2011","08","8","401","Medical Science","Euro","1080"
"HGO15C01","Median Weekly Earnings of Health Graduates","2011","2011","08","8","202","Medicine","Euro","1558"
"HGO15C01","Median Weekly Earnings of Health Graduates","2011","2011","08","8","30","Nursing and Midwifery","Euro","920"
"HGO15C01","Median Weekly Earnings of Health Graduates","2011","2011","08","8","501","Occupational Therapy","Euro","857"
"HGO15C01","Median Weekly Earnings of Health Graduates","2011","2011","08","8","60","Pharmacy","Euro",""
"HGO15C01","Median Weekly Earnings of Health Graduates","2011","2011","08","8","504","Physiotherapy","Euro","894"
"HGO15C01","Median Weekly Earnings of Health Graduates","2011","2011","08","8","402","Radiography and Radiation Therapy","Euro","889"
"HGO15C01","Median Weekly Earnings of Health Graduates","2011","2011","08","8","702","Social Care","Euro","680"
"HGO15C01","Median Weekly Earnings of Health Graduates","2011","2011","08","8","701","Social Work","Euro","993"
"HGO15C01","Median Weekly Earnings of Health Graduates","2011","2011","08","8","10","Speech and Language Therapy","Euro","937"
"HGO15C01","Median Weekly Earnings of Health Graduates","2011","2011","08","8","V52","Dietetics, Optometry and Podiatry","Euro","940"
"HGO15C01","Median Weekly Earnings of Health Graduates","2011","2011","09","9","201","Dentistry","Euro","848"
"HGO15C01","Median Weekly Earnings of Health Graduates","2011","2011","09","9","401","Medical Science","Euro","1095"
"HGO15C01","Median Weekly Earnings of Health Graduates","2011","2011","09","9","202","Medicine","Euro","1647"
"HGO15C01","Median Weekly Earnings of Health Graduates","2011","2011","09","9","30","Nursing and Midwifery","Euro","962"
"HGO15C01","Median Weekly Earnings of Health Graduates","2011","2011","09","9","501","Occupational Therapy","Euro","931"
"HGO15C01","Median Weekly Earnings of Health Graduates","2011","2011","09","9","60","Pharmacy","Euro",""
"HGO15C01","Median Weekly Earnings of Health Graduates","2011","2011","09","9","504","Physiotherapy","Euro","916"
"HGO15C01","Median Weekly Earnings of Health Graduates","2011","2011","09","9","402","Radiography and Radiation Therapy","Euro","997"
"HGO15C01","Median Weekly Earnings of Health Graduates","2011","2011","09","9","702","Social Care","Euro","711"
"HGO15C01","Median Weekly Earnings of Health Graduates","2011","2011","09","9","701","Social Work","Euro","1018"
"HGO15C01","Median Weekly Earnings of Health Graduates","2011","2011","09","9","10","Speech and Language Therapy","Euro","951"
"HGO15C01","Median Weekly Earnings of Health Graduates","2011","2011","09","9","V52","Dietetics, Optometry and Podiatry","Euro","808"
"HGO15C01","Median Weekly Earnings of Health Graduates","2011","2011","10","10","201","Dentistry","Euro","884"
"HGO15C01","Median Weekly Earnings of Health Graduates","2011","2011","10","10","401","Medical Science","Euro","1144"
"HGO15C01","Median Weekly Earnings of Health Graduates","2011","2011","10","10","202","Medicine","Euro","1736"
"HGO15C01","Median Weekly Earnings of Health Graduates","2011","2011","10","10","30","Nursing and Midwifery","Euro","978"
"HGO15C01","Median Weekly Earnings of Health Graduates","2011","2011","10","10","501","Occupational Therapy","Euro","956"
"HGO15C01","Median Weekly Earnings of Health Graduates","2011","2011","10","10","60","Pharmacy","Euro",""
"HGO15C01","Median Weekly Earnings of Health Graduates","2011","2011","10","10","504","Physiotherapy","Euro","956"
"HGO15C01","Median Weekly Earnings of Health Graduates","2011","2011","10","10","402","Radiography and Radiation Therapy","Euro","965"
"HGO15C01","Median Weekly Earnings of Health Graduates","2011","2011","10","10","702","Social Care","Euro","730"
"HGO15C01","Median Weekly Earnings of Health Graduates","2011","2011","10","10","701","Social Work","Euro","1055"
"HGO15C01","Median Weekly Earnings of Health Graduates","2011","2011","10","10","10","Speech and Language Therapy","Euro","966"
"HGO15C01","Median Weekly Earnings of Health Graduates","2011","2011","10","10","V52","Dietetics, Optometry and Podiatry","Euro","794"
"HGO15C01","Median Weekly Earnings of Health Graduates","2011","2011","11","11","201","Dentistry","Euro","1283"
"HGO15C01","Median Weekly Earnings of Health Graduates","2011","2011","11","11","401","Medical Science","Euro","1258"
"HGO15C01","Median Weekly Earnings of Health Graduates","2011","2011","11","11","202","Medicine","Euro","2001"
"HGO15C01","Median Weekly Earnings of Health Graduates","2011","2011","11","11","30","Nursing and Midwifery","Euro","1015"
"HGO15C01","Median Weekly Earnings of Health Graduates","2011","2011","11","11","501","Occupational Therapy","Euro","997"
"HGO15C01","Median Weekly Earnings of Health Graduates","2011","2011","11","11","60","Pharmacy","Euro",""
"HGO15C01","Median Weekly Earnings of Health Graduates","2011","2011","11","11","504","Physiotherapy","Euro","1111"
"HGO15C01","Median Weekly Earnings of Health Graduates","2011","2011","11","11","402","Radiography and Radiation Therapy","Euro","1080"
"HGO15C01","Median Weekly Earnings of Health Graduates","2011","2011","11","11","702","Social Care","Euro","765"
"HGO15C01","Median Weekly Earnings of Health Graduates","2011","2011","11","11","701","Social Work","Euro","1144"
"HGO15C01","Median Weekly Earnings of Health Graduates","2011","2011","11","11","10","Speech and Language Therapy","Euro","1013"
"HGO15C01","Median Weekly Earnings of Health Graduates","2011","2011","11","11","V52","Dietetics, Optometry and Podiatry","Euro","985"
"HGO15C01","Median Weekly Earnings of Health Graduates","2011","2011","12","12","201","Dentistry","Euro","1566"
"HGO15C01","Median Weekly Earnings of Health Graduates","2011","2011","12","12","401","Medical Science","Euro","1364"
"HGO15C01","Median Weekly Earnings of Health Graduates","2011","2011","12","12","202","Medicine","Euro","2278"
"HGO15C01","Median Weekly Earnings of Health Graduates","2011","2011","12","12","30","Nursing and Midwifery","Euro","1076"
"HGO15C01","Median Weekly Earnings of Health Graduates","2011","2011","12","12","501","Occupational Therapy","Euro","1046"
"HGO15C01","Median Weekly Earnings of Health Graduates","2011","2011","12","12","60","Pharmacy","Euro",""
"HGO15C01","Median Weekly Earnings of Health Graduates","2011","2011","12","12","504","Physiotherapy","Euro","1151"
"HGO15C01","Median Weekly Earnings of Health Graduates","2011","2011","12","12","402","Radiography and Radiation Therapy","Euro","1101"
"HGO15C01","Median Weekly Earnings of Health Graduates","2011","2011","12","12","702","Social Care","Euro","806"
"HGO15C01","Median Weekly Earnings of Health Graduates","2011","2011","12","12","701","Social Work","Euro","1236"
"HGO15C01","Median Weekly Earnings of Health Graduates","2011","2011","12","12","10","Speech and Language Therapy","Euro","1072"
"HGO15C01","Median Weekly Earnings of Health Graduates","2011","2011","12","12","V52","Dietetics, Optometry and Podiatry","Euro","1064"
"HGO15C01","Median Weekly Earnings of Health Graduates","2011","2011","13","13","201","Dentistry","Euro",""
"HGO15C01","Median Weekly Earnings of Health Graduates","2011","2011","13","13","401","Medical Science","Euro",""
"HGO15C01","Median Weekly Earnings of Health Graduates","2011","2011","13","13","202","Medicine","Euro",""
"HGO15C01","Median Weekly Earnings of Health Graduates","2011","2011","13","13","30","Nursing and Midwifery","Euro",""
"HGO15C01","Median Weekly Earnings of Health Graduates","2011","2011","13","13","501","Occupational Therapy","Euro",""
"HGO15C01","Median Weekly Earnings of Health Graduates","2011","2011","13","13","60","Pharmacy","Euro",""
"HGO15C01","Median Weekly Earnings of Health Graduates","2011","2011","13","13","504","Physiotherapy","Euro",""
"HGO15C01","Median Weekly Earnings of Health Graduates","2011","2011","13","13","402","Radiography and Radiation Therapy","Euro",""
"HGO15C01","Median Weekly Earnings of Health Graduates","2011","2011","13","13","702","Social Care","Euro",""
"HGO15C01","Median Weekly Earnings of Health Graduates","2011","2011","13","13","701","Social Work","Euro",""
"HGO15C01","Median Weekly Earnings of Health Graduates","2011","2011","13","13","10","Speech and Language Therapy","Euro",""
"HGO15C01","Median Weekly Earnings of Health Graduates","2011","2011","13","13","V52","Dietetics, Optometry and Podiatry","Euro",""
"HGO15C01","Median Weekly Earnings of Health Graduates","2012","2012","01","1","201","Dentistry","Euro","840"
"HGO15C01","Median Weekly Earnings of Health Graduates","2012","2012","01","1","401","Medical Science","Euro","585"
"HGO15C01","Median Weekly Earnings of Health Graduates","2012","2012","01","1","202","Medicine","Euro","1035"
"HGO15C01","Median Weekly Earnings of Health Graduates","2012","2012","01","1","30","Nursing and Midwifery","Euro","643"
"HGO15C01","Median Weekly Earnings of Health Graduates","2012","2012","01","1","501","Occupational Therapy","Euro","538"
"HGO15C01","Median Weekly Earnings of Health Graduates","2012","2012","01","1","60","Pharmacy","Euro",""
"HGO15C01","Median Weekly Earnings of Health Graduates","2012","2012","01","1","504","Physiotherapy","Euro","398"
"HGO15C01","Median Weekly Earnings of Health Graduates","2012","2012","01","1","402","Radiography and Radiation Therapy","Euro","784"
"HGO15C01","Median Weekly Earnings of Health Graduates","2012","2012","01","1","702","Social Care","Euro","413"
"HGO15C01","Median Weekly Earnings of Health Graduates","2012","2012","01","1","701","Social Work","Euro","717"
"HGO15C01","Median Weekly Earnings of Health Graduates","2012","2012","01","1","10","Speech and Language Therapy","Euro","446"
"HGO15C01","Median Weekly Earnings of Health Graduates","2012","2012","01","1","V52","Dietetics, Optometry and Podiatry","Euro","636"
"HGO15C01","Median Weekly Earnings of Health Graduates","2012","2012","02","2","201","Dentistry","Euro","991"
"HGO15C01","Median Weekly Earnings of Health Graduates","2012","2012","02","2","401","Medical Science","Euro","610"
"HGO15C01","Median Weekly Earnings of Health Graduates","2012","2012","02","2","202","Medicine","Euro","1129"
"HGO15C01","Median Weekly Earnings of Health Graduates","2012","2012","02","2","30","Nursing and Midwifery","Euro","680"
"HGO15C01","Median Weekly Earnings of Health Graduates","2012","2012","02","2","501","Occupational Therapy","Euro","658"
"HGO15C01","Median Weekly Earnings of Health Graduates","2012","2012","02","2","60","Pharmacy","Euro",""
"HGO15C01","Median Weekly Earnings of Health Graduates","2012","2012","02","2","504","Physiotherapy","Euro","639"
"HGO15C01","Median Weekly Earnings of Health Graduates","2012","2012","02","2","402","Radiography and Radiation Therapy","Euro","978"
"HGO15C01","Median Weekly Earnings of Health Graduates","2012","2012","02","2","702","Social Care","Euro","484"
"HGO15C01","Median Weekly Earnings of Health Graduates","2012","2012","02","2","701","Social Work","Euro","776"
"HGO15C01","Median Weekly Earnings of Health Graduates","2012","2012","02","2","10","Speech and Language Therapy","Euro","650"
"HGO15C01","Median Weekly Earnings of Health Graduates","2012","2012","02","2","V52","Dietetics, Optometry and Podiatry","Euro","653"
"HGO15C01","Median Weekly Earnings of Health Graduates","2012","2012","03","3","201","Dentistry","Euro",""
"HGO15C01","Median Weekly Earnings of Health Graduates","2012","2012","03","3","401","Medical Science","Euro","688"
"HGO15C01","Median Weekly Earnings of Health Graduates","2012","2012","03","3","202","Medicine","Euro","1166"
"HGO15C01","Median Weekly Earnings of Health Graduates","2012","2012","03","3","30","Nursing and Midwifery","Euro","709"
"HGO15C01","Median Weekly Earnings of Health Graduates","2012","2012","03","3","501","Occupational Therapy","Euro","695"
"HGO15C01","Median Weekly Earnings of Health Graduates","2012","2012","03","3","60","Pharmacy","Euro",""
"HGO15C01","Median Weekly Earnings of Health Graduates","2012","2012","03","3","504","Physiotherapy","Euro","678"
"HGO15C01","Median Weekly Earnings of Health Graduates","2012","2012","03","3","402","Radiography and Radiation Therapy","Euro","972"
"HGO15C01","Median Weekly Earnings of Health Graduates","2012","2012","03","3","702","Social Care","Euro","539"
"HGO15C01","Median Weekly Earnings of Health Graduates","2012","2012","03","3","701","Social Work","Euro","799"
"HGO15C01","Median Weekly Earnings of Health Graduates","2012","2012","03","3","10","Speech and Language Therapy","Euro","689"
"HGO15C01","Median Weekly Earnings of Health Graduates","2012","2012","03","3","V52","Dietetics, Optometry and Podiatry","Euro","704"
"HGO15C01","Median Weekly Earnings of Health Graduates","2012","2012","04","4","201","Dentistry","Euro",""
"HGO15C01","Median Weekly Earnings of Health Graduates","2012","2012","04","4","401","Medical Science","Euro","748"
"HGO15C01","Median Weekly Earnings of Health Graduates","2012","2012","04","4","202","Medicine","Euro","1277"
"HGO15C01","Median Weekly Earnings of Health Graduates","2012","2012","04","4","30","Nursing and Midwifery","Euro","740"
"HGO15C01","Median Weekly Earnings of Health Graduates","2012","2012","04","4","501","Occupational Therapy","Euro","720"
"HGO15C01","Median Weekly Earnings of Health Graduates","2012","2012","04","4","60","Pharmacy","Euro",""
"HGO15C01","Median Weekly Earnings of Health Graduates","2012","2012","04","4","504","Physiotherapy","Euro","729"
"HGO15C01","Median Weekly Earnings of Health Graduates","2012","2012","04","4","402","Radiography and Radiation Therapy","Euro","1030"
"HGO15C01","Median Weekly Earnings of Health Graduates","2012","2012","04","4","702","Social Care","Euro","581"
"HGO15C01","Median Weekly Earnings of Health Graduates","2012","2012","04","4","701","Social Work","Euro","807"
"HGO15C01","Median Weekly Earnings of Health Graduates","2012","2012","04","4","10","Speech and Language Therapy","Euro","723"
"HGO15C01","Median Weekly Earnings of Health Graduates","2012","2012","04","4","V52","Dietetics, Optometry and Podiatry","Euro","792"
"HGO15C01","Median Weekly Earnings of Health Graduates","2012","2012","05","5","201","Dentistry","Euro",""
"HGO15C01","Median Weekly Earnings of Health Graduates","2012","2012","05","5","401","Medical Science","Euro","830"
"HGO15C01","Median Weekly Earnings of Health Graduates","2012","2012","05","5","202","Medicine","Euro","1399"
"HGO15C01","Median Weekly Earnings of Health Graduates","2012","2012","05","5","30","Nursing and Midwifery","Euro","799"
"HGO15C01","Median Weekly Earnings of Health Graduates","2012","2012","05","5","501","Occupational Therapy","Euro","751"
"HGO15C01","Median Weekly Earnings of Health Graduates","2012","2012","05","5","60","Pharmacy","Euro",""
"HGO15C01","Median Weekly Earnings of Health Graduates","2012","2012","05","5","504","Physiotherapy","Euro","772"
"HGO15C01","Median Weekly Earnings of Health Graduates","2012","2012","05","5","402","Radiography and Radiation Therapy","Euro","1101"
"HGO15C01","Median Weekly Earnings of Health Graduates","2012","2012","05","5","702","Social Care","Euro","615"
"HGO15C01","Median Weekly Earnings of Health Graduates","2012","2012","05","5","701","Social Work","Euro","850"
"HGO15C01","Median Weekly Earnings of Health Graduates","2012","2012","05","5","10","Speech and Language Therapy","Euro","758"
"HGO15C01","Median Weekly Earnings of Health Graduates","2012","2012","05","5","V52","Dietetics, Optometry and Podiatry","Euro","873"
"HGO15C01","Median Weekly Earnings of Health Graduates","2012","2012","06","6","201","Dentistry","Euro",""
"HGO15C01","Median Weekly Earnings of Health Graduates","2012","2012","06","6","401","Medical Science","Euro","1070"
"HGO15C01","Median Weekly Earnings of Health Graduates","2012","2012","06","6","202","Medicine","Euro","1602"
"HGO15C01","Median Weekly Earnings of Health Graduates","2012","2012","06","6","30","Nursing and Midwifery","Euro","852"
"HGO15C01","Median Weekly Earnings of Health Graduates","2012","2012","06","6","501","Occupational Therapy","Euro","799"
"HGO15C01","Median Weekly Earnings of Health Graduates","2012","2012","06","6","60","Pharmacy","Euro",""
"HGO15C01","Median Weekly Earnings of Health Graduates","2012","2012","06","6","504","Physiotherapy","Euro","838"
"HGO15C01","Median Weekly Earnings of Health Graduates","2012","2012","06","6","402","Radiography and Radiation Therapy","Euro","1190"
"HGO15C01","Median Weekly Earnings of Health Graduates","2012","2012","06","6","702","Social Care","Euro","654"
"HGO15C01","Median Weekly Earnings of Health Graduates","2012","2012","06","6","701","Social Work","Euro","918"
"HGO15C01","Median Weekly Earnings of Health Graduates","2012","2012","06","6","10","Speech and Language Therapy","Euro","797"
"HGO15C01","Median Weekly Earnings of Health Graduates","2012","2012","06","6","V52","Dietetics, Optometry and Podiatry","Euro","984"
"HGO15C01","Median Weekly Earnings of Health Graduates","2012","2012","07","7","201","Dentistry","Euro",""
"HGO15C01","Median Weekly Earnings of Health Graduates","2012","2012","07","7","401","Medical Science","Euro","1035"
"HGO15C01","Median Weekly Earnings of Health Graduates","2012","2012","07","7","202","Medicine","Euro","1585"
"HGO15C01","Median Weekly Earnings of Health Graduates","2012","2012","07","7","30","Nursing and Midwifery","Euro","882"
"HGO15C01","Median Weekly Earnings of Health Graduates","2012","2012","07","7","501","Occupational Therapy","Euro","849"
"HGO15C01","Median Weekly Earnings of Health Graduates","2012","2012","07","7","60","Pharmacy","Euro",""
"HGO15C01","Median Weekly Earnings of Health Graduates","2012","2012","07","7","504","Physiotherapy","Euro","873"
"HGO15C01","Median Weekly Earnings of Health Graduates","2012","2012","07","7","402","Radiography and Radiation Therapy","Euro","1172"
"HGO15C01","Median Weekly Earnings of Health Graduates","2012","2012","07","7","702","Social Care","Euro","683"
"HGO15C01","Median Weekly Earnings of Health Graduates","2012","2012","07","7","701","Social Work","Euro","960"
"HGO15C01","Median Weekly Earnings of Health Graduates","2012","2012","07","7","10","Speech and Language Therapy","Euro","849"
"HGO15C01","Median Weekly Earnings of Health Graduates","2012","2012","07","7","V52","Dietetics, Optometry and Podiatry","Euro","1028"
"HGO15C01","Median Weekly Earnings of Health Graduates","2012","2012","08","8","201","Dentistry","Euro",""
"HGO15C01","Median Weekly Earnings of Health Graduates","2012","2012","08","8","401","Medical Science","Euro","1151"
"HGO15C01","Median Weekly Earnings of Health Graduates","2012","2012","08","8","202","Medicine","Euro","1691"
"HGO15C01","Median Weekly Earnings of Health Graduates","2012","2012","08","8","30","Nursing and Midwifery","Euro","947"
"HGO15C01","Median Weekly Earnings of Health Graduates","2012","2012","08","8","501","Occupational Therapy","Euro","904"
"HGO15C01","Median Weekly Earnings of Health Graduates","2012","2012","08","8","60","Pharmacy","Euro",""
"HGO15C01","Median Weekly Earnings of Health Graduates","2012","2012","08","8","504","Physiotherapy","Euro","946"
"HGO15C01","Median Weekly Earnings of Health Graduates","2012","2012","08","8","402","Radiography and Radiation Therapy","Euro","1270"
"HGO15C01","Median Weekly Earnings of Health Graduates","2012","2012","08","8","702","Social Care","Euro","704"
"HGO15C01","Median Weekly Earnings of Health Graduates","2012","2012","08","8","701","Social Work","Euro","1032"
"HGO15C01","Median Weekly Earnings of Health Graduates","2012","2012","08","8","10","Speech and Language Therapy","Euro","919"
"HGO15C01","Median Weekly Earnings of Health Graduates","2012","2012","08","8","V52","Dietetics, Optometry and Podiatry","Euro","1030"
"HGO15C01","Median Weekly Earnings of Health Graduates","2012","2012","09","9","201","Dentistry","Euro","1136"
"HGO15C01","Median Weekly Earnings of Health Graduates","2012","2012","09","9","401","Medical Science","Euro","1171"
"HGO15C01","Median Weekly Earnings of Health Graduates","2012","2012","09","9","202","Medicine","Euro","1744"
"HGO15C01","Median Weekly Earnings of Health Graduates","2012","2012","09","9","30","Nursing and Midwifery","Euro","965"
"HGO15C01","Median Weekly Earnings of Health Graduates","2012","2012","09","9","501","Occupational Therapy","Euro","1021"
"HGO15C01","Median Weekly Earnings of Health Graduates","2012","2012","09","9","60","Pharmacy","Euro",""
"HGO15C01","Median Weekly Earnings of Health Graduates","2012","2012","09","9","504","Physiotherapy","Euro","1006"
"HGO15C01","Median Weekly Earnings of Health Graduates","2012","2012","09","9","402","Radiography and Radiation Therapy","Euro","1228"
"HGO15C01","Median Weekly Earnings of Health Graduates","2012","2012","09","9","702","Social Care","Euro","744"
"HGO15C01","Median Weekly Earnings of Health Graduates","2012","2012","09","9","701","Social Work","Euro","1089"
"HGO15C01","Median Weekly Earnings of Health Graduates","2012","2012","09","9","10","Speech and Language Therapy","Euro","946"
"HGO15C01","Median Weekly Earnings of Health Graduates","2012","2012","09","9","V52","Dietetics, Optometry and Podiatry","Euro","1131"
"HGO15C01","Median Weekly Earnings of Health Graduates","2012","2012","10","10","201","Dentistry","Euro",""
"HGO15C01","Median Weekly Earnings of Health Graduates","2012","2012","10","10","401","Medical Science","Euro","1252"
"HGO15C01","Median Weekly Earnings of Health Graduates","2012","2012","10","10","202","Medicine","Euro","1872"
"HGO15C01","Median Weekly Earnings of Health Graduates","2012","2012","10","10","30","Nursing and Midwifery","Euro","1014"
"HGO15C01","Median Weekly Earnings of Health Graduates","2012","2012","10","10","501","Occupational Therapy","Euro","1090"
"HGO15C01","Median Weekly Earnings of Health Graduates","2012","2012","10","10","60","Pharmacy","Euro",""
"HGO15C01","Median Weekly Earnings of Health Graduates","2012","2012","10","10","504","Physiotherapy","Euro","1094"
"HGO15C01","Median Weekly Earnings of Health Graduates","2012","2012","10","10","402","Radiography and Radiation Therapy","Euro","1403"
"HGO15C01","Median Weekly Earnings of Health Graduates","2012","2012","10","10","702","Social Care","Euro","773"
"HGO15C01","Median Weekly Earnings of Health Graduates","2012","2012","10","10","701","Social Work","Euro","1127"
"HGO15C01","Median Weekly Earnings of Health Graduates","2012","2012","10","10","10","Speech and Language Therapy","Euro","1013"
"HGO15C01","Median Weekly Earnings of Health Graduates","2012","2012","10","10","V52","Dietetics, Optometry and Podiatry","Euro","1177"
"HGO15C01","Median Weekly Earnings of Health Graduates","2012","2012","11","11","201","Dentistry","Euro","1179"
"HGO15C01","Median Weekly Earnings of Health Graduates","2012","2012","11","11","401","Medical Science","Euro","1351"
"HGO15C01","Median Weekly Earnings of Health Graduates","2012","2012","11","11","202","Medicine","Euro","2126"
"HGO15C01","Median Weekly Earnings of Health Graduates","2012","2012","11","11","30","Nursing and Midwifery","Euro","1059"
"HGO15C01","Median Weekly Earnings of Health Graduates","2012","2012","11","11","501","Occupational Therapy","Euro","1141"
"HGO15C01","Median Weekly Earnings of Health Graduates","2012","2012","11","11","60","Pharmacy","Euro",""
"HGO15C01","Median Weekly Earnings of Health Graduates","2012","2012","11","11","504","Physiotherapy","Euro","1170"
"HGO15C01","Median Weekly Earnings of Health Graduates","2012","2012","11","11","402","Radiography and Radiation Therapy","Euro","1382"
"HGO15C01","Median Weekly Earnings of Health Graduates","2012","2012","11","11","702","Social Care","Euro","816"
"HGO15C01","Median Weekly Earnings of Health Graduates","2012","2012","11","11","701","Social Work","Euro","1185"
"HGO15C01","Median Weekly Earnings of Health Graduates","2012","2012","11","11","10","Speech and Language Therapy","Euro","970"
"HGO15C01","Median Weekly Earnings of Health Graduates","2012","2012","11","11","V52","Dietetics, Optometry and Podiatry","Euro","1270"
"HGO15C01","Median Weekly Earnings of Health Graduates","2012","2012","12","12","201","Dentistry","Euro",""
"HGO15C01","Median Weekly Earnings of Health Graduates","2012","2012","12","12","401","Medical Science","Euro",""
"HGO15C01","Median Weekly Earnings of Health Graduates","2012","2012","12","12","202","Medicine","Euro",""
"HGO15C01","Median Weekly Earnings of Health Graduates","2012","2012","12","12","30","Nursing and Midwifery","Euro",""
"HGO15C01","Median Weekly Earnings of Health Graduates","2012","2012","12","12","501","Occupational Therapy","Euro",""
"HGO15C01","Median Weekly Earnings of Health Graduates","2012","2012","12","12","60","Pharmacy","Euro",""
"HGO15C01","Median Weekly Earnings of Health Graduates","2012","2012","12","12","504","Physiotherapy","Euro",""
"HGO15C01","Median Weekly Earnings of Health Graduates","2012","2012","12","12","402","Radiography and Radiation Therapy","Euro",""
"HGO15C01","Median Weekly Earnings of Health Graduates","2012","2012","12","12","702","Social Care","Euro",""
"HGO15C01","Median Weekly Earnings of Health Graduates","2012","2012","12","12","701","Social Work","Euro",""
"HGO15C01","Median Weekly Earnings of Health Graduates","2012","2012","12","12","10","Speech and Language Therapy","Euro",""
"HGO15C01","Median Weekly Earnings of Health Graduates","2012","2012","12","12","V52","Dietetics, Optometry and Podiatry","Euro",""
"HGO15C01","Median Weekly Earnings of Health Graduates","2012","2012","13","13","201","Dentistry","Euro",""
"HGO15C01","Median Weekly Earnings of Health Graduates","2012","2012","13","13","401","Medical Science","Euro",""
"HGO15C01","Median Weekly Earnings of Health Graduates","2012","2012","13","13","202","Medicine","Euro",""
"HGO15C01","Median Weekly Earnings of Health Graduates","2012","2012","13","13","30","Nursing and Midwifery","Euro",""
"HGO15C01","Median Weekly Earnings of Health Graduates","2012","2012","13","13","501","Occupational Therapy","Euro",""
"HGO15C01","Median Weekly Earnings of Health Graduates","2012","2012","13","13","60","Pharmacy","Euro",""
"HGO15C01","Median Weekly Earnings of Health Graduates","2012","2012","13","13","504","Physiotherapy","Euro",""
"HGO15C01","Median Weekly Earnings of Health Graduates","2012","2012","13","13","402","Radiography and Radiation Therapy","Euro",""
"HGO15C01","Median Weekly Earnings of Health Graduates","2012","2012","13","13","702","Social Care","Euro",""
"HGO15C01","Median Weekly Earnings of Health Graduates","2012","2012","13","13","701","Social Work","Euro",""
"HGO15C01","Median Weekly Earnings of Health Graduates","2012","2012","13","13","10","Speech and Language Therapy","Euro",""
"HGO15C01","Median Weekly Earnings of Health Graduates","2012","2012","13","13","V52","Dietetics, Optometry and Podiatry","Euro",""
"HGO15C01","Median Weekly Earnings of Health Graduates","2013","2013","01","1","201","Dentistry","Euro",""
"HGO15C01","Median Weekly Earnings of Health Graduates","2013","2013","01","1","401","Medical Science","Euro","603"
"HGO15C01","Median Weekly Earnings of Health Graduates","2013","2013","01","1","202","Medicine","Euro","1040"
"HGO15C01","Median Weekly Earnings of Health Graduates","2013","2013","01","1","30","Nursing and Midwifery","Euro","618"
"HGO15C01","Median Weekly Earnings of Health Graduates","2013","2013","01","1","501","Occupational Therapy","Euro","522"
"HGO15C01","Median Weekly Earnings of Health Graduates","2013","2013","01","1","60","Pharmacy","Euro",""
"HGO15C01","Median Weekly Earnings of Health Graduates","2013","2013","01","1","504","Physiotherapy","Euro","536"
"HGO15C01","Median Weekly Earnings of Health Graduates","2013","2013","01","1","402","Radiography and Radiation Therapy","Euro","815"
"HGO15C01","Median Weekly Earnings of Health Graduates","2013","2013","01","1","702","Social Care","Euro","453"
"HGO15C01","Median Weekly Earnings of Health Graduates","2013","2013","01","1","701","Social Work","Euro","739"
"HGO15C01","Median Weekly Earnings of Health Graduates","2013","2013","01","1","10","Speech and Language Therapy","Euro","479"
"HGO15C01","Median Weekly Earnings of Health Graduates","2013","2013","01","1","V52","Dietetics, Optometry and Podiatry","Euro","618"
"HGO15C01","Median Weekly Earnings of Health Graduates","2013","2013","02","2","201","Dentistry","Euro",""
"HGO15C01","Median Weekly Earnings of Health Graduates","2013","2013","02","2","401","Medical Science","Euro","632"
"HGO15C01","Median Weekly Earnings of Health Graduates","2013","2013","02","2","202","Medicine","Euro","1090"
"HGO15C01","Median Weekly Earnings of Health Graduates","2013","2013","02","2","30","Nursing and Midwifery","Euro","694"
"HGO15C01","Median Weekly Earnings of Health Graduates","2013","2013","02","2","501","Occupational Therapy","Euro","659"
"HGO15C01","Median Weekly Earnings of Health Graduates","2013","2013","02","2","60","Pharmacy","Euro",""
"HGO15C01","Median Weekly Earnings of Health Graduates","2013","2013","02","2","504","Physiotherapy","Euro","656"
"HGO15C01","Median Weekly Earnings of Health Graduates","2013","2013","02","2","402","Radiography and Radiation Therapy","Euro","858"
"HGO15C01","Median Weekly Earnings of Health Graduates","2013","2013","02","2","702","Social Care","Euro","511"
"HGO15C01","Median Weekly Earnings of Health Graduates","2013","2013","02","2","701","Social Work","Euro","788"
"HGO15C01","Median Weekly Earnings of Health Graduates","2013","2013","02","2","10","Speech and Language Therapy","Euro","642"
"HGO15C01","Median Weekly Earnings of Health Graduates","2013","2013","02","2","V52","Dietetics, Optometry and Podiatry","Euro","682"
"HGO15C01","Median Weekly Earnings of Health Graduates","2013","2013","03","3","201","Dentistry","Euro",""
"HGO15C01","Median Weekly Earnings of Health Graduates","2013","2013","03","3","401","Medical Science","Euro","729"
"HGO15C01","Median Weekly Earnings of Health Graduates","2013","2013","03","3","202","Medicine","Euro","1182"
"HGO15C01","Median Weekly Earnings of Health Graduates","2013","2013","03","3","30","Nursing and Midwifery","Euro","722"
"HGO15C01","Median Weekly Earnings of Health Graduates","2013","2013","03","3","501","Occupational Therapy","Euro","688"
"HGO15C01","Median Weekly Earnings of Health Graduates","2013","2013","03","3","60","Pharmacy","Euro",""
"HGO15C01","Median Weekly Earnings of Health Graduates","2013","2013","03","3","504","Physiotherapy","Euro","671"
"HGO15C01","Median Weekly Earnings of Health Graduates","2013","2013","03","3","402","Radiography and Radiation Therapy","Euro","932"
"HGO15C01","Median Weekly Earnings of Health Graduates","2013","2013","03","3","702","Social Care","Euro","558"
"HGO15C01","Median Weekly Earnings of Health Graduates","2013","2013","03","3","701","Social Work","Euro","799"
"HGO15C01","Median Weekly Earnings of Health Graduates","2013","2013","03","3","10","Speech and Language Therapy","Euro","696"
"HGO15C01","Median Weekly Earnings of Health Graduates","2013","2013","03","3","V52","Dietetics, Optometry and Podiatry","Euro","698"
"HGO15C01","Median Weekly Earnings of Health Graduates","2013","2013","04","4","201","Dentistry","Euro",""
"HGO15C01","Median Weekly Earnings of Health Graduates","2013","2013","04","4","401","Medical Science","Euro","886"
"HGO15C01","Median Weekly Earnings of Health Graduates","2013","2013","04","4","202","Medicine","Euro","1348"
"HGO15C01","Median Weekly Earnings of Health Graduates","2013","2013","04","4","30","Nursing and Midwifery","Euro","785"
"HGO15C01","Median Weekly Earnings of Health Graduates","2013","2013","04","4","501","Occupational Therapy","Euro","731"
"HGO15C01","Median Weekly Earnings of Health Graduates","2013","2013","04","4","60","Pharmacy","Euro",""
"HGO15C01","Median Weekly Earnings of Health Graduates","2013","2013","04","4","504","Physiotherapy","Euro","730"
"HGO15C01","Median Weekly Earnings of Health Graduates","2013","2013","04","4","402","Radiography and Radiation Therapy","Euro","993"
"HGO15C01","Median Weekly Earnings of Health Graduates","2013","2013","04","4","702","Social Care","Euro","604"
"HGO15C01","Median Weekly Earnings of Health Graduates","2013","2013","04","4","701","Social Work","Euro","839"
"HGO15C01","Median Weekly Earnings of Health Graduates","2013","2013","04","4","10","Speech and Language Therapy","Euro","740"
"HGO15C01","Median Weekly Earnings of Health Graduates","2013","2013","04","4","V52","Dietetics, Optometry and Podiatry","Euro","805"
"HGO15C01","Median Weekly Earnings of Health Graduates","2013","2013","05","5","201","Dentistry","Euro",""
"HGO15C01","Median Weekly Earnings of Health Graduates","2013","2013","05","5","401","Medical Science","Euro","1015"
"HGO15C01","Median Weekly Earnings of Health Graduates","2013","2013","05","5","202","Medicine","Euro","1543"
"HGO15C01","Median Weekly Earnings of Health Graduates","2013","2013","05","5","30","Nursing and Midwifery","Euro","823"
"HGO15C01","Median Weekly Earnings of Health Graduates","2013","2013","05","5","501","Occupational Therapy","Euro","773"
"HGO15C01","Median Weekly Earnings of Health Graduates","2013","2013","05","5","60","Pharmacy","Euro",""
"HGO15C01","Median Weekly Earnings of Health Graduates","2013","2013","05","5","504","Physiotherapy","Euro","782"
"HGO15C01","Median Weekly Earnings of Health Graduates","2013","2013","05","5","402","Radiography and Radiation Therapy","Euro","999"
"HGO15C01","Median Weekly Earnings of Health Graduates","2013","2013","05","5","702","Social Care","Euro","637"
"HGO15C01","Median Weekly Earnings of Health Graduates","2013","2013","05","5","701","Social Work","Euro","895"
"HGO15C01","Median Weekly Earnings of Health Graduates","2013","2013","05","5","10","Speech and Language Therapy","Euro","782"
"HGO15C01","Median Weekly Earnings of Health Graduates","2013","2013","05","5","V52","Dietetics, Optometry and Podiatry","Euro","886"
"HGO15C01","Median Weekly Earnings of Health Graduates","2013","2013","06","6","201","Dentistry","Euro","634"
"HGO15C01","Median Weekly Earnings of Health Graduates","2013","2013","06","6","401","Medical Science","Euro","1159"
"HGO15C01","Median Weekly Earnings of Health Graduates","2013","2013","06","6","202","Medicine","Euro","1595"
"HGO15C01","Median Weekly Earnings of Health Graduates","2013","2013","06","6","30","Nursing and Midwifery","Euro","875"
"HGO15C01","Median Weekly Earnings of Health Graduates","2013","2013","06","6","501","Occupational Therapy","Euro","806"
"HGO15C01","Median Weekly Earnings of Health Graduates","2013","2013","06","6","60","Pharmacy","Euro",""
"HGO15C01","Median Weekly Earnings of Health Graduates","2013","2013","06","6","504","Physiotherapy","Euro","809"
"HGO15C01","Median Weekly Earnings of Health Graduates","2013","2013","06","6","402","Radiography and Radiation Therapy","Euro","1082"
"HGO15C01","Median Weekly Earnings of Health Graduates","2013","2013","06","6","702","Social Care","Euro","664"
"HGO15C01","Median Weekly Earnings of Health Graduates","2013","2013","06","6","701","Social Work","Euro","955"
"HGO15C01","Median Weekly Earnings of Health Graduates","2013","2013","06","6","10","Speech and Language Therapy","Euro","824"
"HGO15C01","Median Weekly Earnings of Health Graduates","2013","2013","06","6","V52","Dietetics, Optometry and Podiatry","Euro","1019"
"HGO15C01","Median Weekly Earnings of Health Graduates","2013","2013","07","7","201","Dentistry","Euro",""
"HGO15C01","Median Weekly Earnings of Health Graduates","2013","2013","07","7","401","Medical Science","Euro","1249"
"HGO15C01","Median Weekly Earnings of Health Graduates","2013","2013","07","7","202","Medicine","Euro","1718"
"HGO15C01","Median Weekly Earnings of Health Graduates","2013","2013","07","7","30","Nursing and Midwifery","Euro","934"
"HGO15C01","Median Weekly Earnings of Health Graduates","2013","2013","07","7","501","Occupational Therapy","Euro","855"
"HGO15C01","Median Weekly Earnings of Health Graduates","2013","2013","07","7","60","Pharmacy","Euro",""
"HGO15C01","Median Weekly Earnings of Health Graduates","2013","2013","07","7","504","Physiotherapy","Euro","879"
"HGO15C01","Median Weekly Earnings of Health Graduates","2013","2013","07","7","402","Radiography and Radiation Therapy","Euro","1209"
"HGO15C01","Median Weekly Earnings of Health Graduates","2013","2013","07","7","702","Social Care","Euro","686"
"HGO15C01","Median Weekly Earnings of Health Graduates","2013","2013","07","7","701","Social Work","Euro","1020"
"HGO15C01","Median Weekly Earnings of Health Graduates","2013","2013","07","7","10","Speech and Language Therapy","Euro","885"
"HGO15C01","Median Weekly Earnings of Health Graduates","2013","2013","07","7","V52","Dietetics, Optometry and Podiatry","Euro","997"
"HGO15C01","Median Weekly Earnings of Health Graduates","2013","2013","08","8","201","Dentistry","Euro",""
"HGO15C01","Median Weekly Earnings of Health Graduates","2013","2013","08","8","401","Medical Science","Euro","1220"
"HGO15C01","Median Weekly Earnings of Health Graduates","2013","2013","08","8","202","Medicine","Euro","1753"
"HGO15C01","Median Weekly Earnings of Health Graduates","2013","2013","08","8","30","Nursing and Midwifery","Euro","979"
"HGO15C01","Median Weekly Earnings of Health Graduates","2013","2013","08","8","501","Occupational Therapy","Euro","910"
"HGO15C01","Median Weekly Earnings of Health Graduates","2013","2013","08","8","60","Pharmacy","Euro",""
"HGO15C01","Median Weekly Earnings of Health Graduates","2013","2013","08","8","504","Physiotherapy","Euro","918"
"HGO15C01","Median Weekly Earnings of Health Graduates","2013","2013","08","8","402","Radiography and Radiation Therapy","Euro","1269"
"HGO15C01","Median Weekly Earnings of Health Graduates","2013","2013","08","8","702","Social Care","Euro","726"
"HGO15C01","Median Weekly Earnings of Health Graduates","2013","2013","08","8","701","Social Work","Euro","1077"
"HGO15C01","Median Weekly Earnings of Health Graduates","2013","2013","08","8","10","Speech and Language Therapy","Euro","950"
"HGO15C01","Median Weekly Earnings of Health Graduates","2013","2013","08","8","V52","Dietetics, Optometry and Podiatry","Euro","1004"
"HGO15C01","Median Weekly Earnings of Health Graduates","2013","2013","09","9","201","Dentistry","Euro","1192"
"HGO15C01","Median Weekly Earnings of Health Graduates","2013","2013","09","9","401","Medical Science","Euro","1401"
"HGO15C01","Median Weekly Earnings of Health Graduates","2013","2013","09","9","202","Medicine","Euro","1856"
"HGO15C01","Median Weekly Earnings of Health Graduates","2013","2013","09","9","30","Nursing and Midwifery","Euro","1017"
"HGO15C01","Median Weekly Earnings of Health Graduates","2013","2013","09","9","501","Occupational Therapy","Euro","1018"
"HGO15C01","Median Weekly Earnings of Health Graduates","2013","2013","09","9","60","Pharmacy","Euro",""
"HGO15C01","Median Weekly Earnings of Health Graduates","2013","2013","09","9","504","Physiotherapy","Euro","1076"
"HGO15C01","Median Weekly Earnings of Health Graduates","2013","2013","09","9","402","Radiography and Radiation Therapy","Euro","1268"
"HGO15C01","Median Weekly Earnings of Health Graduates","2013","2013","09","9","702","Social Care","Euro","771"
"HGO15C01","Median Weekly Earnings of Health Graduates","2013","2013","09","9","701","Social Work","Euro","1170"
"HGO15C01","Median Weekly Earnings of Health Graduates","2013","2013","09","9","10","Speech and Language Therapy","Euro","996"
"HGO15C01","Median Weekly Earnings of Health Graduates","2013","2013","09","9","V52","Dietetics, Optometry and Podiatry","Euro","1132"
"HGO15C01","Median Weekly Earnings of Health Graduates","2013","2013","10","10","201","Dentistry","Euro","1123"
"HGO15C01","Median Weekly Earnings of Health Graduates","2013","2013","10","10","401","Medical Science","Euro","1486"
"HGO15C01","Median Weekly Earnings of Health Graduates","2013","2013","10","10","202","Medicine","Euro","1971"
"HGO15C01","Median Weekly Earnings of Health Graduates","2013","2013","10","10","30","Nursing and Midwifery","Euro","1064"
"HGO15C01","Median Weekly Earnings of Health Graduates","2013","2013","10","10","501","Occupational Therapy","Euro","1085"
"HGO15C01","Median Weekly Earnings of Health Graduates","2013","2013","10","10","60","Pharmacy","Euro",""
"HGO15C01","Median Weekly Earnings of Health Graduates","2013","2013","10","10","504","Physiotherapy","Euro","1140"
"HGO15C01","Median Weekly Earnings of Health Graduates","2013","2013","10","10","402","Radiography and Radiation Therapy","Euro","1344"
"HGO15C01","Median Weekly Earnings of Health Graduates","2013","2013","10","10","702","Social Care","Euro","813"
"HGO15C01","Median Weekly Earnings of Health Graduates","2013","2013","10","10","701","Social Work","Euro","1231"
"HGO15C01","Median Weekly Earnings of Health Graduates","2013","2013","10","10","10","Speech and Language Therapy","Euro","1072"
"HGO15C01","Median Weekly Earnings of Health Graduates","2013","2013","10","10","V52","Dietetics, Optometry and Podiatry","Euro","1181"
"HGO15C01","Median Weekly Earnings of Health Graduates","2013","2013","11","11","201","Dentistry","Euro",""
"HGO15C01","Median Weekly Earnings of Health Graduates","2013","2013","11","11","401","Medical Science","Euro",""
"HGO15C01","Median Weekly Earnings of Health Graduates","2013","2013","11","11","202","Medicine","Euro",""
"HGO15C01","Median Weekly Earnings of Health Graduates","2013","2013","11","11","30","Nursing and Midwifery","Euro",""
"HGO15C01","Median Weekly Earnings of Health Graduates","2013","2013","11","11","501","Occupational Therapy","Euro",""
"HGO15C01","Median Weekly Earnings of Health Graduates","2013","2013","11","11","60","Pharmacy","Euro",""
"HGO15C01","Median Weekly Earnings of Health Graduates","2013","2013","11","11","504","Physiotherapy","Euro",""
"HGO15C01","Median Weekly Earnings of Health Graduates","2013","2013","11","11","402","Radiography and Radiation Therapy","Euro",""
"HGO15C01","Median Weekly Earnings of Health Graduates","2013","2013","11","11","702","Social Care","Euro",""
"HGO15C01","Median Weekly Earnings of Health Graduates","2013","2013","11","11","701","Social Work","Euro",""
"HGO15C01","Median Weekly Earnings of Health Graduates","2013","2013","11","11","10","Speech and Language Therapy","Euro",""
"HGO15C01","Median Weekly Earnings of Health Graduates","2013","2013","11","11","V52","Dietetics, Optometry and Podiatry","Euro",""
"HGO15C01","Median Weekly Earnings of Health Graduates","2013","2013","12","12","201","Dentistry","Euro",""
"HGO15C01","Median Weekly Earnings of Health Graduates","2013","2013","12","12","401","Medical Science","Euro",""
"HGO15C01","Median Weekly Earnings of Health Graduates","2013","2013","12","12","202","Medicine","Euro",""
"HGO15C01","Median Weekly Earnings of Health Graduates","2013","2013","12","12","30","Nursing and Midwifery","Euro",""
"HGO15C01","Median Weekly Earnings of Health Graduates","2013","2013","12","12","501","Occupational Therapy","Euro",""
"HGO15C01","Median Weekly Earnings of Health Graduates","2013","2013","12","12","60","Pharmacy","Euro",""
"HGO15C01","Median Weekly Earnings of Health Graduates","2013","2013","12","12","504","Physiotherapy","Euro",""
"HGO15C01","Median Weekly Earnings of Health Graduates","2013","2013","12","12","402","Radiography and Radiation Therapy","Euro",""
"HGO15C01","Median Weekly Earnings of Health Graduates","2013","2013","12","12","702","Social Care","Euro",""
"HGO15C01","Median Weekly Earnings of Health Graduates","2013","2013","12","12","701","Social Work","Euro",""
"HGO15C01","Median Weekly Earnings of Health Graduates","2013","2013","12","12","10","Speech and Language Therapy","Euro",""
"HGO15C01","Median Weekly Earnings of Health Graduates","2013","2013","12","12","V52","Dietetics, Optometry and Podiatry","Euro",""
"HGO15C01","Median Weekly Earnings of Health Graduates","2013","2013","13","13","201","Dentistry","Euro",""
"HGO15C01","Median Weekly Earnings of Health Graduates","2013","2013","13","13","401","Medical Science","Euro",""
"HGO15C01","Median Weekly Earnings of Health Graduates","2013","2013","13","13","202","Medicine","Euro",""
"HGO15C01","Median Weekly Earnings of Health Graduates","2013","2013","13","13","30","Nursing and Midwifery","Euro",""
"HGO15C01","Median Weekly Earnings of Health Graduates","2013","2013","13","13","501","Occupational Therapy","Euro",""
"HGO15C01","Median Weekly Earnings of Health Graduates","2013","2013","13","13","60","Pharmacy","Euro",""
"HGO15C01","Median Weekly Earnings of Health Graduates","2013","2013","13","13","504","Physiotherapy","Euro",""
"HGO15C01","Median Weekly Earnings of Health Graduates","2013","2013","13","13","402","Radiography and Radiation Therapy","Euro",""
"HGO15C01","Median Weekly Earnings of Health Graduates","2013","2013","13","13","702","Social Care","Euro",""
"HGO15C01","Median Weekly Earnings of Health Graduates","2013","2013","13","13","701","Social Work","Euro",""
"HGO15C01","Median Weekly Earnings of Health Graduates","2013","2013","13","13","10","Speech and Language Therapy","Euro",""
"HGO15C01","Median Weekly Earnings of Health Graduates","2013","2013","13","13","V52","Dietetics, Optometry and Podiatry","Euro",""
"HGO15C01","Median Weekly Earnings of Health Graduates","2014","2014","01","1","201","Dentistry","Euro","884"
"HGO15C01","Median Weekly Earnings of Health Graduates","2014","2014","01","1","401","Medical Science","Euro","610"
"HGO15C01","Median Weekly Earnings of Health Graduates","2014","2014","01","1","202","Medicine","Euro","1015"
"HGO15C01","Median Weekly Earnings of Health Graduates","2014","2014","01","1","30","Nursing and Midwifery","Euro","661"
"HGO15C01","Median Weekly Earnings of Health Graduates","2014","2014","01","1","501","Occupational Therapy","Euro","606"
"HGO15C01","Median Weekly Earnings of Health Graduates","2014","2014","01","1","60","Pharmacy","Euro",""
"HGO15C01","Median Weekly Earnings of Health Graduates","2014","2014","01","1","504","Physiotherapy","Euro","545"
"HGO15C01","Median Weekly Earnings of Health Graduates","2014","2014","01","1","402","Radiography and Radiation Therapy","Euro","824"
"HGO15C01","Median Weekly Earnings of Health Graduates","2014","2014","01","1","702","Social Care","Euro","489"
"HGO15C01","Median Weekly Earnings of Health Graduates","2014","2014","01","1","701","Social Work","Euro","749"
"HGO15C01","Median Weekly Earnings of Health Graduates","2014","2014","01","1","10","Speech and Language Therapy","Euro","491"
"HGO15C01","Median Weekly Earnings of Health Graduates","2014","2014","01","1","V52","Dietetics, Optometry and Podiatry","Euro","593"
"HGO15C01","Median Weekly Earnings of Health Graduates","2014","2014","02","2","201","Dentistry","Euro","1053"
"HGO15C01","Median Weekly Earnings of Health Graduates","2014","2014","02","2","401","Medical Science","Euro","752"
"HGO15C01","Median Weekly Earnings of Health Graduates","2014","2014","02","2","202","Medicine","Euro","1094"
"HGO15C01","Median Weekly Earnings of Health Graduates","2014","2014","02","2","30","Nursing and Midwifery","Euro","702"
"HGO15C01","Median Weekly Earnings of Health Graduates","2014","2014","02","2","501","Occupational Therapy","Euro","659"
"HGO15C01","Median Weekly Earnings of Health Graduates","2014","2014","02","2","60","Pharmacy","Euro",""
"HGO15C01","Median Weekly Earnings of Health Graduates","2014","2014","02","2","504","Physiotherapy","Euro","646"
"HGO15C01","Median Weekly Earnings of Health Graduates","2014","2014","02","2","402","Radiography and Radiation Therapy","Euro","914"
"HGO15C01","Median Weekly Earnings of Health Graduates","2014","2014","02","2","702","Social Care","Euro","558"
"HGO15C01","Median Weekly Earnings of Health Graduates","2014","2014","02","2","701","Social Work","Euro","786"
"HGO15C01","Median Weekly Earnings of Health Graduates","2014","2014","02","2","10","Speech and Language Therapy","Euro","656"
"HGO15C01","Median Weekly Earnings of Health Graduates","2014","2014","02","2","V52","Dietetics, Optometry and Podiatry","Euro","676"
"HGO15C01","Median Weekly Earnings of Health Graduates","2014","2014","03","3","201","Dentistry","Euro",""
"HGO15C01","Median Weekly Earnings of Health Graduates","2014","2014","03","3","401","Medical Science","Euro","993"
"HGO15C01","Median Weekly Earnings of Health Graduates","2014","2014","03","3","202","Medicine","Euro","1228"
"HGO15C01","Median Weekly Earnings of Health Graduates","2014","2014","03","3","30","Nursing and Midwifery","Euro","755"
"HGO15C01","Median Weekly Earnings of Health Graduates","2014","2014","03","3","501","Occupational Therapy","Euro","707"
"HGO15C01","Median Weekly Earnings of Health Graduates","2014","2014","03","3","60","Pharmacy","Euro",""
"HGO15C01","Median Weekly Earnings of Health Graduates","2014","2014","03","3","504","Physiotherapy","Euro","727"
"HGO15C01","Median Weekly Earnings of Health Graduates","2014","2014","03","3","402","Radiography and Radiation Therapy","Euro","977"
"HGO15C01","Median Weekly Earnings of Health Graduates","2014","2014","03","3","702","Social Care","Euro","604"
"HGO15C01","Median Weekly Earnings of Health Graduates","2014","2014","03","3","701","Social Work","Euro","828"
"HGO15C01","Median Weekly Earnings of Health Graduates","2014","2014","03","3","10","Speech and Language Therapy","Euro","705"
"HGO15C01","Median Weekly Earnings of Health Graduates","2014","2014","03","3","V52","Dietetics, Optometry and Podiatry","Euro","719"
"HGO15C01","Median Weekly Earnings of Health Graduates","2014","2014","04","4","201","Dentistry","Euro",""
"HGO15C01","Median Weekly Earnings of Health Graduates","2014","2014","04","4","401","Medical Science","Euro","1086"
"HGO15C01","Median Weekly Earnings of Health Graduates","2014","2014","04","4","202","Medicine","Euro","1428"
"HGO15C01","Median Weekly Earnings of Health Graduates","2014","2014","04","4","30","Nursing and Midwifery","Euro","798"
"HGO15C01","Median Weekly Earnings of Health Graduates","2014","2014","04","4","501","Occupational Therapy","Euro","767"
"HGO15C01","Median Weekly Earnings of Health Graduates","2014","2014","04","4","60","Pharmacy","Euro",""
"HGO15C01","Median Weekly Earnings of Health Graduates","2014","2014","04","4","504","Physiotherapy","Euro","771"
"HGO15C01","Median Weekly Earnings of Health Graduates","2014","2014","04","4","402","Radiography and Radiation Therapy","Euro","1084"
"HGO15C01","Median Weekly Earnings of Health Graduates","2014","2014","04","4","702","Social Care","Euro","630"
"HGO15C01","Median Weekly Earnings of Health Graduates","2014","2014","04","4","701","Social Work","Euro","878"
"HGO15C01","Median Weekly Earnings of Health Graduates","2014","2014","04","4","10","Speech and Language Therapy","Euro","750"
"HGO15C01","Median Weekly Earnings of Health Graduates","2014","2014","04","4","V52","Dietetics, Optometry and Podiatry","Euro","830"
"HGO15C01","Median Weekly Earnings of Health Graduates","2014","2014","05","5","201","Dentistry","Euro",""
"HGO15C01","Median Weekly Earnings of Health Graduates","2014","2014","05","5","401","Medical Science","Euro","1120"
"HGO15C01","Median Weekly Earnings of Health Graduates","2014","2014","05","5","202","Medicine","Euro","1514"
"HGO15C01","Median Weekly Earnings of Health Graduates","2014","2014","05","5","30","Nursing and Midwifery","Euro","836"
"HGO15C01","Median Weekly Earnings of Health Graduates","2014","2014","05","5","501","Occupational Therapy","Euro","802"
"HGO15C01","Median Weekly Earnings of Health Graduates","2014","2014","05","5","60","Pharmacy","Euro",""
"HGO15C01","Median Weekly Earnings of Health Graduates","2014","2014","05","5","504","Physiotherapy","Euro","818"
"HGO15C01","Median Weekly Earnings of Health Graduates","2014","2014","05","5","402","Radiography and Radiation Therapy","Euro","1131"
"HGO15C01","Median Weekly Earnings of Health Graduates","2014","2014","05","5","702","Social Care","Euro","668"
"HGO15C01","Median Weekly Earnings of Health Graduates","2014","2014","05","5","701","Social Work","Euro","942"
"HGO15C01","Median Weekly Earnings of Health Graduates","2014","2014","05","5","10","Speech and Language Therapy","Euro","787"
"HGO15C01","Median Weekly Earnings of Health Graduates","2014","2014","05","5","V52","Dietetics, Optometry and Podiatry","Euro","873"
"HGO15C01","Median Weekly Earnings of Health Graduates","2014","2014","06","6","201","Dentistry","Euro",""
"HGO15C01","Median Weekly Earnings of Health Graduates","2014","2014","06","6","401","Medical Science","Euro","1216"
"HGO15C01","Median Weekly Earnings of Health Graduates","2014","2014","06","6","202","Medicine","Euro","1659"
"HGO15C01","Median Weekly Earnings of Health Graduates","2014","2014","06","6","30","Nursing and Midwifery","Euro","905"
"HGO15C01","Median Weekly Earnings of Health Graduates","2014","2014","06","6","501","Occupational Therapy","Euro","836"
"HGO15C01","Median Weekly Earnings of Health Graduates","2014","2014","06","6","60","Pharmacy","Euro",""
"HGO15C01","Median Weekly Earnings of Health Graduates","2014","2014","06","6","504","Physiotherapy","Euro","865"
"HGO15C01","Median Weekly Earnings of Health Graduates","2014","2014","06","6","402","Radiography and Radiation Therapy","Euro","1205"
"HGO15C01","Median Weekly Earnings of Health Graduates","2014","2014","06","6","702","Social Care","Euro","695"
"HGO15C01","Median Weekly Earnings of Health Graduates","2014","2014","06","6","701","Social Work","Euro","1021"
"HGO15C01","Median Weekly Earnings of Health Graduates","2014","2014","06","6","10","Speech and Language Therapy","Euro","849"
"HGO15C01","Median Weekly Earnings of Health Graduates","2014","2014","06","6","V52","Dietetics, Optometry and Podiatry","Euro","896"
"HGO15C01","Median Weekly Earnings of Health Graduates","2014","2014","07","7","201","Dentistry","Euro","1127"
"HGO15C01","Median Weekly Earnings of Health Graduates","2014","2014","07","7","401","Medical Science","Euro","1272"
"HGO15C01","Median Weekly Earnings of Health Graduates","2014","2014","07","7","202","Medicine","Euro","1811"
"HGO15C01","Median Weekly Earnings of Health Graduates","2014","2014","07","7","30","Nursing and Midwifery","Euro","949"
"HGO15C01","Median Weekly Earnings of Health Graduates","2014","2014","07","7","501","Occupational Therapy","Euro","907"
"HGO15C01","Median Weekly Earnings of Health Graduates","2014","2014","07","7","60","Pharmacy","Euro",""
"HGO15C01","Median Weekly Earnings of Health Graduates","2014","2014","07","7","504","Physiotherapy","Euro","1041"
"HGO15C01","Median Weekly Earnings of Health Graduates","2014","2014","07","7","402","Radiography and Radiation Therapy","Euro","1295"
"HGO15C01","Median Weekly Earnings of Health Graduates","2014","2014","07","7","702","Social Care","Euro","730"
"HGO15C01","Median Weekly Earnings of Health Graduates","2014","2014","07","7","701","Social Work","Euro","1077"
"HGO15C01","Median Weekly Earnings of Health Graduates","2014","2014","07","7","10","Speech and Language Therapy","Euro","908"
"HGO15C01","Median Weekly Earnings of Health Graduates","2014","2014","07","7","V52","Dietetics, Optometry and Podiatry","Euro","1060"
"HGO15C01","Median Weekly Earnings of Health Graduates","2014","2014","08","8","201","Dentistry","Euro",""
"HGO15C01","Median Weekly Earnings of Health Graduates","2014","2014","08","8","401","Medical Science","Euro","1360"
"HGO15C01","Median Weekly Earnings of Health Graduates","2014","2014","08","8","202","Medicine","Euro","1869"
"HGO15C01","Median Weekly Earnings of Health Graduates","2014","2014","08","8","30","Nursing and Midwifery","Euro","1008"
"HGO15C01","Median Weekly Earnings of Health Graduates","2014","2014","08","8","501","Occupational Therapy","Euro","1038"
"HGO15C01","Median Weekly Earnings of Health Graduates","2014","2014","08","8","60","Pharmacy","Euro",""
"HGO15C01","Median Weekly Earnings of Health Graduates","2014","2014","08","8","504","Physiotherapy","Euro","1040"
"HGO15C01","Median Weekly Earnings of Health Graduates","2014","2014","08","8","402","Radiography and Radiation Therapy","Euro","1315"
"HGO15C01","Median Weekly Earnings of Health Graduates","2014","2014","08","8","702","Social Care","Euro","779"
"HGO15C01","Median Weekly Earnings of Health Graduates","2014","2014","08","8","701","Social Work","Euro","1171"
"HGO15C01","Median Weekly Earnings of Health Graduates","2014","2014","08","8","10","Speech and Language Therapy","Euro","978"
"HGO15C01","Median Weekly Earnings of Health Graduates","2014","2014","08","8","V52","Dietetics, Optometry and Podiatry","Euro","1141"
"HGO15C01","Median Weekly Earnings of Health Graduates","2014","2014","09","9","201","Dentistry","Euro","1469"
"HGO15C01","Median Weekly Earnings of Health Graduates","2014","2014","09","9","401","Medical Science","Euro","1374"
"HGO15C01","Median Weekly Earnings of Health Graduates","2014","2014","09","9","202","Medicine","Euro","1921"
"HGO15C01","Median Weekly Earnings of Health Graduates","2014","2014","09","9","30","Nursing and Midwifery","Euro","1083"
"HGO15C01","Median Weekly Earnings of Health Graduates","2014","2014","09","9","501","Occupational Therapy","Euro","1085"
"HGO15C01","Median Weekly Earnings of Health Graduates","2014","2014","09","9","60","Pharmacy","Euro",""
"HGO15C01","Median Weekly Earnings of Health Graduates","2014","2014","09","9","504","Physiotherapy","Euro","1147"
"HGO15C01","Median Weekly Earnings of Health Graduates","2014","2014","09","9","402","Radiography and Radiation Therapy","Euro","1454"
"HGO15C01","Median Weekly Earnings of Health Graduates","2014","2014","09","9","702","Social Care","Euro","817"
"HGO15C01","Median Weekly Earnings of Health Graduates","2014","2014","09","9","701","Social Work","Euro","1247"
"HGO15C01","Median Weekly Earnings of Health Graduates","2014","2014","09","9","10","Speech and Language Therapy","Euro","1031"
"HGO15C01","Median Weekly Earnings of Health Graduates","2014","2014","09","9","V52","Dietetics, Optometry and Podiatry","Euro","1206"
"HGO15C01","Median Weekly Earnings of Health Graduates","2014","2014","10","10","201","Dentistry","Euro",""
"HGO15C01","Median Weekly Earnings of Health Graduates","2014","2014","10","10","401","Medical Science","Euro",""
"HGO15C01","Median Weekly Earnings of Health Graduates","2014","2014","10","10","202","Medicine","Euro",""
"HGO15C01","Median Weekly Earnings of Health Graduates","2014","2014","10","10","30","Nursing and Midwifery","Euro",""
"HGO15C01","Median Weekly Earnings of Health Graduates","2014","2014","10","10","501","Occupational Therapy","Euro",""
"HGO15C01","Median Weekly Earnings of Health Graduates","2014","2014","10","10","60","Pharmacy","Euro",""
"HGO15C01","Median Weekly Earnings of Health Graduates","2014","2014","10","10","504","Physiotherapy","Euro",""
"HGO15C01","Median Weekly Earnings of Health Graduates","2014","2014","10","10","402","Radiography and Radiation Therapy","Euro",""
"HGO15C01","Median Weekly Earnings of Health Graduates","2014","2014","10","10","702","Social Care","Euro",""
"HGO15C01","Median Weekly Earnings of Health Graduates","2014","2014","10","10","701","Social Work","Euro",""
"HGO15C01","Median Weekly Earnings of Health Graduates","2014","2014","10","10","10","Speech and Language Therapy","Euro",""
"HGO15C01","Median Weekly Earnings of Health Graduates","2014","2014","10","10","V52","Dietetics, Optometry and Podiatry","Euro",""
"HGO15C01","Median Weekly Earnings of Health Graduates","2014","2014","11","11","201","Dentistry","Euro",""
"HGO15C01","Median Weekly Earnings of Health Graduates","2014","2014","11","11","401","Medical Science","Euro",""
"HGO15C01","Median Weekly Earnings of Health Graduates","2014","2014","11","11","202","Medicine","Euro",""
"HGO15C01","Median Weekly Earnings of Health Graduates","2014","2014","11","11","30","Nursing and Midwifery","Euro",""
"HGO15C01","Median Weekly Earnings of Health Graduates","2014","2014","11","11","501","Occupational Therapy","Euro",""
"HGO15C01","Median Weekly Earnings of Health Graduates","2014","2014","11","11","60","Pharmacy","Euro",""
"HGO15C01","Median Weekly Earnings of Health Graduates","2014","2014","11","11","504","Physiotherapy","Euro",""
"HGO15C01","Median Weekly Earnings of Health Graduates","2014","2014","11","11","402","Radiography and Radiation Therapy","Euro",""
"HGO15C01","Median Weekly Earnings of Health Graduates","2014","2014","11","11","702","Social Care","Euro",""
"HGO15C01","Median Weekly Earnings of Health Graduates","2014","2014","11","11","701","Social Work","Euro",""
"HGO15C01","Median Weekly Earnings of Health Graduates","2014","2014","11","11","10","Speech and Language Therapy","Euro",""
"HGO15C01","Median Weekly Earnings of Health Graduates","2014","2014","11","11","V52","Dietetics, Optometry and Podiatry","Euro",""
"HGO15C01","Median Weekly Earnings of Health Graduates","2014","2014","12","12","201","Dentistry","Euro",""
"HGO15C01","Median Weekly Earnings of Health Graduates","2014","2014","12","12","401","Medical Science","Euro",""
"HGO15C01","Median Weekly Earnings of Health Graduates","2014","2014","12","12","202","Medicine","Euro",""
"HGO15C01","Median Weekly Earnings of Health Graduates","2014","2014","12","12","30","Nursing and Midwifery","Euro",""
"HGO15C01","Median Weekly Earnings of Health Graduates","2014","2014","12","12","501","Occupational Therapy","Euro",""
"HGO15C01","Median Weekly Earnings of Health Graduates","2014","2014","12","12","60","Pharmacy","Euro",""
"HGO15C01","Median Weekly Earnings of Health Graduates","2014","2014","12","12","504","Physiotherapy","Euro",""
"HGO15C01","Median Weekly Earnings of Health Graduates","2014","2014","12","12","402","Radiography and Radiation Therapy","Euro",""
"HGO15C01","Median Weekly Earnings of Health Graduates","2014","2014","12","12","702","Social Care","Euro",""
"HGO15C01","Median Weekly Earnings of Health Graduates","2014","2014","12","12","701","Social Work","Euro",""
"HGO15C01","Median Weekly Earnings of Health Graduates","2014","2014","12","12","10","Speech and Language Therapy","Euro",""
"HGO15C01","Median Weekly Earnings of Health Graduates","2014","2014","12","12","V52","Dietetics, Optometry and Podiatry","Euro",""
"HGO15C01","Median Weekly Earnings of Health Graduates","2014","2014","13","13","201","Dentistry","Euro",""
"HGO15C01","Median Weekly Earnings of Health Graduates","2014","2014","13","13","401","Medical Science","Euro",""
"HGO15C01","Median Weekly Earnings of Health Graduates","2014","2014","13","13","202","Medicine","Euro",""
"HGO15C01","Median Weekly Earnings of Health Graduates","2014","2014","13","13","30","Nursing and Midwifery","Euro",""
"HGO15C01","Median Weekly Earnings of Health Graduates","2014","2014","13","13","501","Occupational Therapy","Euro",""
"HGO15C01","Median Weekly Earnings of Health Graduates","2014","2014","13","13","60","Pharmacy","Euro",""
"HGO15C01","Median Weekly Earnings of Health Graduates","2014","2014","13","13","504","Physiotherapy","Euro",""
"HGO15C01","Median Weekly Earnings of Health Graduates","2014","2014","13","13","402","Radiography and Radiation Therapy","Euro",""
"HGO15C01","Median Weekly Earnings of Health Graduates","2014","2014","13","13","702","Social Care","Euro",""
"HGO15C01","Median Weekly Earnings of Health Graduates","2014","2014","13","13","701","Social Work","Euro",""
"HGO15C01","Median Weekly Earnings of Health Graduates","2014","2014","13","13","10","Speech and Language Therapy","Euro",""
"HGO15C01","Median Weekly Earnings of Health Graduates","2014","2014","13","13","V52","Dietetics, Optometry and Podiatry","Euro",""
"HGO15C01","Median Weekly Earnings of Health Graduates","2015","2015","01","1","201","Dentistry","Euro",""
"HGO15C01","Median Weekly Earnings of Health Graduates","2015","2015","01","1","401","Medical Science","Euro","625"
"HGO15C01","Median Weekly Earnings of Health Graduates","2015","2015","01","1","202","Medicine","Euro","1002"
"HGO15C01","Median Weekly Earnings of Health Graduates","2015","2015","01","1","30","Nursing and Midwifery","Euro","667"
"HGO15C01","Median Weekly Earnings of Health Graduates","2015","2015","01","1","501","Occupational Therapy","Euro","650"
"HGO15C01","Median Weekly Earnings of Health Graduates","2015","2015","01","1","60","Pharmacy","Euro",""
"HGO15C01","Median Weekly Earnings of Health Graduates","2015","2015","01","1","504","Physiotherapy","Euro","631"
"HGO15C01","Median Weekly Earnings of Health Graduates","2015","2015","01","1","402","Radiography and Radiation Therapy","Euro","838"
"HGO15C01","Median Weekly Earnings of Health Graduates","2015","2015","01","1","702","Social Care","Euro","534"
"HGO15C01","Median Weekly Earnings of Health Graduates","2015","2015","01","1","701","Social Work","Euro","744"
"HGO15C01","Median Weekly Earnings of Health Graduates","2015","2015","01","1","10","Speech and Language Therapy","Euro","640"
"HGO15C01","Median Weekly Earnings of Health Graduates","2015","2015","01","1","V52","Dietetics, Optometry and Podiatry","Euro","647"
"HGO15C01","Median Weekly Earnings of Health Graduates","2015","2015","02","2","201","Dentistry","Euro",""
"HGO15C01","Median Weekly Earnings of Health Graduates","2015","2015","02","2","401","Medical Science","Euro","688"
"HGO15C01","Median Weekly Earnings of Health Graduates","2015","2015","02","2","202","Medicine","Euro","1170"
"HGO15C01","Median Weekly Earnings of Health Graduates","2015","2015","02","2","30","Nursing and Midwifery","Euro","746"
"HGO15C01","Median Weekly Earnings of Health Graduates","2015","2015","02","2","501","Occupational Therapy","Euro","692"
"HGO15C01","Median Weekly Earnings of Health Graduates","2015","2015","02","2","60","Pharmacy","Euro",""
"HGO15C01","Median Weekly Earnings of Health Graduates","2015","2015","02","2","504","Physiotherapy","Euro","704"
"HGO15C01","Median Weekly Earnings of Health Graduates","2015","2015","02","2","402","Radiography and Radiation Therapy","Euro","952"
"HGO15C01","Median Weekly Earnings of Health Graduates","2015","2015","02","2","702","Social Care","Euro","599"
"HGO15C01","Median Weekly Earnings of Health Graduates","2015","2015","02","2","701","Social Work","Euro","805"
"HGO15C01","Median Weekly Earnings of Health Graduates","2015","2015","02","2","10","Speech and Language Therapy","Euro","692"
"HGO15C01","Median Weekly Earnings of Health Graduates","2015","2015","02","2","V52","Dietetics, Optometry and Podiatry","Euro","700"
"HGO15C01","Median Weekly Earnings of Health Graduates","2015","2015","03","3","201","Dentistry","Euro",""
"HGO15C01","Median Weekly Earnings of Health Graduates","2015","2015","03","3","401","Medical Science","Euro","899"
"HGO15C01","Median Weekly Earnings of Health Graduates","2015","2015","03","3","202","Medicine","Euro","1307"
"HGO15C01","Median Weekly Earnings of Health Graduates","2015","2015","03","3","30","Nursing and Midwifery","Euro","781"
"HGO15C01","Median Weekly Earnings of Health Graduates","2015","2015","03","3","501","Occupational Therapy","Euro","727"
"HGO15C01","Median Weekly Earnings of Health Graduates","2015","2015","03","3","60","Pharmacy","Euro",""
"HGO15C01","Median Weekly Earnings of Health Graduates","2015","2015","03","3","504","Physiotherapy","Euro","737"
"HGO15C01","Median Weekly Earnings of Health Graduates","2015","2015","03","3","402","Radiography and Radiation Therapy","Euro","944"
"HGO15C01","Median Weekly Earnings of Health Graduates","2015","2015","03","3","702","Social Care","Euro","635"
"HGO15C01","Median Weekly Earnings of Health Graduates","2015","2015","03","3","701","Social Work","Euro","849"
"HGO15C01","Median Weekly Earnings of Health Graduates","2015","2015","03","3","10","Speech and Language Therapy","Euro","737"
"HGO15C01","Median Weekly Earnings of Health Graduates","2015","2015","03","3","V52","Dietetics, Optometry and Podiatry","Euro","753"
"HGO15C01","Median Weekly Earnings of Health Graduates","2015","2015","04","4","201","Dentistry","Euro",""
"HGO15C01","Median Weekly Earnings of Health Graduates","2015","2015","04","4","401","Medical Science","Euro","1073"
"HGO15C01","Median Weekly Earnings of Health Graduates","2015","2015","04","4","202","Medicine","Euro","1404"
"HGO15C01","Median Weekly Earnings of Health Graduates","2015","2015","04","4","30","Nursing and Midwifery","Euro","823"
"HGO15C01","Median Weekly Earnings of Health Graduates","2015","2015","04","4","501","Occupational Therapy","Euro","768"
"HGO15C01","Median Weekly Earnings of Health Graduates","2015","2015","04","4","60","Pharmacy","Euro",""
"HGO15C01","Median Weekly Earnings of Health Graduates","2015","2015","04","4","504","Physiotherapy","Euro","777"
"HGO15C01","Median Weekly Earnings of Health Graduates","2015","2015","04","4","402","Radiography and Radiation Therapy","Euro","967"
"HGO15C01","Median Weekly Earnings of Health Graduates","2015","2015","04","4","702","Social Care","Euro","658"
"HGO15C01","Median Weekly Earnings of Health Graduates","2015","2015","04","4","701","Social Work","Euro","902"
"HGO15C01","Median Weekly Earnings of Health Graduates","2015","2015","04","4","10","Speech and Language Therapy","Euro","777"
"HGO15C01","Median Weekly Earnings of Health Graduates","2015","2015","04","4","V52","Dietetics, Optometry and Podiatry","Euro","808"
"HGO15C01","Median Weekly Earnings of Health Graduates","2015","2015","05","5","201","Dentistry","Euro",""
"HGO15C01","Median Weekly Earnings of Health Graduates","2015","2015","05","5","401","Medical Science","Euro","1198"
"HGO15C01","Median Weekly Earnings of Health Graduates","2015","2015","05","5","202","Medicine","Euro","1533"
"HGO15C01","Median Weekly Earnings of Health Graduates","2015","2015","05","5","30","Nursing and Midwifery","Euro","906"
"HGO15C01","Median Weekly Earnings of Health Graduates","2015","2015","05","5","501","Occupational Therapy","Euro","817"
"HGO15C01","Median Weekly Earnings of Health Graduates","2015","2015","05","5","60","Pharmacy","Euro",""
"HGO15C01","Median Weekly Earnings of Health Graduates","2015","2015","05","5","504","Physiotherapy","Euro","847"
"HGO15C01","Median Weekly Earnings of Health Graduates","2015","2015","05","5","402","Radiography and Radiation Therapy","Euro","1171"
"HGO15C01","Median Weekly Earnings of Health Graduates","2015","2015","05","5","702","Social Care","Euro","687"
"HGO15C01","Median Weekly Earnings of Health Graduates","2015","2015","05","5","701","Social Work","Euro","969"
"HGO15C01","Median Weekly Earnings of Health Graduates","2015","2015","05","5","10","Speech and Language Therapy","Euro","837"
"HGO15C01","Median Weekly Earnings of Health Graduates","2015","2015","05","5","V52","Dietetics, Optometry and Podiatry","Euro","844"
"HGO15C01","Median Weekly Earnings of Health Graduates","2015","2015","06","6","201","Dentistry","Euro",""
"HGO15C01","Median Weekly Earnings of Health Graduates","2015","2015","06","6","401","Medical Science","Euro","1302"
"HGO15C01","Median Weekly Earnings of Health Graduates","2015","2015","06","6","202","Medicine","Euro","1688"
"HGO15C01","Median Weekly Earnings of Health Graduates","2015","2015","06","6","30","Nursing and Midwifery","Euro","962"
"HGO15C01","Median Weekly Earnings of Health Graduates","2015","2015","06","6","501","Occupational Therapy","Euro","866"
"HGO15C01","Median Weekly Earnings of Health Graduates","2015","2015","06","6","60","Pharmacy","Euro",""
"HGO15C01","Median Weekly Earnings of Health Graduates","2015","2015","06","6","504","Physiotherapy","Euro","944"
"HGO15C01","Median Weekly Earnings of Health Graduates","2015","2015","06","6","402","Radiography and Radiation Therapy","Euro","1236"
"HGO15C01","Median Weekly Earnings of Health Graduates","2015","2015","06","6","702","Social Care","Euro","728"
"HGO15C01","Median Weekly Earnings of Health Graduates","2015","2015","06","6","701","Social Work","Euro","1042"
"HGO15C01","Median Weekly Earnings of Health Graduates","2015","2015","06","6","10","Speech and Language Therapy","Euro","876"
"HGO15C01","Median Weekly Earnings of Health Graduates","2015","2015","06","6","V52","Dietetics, Optometry and Podiatry","Euro","1018"
"HGO15C01","Median Weekly Earnings of Health Graduates","2015","2015","07","7","201","Dentistry","Euro",""
"HGO15C01","Median Weekly Earnings of Health Graduates","2015","2015","07","7","401","Medical Science","Euro","1342"
"HGO15C01","Median Weekly Earnings of Health Graduates","2015","2015","07","7","202","Medicine","Euro","1844"
"HGO15C01","Median Weekly Earnings of Health Graduates","2015","2015","07","7","30","Nursing and Midwifery","Euro","1008"
"HGO15C01","Median Weekly Earnings of Health Graduates","2015","2015","07","7","501","Occupational Therapy","Euro","955"
"HGO15C01","Median Weekly Earnings of Health Graduates","2015","2015","07","7","60","Pharmacy","Euro",""
"HGO15C01","Median Weekly Earnings of Health Graduates","2015","2015","07","7","504","Physiotherapy","Euro","1075"
"HGO15C01","Median Weekly Earnings of Health Graduates","2015","2015","07","7","402","Radiography and Radiation Therapy","Euro","1333"
"HGO15C01","Median Weekly Earnings of Health Graduates","2015","2015","07","7","702","Social Care","Euro","784"
"HGO15C01","Median Weekly Earnings of Health Graduates","2015","2015","07","7","701","Social Work","Euro","1128"
"HGO15C01","Median Weekly Earnings of Health Graduates","2015","2015","07","7","10","Speech and Language Therapy","Euro","969"
"HGO15C01","Median Weekly Earnings of Health Graduates","2015","2015","07","7","V52","Dietetics, Optometry and Podiatry","Euro","1077"
"HGO15C01","Median Weekly Earnings of Health Graduates","2015","2015","08","8","201","Dentistry","Euro",""
"HGO15C01","Median Weekly Earnings of Health Graduates","2015","2015","08","8","401","Medical Science","Euro","1499"
"HGO15C01","Median Weekly Earnings of Health Graduates","2015","2015","08","8","202","Medicine","Euro","1944"
"HGO15C01","Median Weekly Earnings of Health Graduates","2015","2015","08","8","30","Nursing and Midwifery","Euro","1067"
"HGO15C01","Median Weekly Earnings of Health Graduates","2015","2015","08","8","501","Occupational Therapy","Euro","1060"
"HGO15C01","Median Weekly Earnings of Health Graduates","2015","2015","08","8","60","Pharmacy","Euro",""
"HGO15C01","Median Weekly Earnings of Health Graduates","2015","2015","08","8","504","Physiotherapy","Euro","1194"
"HGO15C01","Median Weekly Earnings of Health Graduates","2015","2015","08","8","402","Radiography and Radiation Therapy","Euro","1482"
"HGO15C01","Median Weekly Earnings of Health Graduates","2015","2015","08","8","702","Social Care","Euro","839"
"HGO15C01","Median Weekly Earnings of Health Graduates","2015","2015","08","8","701","Social Work","Euro","1218"
"HGO15C01","Median Weekly Earnings of Health Graduates","2015","2015","08","8","10","Speech and Language Therapy","Euro","1064"
"HGO15C01","Median Weekly Earnings of Health Graduates","2015","2015","08","8","V52","Dietetics, Optometry and Podiatry","Euro","1164"
"HGO15C01","Median Weekly Earnings of Health Graduates","2015","2015","09","9","201","Dentistry","Euro",""
"HGO15C01","Median Weekly Earnings of Health Graduates","2015","2015","09","9","401","Medical Science","Euro",""
"HGO15C01","Median Weekly Earnings of Health Graduates","2015","2015","09","9","202","Medicine","Euro",""
"HGO15C01","Median Weekly Earnings of Health Graduates","2015","2015","09","9","30","Nursing and Midwifery","Euro",""
"HGO15C01","Median Weekly Earnings of Health Graduates","2015","2015","09","9","501","Occupational Therapy","Euro",""
"HGO15C01","Median Weekly Earnings of Health Graduates","2015","2015","09","9","60","Pharmacy","Euro",""
"HGO15C01","Median Weekly Earnings of Health Graduates","2015","2015","09","9","504","Physiotherapy","Euro",""
"HGO15C01","Median Weekly Earnings of Health Graduates","2015","2015","09","9","402","Radiography and Radiation Therapy","Euro",""
"HGO15C01","Median Weekly Earnings of Health Graduates","2015","2015","09","9","702","Social Care","Euro",""
"HGO15C01","Median Weekly Earnings of Health Graduates","2015","2015","09","9","701","Social Work","Euro",""
"HGO15C01","Median Weekly Earnings of Health Graduates","2015","2015","09","9","10","Speech and Language Therapy","Euro",""
"HGO15C01","Median Weekly Earnings of Health Graduates","2015","2015","09","9","V52","Dietetics, Optometry and Podiatry","Euro",""
"HGO15C01","Median Weekly Earnings of Health Graduates","2015","2015","10","10","201","Dentistry","Euro",""
"HGO15C01","Median Weekly Earnings of Health Graduates","2015","2015","10","10","401","Medical Science","Euro",""
"HGO15C01","Median Weekly Earnings of Health Graduates","2015","2015","10","10","202","Medicine","Euro",""
"HGO15C01","Median Weekly Earnings of Health Graduates","2015","2015","10","10","30","Nursing and Midwifery","Euro",""
"HGO15C01","Median Weekly Earnings of Health Graduates","2015","2015","10","10","501","Occupational Therapy","Euro",""
"HGO15C01","Median Weekly Earnings of Health Graduates","2015","2015","10","10","60","Pharmacy","Euro",""
"HGO15C01","Median Weekly Earnings of Health Graduates","2015","2015","10","10","504","Physiotherapy","Euro",""
"HGO15C01","Median Weekly Earnings of Health Graduates","2015","2015","10","10","402","Radiography and Radiation Therapy","Euro",""
"HGO15C01","Median Weekly Earnings of Health Graduates","2015","2015","10","10","702","Social Care","Euro",""
"HGO15C01","Median Weekly Earnings of Health Graduates","2015","2015","10","10","701","Social Work","Euro",""
"HGO15C01","Median Weekly Earnings of Health Graduates","2015","2015","10","10","10","Speech and Language Therapy","Euro",""
"HGO15C01","Median Weekly Earnings of Health Graduates","2015","2015","10","10","V52","Dietetics, Optometry and Podiatry","Euro",""
"HGO15C01","Median Weekly Earnings of Health Graduates","2015","2015","11","11","201","Dentistry","Euro",""
"HGO15C01","Median Weekly Earnings of Health Graduates","2015","2015","11","11","401","Medical Science","Euro",""
"HGO15C01","Median Weekly Earnings of Health Graduates","2015","2015","11","11","202","Medicine","Euro",""
"HGO15C01","Median Weekly Earnings of Health Graduates","2015","2015","11","11","30","Nursing and Midwifery","Euro",""
"HGO15C01","Median Weekly Earnings of Health Graduates","2015","2015","11","11","501","Occupational Therapy","Euro",""
"HGO15C01","Median Weekly Earnings of Health Graduates","2015","2015","11","11","60","Pharmacy","Euro",""
"HGO15C01","Median Weekly Earnings of Health Graduates","2015","2015","11","11","504","Physiotherapy","Euro",""
"HGO15C01","Median Weekly Earnings of Health Graduates","2015","2015","11","11","402","Radiography and Radiation Therapy","Euro",""
"HGO15C01","Median Weekly Earnings of Health Graduates","2015","2015","11","11","702","Social Care","Euro",""
"HGO15C01","Median Weekly Earnings of Health Graduates","2015","2015","11","11","701","Social Work","Euro",""
"HGO15C01","Median Weekly Earnings of Health Graduates","2015","2015","11","11","10","Speech and Language Therapy","Euro",""
"HGO15C01","Median Weekly Earnings of Health Graduates","2015","2015","11","11","V52","Dietetics, Optometry and Podiatry","Euro",""
"HGO15C01","Median Weekly Earnings of Health Graduates","2015","2015","12","12","201","Dentistry","Euro",""
"HGO15C01","Median Weekly Earnings of Health Graduates","2015","2015","12","12","401","Medical Science","Euro",""
"HGO15C01","Median Weekly Earnings of Health Graduates","2015","2015","12","12","202","Medicine","Euro",""
"HGO15C01","Median Weekly Earnings of Health Graduates","2015","2015","12","12","30","Nursing and Midwifery","Euro",""
"HGO15C01","Median Weekly Earnings of Health Graduates","2015","2015","12","12","501","Occupational Therapy","Euro",""
"HGO15C01","Median Weekly Earnings of Health Graduates","2015","2015","12","12","60","Pharmacy","Euro",""
"HGO15C01","Median Weekly Earnings of Health Graduates","2015","2015","12","12","504","Physiotherapy","Euro",""
"HGO15C01","Median Weekly Earnings of Health Graduates","2015","2015","12","12","402","Radiography and Radiation Therapy","Euro",""
"HGO15C01","Median Weekly Earnings of Health Graduates","2015","2015","12","12","702","Social Care","Euro",""
"HGO15C01","Median Weekly Earnings of Health Graduates","2015","2015","12","12","701","Social Work","Euro",""
"HGO15C01","Median Weekly Earnings of Health Graduates","2015","2015","12","12","10","Speech and Language Therapy","Euro",""
"HGO15C01","Median Weekly Earnings of Health Graduates","2015","2015","12","12","V52","Dietetics, Optometry and Podiatry","Euro",""
"HGO15C01","Median Weekly Earnings of Health Graduates","2015","2015","13","13","201","Dentistry","Euro",""
"HGO15C01","Median Weekly Earnings of Health Graduates","2015","2015","13","13","401","Medical Science","Euro",""
"HGO15C01","Median Weekly Earnings of Health Graduates","2015","2015","13","13","202","Medicine","Euro",""
"HGO15C01","Median Weekly Earnings of Health Graduates","2015","2015","13","13","30","Nursing and Midwifery","Euro",""
"HGO15C01","Median Weekly Earnings of Health Graduates","2015","2015","13","13","501","Occupational Therapy","Euro",""
"HGO15C01","Median Weekly Earnings of Health Graduates","2015","2015","13","13","60","Pharmacy","Euro",""
"HGO15C01","Median Weekly Earnings of Health Graduates","2015","2015","13","13","504","Physiotherapy","Euro",""
"HGO15C01","Median Weekly Earnings of Health Graduates","2015","2015","13","13","402","Radiography and Radiation Therapy","Euro",""
"HGO15C01","Median Weekly Earnings of Health Graduates","2015","2015","13","13","702","Social Care","Euro",""
"HGO15C01","Median Weekly Earnings of Health Graduates","2015","2015","13","13","701","Social Work","Euro",""
"HGO15C01","Median Weekly Earnings of Health Graduates","2015","2015","13","13","10","Speech and Language Therapy","Euro",""
"HGO15C01","Median Weekly Earnings of Health Graduates","2015","2015","13","13","V52","Dietetics, Optometry and Podiatry","Euro",""
"HGO15C01","Median Weekly Earnings of Health Graduates","2016","2016","01","1","201","Dentistry","Euro",""
"HGO15C01","Median Weekly Earnings of Health Graduates","2016","2016","01","1","401","Medical Science","Euro","621"
"HGO15C01","Median Weekly Earnings of Health Graduates","2016","2016","01","1","202","Medicine","Euro","1059"
"HGO15C01","Median Weekly Earnings of Health Graduates","2016","2016","01","1","30","Nursing and Midwifery","Euro","724"
"HGO15C01","Median Weekly Earnings of Health Graduates","2016","2016","01","1","501","Occupational Therapy","Euro","650"
"HGO15C01","Median Weekly Earnings of Health Graduates","2016","2016","01","1","60","Pharmacy","Euro",""
"HGO15C01","Median Weekly Earnings of Health Graduates","2016","2016","01","1","504","Physiotherapy","Euro","624"
"HGO15C01","Median Weekly Earnings of Health Graduates","2016","2016","01","1","402","Radiography and Radiation Therapy","Euro","907"
"HGO15C01","Median Weekly Earnings of Health Graduates","2016","2016","01","1","702","Social Care","Euro","552"
"HGO15C01","Median Weekly Earnings of Health Graduates","2016","2016","01","1","701","Social Work","Euro","760"
"HGO15C01","Median Weekly Earnings of Health Graduates","2016","2016","01","1","10","Speech and Language Therapy","Euro","659"
"HGO15C01","Median Weekly Earnings of Health Graduates","2016","2016","01","1","V52","Dietetics, Optometry and Podiatry","Euro","673"
"HGO15C01","Median Weekly Earnings of Health Graduates","2016","2016","02","2","201","Dentistry","Euro",""
"HGO15C01","Median Weekly Earnings of Health Graduates","2016","2016","02","2","401","Medical Science","Euro","723"
"HGO15C01","Median Weekly Earnings of Health Graduates","2016","2016","02","2","202","Medicine","Euro","1237"
"HGO15C01","Median Weekly Earnings of Health Graduates","2016","2016","02","2","30","Nursing and Midwifery","Euro","761"
"HGO15C01","Median Weekly Earnings of Health Graduates","2016","2016","02","2","501","Occupational Therapy","Euro","694"
"HGO15C01","Median Weekly Earnings of Health Graduates","2016","2016","02","2","60","Pharmacy","Euro",""
"HGO15C01","Median Weekly Earnings of Health Graduates","2016","2016","02","2","504","Physiotherapy","Euro","694"
"HGO15C01","Median Weekly Earnings of Health Graduates","2016","2016","02","2","402","Radiography and Radiation Therapy","Euro","1041"
"HGO15C01","Median Weekly Earnings of Health Graduates","2016","2016","02","2","702","Social Care","Euro","612"
"HGO15C01","Median Weekly Earnings of Health Graduates","2016","2016","02","2","701","Social Work","Euro","824"
"HGO15C01","Median Weekly Earnings of Health Graduates","2016","2016","02","2","10","Speech and Language Therapy","Euro","706"
"HGO15C01","Median Weekly Earnings of Health Graduates","2016","2016","02","2","V52","Dietetics, Optometry and Podiatry","Euro","735"
"HGO15C01","Median Weekly Earnings of Health Graduates","2016","2016","03","3","201","Dentistry","Euro",""
"HGO15C01","Median Weekly Earnings of Health Graduates","2016","2016","03","3","401","Medical Science","Euro","1033"
"HGO15C01","Median Weekly Earnings of Health Graduates","2016","2016","03","3","202","Medicine","Euro","1339"
"HGO15C01","Median Weekly Earnings of Health Graduates","2016","2016","03","3","30","Nursing and Midwifery","Euro","789"
"HGO15C01","Median Weekly Earnings of Health Graduates","2016","2016","03","3","501","Occupational Therapy","Euro","737"
"HGO15C01","Median Weekly Earnings of Health Graduates","2016","2016","03","3","60","Pharmacy","Euro",""
"HGO15C01","Median Weekly Earnings of Health Graduates","2016","2016","03","3","504","Physiotherapy","Euro","785"
"HGO15C01","Median Weekly Earnings of Health Graduates","2016","2016","03","3","402","Radiography and Radiation Therapy","Euro","969"
"HGO15C01","Median Weekly Earnings of Health Graduates","2016","2016","03","3","702","Social Care","Euro","648"
"HGO15C01","Median Weekly Earnings of Health Graduates","2016","2016","03","3","701","Social Work","Euro","862"
"HGO15C01","Median Weekly Earnings of Health Graduates","2016","2016","03","3","10","Speech and Language Therapy","Euro","751"
"HGO15C01","Median Weekly Earnings of Health Graduates","2016","2016","03","3","V52","Dietetics, Optometry and Podiatry","Euro","777"
"HGO15C01","Median Weekly Earnings of Health Graduates","2016","2016","04","4","201","Dentistry","Euro",""
"HGO15C01","Median Weekly Earnings of Health Graduates","2016","2016","04","4","401","Medical Science","Euro","1106"
"HGO15C01","Median Weekly Earnings of Health Graduates","2016","2016","04","4","202","Medicine","Euro","1452"
"HGO15C01","Median Weekly Earnings of Health Graduates","2016","2016","04","4","30","Nursing and Midwifery","Euro","873"
"HGO15C01","Median Weekly Earnings of Health Graduates","2016","2016","04","4","501","Occupational Therapy","Euro","786"
"HGO15C01","Median Weekly Earnings of Health Graduates","2016","2016","04","4","60","Pharmacy","Euro",""
"HGO15C01","Median Weekly Earnings of Health Graduates","2016","2016","04","4","504","Physiotherapy","Euro","810"
"HGO15C01","Median Weekly Earnings of Health Graduates","2016","2016","04","4","402","Radiography and Radiation Therapy","Euro","1127"
"HGO15C01","Median Weekly Earnings of Health Graduates","2016","2016","04","4","702","Social Care","Euro","671"
"HGO15C01","Median Weekly Earnings of Health Graduates","2016","2016","04","4","701","Social Work","Euro","941"
"HGO15C01","Median Weekly Earnings of Health Graduates","2016","2016","04","4","10","Speech and Language Therapy","Euro","806"
"HGO15C01","Median Weekly Earnings of Health Graduates","2016","2016","04","4","V52","Dietetics, Optometry and Podiatry","Euro","803"
"HGO15C01","Median Weekly Earnings of Health Graduates","2016","2016","05","5","201","Dentistry","Euro",""
"HGO15C01","Median Weekly Earnings of Health Graduates","2016","2016","05","5","401","Medical Science","Euro","1178"
"HGO15C01","Median Weekly Earnings of Health Graduates","2016","2016","05","5","202","Medicine","Euro","1611"
"HGO15C01","Median Weekly Earnings of Health Graduates","2016","2016","05","5","30","Nursing and Midwifery","Euro","934"
"HGO15C01","Median Weekly Earnings of Health Graduates","2016","2016","05","5","501","Occupational Therapy","Euro","820"
"HGO15C01","Median Weekly Earnings of Health Graduates","2016","2016","05","5","60","Pharmacy","Euro",""
"HGO15C01","Median Weekly Earnings of Health Graduates","2016","2016","05","5","504","Physiotherapy","Euro","914"
"HGO15C01","Median Weekly Earnings of Health Graduates","2016","2016","05","5","402","Radiography and Radiation Therapy","Euro","1143"
"HGO15C01","Median Weekly Earnings of Health Graduates","2016","2016","05","5","702","Social Care","Euro","713"
"HGO15C01","Median Weekly Earnings of Health Graduates","2016","2016","05","5","701","Social Work","Euro","1011"
"HGO15C01","Median Weekly Earnings of Health Graduates","2016","2016","05","5","10","Speech and Language Therapy","Euro","846"
"HGO15C01","Median Weekly Earnings of Health Graduates","2016","2016","05","5","V52","Dietetics, Optometry and Podiatry","Euro","1005"
"HGO15C01","Median Weekly Earnings of Health Graduates","2016","2016","06","6","201","Dentistry","Euro",""
"HGO15C01","Median Weekly Earnings of Health Graduates","2016","2016","06","6","401","Medical Science","Euro","1290"
"HGO15C01","Median Weekly Earnings of Health Graduates","2016","2016","06","6","202","Medicine","Euro","1772"
"HGO15C01","Median Weekly Earnings of Health Graduates","2016","2016","06","6","30","Nursing and Midwifery","Euro","992"
"HGO15C01","Median Weekly Earnings of Health Graduates","2016","2016","06","6","501","Occupational Therapy","Euro","916"
"HGO15C01","Median Weekly Earnings of Health Graduates","2016","2016","06","6","60","Pharmacy","Euro",""
"HGO15C01","Median Weekly Earnings of Health Graduates","2016","2016","06","6","504","Physiotherapy","Euro","1042"
"HGO15C01","Median Weekly Earnings of Health Graduates","2016","2016","06","6","402","Radiography and Radiation Therapy","Euro","1264"
"HGO15C01","Median Weekly Earnings of Health Graduates","2016","2016","06","6","702","Social Care","Euro","755"
"HGO15C01","Median Weekly Earnings of Health Graduates","2016","2016","06","6","701","Social Work","Euro","1105"
"HGO15C01","Median Weekly Earnings of Health Graduates","2016","2016","06","6","10","Speech and Language Therapy","Euro","927"
"HGO15C01","Median Weekly Earnings of Health Graduates","2016","2016","06","6","V52","Dietetics, Optometry and Podiatry","Euro","1083"
"HGO15C01","Median Weekly Earnings of Health Graduates","2016","2016","07","7","201","Dentistry","Euro",""
"HGO15C01","Median Weekly Earnings of Health Graduates","2016","2016","07","7","401","Medical Science","Euro","1361"
"HGO15C01","Median Weekly Earnings of Health Graduates","2016","2016","07","7","202","Medicine","Euro","1918"
"HGO15C01","Median Weekly Earnings of Health Graduates","2016","2016","07","7","30","Nursing and Midwifery","Euro","1074"
"HGO15C01","Median Weekly Earnings of Health Graduates","2016","2016","07","7","501","Occupational Therapy","Euro","998"
"HGO15C01","Median Weekly Earnings of Health Graduates","2016","2016","07","7","60","Pharmacy","Euro",""
"HGO15C01","Median Weekly Earnings of Health Graduates","2016","2016","07","7","504","Physiotherapy","Euro","1168"
"HGO15C01","Median Weekly Earnings of Health Graduates","2016","2016","07","7","402","Radiography and Radiation Therapy","Euro","1416"
"HGO15C01","Median Weekly Earnings of Health Graduates","2016","2016","07","7","702","Social Care","Euro","811"
"HGO15C01","Median Weekly Earnings of Health Graduates","2016","2016","07","7","701","Social Work","Euro","1186"
"HGO15C01","Median Weekly Earnings of Health Graduates","2016","2016","07","7","10","Speech and Language Therapy","Euro","1069"
"HGO15C01","Median Weekly Earnings of Health Graduates","2016","2016","07","7","V52","Dietetics, Optometry and Podiatry","Euro","1150"
"HGO15C01","Median Weekly Earnings of Health Graduates","2016","2016","08","8","201","Dentistry","Euro",""
"HGO15C01","Median Weekly Earnings of Health Graduates","2016","2016","08","8","401","Medical Science","Euro",""
"HGO15C01","Median Weekly Earnings of Health Graduates","2016","2016","08","8","202","Medicine","Euro",""
"HGO15C01","Median Weekly Earnings of Health Graduates","2016","2016","08","8","30","Nursing and Midwifery","Euro",""
"HGO15C01","Median Weekly Earnings of Health Graduates","2016","2016","08","8","501","Occupational Therapy","Euro",""
"HGO15C01","Median Weekly Earnings of Health Graduates","2016","2016","08","8","60","Pharmacy","Euro",""
"HGO15C01","Median Weekly Earnings of Health Graduates","2016","2016","08","8","504","Physiotherapy","Euro",""
"HGO15C01","Median Weekly Earnings of Health Graduates","2016","2016","08","8","402","Radiography and Radiation Therapy","Euro",""
"HGO15C01","Median Weekly Earnings of Health Graduates","2016","2016","08","8","702","Social Care","Euro",""
"HGO15C01","Median Weekly Earnings of Health Graduates","2016","2016","08","8","701","Social Work","Euro",""
"HGO15C01","Median Weekly Earnings of Health Graduates","2016","2016","08","8","10","Speech and Language Therapy","Euro",""
"HGO15C01","Median Weekly Earnings of Health Graduates","2016","2016","08","8","V52","Dietetics, Optometry and Podiatry","Euro",""
"HGO15C01","Median Weekly Earnings of Health Graduates","2016","2016","09","9","201","Dentistry","Euro",""
"HGO15C01","Median Weekly Earnings of Health Graduates","2016","2016","09","9","401","Medical Science","Euro",""
"HGO15C01","Median Weekly Earnings of Health Graduates","2016","2016","09","9","202","Medicine","Euro",""
"HGO15C01","Median Weekly Earnings of Health Graduates","2016","2016","09","9","30","Nursing and Midwifery","Euro",""
"HGO15C01","Median Weekly Earnings of Health Graduates","2016","2016","09","9","501","Occupational Therapy","Euro",""
"HGO15C01","Median Weekly Earnings of Health Graduates","2016","2016","09","9","60","Pharmacy","Euro",""
"HGO15C01","Median Weekly Earnings of Health Graduates","2016","2016","09","9","504","Physiotherapy","Euro",""
"HGO15C01","Median Weekly Earnings of Health Graduates","2016","2016","09","9","402","Radiography and Radiation Therapy","Euro",""
"HGO15C01","Median Weekly Earnings of Health Graduates","2016","2016","09","9","702","Social Care","Euro",""
"HGO15C01","Median Weekly Earnings of Health Graduates","2016","2016","09","9","701","Social Work","Euro",""
"HGO15C01","Median Weekly Earnings of Health Graduates","2016","2016","09","9","10","Speech and Language Therapy","Euro",""
"HGO15C01","Median Weekly Earnings of Health Graduates","2016","2016","09","9","V52","Dietetics, Optometry and Podiatry","Euro",""
"HGO15C01","Median Weekly Earnings of Health Graduates","2016","2016","10","10","201","Dentistry","Euro",""
"HGO15C01","Median Weekly Earnings of Health Graduates","2016","2016","10","10","401","Medical Science","Euro",""
"HGO15C01","Median Weekly Earnings of Health Graduates","2016","2016","10","10","202","Medicine","Euro",""
"HGO15C01","Median Weekly Earnings of Health Graduates","2016","2016","10","10","30","Nursing and Midwifery","Euro",""
"HGO15C01","Median Weekly Earnings of Health Graduates","2016","2016","10","10","501","Occupational Therapy","Euro",""
"HGO15C01","Median Weekly Earnings of Health Graduates","2016","2016","10","10","60","Pharmacy","Euro",""
"HGO15C01","Median Weekly Earnings of Health Graduates","2016","2016","10","10","504","Physiotherapy","Euro",""
"HGO15C01","Median Weekly Earnings of Health Graduates","2016","2016","10","10","402","Radiography and Radiation Therapy","Euro",""
"HGO15C01","Median Weekly Earnings of Health Graduates","2016","2016","10","10","702","Social Care","Euro",""
"HGO15C01","Median Weekly Earnings of Health Graduates","2016","2016","10","10","701","Social Work","Euro",""
"HGO15C01","Median Weekly Earnings of Health Graduates","2016","2016","10","10","10","Speech and Language Therapy","Euro",""
"HGO15C01","Median Weekly Earnings of Health Graduates","2016","2016","10","10","V52","Dietetics, Optometry and Podiatry","Euro",""
"HGO15C01","Median Weekly Earnings of Health Graduates","2016","2016","11","11","201","Dentistry","Euro",""
"HGO15C01","Median Weekly Earnings of Health Graduates","2016","2016","11","11","401","Medical Science","Euro",""
"HGO15C01","Median Weekly Earnings of Health Graduates","2016","2016","11","11","202","Medicine","Euro",""
"HGO15C01","Median Weekly Earnings of Health Graduates","2016","2016","11","11","30","Nursing and Midwifery","Euro",""
"HGO15C01","Median Weekly Earnings of Health Graduates","2016","2016","11","11","501","Occupational Therapy","Euro",""
"HGO15C01","Median Weekly Earnings of Health Graduates","2016","2016","11","11","60","Pharmacy","Euro",""
"HGO15C01","Median Weekly Earnings of Health Graduates","2016","2016","11","11","504","Physiotherapy","Euro",""
"HGO15C01","Median Weekly Earnings of Health Graduates","2016","2016","11","11","402","Radiography and Radiation Therapy","Euro",""
"HGO15C01","Median Weekly Earnings of Health Graduates","2016","2016","11","11","702","Social Care","Euro",""
"HGO15C01","Median Weekly Earnings of Health Graduates","2016","2016","11","11","701","Social Work","Euro",""
"HGO15C01","Median Weekly Earnings of Health Graduates","2016","2016","11","11","10","Speech and Language Therapy","Euro",""
"HGO15C01","Median Weekly Earnings of Health Graduates","2016","2016","11","11","V52","Dietetics, Optometry and Podiatry","Euro",""
"HGO15C01","Median Weekly Earnings of Health Graduates","2016","2016","12","12","201","Dentistry","Euro",""
"HGO15C01","Median Weekly Earnings of Health Graduates","2016","2016","12","12","401","Medical Science","Euro",""
"HGO15C01","Median Weekly Earnings of Health Graduates","2016","2016","12","12","202","Medicine","Euro",""
"HGO15C01","Median Weekly Earnings of Health Graduates","2016","2016","12","12","30","Nursing and Midwifery","Euro",""
"HGO15C01","Median Weekly Earnings of Health Graduates","2016","2016","12","12","501","Occupational Therapy","Euro",""
"HGO15C01","Median Weekly Earnings of Health Graduates","2016","2016","12","12","60","Pharmacy","Euro",""
"HGO15C01","Median Weekly Earnings of Health Graduates","2016","2016","12","12","504","Physiotherapy","Euro",""
"HGO15C01","Median Weekly Earnings of Health Graduates","2016","2016","12","12","402","Radiography and Radiation Therapy","Euro",""
"HGO15C01","Median Weekly Earnings of Health Graduates","2016","2016","12","12","702","Social Care","Euro",""
"HGO15C01","Median Weekly Earnings of Health Graduates","2016","2016","12","12","701","Social Work","Euro",""
"HGO15C01","Median Weekly Earnings of Health Graduates","2016","2016","12","12","10","Speech and Language Therapy","Euro",""
"HGO15C01","Median Weekly Earnings of Health Graduates","2016","2016","12","12","V52","Dietetics, Optometry and Podiatry","Euro",""
"HGO15C01","Median Weekly Earnings of Health Graduates","2016","2016","13","13","201","Dentistry","Euro",""
"HGO15C01","Median Weekly Earnings of Health Graduates","2016","2016","13","13","401","Medical Science","Euro",""
"HGO15C01","Median Weekly Earnings of Health Graduates","2016","2016","13","13","202","Medicine","Euro",""
"HGO15C01","Median Weekly Earnings of Health Graduates","2016","2016","13","13","30","Nursing and Midwifery","Euro",""
"HGO15C01","Median Weekly Earnings of Health Graduates","2016","2016","13","13","501","Occupational Therapy","Euro",""
"HGO15C01","Median Weekly Earnings of Health Graduates","2016","2016","13","13","60","Pharmacy","Euro",""
"HGO15C01","Median Weekly Earnings of Health Graduates","2016","2016","13","13","504","Physiotherapy","Euro",""
"HGO15C01","Median Weekly Earnings of Health Graduates","2016","2016","13","13","402","Radiography and Radiation Therapy","Euro",""
"HGO15C01","Median Weekly Earnings of Health Graduates","2016","2016","13","13","702","Social Care","Euro",""
"HGO15C01","Median Weekly Earnings of Health Graduates","2016","2016","13","13","701","Social Work","Euro",""
"HGO15C01","Median Weekly Earnings of Health Graduates","2016","2016","13","13","10","Speech and Language Therapy","Euro",""
"HGO15C01","Median Weekly Earnings of Health Graduates","2016","2016","13","13","V52","Dietetics, Optometry and Podiatry","Euro",""
"HGO15C01","Median Weekly Earnings of Health Graduates","2017","2017","01","1","201","Dentistry","Euro",""
"HGO15C01","Median Weekly Earnings of Health Graduates","2017","2017","01","1","401","Medical Science","Euro","689"
"HGO15C01","Median Weekly Earnings of Health Graduates","2017","2017","01","1","202","Medicine","Euro","1187"
"HGO15C01","Median Weekly Earnings of Health Graduates","2017","2017","01","1","30","Nursing and Midwifery","Euro","734"
"HGO15C01","Median Weekly Earnings of Health Graduates","2017","2017","01","1","501","Occupational Therapy","Euro","669"
"HGO15C01","Median Weekly Earnings of Health Graduates","2017","2017","01","1","60","Pharmacy","Euro",""
"HGO15C01","Median Weekly Earnings of Health Graduates","2017","2017","01","1","504","Physiotherapy","Euro","653"
"HGO15C01","Median Weekly Earnings of Health Graduates","2017","2017","01","1","402","Radiography and Radiation Therapy","Euro","915"
"HGO15C01","Median Weekly Earnings of Health Graduates","2017","2017","01","1","702","Social Care","Euro","572"
"HGO15C01","Median Weekly Earnings of Health Graduates","2017","2017","01","1","701","Social Work","Euro","787"
"HGO15C01","Median Weekly Earnings of Health Graduates","2017","2017","01","1","10","Speech and Language Therapy","Euro","677"
"HGO15C01","Median Weekly Earnings of Health Graduates","2017","2017","01","1","V52","Dietetics, Optometry and Podiatry","Euro","678"
"HGO15C01","Median Weekly Earnings of Health Graduates","2017","2017","02","2","201","Dentistry","Euro",""
"HGO15C01","Median Weekly Earnings of Health Graduates","2017","2017","02","2","401","Medical Science","Euro","823"
"HGO15C01","Median Weekly Earnings of Health Graduates","2017","2017","02","2","202","Medicine","Euro","1248"
"HGO15C01","Median Weekly Earnings of Health Graduates","2017","2017","02","2","30","Nursing and Midwifery","Euro","774"
"HGO15C01","Median Weekly Earnings of Health Graduates","2017","2017","02","2","501","Occupational Therapy","Euro","718"
"HGO15C01","Median Weekly Earnings of Health Graduates","2017","2017","02","2","60","Pharmacy","Euro",""
"HGO15C01","Median Weekly Earnings of Health Graduates","2017","2017","02","2","504","Physiotherapy","Euro","730"
"HGO15C01","Median Weekly Earnings of Health Graduates","2017","2017","02","2","402","Radiography and Radiation Therapy","Euro","981"
"HGO15C01","Median Weekly Earnings of Health Graduates","2017","2017","02","2","702","Social Care","Euro","621"
"HGO15C01","Median Weekly Earnings of Health Graduates","2017","2017","02","2","701","Social Work","Euro","841"
"HGO15C01","Median Weekly Earnings of Health Graduates","2017","2017","02","2","10","Speech and Language Therapy","Euro","717"
"HGO15C01","Median Weekly Earnings of Health Graduates","2017","2017","02","2","V52","Dietetics, Optometry and Podiatry","Euro","732"
"HGO15C01","Median Weekly Earnings of Health Graduates","2017","2017","03","3","201","Dentistry","Euro",""
"HGO15C01","Median Weekly Earnings of Health Graduates","2017","2017","03","3","401","Medical Science","Euro","1079"
"HGO15C01","Median Weekly Earnings of Health Graduates","2017","2017","03","3","202","Medicine","Euro","1344"
"HGO15C01","Median Weekly Earnings of Health Graduates","2017","2017","03","3","30","Nursing and Midwifery","Euro","851"
"HGO15C01","Median Weekly Earnings of Health Graduates","2017","2017","03","3","501","Occupational Therapy","Euro","768"
"HGO15C01","Median Weekly Earnings of Health Graduates","2017","2017","03","3","60","Pharmacy","Euro",""
"HGO15C01","Median Weekly Earnings of Health Graduates","2017","2017","03","3","504","Physiotherapy","Euro","772"
"HGO15C01","Median Weekly Earnings of Health Graduates","2017","2017","03","3","402","Radiography and Radiation Therapy","Euro","1043"
"HGO15C01","Median Weekly Earnings of Health Graduates","2017","2017","03","3","702","Social Care","Euro","656"
"HGO15C01","Median Weekly Earnings of Health Graduates","2017","2017","03","3","701","Social Work","Euro","883"
"HGO15C01","Median Weekly Earnings of Health Graduates","2017","2017","03","3","10","Speech and Language Therapy","Euro","763"
"HGO15C01","Median Weekly Earnings of Health Graduates","2017","2017","03","3","V52","Dietetics, Optometry and Podiatry","Euro","760"
"HGO15C01","Median Weekly Earnings of Health Graduates","2017","2017","04","4","201","Dentistry","Euro",""
"HGO15C01","Median Weekly Earnings of Health Graduates","2017","2017","04","4","401","Medical Science","Euro","1163"
"HGO15C01","Median Weekly Earnings of Health Graduates","2017","2017","04","4","202","Medicine","Euro","1470"
"HGO15C01","Median Weekly Earnings of Health Graduates","2017","2017","04","4","30","Nursing and Midwifery","Euro","906"
"HGO15C01","Median Weekly Earnings of Health Graduates","2017","2017","04","4","501","Occupational Therapy","Euro","824"
"HGO15C01","Median Weekly Earnings of Health Graduates","2017","2017","04","4","60","Pharmacy","Euro",""
"HGO15C01","Median Weekly Earnings of Health Graduates","2017","2017","04","4","504","Physiotherapy","Euro","845"
"HGO15C01","Median Weekly Earnings of Health Graduates","2017","2017","04","4","402","Radiography and Radiation Therapy","Euro","1071"
"HGO15C01","Median Weekly Earnings of Health Graduates","2017","2017","04","4","702","Social Care","Euro","697"
"HGO15C01","Median Weekly Earnings of Health Graduates","2017","2017","04","4","701","Social Work","Euro","962"
"HGO15C01","Median Weekly Earnings of Health Graduates","2017","2017","04","4","10","Speech and Language Therapy","Euro","815"
"HGO15C01","Median Weekly Earnings of Health Graduates","2017","2017","04","4","V52","Dietetics, Optometry and Podiatry","Euro","894"
"HGO15C01","Median Weekly Earnings of Health Graduates","2017","2017","05","5","201","Dentistry","Euro",""
"HGO15C01","Median Weekly Earnings of Health Graduates","2017","2017","05","5","401","Medical Science","Euro","1329"
"HGO15C01","Median Weekly Earnings of Health Graduates","2017","2017","05","5","202","Medicine","Euro","1678"
"HGO15C01","Median Weekly Earnings of Health Graduates","2017","2017","05","5","30","Nursing and Midwifery","Euro","968"
"HGO15C01","Median Weekly Earnings of Health Graduates","2017","2017","05","5","501","Occupational Therapy","Euro","896"
"HGO15C01","Median Weekly Earnings of Health Graduates","2017","2017","05","5","60","Pharmacy","Euro",""
"HGO15C01","Median Weekly Earnings of Health Graduates","2017","2017","05","5","504","Physiotherapy","Euro","964"
"HGO15C01","Median Weekly Earnings of Health Graduates","2017","2017","05","5","402","Radiography and Radiation Therapy","Euro","1142"
"HGO15C01","Median Weekly Earnings of Health Graduates","2017","2017","05","5","702","Social Care","Euro","745"
"HGO15C01","Median Weekly Earnings of Health Graduates","2017","2017","05","5","701","Social Work","Euro","1065"
"HGO15C01","Median Weekly Earnings of Health Graduates","2017","2017","05","5","10","Speech and Language Therapy","Euro","893"
"HGO15C01","Median Weekly Earnings of Health Graduates","2017","2017","05","5","V52","Dietetics, Optometry and Podiatry","Euro","1054"
"HGO15C01","Median Weekly Earnings of Health Graduates","2017","2017","06","6","201","Dentistry","Euro",""
"HGO15C01","Median Weekly Earnings of Health Graduates","2017","2017","06","6","401","Medical Science","Euro","1412"
"HGO15C01","Median Weekly Earnings of Health Graduates","2017","2017","06","6","202","Medicine","Euro","1844"
"HGO15C01","Median Weekly Earnings of Health Graduates","2017","2017","06","6","30","Nursing and Midwifery","Euro","1038"
"HGO15C01","Median Weekly Earnings of Health Graduates","2017","2017","06","6","501","Occupational Therapy","Euro","1043"
"HGO15C01","Median Weekly Earnings of Health Graduates","2017","2017","06","6","60","Pharmacy","Euro",""
"HGO15C01","Median Weekly Earnings of Health Graduates","2017","2017","06","6","504","Physiotherapy","Euro","1134"
"HGO15C01","Median Weekly Earnings of Health Graduates","2017","2017","06","6","402","Radiography and Radiation Therapy","Euro","1332"
"HGO15C01","Median Weekly Earnings of Health Graduates","2017","2017","06","6","702","Social Care","Euro","794"
"HGO15C01","Median Weekly Earnings of Health Graduates","2017","2017","06","6","701","Social Work","Euro","1160"
"HGO15C01","Median Weekly Earnings of Health Graduates","2017","2017","06","6","10","Speech and Language Therapy","Euro","1013"
"HGO15C01","Median Weekly Earnings of Health Graduates","2017","2017","06","6","V52","Dietetics, Optometry and Podiatry","Euro","1143"
"HGO15C01","Median Weekly Earnings of Health Graduates","2017","2017","07","7","201","Dentistry","Euro",""
"HGO15C01","Median Weekly Earnings of Health Graduates","2017","2017","07","7","401","Medical Science","Euro",""
"HGO15C01","Median Weekly Earnings of Health Graduates","2017","2017","07","7","202","Medicine","Euro",""
"HGO15C01","Median Weekly Earnings of Health Graduates","2017","2017","07","7","30","Nursing and Midwifery","Euro",""
"HGO15C01","Median Weekly Earnings of Health Graduates","2017","2017","07","7","501","Occupational Therapy","Euro",""
"HGO15C01","Median Weekly Earnings of Health Graduates","2017","2017","07","7","60","Pharmacy","Euro",""
"HGO15C01","Median Weekly Earnings of Health Graduates","2017","2017","07","7","504","Physiotherapy","Euro",""
"HGO15C01","Median Weekly Earnings of Health Graduates","2017","2017","07","7","402","Radiography and Radiation Therapy","Euro",""
"HGO15C01","Median Weekly Earnings of Health Graduates","2017","2017","07","7","702","Social Care","Euro",""
"HGO15C01","Median Weekly Earnings of Health Graduates","2017","2017","07","7","701","Social Work","Euro",""
"HGO15C01","Median Weekly Earnings of Health Graduates","2017","2017","07","7","10","Speech and Language Therapy","Euro",""
"HGO15C01","Median Weekly Earnings of Health Graduates","2017","2017","07","7","V52","Dietetics, Optometry and Podiatry","Euro",""
"HGO15C01","Median Weekly Earnings of Health Graduates","2017","2017","08","8","201","Dentistry","Euro",""
"HGO15C01","Median Weekly Earnings of Health Graduates","2017","2017","08","8","401","Medical Science","Euro",""
"HGO15C01","Median Weekly Earnings of Health Graduates","2017","2017","08","8","202","Medicine","Euro",""
"HGO15C01","Median Weekly Earnings of Health Graduates","2017","2017","08","8","30","Nursing and Midwifery","Euro",""
"HGO15C01","Median Weekly Earnings of Health Graduates","2017","2017","08","8","501","Occupational Therapy","Euro",""
"HGO15C01","Median Weekly Earnings of Health Graduates","2017","2017","08","8","60","Pharmacy","Euro",""
"HGO15C01","Median Weekly Earnings of Health Graduates","2017","2017","08","8","504","Physiotherapy","Euro",""
"HGO15C01","Median Weekly Earnings of Health Graduates","2017","2017","08","8","402","Radiography and Radiation Therapy","Euro",""
"HGO15C01","Median Weekly Earnings of Health Graduates","2017","2017","08","8","702","Social Care","Euro",""
"HGO15C01","Median Weekly Earnings of Health Graduates","2017","2017","08","8","701","Social Work","Euro",""
"HGO15C01","Median Weekly Earnings of Health Graduates","2017","2017","08","8","10","Speech and Language Therapy","Euro",""
"HGO15C01","Median Weekly Earnings of Health Graduates","2017","2017","08","8","V52","Dietetics, Optometry and Podiatry","Euro",""
"HGO15C01","Median Weekly Earnings of Health Graduates","2017","2017","09","9","201","Dentistry","Euro",""
"HGO15C01","Median Weekly Earnings of Health Graduates","2017","2017","09","9","401","Medical Science","Euro",""
"HGO15C01","Median Weekly Earnings of Health Graduates","2017","2017","09","9","202","Medicine","Euro",""
"HGO15C01","Median Weekly Earnings of Health Graduates","2017","2017","09","9","30","Nursing and Midwifery","Euro",""
"HGO15C01","Median Weekly Earnings of Health Graduates","2017","2017","09","9","501","Occupational Therapy","Euro",""
"HGO15C01","Median Weekly Earnings of Health Graduates","2017","2017","09","9","60","Pharmacy","Euro",""
"HGO15C01","Median Weekly Earnings of Health Graduates","2017","2017","09","9","504","Physiotherapy","Euro",""
"HGO15C01","Median Weekly Earnings of Health Graduates","2017","2017","09","9","402","Radiography and Radiation Therapy","Euro",""
"HGO15C01","Median Weekly Earnings of Health Graduates","2017","2017","09","9","702","Social Care","Euro",""
"HGO15C01","Median Weekly Earnings of Health Graduates","2017","2017","09","9","701","Social Work","Euro",""
"HGO15C01","Median Weekly Earnings of Health Graduates","2017","2017","09","9","10","Speech and Language Therapy","Euro",""
"HGO15C01","Median Weekly Earnings of Health Graduates","2017","2017","09","9","V52","Dietetics, Optometry and Podiatry","Euro",""
"HGO15C01","Median Weekly Earnings of Health Graduates","2017","2017","10","10","201","Dentistry","Euro",""
"HGO15C01","Median Weekly Earnings of Health Graduates","2017","2017","10","10","401","Medical Science","Euro",""
"HGO15C01","Median Weekly Earnings of Health Graduates","2017","2017","10","10","202","Medicine","Euro",""
"HGO15C01","Median Weekly Earnings of Health Graduates","2017","2017","10","10","30","Nursing and Midwifery","Euro",""
"HGO15C01","Median Weekly Earnings of Health Graduates","2017","2017","10","10","501","Occupational Therapy","Euro",""
"HGO15C01","Median Weekly Earnings of Health Graduates","2017","2017","10","10","60","Pharmacy","Euro",""
"HGO15C01","Median Weekly Earnings of Health Graduates","2017","2017","10","10","504","Physiotherapy","Euro",""
"HGO15C01","Median Weekly Earnings of Health Graduates","2017","2017","10","10","402","Radiography and Radiation Therapy","Euro",""
"HGO15C01","Median Weekly Earnings of Health Graduates","2017","2017","10","10","702","Social Care","Euro",""
"HGO15C01","Median Weekly Earnings of Health Graduates","2017","2017","10","10","701","Social Work","Euro",""
"HGO15C01","Median Weekly Earnings of Health Graduates","2017","2017","10","10","10","Speech and Language Therapy","Euro",""
"HGO15C01","Median Weekly Earnings of Health Graduates","2017","2017","10","10","V52","Dietetics, Optometry and Podiatry","Euro",""
"HGO15C01","Median Weekly Earnings of Health Graduates","2017","2017","11","11","201","Dentistry","Euro",""
"HGO15C01","Median Weekly Earnings of Health Graduates","2017","2017","11","11","401","Medical Science","Euro",""
"HGO15C01","Median Weekly Earnings of Health Graduates","2017","2017","11","11","202","Medicine","Euro",""
"HGO15C01","Median Weekly Earnings of Health Graduates","2017","2017","11","11","30","Nursing and Midwifery","Euro",""
"HGO15C01","Median Weekly Earnings of Health Graduates","2017","2017","11","11","501","Occupational Therapy","Euro",""
"HGO15C01","Median Weekly Earnings of Health Graduates","2017","2017","11","11","60","Pharmacy","Euro",""
"HGO15C01","Median Weekly Earnings of Health Graduates","2017","2017","11","11","504","Physiotherapy","Euro",""
"HGO15C01","Median Weekly Earnings of Health Graduates","2017","2017","11","11","402","Radiography and Radiation Therapy","Euro",""
"HGO15C01","Median Weekly Earnings of Health Graduates","2017","2017","11","11","702","Social Care","Euro",""
"HGO15C01","Median Weekly Earnings of Health Graduates","2017","2017","11","11","701","Social Work","Euro",""
"HGO15C01","Median Weekly Earnings of Health Graduates","2017","2017","11","11","10","Speech and Language Therapy","Euro",""
"HGO15C01","Median Weekly Earnings of Health Graduates","2017","2017","11","11","V52","Dietetics, Optometry and Podiatry","Euro",""
"HGO15C01","Median Weekly Earnings of Health Graduates","2017","2017","12","12","201","Dentistry","Euro",""
"HGO15C01","Median Weekly Earnings of Health Graduates","2017","2017","12","12","401","Medical Science","Euro",""
"HGO15C01","Median Weekly Earnings of Health Graduates","2017","2017","12","12","202","Medicine","Euro",""
"HGO15C01","Median Weekly Earnings of Health Graduates","2017","2017","12","12","30","Nursing and Midwifery","Euro",""
"HGO15C01","Median Weekly Earnings of Health Graduates","2017","2017","12","12","501","Occupational Therapy","Euro",""
"HGO15C01","Median Weekly Earnings of Health Graduates","2017","2017","12","12","60","Pharmacy","Euro",""
"HGO15C01","Median Weekly Earnings of Health Graduates","2017","2017","12","12","504","Physiotherapy","Euro",""
"HGO15C01","Median Weekly Earnings of Health Graduates","2017","2017","12","12","402","Radiography and Radiation Therapy","Euro",""
"HGO15C01","Median Weekly Earnings of Health Graduates","2017","2017","12","12","702","Social Care","Euro",""
"HGO15C01","Median Weekly Earnings of Health Graduates","2017","2017","12","12","701","Social Work","Euro",""
"HGO15C01","Median Weekly Earnings of Health Graduates","2017","2017","12","12","10","Speech and Language Therapy","Euro",""
"HGO15C01","Median Weekly Earnings of Health Graduates","2017","2017","12","12","V52","Dietetics, Optometry and Podiatry","Euro",""
"HGO15C01","Median Weekly Earnings of Health Graduates","2017","2017","13","13","201","Dentistry","Euro",""
"HGO15C01","Median Weekly Earnings of Health Graduates","2017","2017","13","13","401","Medical Science","Euro",""
"HGO15C01","Median Weekly Earnings of Health Graduates","2017","2017","13","13","202","Medicine","Euro",""
"HGO15C01","Median Weekly Earnings of Health Graduates","2017","2017","13","13","30","Nursing and Midwifery","Euro",""
"HGO15C01","Median Weekly Earnings of Health Graduates","2017","2017","13","13","501","Occupational Therapy","Euro",""
"HGO15C01","Median Weekly Earnings of Health Graduates","2017","2017","13","13","60","Pharmacy","Euro",""
"HGO15C01","Median Weekly Earnings of Health Graduates","2017","2017","13","13","504","Physiotherapy","Euro",""
"HGO15C01","Median Weekly Earnings of Health Graduates","2017","2017","13","13","402","Radiography and Radiation Therapy","Euro",""
"HGO15C01","Median Weekly Earnings of Health Graduates","2017","2017","13","13","702","Social Care","Euro",""
"HGO15C01","Median Weekly Earnings of Health Graduates","2017","2017","13","13","701","Social Work","Euro",""
"HGO15C01","Median Weekly Earnings of Health Graduates","2017","2017","13","13","10","Speech and Language Therapy","Euro",""
"HGO15C01","Median Weekly Earnings of Health Graduates","2017","2017","13","13","V52","Dietetics, Optometry and Podiatry","Euro",""
"HGO15C01","Median Weekly Earnings of Health Graduates","2018","2018","01","1","201","Dentistry","Euro",""
"HGO15C01","Median Weekly Earnings of Health Graduates","2018","2018","01","1","401","Medical Science","Euro","661"
"HGO15C01","Median Weekly Earnings of Health Graduates","2018","2018","01","1","202","Medicine","Euro","1084"
"HGO15C01","Median Weekly Earnings of Health Graduates","2018","2018","01","1","30","Nursing and Midwifery","Euro","749"
"HGO15C01","Median Weekly Earnings of Health Graduates","2018","2018","01","1","501","Occupational Therapy","Euro","683"
"HGO15C01","Median Weekly Earnings of Health Graduates","2018","2018","01","1","60","Pharmacy","Euro",""
"HGO15C01","Median Weekly Earnings of Health Graduates","2018","2018","01","1","504","Physiotherapy","Euro","676"
"HGO15C01","Median Weekly Earnings of Health Graduates","2018","2018","01","1","402","Radiography and Radiation Therapy","Euro","916"
"HGO15C01","Median Weekly Earnings of Health Graduates","2018","2018","01","1","702","Social Care","Euro","597"
"HGO15C01","Median Weekly Earnings of Health Graduates","2018","2018","01","1","701","Social Work","Euro","789"
"HGO15C01","Median Weekly Earnings of Health Graduates","2018","2018","01","1","10","Speech and Language Therapy","Euro","678"
"HGO15C01","Median Weekly Earnings of Health Graduates","2018","2018","01","1","V52","Dietetics, Optometry and Podiatry","Euro","698"
"HGO15C01","Median Weekly Earnings of Health Graduates","2018","2018","02","2","201","Dentistry","Euro",""
"HGO15C01","Median Weekly Earnings of Health Graduates","2018","2018","02","2","401","Medical Science","Euro","790"
"HGO15C01","Median Weekly Earnings of Health Graduates","2018","2018","02","2","202","Medicine","Euro","1272"
"HGO15C01","Median Weekly Earnings of Health Graduates","2018","2018","02","2","30","Nursing and Midwifery","Euro","872"
"HGO15C01","Median Weekly Earnings of Health Graduates","2018","2018","02","2","501","Occupational Therapy","Euro","733"
"HGO15C01","Median Weekly Earnings of Health Graduates","2018","2018","02","2","60","Pharmacy","Euro",""
"HGO15C01","Median Weekly Earnings of Health Graduates","2018","2018","02","2","504","Physiotherapy","Euro","747"
"HGO15C01","Median Weekly Earnings of Health Graduates","2018","2018","02","2","402","Radiography and Radiation Therapy","Euro","1028"
"HGO15C01","Median Weekly Earnings of Health Graduates","2018","2018","02","2","702","Social Care","Euro","634"
"HGO15C01","Median Weekly Earnings of Health Graduates","2018","2018","02","2","701","Social Work","Euro","842"
"HGO15C01","Median Weekly Earnings of Health Graduates","2018","2018","02","2","10","Speech and Language Therapy","Euro","726"
"HGO15C01","Median Weekly Earnings of Health Graduates","2018","2018","02","2","V52","Dietetics, Optometry and Podiatry","Euro","741"
"HGO15C01","Median Weekly Earnings of Health Graduates","2018","2018","03","3","201","Dentistry","Euro",""
"HGO15C01","Median Weekly Earnings of Health Graduates","2018","2018","03","3","401","Medical Science","Euro","1049"
"HGO15C01","Median Weekly Earnings of Health Graduates","2018","2018","03","3","202","Medicine","Euro","1402"
"HGO15C01","Median Weekly Earnings of Health Graduates","2018","2018","03","3","30","Nursing and Midwifery","Euro","922"
"HGO15C01","Median Weekly Earnings of Health Graduates","2018","2018","03","3","501","Occupational Therapy","Euro","775"
"HGO15C01","Median Weekly Earnings of Health Graduates","2018","2018","03","3","60","Pharmacy","Euro",""
"HGO15C01","Median Weekly Earnings of Health Graduates","2018","2018","03","3","504","Physiotherapy","Euro","810"
"HGO15C01","Median Weekly Earnings of Health Graduates","2018","2018","03","3","402","Radiography and Radiation Therapy","Euro","1031"
"HGO15C01","Median Weekly Earnings of Health Graduates","2018","2018","03","3","702","Social Care","Euro","667"
"HGO15C01","Median Weekly Earnings of Health Graduates","2018","2018","03","3","701","Social Work","Euro","895"
"HGO15C01","Median Weekly Earnings of Health Graduates","2018","2018","03","3","10","Speech and Language Therapy","Euro","772"
"HGO15C01","Median Weekly Earnings of Health Graduates","2018","2018","03","3","V52","Dietetics, Optometry and Podiatry","Euro","816"
"HGO15C01","Median Weekly Earnings of Health Graduates","2018","2018","04","4","201","Dentistry","Euro","949"
"HGO15C01","Median Weekly Earnings of Health Graduates","2018","2018","04","4","401","Medical Science","Euro","1183"
"HGO15C01","Median Weekly Earnings of Health Graduates","2018","2018","04","4","202","Medicine","Euro","1592"
"HGO15C01","Median Weekly Earnings of Health Graduates","2018","2018","04","4","30","Nursing and Midwifery","Euro","956"
"HGO15C01","Median Weekly Earnings of Health Graduates","2018","2018","04","4","501","Occupational Therapy","Euro","849"
"HGO15C01","Median Weekly Earnings of Health Graduates","2018","2018","04","4","60","Pharmacy","Euro",""
"HGO15C01","Median Weekly Earnings of Health Graduates","2018","2018","04","4","504","Physiotherapy","Euro","907"
"HGO15C01","Median Weekly Earnings of Health Graduates","2018","2018","04","4","402","Radiography and Radiation Therapy","Euro","1167"
"HGO15C01","Median Weekly Earnings of Health Graduates","2018","2018","04","4","702","Social Care","Euro","724"
"HGO15C01","Median Weekly Earnings of Health Graduates","2018","2018","04","4","701","Social Work","Euro","1006"
"HGO15C01","Median Weekly Earnings of Health Graduates","2018","2018","04","4","10","Speech and Language Therapy","Euro","836"
"HGO15C01","Median Weekly Earnings of Health Graduates","2018","2018","04","4","V52","Dietetics, Optometry and Podiatry","Euro","1009"
"HGO15C01","Median Weekly Earnings of Health Graduates","2018","2018","05","5","201","Dentistry","Euro","808"
"HGO15C01","Median Weekly Earnings of Health Graduates","2018","2018","05","5","401","Medical Science","Euro","1251"
"HGO15C01","Median Weekly Earnings of Health Graduates","2018","2018","05","5","202","Medicine","Euro","1743"
"HGO15C01","Median Weekly Earnings of Health Graduates","2018","2018","05","5","30","Nursing and Midwifery","Euro","1036"
"HGO15C01","Median Weekly Earnings of Health Graduates","2018","2018","05","5","501","Occupational Therapy","Euro","924"
"HGO15C01","Median Weekly Earnings of Health Graduates","2018","2018","05","5","60","Pharmacy","Euro",""
"HGO15C01","Median Weekly Earnings of Health Graduates","2018","2018","05","5","504","Physiotherapy","Euro","1086"
"HGO15C01","Median Weekly Earnings of Health Graduates","2018","2018","05","5","402","Radiography and Radiation Therapy","Euro","1293"
"HGO15C01","Median Weekly Earnings of Health Graduates","2018","2018","05","5","702","Social Care","Euro","782"
"HGO15C01","Median Weekly Earnings of Health Graduates","2018","2018","05","5","701","Social Work","Euro","1088"
"HGO15C01","Median Weekly Earnings of Health Graduates","2018","2018","05","5","10","Speech and Language Therapy","Euro","922"
"HGO15C01","Median Weekly Earnings of Health Graduates","2018","2018","05","5","V52","Dietetics, Optometry and Podiatry","Euro","1152"
"HGO15C01","Median Weekly Earnings of Health Graduates","2018","2018","06","6","201","Dentistry","Euro",""
"HGO15C01","Median Weekly Earnings of Health Graduates","2018","2018","06","6","401","Medical Science","Euro",""
"HGO15C01","Median Weekly Earnings of Health Graduates","2018","2018","06","6","202","Medicine","Euro",""
"HGO15C01","Median Weekly Earnings of Health Graduates","2018","2018","06","6","30","Nursing and Midwifery","Euro",""
"HGO15C01","Median Weekly Earnings of Health Graduates","2018","2018","06","6","501","Occupational Therapy","Euro",""
"HGO15C01","Median Weekly Earnings of Health Graduates","2018","2018","06","6","60","Pharmacy","Euro",""
"HGO15C01","Median Weekly Earnings of Health Graduates","2018","2018","06","6","504","Physiotherapy","Euro",""
"HGO15C01","Median Weekly Earnings of Health Graduates","2018","2018","06","6","402","Radiography and Radiation Therapy","Euro",""
"HGO15C01","Median Weekly Earnings of Health Graduates","2018","2018","06","6","702","Social Care","Euro",""
"HGO15C01","Median Weekly Earnings of Health Graduates","2018","2018","06","6","701","Social Work","Euro",""
"HGO15C01","Median Weekly Earnings of Health Graduates","2018","2018","06","6","10","Speech and Language Therapy","Euro",""
"HGO15C01","Median Weekly Earnings of Health Graduates","2018","2018","06","6","V52","Dietetics, Optometry and Podiatry","Euro",""
"HGO15C01","Median Weekly Earnings of Health Graduates","2018","2018","07","7","201","Dentistry","Euro",""
"HGO15C01","Median Weekly Earnings of Health Graduates","2018","2018","07","7","401","Medical Science","Euro",""
"HGO15C01","Median Weekly Earnings of Health Graduates","2018","2018","07","7","202","Medicine","Euro",""
"HGO15C01","Median Weekly Earnings of Health Graduates","2018","2018","07","7","30","Nursing and Midwifery","Euro",""
"HGO15C01","Median Weekly Earnings of Health Graduates","2018","2018","07","7","501","Occupational Therapy","Euro",""
"HGO15C01","Median Weekly Earnings of Health Graduates","2018","2018","07","7","60","Pharmacy","Euro",""
"HGO15C01","Median Weekly Earnings of Health Graduates","2018","2018","07","7","504","Physiotherapy","Euro",""
"HGO15C01","Median Weekly Earnings of Health Graduates","2018","2018","07","7","402","Radiography and Radiation Therapy","Euro",""
"HGO15C01","Median Weekly Earnings of Health Graduates","2018","2018","07","7","702","Social Care","Euro",""
"HGO15C01","Median Weekly Earnings of Health Graduates","2018","2018","07","7","701","Social Work","Euro",""
"HGO15C01","Median Weekly Earnings of Health Graduates","2018","2018","07","7","10","Speech and Language Therapy","Euro",""
"HGO15C01","Median Weekly Earnings of Health Graduates","2018","2018","07","7","V52","Dietetics, Optometry and Podiatry","Euro",""
"HGO15C01","Median Weekly Earnings of Health Graduates","2018","2018","08","8","201","Dentistry","Euro",""
"HGO15C01","Median Weekly Earnings of Health Graduates","2018","2018","08","8","401","Medical Science","Euro",""
"HGO15C01","Median Weekly Earnings of Health Graduates","2018","2018","08","8","202","Medicine","Euro",""
"HGO15C01","Median Weekly Earnings of Health Graduates","2018","2018","08","8","30","Nursing and Midwifery","Euro",""
"HGO15C01","Median Weekly Earnings of Health Graduates","2018","2018","08","8","501","Occupational Therapy","Euro",""
"HGO15C01","Median Weekly Earnings of Health Graduates","2018","2018","08","8","60","Pharmacy","Euro",""
"HGO15C01","Median Weekly Earnings of Health Graduates","2018","2018","08","8","504","Physiotherapy","Euro",""
"HGO15C01","Median Weekly Earnings of Health Graduates","2018","2018","08","8","402","Radiography and Radiation Therapy","Euro",""
"HGO15C01","Median Weekly Earnings of Health Graduates","2018","2018","08","8","702","Social Care","Euro",""
"HGO15C01","Median Weekly Earnings of Health Graduates","2018","2018","08","8","701","Social Work","Euro",""
"HGO15C01","Median Weekly Earnings of Health Graduates","2018","2018","08","8","10","Speech and Language Therapy","Euro",""
"HGO15C01","Median Weekly Earnings of Health Graduates","2018","2018","08","8","V52","Dietetics, Optometry and Podiatry","Euro",""
"HGO15C01","Median Weekly Earnings of Health Graduates","2018","2018","09","9","201","Dentistry","Euro",""
"HGO15C01","Median Weekly Earnings of Health Graduates","2018","2018","09","9","401","Medical Science","Euro",""
"HGO15C01","Median Weekly Earnings of Health Graduates","2018","2018","09","9","202","Medicine","Euro",""
"HGO15C01","Median Weekly Earnings of Health Graduates","2018","2018","09","9","30","Nursing and Midwifery","Euro",""
"HGO15C01","Median Weekly Earnings of Health Graduates","2018","2018","09","9","501","Occupational Therapy","Euro",""
"HGO15C01","Median Weekly Earnings of Health Graduates","2018","2018","09","9","60","Pharmacy","Euro",""
"HGO15C01","Median Weekly Earnings of Health Graduates","2018","2018","09","9","504","Physiotherapy","Euro",""
"HGO15C01","Median Weekly Earnings of Health Graduates","2018","2018","09","9","402","Radiography and Radiation Therapy","Euro",""
"HGO15C01","Median Weekly Earnings of Health Graduates","2018","2018","09","9","702","Social Care","Euro",""
"HGO15C01","Median Weekly Earnings of Health Graduates","2018","2018","09","9","701","Social Work","Euro",""
"HGO15C01","Median Weekly Earnings of Health Graduates","2018","2018","09","9","10","Speech and Language Therapy","Euro",""
"HGO15C01","Median Weekly Earnings of Health Graduates","2018","2018","09","9","V52","Dietetics, Optometry and Podiatry","Euro",""
"HGO15C01","Median Weekly Earnings of Health Graduates","2018","2018","10","10","201","Dentistry","Euro",""
"HGO15C01","Median Weekly Earnings of Health Graduates","2018","2018","10","10","401","Medical Science","Euro",""
"HGO15C01","Median Weekly Earnings of Health Graduates","2018","2018","10","10","202","Medicine","Euro",""
"HGO15C01","Median Weekly Earnings of Health Graduates","2018","2018","10","10","30","Nursing and Midwifery","Euro",""
"HGO15C01","Median Weekly Earnings of Health Graduates","2018","2018","10","10","501","Occupational Therapy","Euro",""
"HGO15C01","Median Weekly Earnings of Health Graduates","2018","2018","10","10","60","Pharmacy","Euro",""
"HGO15C01","Median Weekly Earnings of Health Graduates","2018","2018","10","10","504","Physiotherapy","Euro",""
"HGO15C01","Median Weekly Earnings of Health Graduates","2018","2018","10","10","402","Radiography and Radiation Therapy","Euro",""
"HGO15C01","Median Weekly Earnings of Health Graduates","2018","2018","10","10","702","Social Care","Euro",""
"HGO15C01","Median Weekly Earnings of Health Graduates","2018","2018","10","10","701","Social Work","Euro",""
"HGO15C01","Median Weekly Earnings of Health Graduates","2018","2018","10","10","10","Speech and Language Therapy","Euro",""
"HGO15C01","Median Weekly Earnings of Health Graduates","2018","2018","10","10","V52","Dietetics, Optometry and Podiatry","Euro",""
"HGO15C01","Median Weekly Earnings of Health Graduates","2018","2018","11","11","201","Dentistry","Euro",""
"HGO15C01","Median Weekly Earnings of Health Graduates","2018","2018","11","11","401","Medical Science","Euro",""
"HGO15C01","Median Weekly Earnings of Health Graduates","2018","2018","11","11","202","Medicine","Euro",""
"HGO15C01","Median Weekly Earnings of Health Graduates","2018","2018","11","11","30","Nursing and Midwifery","Euro",""
"HGO15C01","Median Weekly Earnings of Health Graduates","2018","2018","11","11","501","Occupational Therapy","Euro",""
"HGO15C01","Median Weekly Earnings of Health Graduates","2018","2018","11","11","60","Pharmacy","Euro",""
"HGO15C01","Median Weekly Earnings of Health Graduates","2018","2018","11","11","504","Physiotherapy","Euro",""
"HGO15C01","Median Weekly Earnings of Health Graduates","2018","2018","11","11","402","Radiography and Radiation Therapy","Euro",""
"HGO15C01","Median Weekly Earnings of Health Graduates","2018","2018","11","11","702","Social Care","Euro",""
"HGO15C01","Median Weekly Earnings of Health Graduates","2018","2018","11","11","701","Social Work","Euro",""
"HGO15C01","Median Weekly Earnings of Health Graduates","2018","2018","11","11","10","Speech and Language Therapy","Euro",""
"HGO15C01","Median Weekly Earnings of Health Graduates","2018","2018","11","11","V52","Dietetics, Optometry and Podiatry","Euro",""
"HGO15C01","Median Weekly Earnings of Health Graduates","2018","2018","12","12","201","Dentistry","Euro",""
"HGO15C01","Median Weekly Earnings of Health Graduates","2018","2018","12","12","401","Medical Science","Euro",""
"HGO15C01","Median Weekly Earnings of Health Graduates","2018","2018","12","12","202","Medicine","Euro",""
"HGO15C01","Median Weekly Earnings of Health Graduates","2018","2018","12","12","30","Nursing and Midwifery","Euro",""
"HGO15C01","Median Weekly Earnings of Health Graduates","2018","2018","12","12","501","Occupational Therapy","Euro",""
"HGO15C01","Median Weekly Earnings of Health Graduates","2018","2018","12","12","60","Pharmacy","Euro",""
"HGO15C01","Median Weekly Earnings of Health Graduates","2018","2018","12","12","504","Physiotherapy","Euro",""
"HGO15C01","Median Weekly Earnings of Health Graduates","2018","2018","12","12","402","Radiography and Radiation Therapy","Euro",""
"HGO15C01","Median Weekly Earnings of Health Graduates","2018","2018","12","12","702","Social Care","Euro",""
"HGO15C01","Median Weekly Earnings of Health Graduates","2018","2018","12","12","701","Social Work","Euro",""
"HGO15C01","Median Weekly Earnings of Health Graduates","2018","2018","12","12","10","Speech and Language Therapy","Euro",""
"HGO15C01","Median Weekly Earnings of Health Graduates","2018","2018","12","12","V52","Dietetics, Optometry and Podiatry","Euro",""
"HGO15C01","Median Weekly Earnings of Health Graduates","2018","2018","13","13","201","Dentistry","Euro",""
"HGO15C01","Median Weekly Earnings of Health Graduates","2018","2018","13","13","401","Medical Science","Euro",""
"HGO15C01","Median Weekly Earnings of Health Graduates","2018","2018","13","13","202","Medicine","Euro",""
"HGO15C01","Median Weekly Earnings of Health Graduates","2018","2018","13","13","30","Nursing and Midwifery","Euro",""
"HGO15C01","Median Weekly Earnings of Health Graduates","2018","2018","13","13","501","Occupational Therapy","Euro",""
"HGO15C01","Median Weekly Earnings of Health Graduates","2018","2018","13","13","60","Pharmacy","Euro",""
"HGO15C01","Median Weekly Earnings of Health Graduates","2018","2018","13","13","504","Physiotherapy","Euro",""
"HGO15C01","Median Weekly Earnings of Health Graduates","2018","2018","13","13","402","Radiography and Radiation Therapy","Euro",""
"HGO15C01","Median Weekly Earnings of Health Graduates","2018","2018","13","13","702","Social Care","Euro",""
"HGO15C01","Median Weekly Earnings of Health Graduates","2018","2018","13","13","701","Social Work","Euro",""
"HGO15C01","Median Weekly Earnings of Health Graduates","2018","2018","13","13","10","Speech and Language Therapy","Euro",""
"HGO15C01","Median Weekly Earnings of Health Graduates","2018","2018","13","13","V52","Dietetics, Optometry and Podiatry","Euro",""
"HGO15C01","Median Weekly Earnings of Health Graduates","2019","2019","01","1","201","Dentistry","Euro",""
"HGO15C01","Median Weekly Earnings of Health Graduates","2019","2019","01","1","401","Medical Science","Euro","698"
"HGO15C01","Median Weekly Earnings of Health Graduates","2019","2019","01","1","202","Medicine","Euro","1116"
"HGO15C01","Median Weekly Earnings of Health Graduates","2019","2019","01","1","30","Nursing and Midwifery","Euro","813"
"HGO15C01","Median Weekly Earnings of Health Graduates","2019","2019","01","1","501","Occupational Therapy","Euro","691"
"HGO15C01","Median Weekly Earnings of Health Graduates","2019","2019","01","1","60","Pharmacy","Euro",""
"HGO15C01","Median Weekly Earnings of Health Graduates","2019","2019","01","1","504","Physiotherapy","Euro","688"
"HGO15C01","Median Weekly Earnings of Health Graduates","2019","2019","01","1","402","Radiography and Radiation Therapy","Euro","1007"
"HGO15C01","Median Weekly Earnings of Health Graduates","2019","2019","01","1","702","Social Care","Euro","613"
"HGO15C01","Median Weekly Earnings of Health Graduates","2019","2019","01","1","701","Social Work","Euro","793"
"HGO15C01","Median Weekly Earnings of Health Graduates","2019","2019","01","1","10","Speech and Language Therapy","Euro","680"
"HGO15C01","Median Weekly Earnings of Health Graduates","2019","2019","01","1","V52","Dietetics, Optometry and Podiatry","Euro","683"
"HGO15C01","Median Weekly Earnings of Health Graduates","2019","2019","02","2","201","Dentistry","Euro","1265"
"HGO15C01","Median Weekly Earnings of Health Graduates","2019","2019","02","2","401","Medical Science","Euro","914"
"HGO15C01","Median Weekly Earnings of Health Graduates","2019","2019","02","2","202","Medicine","Euro","1318"
"HGO15C01","Median Weekly Earnings of Health Graduates","2019","2019","02","2","30","Nursing and Midwifery","Euro","872"
"HGO15C01","Median Weekly Earnings of Health Graduates","2019","2019","02","2","501","Occupational Therapy","Euro","742"
"HGO15C01","Median Weekly Earnings of Health Graduates","2019","2019","02","2","60","Pharmacy","Euro",""
"HGO15C01","Median Weekly Earnings of Health Graduates","2019","2019","02","2","504","Physiotherapy","Euro","733"
"HGO15C01","Median Weekly Earnings of Health Graduates","2019","2019","02","2","402","Radiography and Radiation Therapy","Euro","1027"
"HGO15C01","Median Weekly Earnings of Health Graduates","2019","2019","02","2","702","Social Care","Euro","658"
"HGO15C01","Median Weekly Earnings of Health Graduates","2019","2019","02","2","701","Social Work","Euro","857"
"HGO15C01","Median Weekly Earnings of Health Graduates","2019","2019","02","2","10","Speech and Language Therapy","Euro","732"
"HGO15C01","Median Weekly Earnings of Health Graduates","2019","2019","02","2","V52","Dietetics, Optometry and Podiatry","Euro","743"
"HGO15C01","Median Weekly Earnings of Health Graduates","2019","2019","03","3","201","Dentistry","Euro","1258"
"HGO15C01","Median Weekly Earnings of Health Graduates","2019","2019","03","3","401","Medical Science","Euro","1151"
"HGO15C01","Median Weekly Earnings of Health Graduates","2019","2019","03","3","202","Medicine","Euro","1462"
"HGO15C01","Median Weekly Earnings of Health Graduates","2019","2019","03","3","30","Nursing and Midwifery","Euro","931"
"HGO15C01","Median Weekly Earnings of Health Graduates","2019","2019","03","3","501","Occupational Therapy","Euro","810"
"HGO15C01","Median Weekly Earnings of Health Graduates","2019","2019","03","3","60","Pharmacy","Euro",""
"HGO15C01","Median Weekly Earnings of Health Graduates","2019","2019","03","3","504","Physiotherapy","Euro","811"
"HGO15C01","Median Weekly Earnings of Health Graduates","2019","2019","03","3","402","Radiography and Radiation Therapy","Euro","1138"
"HGO15C01","Median Weekly Earnings of Health Graduates","2019","2019","03","3","702","Social Care","Euro","698"
"HGO15C01","Median Weekly Earnings of Health Graduates","2019","2019","03","3","701","Social Work","Euro","916"
"HGO15C01","Median Weekly Earnings of Health Graduates","2019","2019","03","3","10","Speech and Language Therapy","Euro","808"
"HGO15C01","Median Weekly Earnings of Health Graduates","2019","2019","03","3","V52","Dietetics, Optometry and Podiatry","Euro","825"
"HGO15C01","Median Weekly Earnings of Health Graduates","2019","2019","04","4","201","Dentistry","Euro","1165"
"HGO15C01","Median Weekly Earnings of Health Graduates","2019","2019","04","4","401","Medical Science","Euro","1337"
"HGO15C01","Median Weekly Earnings of Health Graduates","2019","2019","04","4","202","Medicine","Euro","1597"
"HGO15C01","Median Weekly Earnings of Health Graduates","2019","2019","04","4","30","Nursing and Midwifery","Euro","1009"
"HGO15C01","Median Weekly Earnings of Health Graduates","2019","2019","04","4","501","Occupational Therapy","Euro","898"
"HGO15C01","Median Weekly Earnings of Health Graduates","2019","2019","04","4","60","Pharmacy","Euro",""
"HGO15C01","Median Weekly Earnings of Health Graduates","2019","2019","04","4","504","Physiotherapy","Euro","917"
"HGO15C01","Median Weekly Earnings of Health Graduates","2019","2019","04","4","402","Radiography and Radiation Therapy","Euro","1164"
"HGO15C01","Median Weekly Earnings of Health Graduates","2019","2019","04","4","702","Social Care","Euro","748"
"HGO15C01","Median Weekly Earnings of Health Graduates","2019","2019","04","4","701","Social Work","Euro","1008"
"HGO15C01","Median Weekly Earnings of Health Graduates","2019","2019","04","4","10","Speech and Language Therapy","Euro","891"
"HGO15C01","Median Weekly Earnings of Health Graduates","2019","2019","04","4","V52","Dietetics, Optometry and Podiatry","Euro","1075"
"HGO15C01","Median Weekly Earnings of Health Graduates","2019","2019","05","5","201","Dentistry","Euro",""
"HGO15C01","Median Weekly Earnings of Health Graduates","2019","2019","05","5","401","Medical Science","Euro",""
"HGO15C01","Median Weekly Earnings of Health Graduates","2019","2019","05","5","202","Medicine","Euro",""
"HGO15C01","Median Weekly Earnings of Health Graduates","2019","2019","05","5","30","Nursing and Midwifery","Euro",""
"HGO15C01","Median Weekly Earnings of Health Graduates","2019","2019","05","5","501","Occupational Therapy","Euro",""
"HGO15C01","Median Weekly Earnings of Health Graduates","2019","2019","05","5","60","Pharmacy","Euro",""
"HGO15C01","Median Weekly Earnings of Health Graduates","2019","2019","05","5","504","Physiotherapy","Euro",""
"HGO15C01","Median Weekly Earnings of Health Graduates","2019","2019","05","5","402","Radiography and Radiation Therapy","Euro",""
"HGO15C01","Median Weekly Earnings of Health Graduates","2019","2019","05","5","702","Social Care","Euro",""
"HGO15C01","Median Weekly Earnings of Health Graduates","2019","2019","05","5","701","Social Work","Euro",""
"HGO15C01","Median Weekly Earnings of Health Graduates","2019","2019","05","5","10","Speech and Language Therapy","Euro",""
"HGO15C01","Median Weekly Earnings of Health Graduates","2019","2019","05","5","V52","Dietetics, Optometry and Podiatry","Euro",""
"HGO15C01","Median Weekly Earnings of Health Graduates","2019","2019","06","6","201","Dentistry","Euro",""
"HGO15C01","Median Weekly Earnings of Health Graduates","2019","2019","06","6","401","Medical Science","Euro",""
"HGO15C01","Median Weekly Earnings of Health Graduates","2019","2019","06","6","202","Medicine","Euro",""
"HGO15C01","Median Weekly Earnings of Health Graduates","2019","2019","06","6","30","Nursing and Midwifery","Euro",""
"HGO15C01","Median Weekly Earnings of Health Graduates","2019","2019","06","6","501","Occupational Therapy","Euro",""
"HGO15C01","Median Weekly Earnings of Health Graduates","2019","2019","06","6","60","Pharmacy","Euro",""
"HGO15C01","Median Weekly Earnings of Health Graduates","2019","2019","06","6","504","Physiotherapy","Euro",""
"HGO15C01","Median Weekly Earnings of Health Graduates","2019","2019","06","6","402","Radiography and Radiation Therapy","Euro",""
"HGO15C01","Median Weekly Earnings of Health Graduates","2019","2019","06","6","702","Social Care","Euro",""
"HGO15C01","Median Weekly Earnings of Health Graduates","2019","2019","06","6","701","Social Work","Euro",""
"HGO15C01","Median Weekly Earnings of Health Graduates","2019","2019","06","6","10","Speech and Language Therapy","Euro",""
"HGO15C01","Median Weekly Earnings of Health Graduates","2019","2019","06","6","V52","Dietetics, Optometry and Podiatry","Euro",""
"HGO15C01","Median Weekly Earnings of Health Graduates","2019","2019","07","7","201","Dentistry","Euro",""
"HGO15C01","Median Weekly Earnings of Health Graduates","2019","2019","07","7","401","Medical Science","Euro",""
"HGO15C01","Median Weekly Earnings of Health Graduates","2019","2019","07","7","202","Medicine","Euro",""
"HGO15C01","Median Weekly Earnings of Health Graduates","2019","2019","07","7","30","Nursing and Midwifery","Euro",""
"HGO15C01","Median Weekly Earnings of Health Graduates","2019","2019","07","7","501","Occupational Therapy","Euro",""
"HGO15C01","Median Weekly Earnings of Health Graduates","2019","2019","07","7","60","Pharmacy","Euro",""
"HGO15C01","Median Weekly Earnings of Health Graduates","2019","2019","07","7","504","Physiotherapy","Euro",""
"HGO15C01","Median Weekly Earnings of Health Graduates","2019","2019","07","7","402","Radiography and Radiation Therapy","Euro",""
"HGO15C01","Median Weekly Earnings of Health Graduates","2019","2019","07","7","702","Social Care","Euro",""
"HGO15C01","Median Weekly Earnings of Health Graduates","2019","2019","07","7","701","Social Work","Euro",""
"HGO15C01","Median Weekly Earnings of Health Graduates","2019","2019","07","7","10","Speech and Language Therapy","Euro",""
"HGO15C01","Median Weekly Earnings of Health Graduates","2019","2019","07","7","V52","Dietetics, Optometry and Podiatry","Euro",""
"HGO15C01","Median Weekly Earnings of Health Graduates","2019","2019","08","8","201","Dentistry","Euro",""
"HGO15C01","Median Weekly Earnings of Health Graduates","2019","2019","08","8","401","Medical Science","Euro",""
"HGO15C01","Median Weekly Earnings of Health Graduates","2019","2019","08","8","202","Medicine","Euro",""
"HGO15C01","Median Weekly Earnings of Health Graduates","2019","2019","08","8","30","Nursing and Midwifery","Euro",""
"HGO15C01","Median Weekly Earnings of Health Graduates","2019","2019","08","8","501","Occupational Therapy","Euro",""
"HGO15C01","Median Weekly Earnings of Health Graduates","2019","2019","08","8","60","Pharmacy","Euro",""
"HGO15C01","Median Weekly Earnings of Health Graduates","2019","2019","08","8","504","Physiotherapy","Euro",""
"HGO15C01","Median Weekly Earnings of Health Graduates","2019","2019","08","8","402","Radiography and Radiation Therapy","Euro",""
"HGO15C01","Median Weekly Earnings of Health Graduates","2019","2019","08","8","702","Social Care","Euro",""
"HGO15C01","Median Weekly Earnings of Health Graduates","2019","2019","08","8","701","Social Work","Euro",""
"HGO15C01","Median Weekly Earnings of Health Graduates","2019","2019","08","8","10","Speech and Language Therapy","Euro",""
"HGO15C01","Median Weekly Earnings of Health Graduates","2019","2019","08","8","V52","Dietetics, Optometry and Podiatry","Euro",""
"HGO15C01","Median Weekly Earnings of Health Graduates","2019","2019","09","9","201","Dentistry","Euro",""
"HGO15C01","Median Weekly Earnings of Health Graduates","2019","2019","09","9","401","Medical Science","Euro",""
"HGO15C01","Median Weekly Earnings of Health Graduates","2019","2019","09","9","202","Medicine","Euro",""
"HGO15C01","Median Weekly Earnings of Health Graduates","2019","2019","09","9","30","Nursing and Midwifery","Euro",""
"HGO15C01","Median Weekly Earnings of Health Graduates","2019","2019","09","9","501","Occupational Therapy","Euro",""
"HGO15C01","Median Weekly Earnings of Health Graduates","2019","2019","09","9","60","Pharmacy","Euro",""
"HGO15C01","Median Weekly Earnings of Health Graduates","2019","2019","09","9","504","Physiotherapy","Euro",""
"HGO15C01","Median Weekly Earnings of Health Graduates","2019","2019","09","9","402","Radiography and Radiation Therapy","Euro",""
"HGO15C01","Median Weekly Earnings of Health Graduates","2019","2019","09","9","702","Social Care","Euro",""
"HGO15C01","Median Weekly Earnings of Health Graduates","2019","2019","09","9","701","Social Work","Euro",""
"HGO15C01","Median Weekly Earnings of Health Graduates","2019","2019","09","9","10","Speech and Language Therapy","Euro",""
"HGO15C01","Median Weekly Earnings of Health Graduates","2019","2019","09","9","V52","Dietetics, Optometry and Podiatry","Euro",""
"HGO15C01","Median Weekly Earnings of Health Graduates","2019","2019","10","10","201","Dentistry","Euro",""
"HGO15C01","Median Weekly Earnings of Health Graduates","2019","2019","10","10","401","Medical Science","Euro",""
"HGO15C01","Median Weekly Earnings of Health Graduates","2019","2019","10","10","202","Medicine","Euro",""
"HGO15C01","Median Weekly Earnings of Health Graduates","2019","2019","10","10","30","Nursing and Midwifery","Euro",""
"HGO15C01","Median Weekly Earnings of Health Graduates","2019","2019","10","10","501","Occupational Therapy","Euro",""
"HGO15C01","Median Weekly Earnings of Health Graduates","2019","2019","10","10","60","Pharmacy","Euro",""
"HGO15C01","Median Weekly Earnings of Health Graduates","2019","2019","10","10","504","Physiotherapy","Euro",""
"HGO15C01","Median Weekly Earnings of Health Graduates","2019","2019","10","10","402","Radiography and Radiation Therapy","Euro",""
"HGO15C01","Median Weekly Earnings of Health Graduates","2019","2019","10","10","702","Social Care","Euro",""
"HGO15C01","Median Weekly Earnings of Health Graduates","2019","2019","10","10","701","Social Work","Euro",""
"HGO15C01","Median Weekly Earnings of Health Graduates","2019","2019","10","10","10","Speech and Language Therapy","Euro",""
"HGO15C01","Median Weekly Earnings of Health Graduates","2019","2019","10","10","V52","Dietetics, Optometry and Podiatry","Euro",""
"HGO15C01","Median Weekly Earnings of Health Graduates","2019","2019","11","11","201","Dentistry","Euro",""
"HGO15C01","Median Weekly Earnings of Health Graduates","2019","2019","11","11","401","Medical Science","Euro",""
"HGO15C01","Median Weekly Earnings of Health Graduates","2019","2019","11","11","202","Medicine","Euro",""
"HGO15C01","Median Weekly Earnings of Health Graduates","2019","2019","11","11","30","Nursing and Midwifery","Euro",""
"HGO15C01","Median Weekly Earnings of Health Graduates","2019","2019","11","11","501","Occupational Therapy","Euro",""
"HGO15C01","Median Weekly Earnings of Health Graduates","2019","2019","11","11","60","Pharmacy","Euro",""
"HGO15C01","Median Weekly Earnings of Health Graduates","2019","2019","11","11","504","Physiotherapy","Euro",""
"HGO15C01","Median Weekly Earnings of Health Graduates","2019","2019","11","11","402","Radiography and Radiation Therapy","Euro",""
"HGO15C01","Median Weekly Earnings of Health Graduates","2019","2019","11","11","702","Social Care","Euro",""
"HGO15C01","Median Weekly Earnings of Health Graduates","2019","2019","11","11","701","Social Work","Euro",""
"HGO15C01","Median Weekly Earnings of Health Graduates","2019","2019","11","11","10","Speech and Language Therapy","Euro",""
"HGO15C01","Median Weekly Earnings of Health Graduates","2019","2019","11","11","V52","Dietetics, Optometry and Podiatry","Euro",""
"HGO15C01","Median Weekly Earnings of Health Graduates","2019","2019","12","12","201","Dentistry","Euro",""
"HGO15C01","Median Weekly Earnings of Health Graduates","2019","2019","12","12","401","Medical Science","Euro",""
"HGO15C01","Median Weekly Earnings of Health Graduates","2019","2019","12","12","202","Medicine","Euro",""
"HGO15C01","Median Weekly Earnings of Health Graduates","2019","2019","12","12","30","Nursing and Midwifery","Euro",""
"HGO15C01","Median Weekly Earnings of Health Graduates","2019","2019","12","12","501","Occupational Therapy","Euro",""
"HGO15C01","Median Weekly Earnings of Health Graduates","2019","2019","12","12","60","Pharmacy","Euro",""
"HGO15C01","Median Weekly Earnings of Health Graduates","2019","2019","12","12","504","Physiotherapy","Euro",""
"HGO15C01","Median Weekly Earnings of Health Graduates","2019","2019","12","12","402","Radiography and Radiation Therapy","Euro",""
"HGO15C01","Median Weekly Earnings of Health Graduates","2019","2019","12","12","702","Social Care","Euro",""
"HGO15C01","Median Weekly Earnings of Health Graduates","2019","2019","12","12","701","Social Work","Euro",""
"HGO15C01","Median Weekly Earnings of Health Graduates","2019","2019","12","12","10","Speech and Language Therapy","Euro",""
"HGO15C01","Median Weekly Earnings of Health Graduates","2019","2019","12","12","V52","Dietetics, Optometry and Podiatry","Euro",""
"HGO15C01","Median Weekly Earnings of Health Graduates","2019","2019","13","13","201","Dentistry","Euro",""
"HGO15C01","Median Weekly Earnings of Health Graduates","2019","2019","13","13","401","Medical Science","Euro",""
"HGO15C01","Median Weekly Earnings of Health Graduates","2019","2019","13","13","202","Medicine","Euro",""
"HGO15C01","Median Weekly Earnings of Health Graduates","2019","2019","13","13","30","Nursing and Midwifery","Euro",""
"HGO15C01","Median Weekly Earnings of Health Graduates","2019","2019","13","13","501","Occupational Therapy","Euro",""
"HGO15C01","Median Weekly Earnings of Health Graduates","2019","2019","13","13","60","Pharmacy","Euro",""
"HGO15C01","Median Weekly Earnings of Health Graduates","2019","2019","13","13","504","Physiotherapy","Euro",""
"HGO15C01","Median Weekly Earnings of Health Graduates","2019","2019","13","13","402","Radiography and Radiation Therapy","Euro",""
"HGO15C01","Median Weekly Earnings of Health Graduates","2019","2019","13","13","702","Social Care","Euro",""
"HGO15C01","Median Weekly Earnings of Health Graduates","2019","2019","13","13","701","Social Work","Euro",""
"HGO15C01","Median Weekly Earnings of Health Graduates","2019","2019","13","13","10","Speech and Language Therapy","Euro",""
"HGO15C01","Median Weekly Earnings of Health Graduates","2019","2019","13","13","V52","Dietetics, Optometry and Podiatry","Euro",""
"HGO15C01","Median Weekly Earnings of Health Graduates","2020","2020","01","1","201","Dentistry","Euro","1108"
"HGO15C01","Median Weekly Earnings of Health Graduates","2020","2020","01","1","401","Medical Science","Euro","834"
"HGO15C01","Median Weekly Earnings of Health Graduates","2020","2020","01","1","202","Medicine","Euro","1122"
"HGO15C01","Median Weekly Earnings of Health Graduates","2020","2020","01","1","30","Nursing and Midwifery","Euro","835"
"HGO15C01","Median Weekly Earnings of Health Graduates","2020","2020","01","1","501","Occupational Therapy","Euro","703"
"HGO15C01","Median Weekly Earnings of Health Graduates","2020","2020","01","1","60","Pharmacy","Euro","1124"
"HGO15C01","Median Weekly Earnings of Health Graduates","2020","2020","01","1","504","Physiotherapy","Euro","715"
"HGO15C01","Median Weekly Earnings of Health Graduates","2020","2020","01","1","402","Radiography and Radiation Therapy","Euro","1018"
"HGO15C01","Median Weekly Earnings of Health Graduates","2020","2020","01","1","702","Social Care","Euro","639"
"HGO15C01","Median Weekly Earnings of Health Graduates","2020","2020","01","1","701","Social Work","Euro","813"
"HGO15C01","Median Weekly Earnings of Health Graduates","2020","2020","01","1","10","Speech and Language Therapy","Euro","712"
"HGO15C01","Median Weekly Earnings of Health Graduates","2020","2020","01","1","V52","Dietetics, Optometry and Podiatry","Euro","722"
"HGO15C01","Median Weekly Earnings of Health Graduates","2020","2020","02","2","201","Dentistry","Euro","1352"
"HGO15C01","Median Weekly Earnings of Health Graduates","2020","2020","02","2","401","Medical Science","Euro","1100"
"HGO15C01","Median Weekly Earnings of Health Graduates","2020","2020","02","2","202","Medicine","Euro","1397"
"HGO15C01","Median Weekly Earnings of Health Graduates","2020","2020","02","2","30","Nursing and Midwifery","Euro","903"
"HGO15C01","Median Weekly Earnings of Health Graduates","2020","2020","02","2","501","Occupational Therapy","Euro","767"
"HGO15C01","Median Weekly Earnings of Health Graduates","2020","2020","02","2","60","Pharmacy","Euro","1234"
"HGO15C01","Median Weekly Earnings of Health Graduates","2020","2020","02","2","504","Physiotherapy","Euro","792"
"HGO15C01","Median Weekly Earnings of Health Graduates","2020","2020","02","2","402","Radiography and Radiation Therapy","Euro","1212"
"HGO15C01","Median Weekly Earnings of Health Graduates","2020","2020","02","2","702","Social Care","Euro","678"
"HGO15C01","Median Weekly Earnings of Health Graduates","2020","2020","02","2","701","Social Work","Euro","891"
"HGO15C01","Median Weekly Earnings of Health Graduates","2020","2020","02","2","10","Speech and Language Therapy","Euro","771"
"HGO15C01","Median Weekly Earnings of Health Graduates","2020","2020","02","2","V52","Dietetics, Optometry and Podiatry","Euro","786"
"HGO15C01","Median Weekly Earnings of Health Graduates","2020","2020","03","3","201","Dentistry","Euro",""
"HGO15C01","Median Weekly Earnings of Health Graduates","2020","2020","03","3","401","Medical Science","Euro","1208"
"HGO15C01","Median Weekly Earnings of Health Graduates","2020","2020","03","3","202","Medicine","Euro","1516"
"HGO15C01","Median Weekly Earnings of Health Graduates","2020","2020","03","3","30","Nursing and Midwifery","Euro","966"
"HGO15C01","Median Weekly Earnings of Health Graduates","2020","2020","03","3","501","Occupational Therapy","Euro","837"
"HGO15C01","Median Weekly Earnings of Health Graduates","2020","2020","03","3","60","Pharmacy","Euro","1334"
"HGO15C01","Median Weekly Earnings of Health Graduates","2020","2020","03","3","504","Physiotherapy","Euro","881"
"HGO15C01","Median Weekly Earnings of Health Graduates","2020","2020","03","3","402","Radiography and Radiation Therapy","Euro","1350"
"HGO15C01","Median Weekly Earnings of Health Graduates","2020","2020","03","3","702","Social Care","Euro","729"
"HGO15C01","Median Weekly Earnings of Health Graduates","2020","2020","03","3","701","Social Work","Euro","959"
"HGO15C01","Median Weekly Earnings of Health Graduates","2020","2020","03","3","10","Speech and Language Therapy","Euro","841"
"HGO15C01","Median Weekly Earnings of Health Graduates","2020","2020","03","3","V52","Dietetics, Optometry and Podiatry","Euro","910"
"HGO15C01","Median Weekly Earnings of Health Graduates","2020","2020","04","4","201","Dentistry","Euro",""
"HGO15C01","Median Weekly Earnings of Health Graduates","2020","2020","04","4","401","Medical Science","Euro",""
"HGO15C01","Median Weekly Earnings of Health Graduates","2020","2020","04","4","202","Medicine","Euro",""
"HGO15C01","Median Weekly Earnings of Health Graduates","2020","2020","04","4","30","Nursing and Midwifery","Euro",""
"HGO15C01","Median Weekly Earnings of Health Graduates","2020","2020","04","4","501","Occupational Therapy","Euro",""
"HGO15C01","Median Weekly Earnings of Health Graduates","2020","2020","04","4","60","Pharmacy","Euro",""
"HGO15C01","Median Weekly Earnings of Health Graduates","2020","2020","04","4","504","Physiotherapy","Euro",""
"HGO15C01","Median Weekly Earnings of Health Graduates","2020","2020","04","4","402","Radiography and Radiation Therapy","Euro",""
"HGO15C01","Median Weekly Earnings of Health Graduates","2020","2020","04","4","702","Social Care","Euro",""
"HGO15C01","Median Weekly Earnings of Health Graduates","2020","2020","04","4","701","Social Work","Euro",""
"HGO15C01","Median Weekly Earnings of Health Graduates","2020","2020","04","4","10","Speech and Language Therapy","Euro",""
"HGO15C01","Median Weekly Earnings of Health Graduates","2020","2020","04","4","V52","Dietetics, Optometry and Podiatry","Euro",""
"HGO15C01","Median Weekly Earnings of Health Graduates","2020","2020","05","5","201","Dentistry","Euro",""
"HGO15C01","Median Weekly Earnings of Health Graduates","2020","2020","05","5","401","Medical Science","Euro",""
"HGO15C01","Median Weekly Earnings of Health Graduates","2020","2020","05","5","202","Medicine","Euro",""
"HGO15C01","Median Weekly Earnings of Health Graduates","2020","2020","05","5","30","Nursing and Midwifery","Euro",""
"HGO15C01","Median Weekly Earnings of Health Graduates","2020","2020","05","5","501","Occupational Therapy","Euro",""
"HGO15C01","Median Weekly Earnings of Health Graduates","2020","2020","05","5","60","Pharmacy","Euro",""
"HGO15C01","Median Weekly Earnings of Health Graduates","2020","2020","05","5","504","Physiotherapy","Euro",""
"HGO15C01","Median Weekly Earnings of Health Graduates","2020","2020","05","5","402","Radiography and Radiation Therapy","Euro",""
"HGO15C01","Median Weekly Earnings of Health Graduates","2020","2020","05","5","702","Social Care","Euro",""
"HGO15C01","Median Weekly Earnings of Health Graduates","2020","2020","05","5","701","Social Work","Euro",""
"HGO15C01","Median Weekly Earnings of Health Graduates","2020","2020","05","5","10","Speech and Language Therapy","Euro",""
"HGO15C01","Median Weekly Earnings of Health Graduates","2020","2020","05","5","V52","Dietetics, Optometry and Podiatry","Euro",""
"HGO15C01","Median Weekly Earnings of Health Graduates","2020","2020","06","6","201","Dentistry","Euro",""
"HGO15C01","Median Weekly Earnings of Health Graduates","2020","2020","06","6","401","Medical Science","Euro",""
"HGO15C01","Median Weekly Earnings of Health Graduates","2020","2020","06","6","202","Medicine","Euro",""
"HGO15C01","Median Weekly Earnings of Health Graduates","2020","2020","06","6","30","Nursing and Midwifery","Euro",""
"HGO15C01","Median Weekly Earnings of Health Graduates","2020","2020","06","6","501","Occupational Therapy","Euro",""
"HGO15C01","Median Weekly Earnings of Health Graduates","2020","2020","06","6","60","Pharmacy","Euro",""
"HGO15C01","Median Weekly Earnings of Health Graduates","2020","2020","06","6","504","Physiotherapy","Euro",""
"HGO15C01","Median Weekly Earnings of Health Graduates","2020","2020","06","6","402","Radiography and Radiation Therapy","Euro",""
"HGO15C01","Median Weekly Earnings of Health Graduates","2020","2020","06","6","702","Social Care","Euro",""
"HGO15C01","Median Weekly Earnings of Health Graduates","2020","2020","06","6","701","Social Work","Euro",""
"HGO15C01","Median Weekly Earnings of Health Graduates","2020","2020","06","6","10","Speech and Language Therapy","Euro",""
"HGO15C01","Median Weekly Earnings of Health Graduates","2020","2020","06","6","V52","Dietetics, Optometry and Podiatry","Euro",""
"HGO15C01","Median Weekly Earnings of Health Graduates","2020","2020","07","7","201","Dentistry","Euro",""
"HGO15C01","Median Weekly Earnings of Health Graduates","2020","2020","07","7","401","Medical Science","Euro",""
"HGO15C01","Median Weekly Earnings of Health Graduates","2020","2020","07","7","202","Medicine","Euro",""
"HGO15C01","Median Weekly Earnings of Health Graduates","2020","2020","07","7","30","Nursing and Midwifery","Euro",""
"HGO15C01","Median Weekly Earnings of Health Graduates","2020","2020","07","7","501","Occupational Therapy","Euro",""
"HGO15C01","Median Weekly Earnings of Health Graduates","2020","2020","07","7","60","Pharmacy","Euro",""
"HGO15C01","Median Weekly Earnings of Health Graduates","2020","2020","07","7","504","Physiotherapy","Euro",""
"HGO15C01","Median Weekly Earnings of Health Graduates","2020","2020","07","7","402","Radiography and Radiation Therapy","Euro",""
"HGO15C01","Median Weekly Earnings of Health Graduates","2020","2020","07","7","702","Social Care","Euro",""
"HGO15C01","Median Weekly Earnings of Health Graduates","2020","2020","07","7","701","Social Work","Euro",""
"HGO15C01","Median Weekly Earnings of Health Graduates","2020","2020","07","7","10","Speech and Language Therapy","Euro",""
"HGO15C01","Median Weekly Earnings of Health Graduates","2020","2020","07","7","V52","Dietetics, Optometry and Podiatry","Euro",""
"HGO15C01","Median Weekly Earnings of Health Graduates","2020","2020","08","8","201","Dentistry","Euro",""
"HGO15C01","Median Weekly Earnings of Health Graduates","2020","2020","08","8","401","Medical Science","Euro",""
"HGO15C01","Median Weekly Earnings of Health Graduates","2020","2020","08","8","202","Medicine","Euro",""
"HGO15C01","Median Weekly Earnings of Health Graduates","2020","2020","08","8","30","Nursing and Midwifery","Euro",""
"HGO15C01","Median Weekly Earnings of Health Graduates","2020","2020","08","8","501","Occupational Therapy","Euro",""
"HGO15C01","Median Weekly Earnings of Health Graduates","2020","2020","08","8","60","Pharmacy","Euro",""
"HGO15C01","Median Weekly Earnings of Health Graduates","2020","2020","08","8","504","Physiotherapy","Euro",""
"HGO15C01","Median Weekly Earnings of Health Graduates","2020","2020","08","8","402","Radiography and Radiation Therapy","Euro",""
"HGO15C01","Median Weekly Earnings of Health Graduates","2020","2020","08","8","702","Social Care","Euro",""
"HGO15C01","Median Weekly Earnings of Health Graduates","2020","2020","08","8","701","Social Work","Euro",""
"HGO15C01","Median Weekly Earnings of Health Graduates","2020","2020","08","8","10","Speech and Language Therapy","Euro",""
"HGO15C01","Median Weekly Earnings of Health Graduates","2020","2020","08","8","V52","Dietetics, Optometry and Podiatry","Euro",""
"HGO15C01","Median Weekly Earnings of Health Graduates","2020","2020","09","9","201","Dentistry","Euro",""
"HGO15C01","Median Weekly Earnings of Health Graduates","2020","2020","09","9","401","Medical Science","Euro",""
"HGO15C01","Median Weekly Earnings of Health Graduates","2020","2020","09","9","202","Medicine","Euro",""
"HGO15C01","Median Weekly Earnings of Health Graduates","2020","2020","09","9","30","Nursing and Midwifery","Euro",""
"HGO15C01","Median Weekly Earnings of Health Graduates","2020","2020","09","9","501","Occupational Therapy","Euro",""
"HGO15C01","Median Weekly Earnings of Health Graduates","2020","2020","09","9","60","Pharmacy","Euro",""
"HGO15C01","Median Weekly Earnings of Health Graduates","2020","2020","09","9","504","Physiotherapy","Euro",""
"HGO15C01","Median Weekly Earnings of Health Graduates","2020","2020","09","9","402","Radiography and Radiation Therapy","Euro",""
"HGO15C01","Median Weekly Earnings of Health Graduates","2020","2020","09","9","702","Social Care","Euro",""
"HGO15C01","Median Weekly Earnings of Health Graduates","2020","2020","09","9","701","Social Work","Euro",""
"HGO15C01","Median Weekly Earnings of Health Graduates","2020","2020","09","9","10","Speech and Language Therapy","Euro",""
"HGO15C01","Median Weekly Earnings of Health Graduates","2020","2020","09","9","V52","Dietetics, Optometry and Podiatry","Euro",""
"HGO15C01","Median Weekly Earnings of Health Graduates","2020","2020","10","10","201","Dentistry","Euro",""
"HGO15C01","Median Weekly Earnings of Health Graduates","2020","2020","10","10","401","Medical Science","Euro",""
"HGO15C01","Median Weekly Earnings of Health Graduates","2020","2020","10","10","202","Medicine","Euro",""
"HGO15C01","Median Weekly Earnings of Health Graduates","2020","2020","10","10","30","Nursing and Midwifery","Euro",""
"HGO15C01","Median Weekly Earnings of Health Graduates","2020","2020","10","10","501","Occupational Therapy","Euro",""
"HGO15C01","Median Weekly Earnings of Health Graduates","2020","2020","10","10","60","Pharmacy","Euro",""
"HGO15C01","Median Weekly Earnings of Health Graduates","2020","2020","10","10","504","Physiotherapy","Euro",""
"HGO15C01","Median Weekly Earnings of Health Graduates","2020","2020","10","10","402","Radiography and Radiation Therapy","Euro",""
"HGO15C01","Median Weekly Earnings of Health Graduates","2020","2020","10","10","702","Social Care","Euro",""
"HGO15C01","Median Weekly Earnings of Health Graduates","2020","2020","10","10","701","Social Work","Euro",""
"HGO15C01","Median Weekly Earnings of Health Graduates","2020","2020","10","10","10","Speech and Language Therapy","Euro",""
"HGO15C01","Median Weekly Earnings of Health Graduates","2020","2020","10","10","V52","Dietetics, Optometry and Podiatry","Euro",""
"HGO15C01","Median Weekly Earnings of Health Graduates","2020","2020","11","11","201","Dentistry","Euro",""
"HGO15C01","Median Weekly Earnings of Health Graduates","2020","2020","11","11","401","Medical Science","Euro",""
"HGO15C01","Median Weekly Earnings of Health Graduates","2020","2020","11","11","202","Medicine","Euro",""
"HGO15C01","Median Weekly Earnings of Health Graduates","2020","2020","11","11","30","Nursing and Midwifery","Euro",""
"HGO15C01","Median Weekly Earnings of Health Graduates","2020","2020","11","11","501","Occupational Therapy","Euro",""
"HGO15C01","Median Weekly Earnings of Health Graduates","2020","2020","11","11","60","Pharmacy","Euro",""
"HGO15C01","Median Weekly Earnings of Health Graduates","2020","2020","11","11","504","Physiotherapy","Euro",""
"HGO15C01","Median Weekly Earnings of Health Graduates","2020","2020","11","11","402","Radiography and Radiation Therapy","Euro",""
"HGO15C01","Median Weekly Earnings of Health Graduates","2020","2020","11","11","702","Social Care","Euro",""
"HGO15C01","Median Weekly Earnings of Health Graduates","2020","2020","11","11","701","Social Work","Euro",""
"HGO15C01","Median Weekly Earnings of Health Graduates","2020","2020","11","11","10","Speech and Language Therapy","Euro",""
"HGO15C01","Median Weekly Earnings of Health Graduates","2020","2020","11","11","V52","Dietetics, Optometry and Podiatry","Euro",""
"HGO15C01","Median Weekly Earnings of Health Graduates","2020","2020","12","12","201","Dentistry","Euro",""
"HGO15C01","Median Weekly Earnings of Health Graduates","2020","2020","12","12","401","Medical Science","Euro",""
"HGO15C01","Median Weekly Earnings of Health Graduates","2020","2020","12","12","202","Medicine","Euro",""
"HGO15C01","Median Weekly Earnings of Health Graduates","2020","2020","12","12","30","Nursing and Midwifery","Euro",""
"HGO15C01","Median Weekly Earnings of Health Graduates","2020","2020","12","12","501","Occupational Therapy","Euro",""
"HGO15C01","Median Weekly Earnings of Health Graduates","2020","2020","12","12","60","Pharmacy","Euro",""
"HGO15C01","Median Weekly Earnings of Health Graduates","2020","2020","12","12","504","Physiotherapy","Euro",""
"HGO15C01","Median Weekly Earnings of Health Graduates","2020","2020","12","12","402","Radiography and Radiation Therapy","Euro",""
"HGO15C01","Median Weekly Earnings of Health Graduates","2020","2020","12","12","702","Social Care","Euro",""
"HGO15C01","Median Weekly Earnings of Health Graduates","2020","2020","12","12","701","Social Work","Euro",""
"HGO15C01","Median Weekly Earnings of Health Graduates","2020","2020","12","12","10","Speech and Language Therapy","Euro",""
"HGO15C01","Median Weekly Earnings of Health Graduates","2020","2020","12","12","V52","Dietetics, Optometry and Podiatry","Euro",""
"HGO15C01","Median Weekly Earnings of Health Graduates","2020","2020","13","13","201","Dentistry","Euro",""
"HGO15C01","Median Weekly Earnings of Health Graduates","2020","2020","13","13","401","Medical Science","Euro",""
"HGO15C01","Median Weekly Earnings of Health Graduates","2020","2020","13","13","202","Medicine","Euro",""
"HGO15C01","Median Weekly Earnings of Health Graduates","2020","2020","13","13","30","Nursing and Midwifery","Euro",""
"HGO15C01","Median Weekly Earnings of Health Graduates","2020","2020","13","13","501","Occupational Therapy","Euro",""
"HGO15C01","Median Weekly Earnings of Health Graduates","2020","2020","13","13","60","Pharmacy","Euro",""
"HGO15C01","Median Weekly Earnings of Health Graduates","2020","2020","13","13","504","Physiotherapy","Euro",""
"HGO15C01","Median Weekly Earnings of Health Graduates","2020","2020","13","13","402","Radiography and Radiation Therapy","Euro",""
"HGO15C01","Median Weekly Earnings of Health Graduates","2020","2020","13","13","702","Social Care","Euro",""
"HGO15C01","Median Weekly Earnings of Health Graduates","2020","2020","13","13","701","Social Work","Euro",""
"HGO15C01","Median Weekly Earnings of Health Graduates","2020","2020","13","13","10","Speech and Language Therapy","Euro",""
"HGO15C01","Median Weekly Earnings of Health Graduates","2020","2020","13","13","V52","Dietetics, Optometry and Podiatry","Euro",""
"HGO15C01","Median Weekly Earnings of Health Graduates","2021","2021","01","1","201","Dentistry","Euro","1299"
"HGO15C01","Median Weekly Earnings of Health Graduates","2021","2021","01","1","401","Medical Science","Euro","814"
"HGO15C01","Median Weekly Earnings of Health Graduates","2021","2021","01","1","202","Medicine","Euro","1241"
"HGO15C01","Median Weekly Earnings of Health Graduates","2021","2021","01","1","30","Nursing and Midwifery","Euro","855"
"HGO15C01","Median Weekly Earnings of Health Graduates","2021","2021","01","1","501","Occupational Therapy","Euro","731"
"HGO15C01","Median Weekly Earnings of Health Graduates","2021","2021","01","1","60","Pharmacy","Euro","1299"
"HGO15C01","Median Weekly Earnings of Health Graduates","2021","2021","01","1","504","Physiotherapy","Euro","748"
"HGO15C01","Median Weekly Earnings of Health Graduates","2021","2021","01","1","402","Radiography and Radiation Therapy","Euro","1105"
"HGO15C01","Median Weekly Earnings of Health Graduates","2021","2021","01","1","702","Social Care","Euro","660"
"HGO15C01","Median Weekly Earnings of Health Graduates","2021","2021","01","1","701","Social Work","Euro","845"
"HGO15C01","Median Weekly Earnings of Health Graduates","2021","2021","01","1","10","Speech and Language Therapy","Euro","727"
"HGO15C01","Median Weekly Earnings of Health Graduates","2021","2021","01","1","V52","Dietetics, Optometry and Podiatry","Euro","750"
"HGO15C01","Median Weekly Earnings of Health Graduates","2021","2021","02","2","201","Dentistry","Euro","1512"
"HGO15C01","Median Weekly Earnings of Health Graduates","2021","2021","02","2","401","Medical Science","Euro","1134"
"HGO15C01","Median Weekly Earnings of Health Graduates","2021","2021","02","2","202","Medicine","Euro","1464"
"HGO15C01","Median Weekly Earnings of Health Graduates","2021","2021","02","2","30","Nursing and Midwifery","Euro","945"
"HGO15C01","Median Weekly Earnings of Health Graduates","2021","2021","02","2","501","Occupational Therapy","Euro","820"
"HGO15C01","Median Weekly Earnings of Health Graduates","2021","2021","02","2","60","Pharmacy","Euro","1394"
"HGO15C01","Median Weekly Earnings of Health Graduates","2021","2021","02","2","504","Physiotherapy","Euro","838"
"HGO15C01","Median Weekly Earnings of Health Graduates","2021","2021","02","2","402","Radiography and Radiation Therapy","Euro","1274"
"HGO15C01","Median Weekly Earnings of Health Graduates","2021","2021","02","2","702","Social Care","Euro","709"
"HGO15C01","Median Weekly Earnings of Health Graduates","2021","2021","02","2","701","Social Work","Euro","933"
"HGO15C01","Median Weekly Earnings of Health Graduates","2021","2021","02","2","10","Speech and Language Therapy","Euro","807"
"HGO15C01","Median Weekly Earnings of Health Graduates","2021","2021","02","2","V52","Dietetics, Optometry and Podiatry","Euro","824"
"HGO15C01","Median Weekly Earnings of Health Graduates","2021","2021","03","3","201","Dentistry","Euro",""
"HGO15C01","Median Weekly Earnings of Health Graduates","2021","2021","03","3","401","Medical Science","Euro",""
"HGO15C01","Median Weekly Earnings of Health Graduates","2021","2021","03","3","202","Medicine","Euro",""
"HGO15C01","Median Weekly Earnings of Health Graduates","2021","2021","03","3","30","Nursing and Midwifery","Euro",""
"HGO15C01","Median Weekly Earnings of Health Graduates","2021","2021","03","3","501","Occupational Therapy","Euro",""
"HGO15C01","Median Weekly Earnings of Health Graduates","2021","2021","03","3","60","Pharmacy","Euro",""
"HGO15C01","Median Weekly Earnings of Health Graduates","2021","2021","03","3","504","Physiotherapy","Euro",""
"HGO15C01","Median Weekly Earnings of Health Graduates","2021","2021","03","3","402","Radiography and Radiation Therapy","Euro",""
"HGO15C01","Median Weekly Earnings of Health Graduates","2021","2021","03","3","702","Social Care","Euro",""
"HGO15C01","Median Weekly Earnings of Health Graduates","2021","2021","03","3","701","Social Work","Euro",""
"HGO15C01","Median Weekly Earnings of Health Graduates","2021","2021","03","3","10","Speech and Language Therapy","Euro",""
"HGO15C01","Median Weekly Earnings of Health Graduates","2021","2021","03","3","V52","Dietetics, Optometry and Podiatry","Euro",""
"HGO15C01","Median Weekly Earnings of Health Graduates","2021","2021","04","4","201","Dentistry","Euro",""
"HGO15C01","Median Weekly Earnings of Health Graduates","2021","2021","04","4","401","Medical Science","Euro",""
"HGO15C01","Median Weekly Earnings of Health Graduates","2021","2021","04","4","202","Medicine","Euro",""
"HGO15C01","Median Weekly Earnings of Health Graduates","2021","2021","04","4","30","Nursing and Midwifery","Euro",""
"HGO15C01","Median Weekly Earnings of Health Graduates","2021","2021","04","4","501","Occupational Therapy","Euro",""
"HGO15C01","Median Weekly Earnings of Health Graduates","2021","2021","04","4","60","Pharmacy","Euro",""
"HGO15C01","Median Weekly Earnings of Health Graduates","2021","2021","04","4","504","Physiotherapy","Euro",""
"HGO15C01","Median Weekly Earnings of Health Graduates","2021","2021","04","4","402","Radiography and Radiation Therapy","Euro",""
"HGO15C01","Median Weekly Earnings of Health Graduates","2021","2021","04","4","702","Social Care","Euro",""
"HGO15C01","Median Weekly Earnings of Health Graduates","2021","2021","04","4","701","Social Work","Euro",""
"HGO15C01","Median Weekly Earnings of Health Graduates","2021","2021","04","4","10","Speech and Language Therapy","Euro",""
"HGO15C01","Median Weekly Earnings of Health Graduates","2021","2021","04","4","V52","Dietetics, Optometry and Podiatry","Euro",""
"HGO15C01","Median Weekly Earnings of Health Graduates","2021","2021","05","5","201","Dentistry","Euro",""
"HGO15C01","Median Weekly Earnings of Health Graduates","2021","2021","05","5","401","Medical Science","Euro",""
"HGO15C01","Median Weekly Earnings of Health Graduates","2021","2021","05","5","202","Medicine","Euro",""
"HGO15C01","Median Weekly Earnings of Health Graduates","2021","2021","05","5","30","Nursing and Midwifery","Euro",""
"HGO15C01","Median Weekly Earnings of Health Graduates","2021","2021","05","5","501","Occupational Therapy","Euro",""
"HGO15C01","Median Weekly Earnings of Health Graduates","2021","2021","05","5","60","Pharmacy","Euro",""
"HGO15C01","Median Weekly Earnings of Health Graduates","2021","2021","05","5","504","Physiotherapy","Euro",""
"HGO15C01","Median Weekly Earnings of Health Graduates","2021","2021","05","5","402","Radiography and Radiation Therapy","Euro",""
"HGO15C01","Median Weekly Earnings of Health Graduates","2021","2021","05","5","702","Social Care","Euro",""
"HGO15C01","Median Weekly Earnings of Health Graduates","2021","2021","05","5","701","Social Work","Euro",""
"HGO15C01","Median Weekly Earnings of Health Graduates","2021","2021","05","5","10","Speech and Language Therapy","Euro",""
"HGO15C01","Median Weekly Earnings of Health Graduates","2021","2021","05","5","V52","Dietetics, Optometry and Podiatry","Euro",""
"HGO15C01","Median Weekly Earnings of Health Graduates","2021","2021","06","6","201","Dentistry","Euro",""
"HGO15C01","Median Weekly Earnings of Health Graduates","2021","2021","06","6","401","Medical Science","Euro",""
"HGO15C01","Median Weekly Earnings of Health Graduates","2021","2021","06","6","202","Medicine","Euro",""
"HGO15C01","Median Weekly Earnings of Health Graduates","2021","2021","06","6","30","Nursing and Midwifery","Euro",""
"HGO15C01","Median Weekly Earnings of Health Graduates","2021","2021","06","6","501","Occupational Therapy","Euro",""
"HGO15C01","Median Weekly Earnings of Health Graduates","2021","2021","06","6","60","Pharmacy","Euro",""
"HGO15C01","Median Weekly Earnings of Health Graduates","2021","2021","06","6","504","Physiotherapy","Euro",""
"HGO15C01","Median Weekly Earnings of Health Graduates","2021","2021","06","6","402","Radiography and Radiation Therapy","Euro",""
"HGO15C01","Median Weekly Earnings of Health Graduates","2021","2021","06","6","702","Social Care","Euro",""
"HGO15C01","Median Weekly Earnings of Health Graduates","2021","2021","06","6","701","Social Work","Euro",""
"HGO15C01","Median Weekly Earnings of Health Graduates","2021","2021","06","6","10","Speech and Language Therapy","Euro",""
"HGO15C01","Median Weekly Earnings of Health Graduates","2021","2021","06","6","V52","Dietetics, Optometry and Podiatry","Euro",""
"HGO15C01","Median Weekly Earnings of Health Graduates","2021","2021","07","7","201","Dentistry","Euro",""
"HGO15C01","Median Weekly Earnings of Health Graduates","2021","2021","07","7","401","Medical Science","Euro",""
"HGO15C01","Median Weekly Earnings of Health Graduates","2021","2021","07","7","202","Medicine","Euro",""
"HGO15C01","Median Weekly Earnings of Health Graduates","2021","2021","07","7","30","Nursing and Midwifery","Euro",""
"HGO15C01","Median Weekly Earnings of Health Graduates","2021","2021","07","7","501","Occupational Therapy","Euro",""
"HGO15C01","Median Weekly Earnings of Health Graduates","2021","2021","07","7","60","Pharmacy","Euro",""
"HGO15C01","Median Weekly Earnings of Health Graduates","2021","2021","07","7","504","Physiotherapy","Euro",""
"HGO15C01","Median Weekly Earnings of Health Graduates","2021","2021","07","7","402","Radiography and Radiation Therapy","Euro",""
"HGO15C01","Median Weekly Earnings of Health Graduates","2021","2021","07","7","702","Social Care","Euro",""
"HGO15C01","Median Weekly Earnings of Health Graduates","2021","2021","07","7","701","Social Work","Euro",""
"HGO15C01","Median Weekly Earnings of Health Graduates","2021","2021","07","7","10","Speech and Language Therapy","Euro",""
"HGO15C01","Median Weekly Earnings of Health Graduates","2021","2021","07","7","V52","Dietetics, Optometry and Podiatry","Euro",""
"HGO15C01","Median Weekly Earnings of Health Graduates","2021","2021","08","8","201","Dentistry","Euro",""
"HGO15C01","Median Weekly Earnings of Health Graduates","2021","2021","08","8","401","Medical Science","Euro",""
"HGO15C01","Median Weekly Earnings of Health Graduates","2021","2021","08","8","202","Medicine","Euro",""
"HGO15C01","Median Weekly Earnings of Health Graduates","2021","2021","08","8","30","Nursing and Midwifery","Euro",""
"HGO15C01","Median Weekly Earnings of Health Graduates","2021","2021","08","8","501","Occupational Therapy","Euro",""
"HGO15C01","Median Weekly Earnings of Health Graduates","2021","2021","08","8","60","Pharmacy","Euro",""
"HGO15C01","Median Weekly Earnings of Health Graduates","2021","2021","08","8","504","Physiotherapy","Euro",""
"HGO15C01","Median Weekly Earnings of Health Graduates","2021","2021","08","8","402","Radiography and Radiation Therapy","Euro",""
"HGO15C01","Median Weekly Earnings of Health Graduates","2021","2021","08","8","702","Social Care","Euro",""
"HGO15C01","Median Weekly Earnings of Health Graduates","2021","2021","08","8","701","Social Work","Euro",""
"HGO15C01","Median Weekly Earnings of Health Graduates","2021","2021","08","8","10","Speech and Language Therapy","Euro",""
"HGO15C01","Median Weekly Earnings of Health Graduates","2021","2021","08","8","V52","Dietetics, Optometry and Podiatry","Euro",""
"HGO15C01","Median Weekly Earnings of Health Graduates","2021","2021","09","9","201","Dentistry","Euro",""
"HGO15C01","Median Weekly Earnings of Health Graduates","2021","2021","09","9","401","Medical Science","Euro",""
"HGO15C01","Median Weekly Earnings of Health Graduates","2021","2021","09","9","202","Medicine","Euro",""
"HGO15C01","Median Weekly Earnings of Health Graduates","2021","2021","09","9","30","Nursing and Midwifery","Euro",""
"HGO15C01","Median Weekly Earnings of Health Graduates","2021","2021","09","9","501","Occupational Therapy","Euro",""
"HGO15C01","Median Weekly Earnings of Health Graduates","2021","2021","09","9","60","Pharmacy","Euro",""
"HGO15C01","Median Weekly Earnings of Health Graduates","2021","2021","09","9","504","Physiotherapy","Euro",""
"HGO15C01","Median Weekly Earnings of Health Graduates","2021","2021","09","9","402","Radiography and Radiation Therapy","Euro",""
"HGO15C01","Median Weekly Earnings of Health Graduates","2021","2021","09","9","702","Social Care","Euro",""
"HGO15C01","Median Weekly Earnings of Health Graduates","2021","2021","09","9","701","Social Work","Euro",""
"HGO15C01","Median Weekly Earnings of Health Graduates","2021","2021","09","9","10","Speech and Language Therapy","Euro",""
"HGO15C01","Median Weekly Earnings of Health Graduates","2021","2021","09","9","V52","Dietetics, Optometry and Podiatry","Euro",""
"HGO15C01","Median Weekly Earnings of Health Graduates","2021","2021","10","10","201","Dentistry","Euro",""
"HGO15C01","Median Weekly Earnings of Health Graduates","2021","2021","10","10","401","Medical Science","Euro",""
"HGO15C01","Median Weekly Earnings of Health Graduates","2021","2021","10","10","202","Medicine","Euro",""
"HGO15C01","Median Weekly Earnings of Health Graduates","2021","2021","10","10","30","Nursing and Midwifery","Euro",""
"HGO15C01","Median Weekly Earnings of Health Graduates","2021","2021","10","10","501","Occupational Therapy","Euro",""
"HGO15C01","Median Weekly Earnings of Health Graduates","2021","2021","10","10","60","Pharmacy","Euro",""
"HGO15C01","Median Weekly Earnings of Health Graduates","2021","2021","10","10","504","Physiotherapy","Euro",""
"HGO15C01","Median Weekly Earnings of Health Graduates","2021","2021","10","10","402","Radiography and Radiation Therapy","Euro",""
"HGO15C01","Median Weekly Earnings of Health Graduates","2021","2021","10","10","702","Social Care","Euro",""
"HGO15C01","Median Weekly Earnings of Health Graduates","2021","2021","10","10","701","Social Work","Euro",""
"HGO15C01","Median Weekly Earnings of Health Graduates","2021","2021","10","10","10","Speech and Language Therapy","Euro",""
"HGO15C01","Median Weekly Earnings of Health Graduates","2021","2021","10","10","V52","Dietetics, Optometry and Podiatry","Euro",""
"HGO15C01","Median Weekly Earnings of Health Graduates","2021","2021","11","11","201","Dentistry","Euro",""
"HGO15C01","Median Weekly Earnings of Health Graduates","2021","2021","11","11","401","Medical Science","Euro",""
"HGO15C01","Median Weekly Earnings of Health Graduates","2021","2021","11","11","202","Medicine","Euro",""
"HGO15C01","Median Weekly Earnings of Health Graduates","2021","2021","11","11","30","Nursing and Midwifery","Euro",""
"HGO15C01","Median Weekly Earnings of Health Graduates","2021","2021","11","11","501","Occupational Therapy","Euro",""
"HGO15C01","Median Weekly Earnings of Health Graduates","2021","2021","11","11","60","Pharmacy","Euro",""
"HGO15C01","Median Weekly Earnings of Health Graduates","2021","2021","11","11","504","Physiotherapy","Euro",""
"HGO15C01","Median Weekly Earnings of Health Graduates","2021","2021","11","11","402","Radiography and Radiation Therapy","Euro",""
"HGO15C01","Median Weekly Earnings of Health Graduates","2021","2021","11","11","702","Social Care","Euro",""
"HGO15C01","Median Weekly Earnings of Health Graduates","2021","2021","11","11","701","Social Work","Euro",""
"HGO15C01","Median Weekly Earnings of Health Graduates","2021","2021","11","11","10","Speech and Language Therapy","Euro",""
"HGO15C01","Median Weekly Earnings of Health Graduates","2021","2021","11","11","V52","Dietetics, Optometry and Podiatry","Euro",""
"HGO15C01","Median Weekly Earnings of Health Graduates","2021","2021","12","12","201","Dentistry","Euro",""
"HGO15C01","Median Weekly Earnings of Health Graduates","2021","2021","12","12","401","Medical Science","Euro",""
"HGO15C01","Median Weekly Earnings of Health Graduates","2021","2021","12","12","202","Medicine","Euro",""
"HGO15C01","Median Weekly Earnings of Health Graduates","2021","2021","12","12","30","Nursing and Midwifery","Euro",""
"HGO15C01","Median Weekly Earnings of Health Graduates","2021","2021","12","12","501","Occupational Therapy","Euro",""
"HGO15C01","Median Weekly Earnings of Health Graduates","2021","2021","12","12","60","Pharmacy","Euro",""
"HGO15C01","Median Weekly Earnings of Health Graduates","2021","2021","12","12","504","Physiotherapy","Euro",""
"HGO15C01","Median Weekly Earnings of Health Graduates","2021","2021","12","12","402","Radiography and Radiation Therapy","Euro",""
"HGO15C01","Median Weekly Earnings of Health Graduates","2021","2021","12","12","702","Social Care","Euro",""
"HGO15C01","Median Weekly Earnings of Health Graduates","2021","2021","12","12","701","Social Work","Euro",""
"HGO15C01","Median Weekly Earnings of Health Graduates","2021","2021","12","12","10","Speech and Language Therapy","Euro",""
"HGO15C01","Median Weekly Earnings of Health Graduates","2021","2021","12","12","V52","Dietetics, Optometry and Podiatry","Euro",""
"HGO15C01","Median Weekly Earnings of Health Graduates","2021","2021","13","13","201","Dentistry","Euro",""
"HGO15C01","Median Weekly Earnings of Health Graduates","2021","2021","13","13","401","Medical Science","Euro",""
"HGO15C01","Median Weekly Earnings of Health Graduates","2021","2021","13","13","202","Medicine","Euro",""
"HGO15C01","Median Weekly Earnings of Health Graduates","2021","2021","13","13","30","Nursing and Midwifery","Euro",""
"HGO15C01","Median Weekly Earnings of Health Graduates","2021","2021","13","13","501","Occupational Therapy","Euro",""
"HGO15C01","Median Weekly Earnings of Health Graduates","2021","2021","13","13","60","Pharmacy","Euro",""
"HGO15C01","Median Weekly Earnings of Health Graduates","2021","2021","13","13","504","Physiotherapy","Euro",""
"HGO15C01","Median Weekly Earnings of Health Graduates","2021","2021","13","13","402","Radiography and Radiation Therapy","Euro",""
"HGO15C01","Median Weekly Earnings of Health Graduates","2021","2021","13","13","702","Social Care","Euro",""
"HGO15C01","Median Weekly Earnings of Health Graduates","2021","2021","13","13","701","Social Work","Euro",""
"HGO15C01","Median Weekly Earnings of Health Graduates","2021","2021","13","13","10","Speech and Language Therapy","Euro",""
"HGO15C01","Median Weekly Earnings of Health Graduates","2021","2021","13","13","V52","Dietetics, Optometry and Podiatry","Euro",""
"HGO15C01","Median Weekly Earnings of Health Graduates","2022","2022","01","1","201","Dentistry","Euro",""
"HGO15C01","Median Weekly Earnings of Health Graduates","2022","2022","01","1","401","Medical Science","Euro","902"
"HGO15C01","Median Weekly Earnings of Health Graduates","2022","2022","01","1","202","Medicine","Euro","1354"
"HGO15C01","Median Weekly Earnings of Health Graduates","2022","2022","01","1","30","Nursing and Midwifery","Euro","894"
"HGO15C01","Median Weekly Earnings of Health Graduates","2022","2022","01","1","501","Occupational Therapy","Euro","775"
"HGO15C01","Median Weekly Earnings of Health Graduates","2022","2022","01","1","60","Pharmacy","Euro","1320"
"HGO15C01","Median Weekly Earnings of Health Graduates","2022","2022","01","1","504","Physiotherapy","Euro","790"
"HGO15C01","Median Weekly Earnings of Health Graduates","2022","2022","01","1","402","Radiography and Radiation Therapy","Euro","1195"
"HGO15C01","Median Weekly Earnings of Health Graduates","2022","2022","01","1","702","Social Care","Euro","671"
"HGO15C01","Median Weekly Earnings of Health Graduates","2022","2022","01","1","701","Social Work","Euro","880"
"HGO15C01","Median Weekly Earnings of Health Graduates","2022","2022","01","1","10","Speech and Language Therapy","Euro","759"
"HGO15C01","Median Weekly Earnings of Health Graduates","2022","2022","01","1","V52","Dietetics, Optometry and Podiatry","Euro","791"
"HGO15C01","Median Weekly Earnings of Health Graduates","2022","2022","02","2","201","Dentistry","Euro",""
"HGO15C01","Median Weekly Earnings of Health Graduates","2022","2022","02","2","401","Medical Science","Euro",""
"HGO15C01","Median Weekly Earnings of Health Graduates","2022","2022","02","2","202","Medicine","Euro",""
"HGO15C01","Median Weekly Earnings of Health Graduates","2022","2022","02","2","30","Nursing and Midwifery","Euro",""
"HGO15C01","Median Weekly Earnings of Health Graduates","2022","2022","02","2","501","Occupational Therapy","Euro",""
"HGO15C01","Median Weekly Earnings of Health Graduates","2022","2022","02","2","60","Pharmacy","Euro",""
"HGO15C01","Median Weekly Earnings of Health Graduates","2022","2022","02","2","504","Physiotherapy","Euro",""
"HGO15C01","Median Weekly Earnings of Health Graduates","2022","2022","02","2","402","Radiography and Radiation Therapy","Euro",""
"HGO15C01","Median Weekly Earnings of Health Graduates","2022","2022","02","2","702","Social Care","Euro",""
"HGO15C01","Median Weekly Earnings of Health Graduates","2022","2022","02","2","701","Social Work","Euro",""
"HGO15C01","Median Weekly Earnings of Health Graduates","2022","2022","02","2","10","Speech and Language Therapy","Euro",""
"HGO15C01","Median Weekly Earnings of Health Graduates","2022","2022","02","2","V52","Dietetics, Optometry and Podiatry","Euro",""
"HGO15C01","Median Weekly Earnings of Health Graduates","2022","2022","03","3","201","Dentistry","Euro",""
"HGO15C01","Median Weekly Earnings of Health Graduates","2022","2022","03","3","401","Medical Science","Euro",""
"HGO15C01","Median Weekly Earnings of Health Graduates","2022","2022","03","3","202","Medicine","Euro",""
"HGO15C01","Median Weekly Earnings of Health Graduates","2022","2022","03","3","30","Nursing and Midwifery","Euro",""
"HGO15C01","Median Weekly Earnings of Health Graduates","2022","2022","03","3","501","Occupational Therapy","Euro",""
"HGO15C01","Median Weekly Earnings of Health Graduates","2022","2022","03","3","60","Pharmacy","Euro",""
"HGO15C01","Median Weekly Earnings of Health Graduates","2022","2022","03","3","504","Physiotherapy","Euro",""
"HGO15C01","Median Weekly Earnings of Health Graduates","2022","2022","03","3","402","Radiography and Radiation Therapy","Euro",""
"HGO15C01","Median Weekly Earnings of Health Graduates","2022","2022","03","3","702","Social Care","Euro",""
"HGO15C01","Median Weekly Earnings of Health Graduates","2022","2022","03","3","701","Social Work","Euro",""
"HGO15C01","Median Weekly Earnings of Health Graduates","2022","2022","03","3","10","Speech and Language Therapy","Euro",""
"HGO15C01","Median Weekly Earnings of Health Graduates","2022","2022","03","3","V52","Dietetics, Optometry and Podiatry","Euro",""
"HGO15C01","Median Weekly Earnings of Health Graduates","2022","2022","04","4","201","Dentistry","Euro",""
"HGO15C01","Median Weekly Earnings of Health Graduates","2022","2022","04","4","401","Medical Science","Euro",""
"HGO15C01","Median Weekly Earnings of Health Graduates","2022","2022","04","4","202","Medicine","Euro",""
"HGO15C01","Median Weekly Earnings of Health Graduates","2022","2022","04","4","30","Nursing and Midwifery","Euro",""
"HGO15C01","Median Weekly Earnings of Health Graduates","2022","2022","04","4","501","Occupational Therapy","Euro",""
"HGO15C01","Median Weekly Earnings of Health Graduates","2022","2022","04","4","60","Pharmacy","Euro",""
"HGO15C01","Median Weekly Earnings of Health Graduates","2022","2022","04","4","504","Physiotherapy","Euro",""
"HGO15C01","Median Weekly Earnings of Health Graduates","2022","2022","04","4","402","Radiography and Radiation Therapy","Euro",""
"HGO15C01","Median Weekly Earnings of Health Graduates","2022","2022","04","4","702","Social Care","Euro",""
"HGO15C01","Median Weekly Earnings of Health Graduates","2022","2022","04","4","701","Social Work","Euro",""
"HGO15C01","Median Weekly Earnings of Health Graduates","2022","2022","04","4","10","Speech and Language Therapy","Euro",""
"HGO15C01","Median Weekly Earnings of Health Graduates","2022","2022","04","4","V52","Dietetics, Optometry and Podiatry","Euro",""
"HGO15C01","Median Weekly Earnings of Health Graduates","2022","2022","05","5","201","Dentistry","Euro",""
"HGO15C01","Median Weekly Earnings of Health Graduates","2022","2022","05","5","401","Medical Science","Euro",""
"HGO15C01","Median Weekly Earnings of Health Graduates","2022","2022","05","5","202","Medicine","Euro",""
"HGO15C01","Median Weekly Earnings of Health Graduates","2022","2022","05","5","30","Nursing and Midwifery","Euro",""
"HGO15C01","Median Weekly Earnings of Health Graduates","2022","2022","05","5","501","Occupational Therapy","Euro",""
"HGO15C01","Median Weekly Earnings of Health Graduates","2022","2022","05","5","60","Pharmacy","Euro",""
"HGO15C01","Median Weekly Earnings of Health Graduates","2022","2022","05","5","504","Physiotherapy","Euro",""
"HGO15C01","Median Weekly Earnings of Health Graduates","2022","2022","05","5","402","Radiography and Radiation Therapy","Euro",""
"HGO15C01","Median Weekly Earnings of Health Graduates","2022","2022","05","5","702","Social Care","Euro",""
"HGO15C01","Median Weekly Earnings of Health Graduates","2022","2022","05","5","701","Social Work","Euro",""
"HGO15C01","Median Weekly Earnings of Health Graduates","2022","2022","05","5","10","Speech and Language Therapy","Euro",""
"HGO15C01","Median Weekly Earnings of Health Graduates","2022","2022","05","5","V52","Dietetics, Optometry and Podiatry","Euro",""
"HGO15C01","Median Weekly Earnings of Health Graduates","2022","2022","06","6","201","Dentistry","Euro",""
"HGO15C01","Median Weekly Earnings of Health Graduates","2022","2022","06","6","401","Medical Science","Euro",""
"HGO15C01","Median Weekly Earnings of Health Graduates","2022","2022","06","6","202","Medicine","Euro",""
"HGO15C01","Median Weekly Earnings of Health Graduates","2022","2022","06","6","30","Nursing and Midwifery","Euro",""
"HGO15C01","Median Weekly Earnings of Health Graduates","2022","2022","06","6","501","Occupational Therapy","Euro",""
"HGO15C01","Median Weekly Earnings of Health Graduates","2022","2022","06","6","60","Pharmacy","Euro",""
"HGO15C01","Median Weekly Earnings of Health Graduates","2022","2022","06","6","504","Physiotherapy","Euro",""
"HGO15C01","Median Weekly Earnings of Health Graduates","2022","2022","06","6","402","Radiography and Radiation Therapy","Euro",""
"HGO15C01","Median Weekly Earnings of Health Graduates","2022","2022","06","6","702","Social Care","Euro",""
"HGO15C01","Median Weekly Earnings of Health Graduates","2022","2022","06","6","701","Social Work","Euro",""
"HGO15C01","Median Weekly Earnings of Health Graduates","2022","2022","06","6","10","Speech and Language Therapy","Euro",""
"HGO15C01","Median Weekly Earnings of Health Graduates","2022","2022","06","6","V52","Dietetics, Optometry and Podiatry","Euro",""
"HGO15C01","Median Weekly Earnings of Health Graduates","2022","2022","07","7","201","Dentistry","Euro",""
"HGO15C01","Median Weekly Earnings of Health Graduates","2022","2022","07","7","401","Medical Science","Euro",""
"HGO15C01","Median Weekly Earnings of Health Graduates","2022","2022","07","7","202","Medicine","Euro",""
"HGO15C01","Median Weekly Earnings of Health Graduates","2022","2022","07","7","30","Nursing and Midwifery","Euro",""
"HGO15C01","Median Weekly Earnings of Health Graduates","2022","2022","07","7","501","Occupational Therapy","Euro",""
"HGO15C01","Median Weekly Earnings of Health Graduates","2022","2022","07","7","60","Pharmacy","Euro",""
"HGO15C01","Median Weekly Earnings of Health Graduates","2022","2022","07","7","504","Physiotherapy","Euro",""
"HGO15C01","Median Weekly Earnings of Health Graduates","2022","2022","07","7","402","Radiography and Radiation Therapy","Euro",""
"HGO15C01","Median Weekly Earnings of Health Graduates","2022","2022","07","7","702","Social Care","Euro",""
"HGO15C01","Median Weekly Earnings of Health Graduates","2022","2022","07","7","701","Social Work","Euro",""
"HGO15C01","Median Weekly Earnings of Health Graduates","2022","2022","07","7","10","Speech and Language Therapy","Euro",""
"HGO15C01","Median Weekly Earnings of Health Graduates","2022","2022","07","7","V52","Dietetics, Optometry and Podiatry","Euro",""
"HGO15C01","Median Weekly Earnings of Health Graduates","2022","2022","08","8","201","Dentistry","Euro",""
"HGO15C01","Median Weekly Earnings of Health Graduates","2022","2022","08","8","401","Medical Science","Euro",""
"HGO15C01","Median Weekly Earnings of Health Graduates","2022","2022","08","8","202","Medicine","Euro",""
"HGO15C01","Median Weekly Earnings of Health Graduates","2022","2022","08","8","30","Nursing and Midwifery","Euro",""
"HGO15C01","Median Weekly Earnings of Health Graduates","2022","2022","08","8","501","Occupational Therapy","Euro",""
"HGO15C01","Median Weekly Earnings of Health Graduates","2022","2022","08","8","60","Pharmacy","Euro",""
"HGO15C01","Median Weekly Earnings of Health Graduates","2022","2022","08","8","504","Physiotherapy","Euro",""
"HGO15C01","Median Weekly Earnings of Health Graduates","2022","2022","08","8","402","Radiography and Radiation Therapy","Euro",""
"HGO15C01","Median Weekly Earnings of Health Graduates","2022","2022","08","8","702","Social Care","Euro",""
"HGO15C01","Median Weekly Earnings of Health Graduates","2022","2022","08","8","701","Social Work","Euro",""
"HGO15C01","Median Weekly Earnings of Health Graduates","2022","2022","08","8","10","Speech and Language Therapy","Euro",""
"HGO15C01","Median Weekly Earnings of Health Graduates","2022","2022","08","8","V52","Dietetics, Optometry and Podiatry","Euro",""
"HGO15C01","Median Weekly Earnings of Health Graduates","2022","2022","09","9","201","Dentistry","Euro",""
"HGO15C01","Median Weekly Earnings of Health Graduates","2022","2022","09","9","401","Medical Science","Euro",""
"HGO15C01","Median Weekly Earnings of Health Graduates","2022","2022","09","9","202","Medicine","Euro",""
"HGO15C01","Median Weekly Earnings of Health Graduates","2022","2022","09","9","30","Nursing and Midwifery","Euro",""
"HGO15C01","Median Weekly Earnings of Health Graduates","2022","2022","09","9","501","Occupational Therapy","Euro",""
"HGO15C01","Median Weekly Earnings of Health Graduates","2022","2022","09","9","60","Pharmacy","Euro",""
"HGO15C01","Median Weekly Earnings of Health Graduates","2022","2022","09","9","504","Physiotherapy","Euro",""
"HGO15C01","Median Weekly Earnings of Health Graduates","2022","2022","09","9","402","Radiography and Radiation Therapy","Euro",""
"HGO15C01","Median Weekly Earnings of Health Graduates","2022","2022","09","9","702","Social Care","Euro",""
"HGO15C01","Median Weekly Earnings of Health Graduates","2022","2022","09","9","701","Social Work","Euro",""
"HGO15C01","Median Weekly Earnings of Health Graduates","2022","2022","09","9","10","Speech and Language Therapy","Euro",""
"HGO15C01","Median Weekly Earnings of Health Graduates","2022","2022","09","9","V52","Dietetics, Optometry and Podiatry","Euro",""
"HGO15C01","Median Weekly Earnings of Health Graduates","2022","2022","10","10","201","Dentistry","Euro",""
"HGO15C01","Median Weekly Earnings of Health Graduates","2022","2022","10","10","401","Medical Science","Euro",""
"HGO15C01","Median Weekly Earnings of Health Graduates","2022","2022","10","10","202","Medicine","Euro",""
"HGO15C01","Median Weekly Earnings of Health Graduates","2022","2022","10","10","30","Nursing and Midwifery","Euro",""
"HGO15C01","Median Weekly Earnings of Health Graduates","2022","2022","10","10","501","Occupational Therapy","Euro",""
"HGO15C01","Median Weekly Earnings of Health Graduates","2022","2022","10","10","60","Pharmacy","Euro",""
"HGO15C01","Median Weekly Earnings of Health Graduates","2022","2022","10","10","504","Physiotherapy","Euro",""
"HGO15C01","Median Weekly Earnings of Health Graduates","2022","2022","10","10","402","Radiography and Radiation Therapy","Euro",""
"HGO15C01","Median Weekly Earnings of Health Graduates","2022","2022","10","10","702","Social Care","Euro",""
"HGO15C01","Median Weekly Earnings of Health Graduates","2022","2022","10","10","701","Social Work","Euro",""
"HGO15C01","Median Weekly Earnings of Health Graduates","2022","2022","10","10","10","Speech and Language Therapy","Euro",""
"HGO15C01","Median Weekly Earnings of Health Graduates","2022","2022","10","10","V52","Dietetics, Optometry and Podiatry","Euro",""
"HGO15C01","Median Weekly Earnings of Health Graduates","2022","2022","11","11","201","Dentistry","Euro",""
"HGO15C01","Median Weekly Earnings of Health Graduates","2022","2022","11","11","401","Medical Science","Euro",""
"HGO15C01","Median Weekly Earnings of Health Graduates","2022","2022","11","11","202","Medicine","Euro",""
"HGO15C01","Median Weekly Earnings of Health Graduates","2022","2022","11","11","30","Nursing and Midwifery","Euro",""
"HGO15C01","Median Weekly Earnings of Health Graduates","2022","2022","11","11","501","Occupational Therapy","Euro",""
"HGO15C01","Median Weekly Earnings of Health Graduates","2022","2022","11","11","60","Pharmacy","Euro",""
"HGO15C01","Median Weekly Earnings of Health Graduates","2022","2022","11","11","504","Physiotherapy","Euro",""
"HGO15C01","Median Weekly Earnings of Health Graduates","2022","2022","11","11","402","Radiography and Radiation Therapy","Euro",""
"HGO15C01","Median Weekly Earnings of Health Graduates","2022","2022","11","11","702","Social Care","Euro",""
"HGO15C01","Median Weekly Earnings of Health Graduates","2022","2022","11","11","701","Social Work","Euro",""
"HGO15C01","Median Weekly Earnings of Health Graduates","2022","2022","11","11","10","Speech and Language Therapy","Euro",""
"HGO15C01","Median Weekly Earnings of Health Graduates","2022","2022","11","11","V52","Dietetics, Optometry and Podiatry","Euro",""
"HGO15C01","Median Weekly Earnings of Health Graduates","2022","2022","12","12","201","Dentistry","Euro",""
"HGO15C01","Median Weekly Earnings of Health Graduates","2022","2022","12","12","401","Medical Science","Euro",""
"HGO15C01","Median Weekly Earnings of Health Graduates","2022","2022","12","12","202","Medicine","Euro",""
"HGO15C01","Median Weekly Earnings of Health Graduates","2022","2022","12","12","30","Nursing and Midwifery","Euro",""
"HGO15C01","Median Weekly Earnings of Health Graduates","2022","2022","12","12","501","Occupational Therapy","Euro",""
"HGO15C01","Median Weekly Earnings of Health Graduates","2022","2022","12","12","60","Pharmacy","Euro",""
"HGO15C01","Median Weekly Earnings of Health Graduates","2022","2022","12","12","504","Physiotherapy","Euro",""
"HGO15C01","Median Weekly Earnings of Health Graduates","2022","2022","12","12","402","Radiography and Radiation Therapy","Euro",""
"HGO15C01","Median Weekly Earnings of Health Graduates","2022","2022","12","12","702","Social Care","Euro",""
"HGO15C01","Median Weekly Earnings of Health Graduates","2022","2022","12","12","701","Social Work","Euro",""
"HGO15C01","Median Weekly Earnings of Health Graduates","2022","2022","12","12","10","Speech and Language Therapy","Euro",""
"HGO15C01","Median Weekly Earnings of Health Graduates","2022","2022","12","12","V52","Dietetics, Optometry and Podiatry","Euro",""
"HGO15C01","Median Weekly Earnings of Health Graduates","2022","2022","13","13","201","Dentistry","Euro",""
"HGO15C01","Median Weekly Earnings of Health Graduates","2022","2022","13","13","401","Medical Science","Euro",""
"HGO15C01","Median Weekly Earnings of Health Graduates","2022","2022","13","13","202","Medicine","Euro",""
"HGO15C01","Median Weekly Earnings of Health Graduates","2022","2022","13","13","30","Nursing and Midwifery","Euro",""
"HGO15C01","Median Weekly Earnings of Health Graduates","2022","2022","13","13","501","Occupational Therapy","Euro",""
"HGO15C01","Median Weekly Earnings of Health Graduates","2022","2022","13","13","60","Pharmacy","Euro",""
"HGO15C01","Median Weekly Earnings of Health Graduates","2022","2022","13","13","504","Physiotherapy","Euro",""
"HGO15C01","Median Weekly Earnings of Health Graduates","2022","2022","13","13","402","Radiography and Radiation Therapy","Euro",""
"HGO15C01","Median Weekly Earnings of Health Graduates","2022","2022","13","13","702","Social Care","Euro",""
"HGO15C01","Median Weekly Earnings of Health Graduates","2022","2022","13","13","701","Social Work","Euro",""
"HGO15C01","Median Weekly Earnings of Health Graduates","2022","2022","13","13","10","Speech and Language Therapy","Euro",""
"HGO15C01","Median Weekly Earnings of Health Graduates","2022","2022","13","13","V52","Dietetics, Optometry and Podiatry","Euro",""
"HGO15C02","Number of Health Graduates","2010","2010","01","1","201","Dentistry","Number",""
"HGO15C02","Number of Health Graduates","2010","2010","01","1","401","Medical Science","Number","90"
"HGO15C02","Number of Health Graduates","2010","2010","01","1","202","Medicine","Number","261"
"HGO15C02","Number of Health Graduates","2010","2010","01","1","30","Nursing and Midwifery","Number","873"
"HGO15C02","Number of Health Graduates","2010","2010","01","1","501","Occupational Therapy","Number","78"
"HGO15C02","Number of Health Graduates","2010","2010","01","1","60","Pharmacy","Number",""
"HGO15C02","Number of Health Graduates","2010","2010","01","1","504","Physiotherapy","Number","87"
"HGO15C02","Number of Health Graduates","2010","2010","01","1","402","Radiography and Radiation Therapy","Number","57"
"HGO15C02","Number of Health Graduates","2010","2010","01","1","702","Social Care","Number","531"
"HGO15C02","Number of Health Graduates","2010","2010","01","1","701","Social Work","Number","96"
"HGO15C02","Number of Health Graduates","2010","2010","01","1","10","Speech and Language Therapy","Number","69"
"HGO15C02","Number of Health Graduates","2010","2010","01","1","V52","Dietetics, Optometry and Podiatry","Number","33"
"HGO15C02","Number of Health Graduates","2010","2010","02","2","201","Dentistry","Number",""
"HGO15C02","Number of Health Graduates","2010","2010","02","2","401","Medical Science","Number","90"
"HGO15C02","Number of Health Graduates","2010","2010","02","2","202","Medicine","Number","210"
"HGO15C02","Number of Health Graduates","2010","2010","02","2","30","Nursing and Midwifery","Number","858"
"HGO15C02","Number of Health Graduates","2010","2010","02","2","501","Occupational Therapy","Number","69"
"HGO15C02","Number of Health Graduates","2010","2010","02","2","60","Pharmacy","Number",""
"HGO15C02","Number of Health Graduates","2010","2010","02","2","504","Physiotherapy","Number","78"
"HGO15C02","Number of Health Graduates","2010","2010","02","2","402","Radiography and Radiation Therapy","Number","54"
"HGO15C02","Number of Health Graduates","2010","2010","02","2","702","Social Care","Number","501"
"HGO15C02","Number of Health Graduates","2010","2010","02","2","701","Social Work","Number","90"
"HGO15C02","Number of Health Graduates","2010","2010","02","2","10","Speech and Language Therapy","Number","63"
"HGO15C02","Number of Health Graduates","2010","2010","02","2","V52","Dietetics, Optometry and Podiatry","Number","30"
"HGO15C02","Number of Health Graduates","2010","2010","03","3","201","Dentistry","Number",""
"HGO15C02","Number of Health Graduates","2010","2010","03","3","401","Medical Science","Number","90"
"HGO15C02","Number of Health Graduates","2010","2010","03","3","202","Medicine","Number","225"
"HGO15C02","Number of Health Graduates","2010","2010","03","3","30","Nursing and Midwifery","Number","858"
"HGO15C02","Number of Health Graduates","2010","2010","03","3","501","Occupational Therapy","Number","69"
"HGO15C02","Number of Health Graduates","2010","2010","03","3","60","Pharmacy","Number",""
"HGO15C02","Number of Health Graduates","2010","2010","03","3","504","Physiotherapy","Number","69"
"HGO15C02","Number of Health Graduates","2010","2010","03","3","402","Radiography and Radiation Therapy","Number","51"
"HGO15C02","Number of Health Graduates","2010","2010","03","3","702","Social Care","Number","498"
"HGO15C02","Number of Health Graduates","2010","2010","03","3","701","Social Work","Number","90"
"HGO15C02","Number of Health Graduates","2010","2010","03","3","10","Speech and Language Therapy","Number","60"
"HGO15C02","Number of Health Graduates","2010","2010","03","3","V52","Dietetics, Optometry and Podiatry","Number","21"
"HGO15C02","Number of Health Graduates","2010","2010","04","4","201","Dentistry","Number",""
"HGO15C02","Number of Health Graduates","2010","2010","04","4","401","Medical Science","Number","93"
"HGO15C02","Number of Health Graduates","2010","2010","04","4","202","Medicine","Number","219"
"HGO15C02","Number of Health Graduates","2010","2010","04","4","30","Nursing and Midwifery","Number","876"
"HGO15C02","Number of Health Graduates","2010","2010","04","4","501","Occupational Therapy","Number","72"
"HGO15C02","Number of Health Graduates","2010","2010","04","4","60","Pharmacy","Number",""
"HGO15C02","Number of Health Graduates","2010","2010","04","4","504","Physiotherapy","Number","72"
"HGO15C02","Number of Health Graduates","2010","2010","04","4","402","Radiography and Radiation Therapy","Number","45"
"HGO15C02","Number of Health Graduates","2010","2010","04","4","702","Social Care","Number","510"
"HGO15C02","Number of Health Graduates","2010","2010","04","4","701","Social Work","Number","90"
"HGO15C02","Number of Health Graduates","2010","2010","04","4","10","Speech and Language Therapy","Number","72"
"HGO15C02","Number of Health Graduates","2010","2010","04","4","V52","Dietetics, Optometry and Podiatry","Number","27"
"HGO15C02","Number of Health Graduates","2010","2010","05","5","201","Dentistry","Number",""
"HGO15C02","Number of Health Graduates","2010","2010","05","5","401","Medical Science","Number","96"
"HGO15C02","Number of Health Graduates","2010","2010","05","5","202","Medicine","Number","216"
"HGO15C02","Number of Health Graduates","2010","2010","05","5","30","Nursing and Midwifery","Number","888"
"HGO15C02","Number of Health Graduates","2010","2010","05","5","501","Occupational Therapy","Number","75"
"HGO15C02","Number of Health Graduates","2010","2010","05","5","60","Pharmacy","Number",""
"HGO15C02","Number of Health Graduates","2010","2010","05","5","504","Physiotherapy","Number","75"
"HGO15C02","Number of Health Graduates","2010","2010","05","5","402","Radiography and Radiation Therapy","Number","42"
"HGO15C02","Number of Health Graduates","2010","2010","05","5","702","Social Care","Number","528"
"HGO15C02","Number of Health Graduates","2010","2010","05","5","701","Social Work","Number","90"
"HGO15C02","Number of Health Graduates","2010","2010","05","5","10","Speech and Language Therapy","Number","69"
"HGO15C02","Number of Health Graduates","2010","2010","05","5","V52","Dietetics, Optometry and Podiatry","Number","30"
"HGO15C02","Number of Health Graduates","2010","2010","06","6","201","Dentistry","Number",""
"HGO15C02","Number of Health Graduates","2010","2010","06","6","401","Medical Science","Number","102"
"HGO15C02","Number of Health Graduates","2010","2010","06","6","202","Medicine","Number","210"
"HGO15C02","Number of Health Graduates","2010","2010","06","6","30","Nursing and Midwifery","Number","918"
"HGO15C02","Number of Health Graduates","2010","2010","06","6","501","Occupational Therapy","Number","78"
"HGO15C02","Number of Health Graduates","2010","2010","06","6","60","Pharmacy","Number",""
"HGO15C02","Number of Health Graduates","2010","2010","06","6","504","Physiotherapy","Number","78"
"HGO15C02","Number of Health Graduates","2010","2010","06","6","402","Radiography and Radiation Therapy","Number","48"
"HGO15C02","Number of Health Graduates","2010","2010","06","6","702","Social Care","Number","540"
"HGO15C02","Number of Health Graduates","2010","2010","06","6","701","Social Work","Number","93"
"HGO15C02","Number of Health Graduates","2010","2010","06","6","10","Speech and Language Therapy","Number","75"
"HGO15C02","Number of Health Graduates","2010","2010","06","6","V52","Dietetics, Optometry and Podiatry","Number","36"
"HGO15C02","Number of Health Graduates","2010","2010","07","7","201","Dentistry","Number","15"
"HGO15C02","Number of Health Graduates","2010","2010","07","7","401","Medical Science","Number","102"
"HGO15C02","Number of Health Graduates","2010","2010","07","7","202","Medicine","Number","201"
"HGO15C02","Number of Health Graduates","2010","2010","07","7","30","Nursing and Midwifery","Number","927"
"HGO15C02","Number of Health Graduates","2010","2010","07","7","501","Occupational Therapy","Number","84"
"HGO15C02","Number of Health Graduates","2010","2010","07","7","60","Pharmacy","Number",""
"HGO15C02","Number of Health Graduates","2010","2010","07","7","504","Physiotherapy","Number","87"
"HGO15C02","Number of Health Graduates","2010","2010","07","7","402","Radiography and Radiation Therapy","Number","48"
"HGO15C02","Number of Health Graduates","2010","2010","07","7","702","Social Care","Number","546"
"HGO15C02","Number of Health Graduates","2010","2010","07","7","701","Social Work","Number","96"
"HGO15C02","Number of Health Graduates","2010","2010","07","7","10","Speech and Language Therapy","Number","75"
"HGO15C02","Number of Health Graduates","2010","2010","07","7","V52","Dietetics, Optometry and Podiatry","Number","36"
"HGO15C02","Number of Health Graduates","2010","2010","08","8","201","Dentistry","Number","21"
"HGO15C02","Number of Health Graduates","2010","2010","08","8","401","Medical Science","Number","102"
"HGO15C02","Number of Health Graduates","2010","2010","08","8","202","Medicine","Number","195"
"HGO15C02","Number of Health Graduates","2010","2010","08","8","30","Nursing and Midwifery","Number","942"
"HGO15C02","Number of Health Graduates","2010","2010","08","8","501","Occupational Therapy","Number","87"
"HGO15C02","Number of Health Graduates","2010","2010","08","8","60","Pharmacy","Number",""
"HGO15C02","Number of Health Graduates","2010","2010","08","8","504","Physiotherapy","Number","87"
"HGO15C02","Number of Health Graduates","2010","2010","08","8","402","Radiography and Radiation Therapy","Number","51"
"HGO15C02","Number of Health Graduates","2010","2010","08","8","702","Social Care","Number","537"
"HGO15C02","Number of Health Graduates","2010","2010","08","8","701","Social Work","Number","93"
"HGO15C02","Number of Health Graduates","2010","2010","08","8","10","Speech and Language Therapy","Number","75"
"HGO15C02","Number of Health Graduates","2010","2010","08","8","V52","Dietetics, Optometry and Podiatry","Number","36"
"HGO15C02","Number of Health Graduates","2010","2010","09","9","201","Dentistry","Number","15"
"HGO15C02","Number of Health Graduates","2010","2010","09","9","401","Medical Science","Number","102"
"HGO15C02","Number of Health Graduates","2010","2010","09","9","202","Medicine","Number","192"
"HGO15C02","Number of Health Graduates","2010","2010","09","9","30","Nursing and Midwifery","Number","963"
"HGO15C02","Number of Health Graduates","2010","2010","09","9","501","Occupational Therapy","Number","87"
"HGO15C02","Number of Health Graduates","2010","2010","09","9","60","Pharmacy","Number",""
"HGO15C02","Number of Health Graduates","2010","2010","09","9","504","Physiotherapy","Number","90"
"HGO15C02","Number of Health Graduates","2010","2010","09","9","402","Radiography and Radiation Therapy","Number","51"
"HGO15C02","Number of Health Graduates","2010","2010","09","9","702","Social Care","Number","537"
"HGO15C02","Number of Health Graduates","2010","2010","09","9","701","Social Work","Number","96"
"HGO15C02","Number of Health Graduates","2010","2010","09","9","10","Speech and Language Therapy","Number","75"
"HGO15C02","Number of Health Graduates","2010","2010","09","9","V52","Dietetics, Optometry and Podiatry","Number","36"
"HGO15C02","Number of Health Graduates","2010","2010","10","10","201","Dentistry","Number",""
"HGO15C02","Number of Health Graduates","2010","2010","10","10","401","Medical Science","Number","99"
"HGO15C02","Number of Health Graduates","2010","2010","10","10","202","Medicine","Number","177"
"HGO15C02","Number of Health Graduates","2010","2010","10","10","30","Nursing and Midwifery","Number","963"
"HGO15C02","Number of Health Graduates","2010","2010","10","10","501","Occupational Therapy","Number","84"
"HGO15C02","Number of Health Graduates","2010","2010","10","10","60","Pharmacy","Number",""
"HGO15C02","Number of Health Graduates","2010","2010","10","10","504","Physiotherapy","Number","90"
"HGO15C02","Number of Health Graduates","2010","2010","10","10","402","Radiography and Radiation Therapy","Number","51"
"HGO15C02","Number of Health Graduates","2010","2010","10","10","702","Social Care","Number","531"
"HGO15C02","Number of Health Graduates","2010","2010","10","10","701","Social Work","Number","93"
"HGO15C02","Number of Health Graduates","2010","2010","10","10","10","Speech and Language Therapy","Number","72"
"HGO15C02","Number of Health Graduates","2010","2010","10","10","V52","Dietetics, Optometry and Podiatry","Number","36"
"HGO15C02","Number of Health Graduates","2010","2010","11","11","201","Dentistry","Number",""
"HGO15C02","Number of Health Graduates","2010","2010","11","11","401","Medical Science","Number","102"
"HGO15C02","Number of Health Graduates","2010","2010","11","11","202","Medicine","Number","162"
"HGO15C02","Number of Health Graduates","2010","2010","11","11","30","Nursing and Midwifery","Number","963"
"HGO15C02","Number of Health Graduates","2010","2010","11","11","501","Occupational Therapy","Number","87"
"HGO15C02","Number of Health Graduates","2010","2010","11","11","60","Pharmacy","Number",""
"HGO15C02","Number of Health Graduates","2010","2010","11","11","504","Physiotherapy","Number","96"
"HGO15C02","Number of Health Graduates","2010","2010","11","11","402","Radiography and Radiation Therapy","Number","51"
"HGO15C02","Number of Health Graduates","2010","2010","11","11","702","Social Care","Number","534"
"HGO15C02","Number of Health Graduates","2010","2010","11","11","701","Social Work","Number","90"
"HGO15C02","Number of Health Graduates","2010","2010","11","11","10","Speech and Language Therapy","Number","75"
"HGO15C02","Number of Health Graduates","2010","2010","11","11","V52","Dietetics, Optometry and Podiatry","Number","39"
"HGO15C02","Number of Health Graduates","2010","2010","12","12","201","Dentistry","Number",""
"HGO15C02","Number of Health Graduates","2010","2010","12","12","401","Medical Science","Number","105"
"HGO15C02","Number of Health Graduates","2010","2010","12","12","202","Medicine","Number","165"
"HGO15C02","Number of Health Graduates","2010","2010","12","12","30","Nursing and Midwifery","Number","966"
"HGO15C02","Number of Health Graduates","2010","2010","12","12","501","Occupational Therapy","Number","84"
"HGO15C02","Number of Health Graduates","2010","2010","12","12","60","Pharmacy","Number",""
"HGO15C02","Number of Health Graduates","2010","2010","12","12","504","Physiotherapy","Number","96"
"HGO15C02","Number of Health Graduates","2010","2010","12","12","402","Radiography and Radiation Therapy","Number","51"
"HGO15C02","Number of Health Graduates","2010","2010","12","12","702","Social Care","Number","540"
"HGO15C02","Number of Health Graduates","2010","2010","12","12","701","Social Work","Number","90"
"HGO15C02","Number of Health Graduates","2010","2010","12","12","10","Speech and Language Therapy","Number","75"
"HGO15C02","Number of Health Graduates","2010","2010","12","12","V52","Dietetics, Optometry and Podiatry","Number","39"
"HGO15C02","Number of Health Graduates","2010","2010","13","13","201","Dentistry","Number","15"
"HGO15C02","Number of Health Graduates","2010","2010","13","13","401","Medical Science","Number","102"
"HGO15C02","Number of Health Graduates","2010","2010","13","13","202","Medicine","Number","171"
"HGO15C02","Number of Health Graduates","2010","2010","13","13","30","Nursing and Midwifery","Number","960"
"HGO15C02","Number of Health Graduates","2010","2010","13","13","501","Occupational Therapy","Number","87"
"HGO15C02","Number of Health Graduates","2010","2010","13","13","60","Pharmacy","Number",""
"HGO15C02","Number of Health Graduates","2010","2010","13","13","504","Physiotherapy","Number","96"
"HGO15C02","Number of Health Graduates","2010","2010","13","13","402","Radiography and Radiation Therapy","Number","51"
"HGO15C02","Number of Health Graduates","2010","2010","13","13","702","Social Care","Number","540"
"HGO15C02","Number of Health Graduates","2010","2010","13","13","701","Social Work","Number","90"
"HGO15C02","Number of Health Graduates","2010","2010","13","13","10","Speech and Language Therapy","Number","72"
"HGO15C02","Number of Health Graduates","2010","2010","13","13","V52","Dietetics, Optometry and Podiatry","Number","39"
"HGO15C02","Number of Health Graduates","2011","2011","01","1","201","Dentistry","Number",""
"HGO15C02","Number of Health Graduates","2011","2011","01","1","401","Medical Science","Number","99"
"HGO15C02","Number of Health Graduates","2011","2011","01","1","202","Medicine","Number","321"
"HGO15C02","Number of Health Graduates","2011","2011","01","1","30","Nursing and Midwifery","Number","1146"
"HGO15C02","Number of Health Graduates","2011","2011","01","1","501","Occupational Therapy","Number","72"
"HGO15C02","Number of Health Graduates","2011","2011","01","1","60","Pharmacy","Number",""
"HGO15C02","Number of Health Graduates","2011","2011","01","1","504","Physiotherapy","Number","45"
"HGO15C02","Number of Health Graduates","2011","2011","01","1","402","Radiography and Radiation Therapy","Number","21"
"HGO15C02","Number of Health Graduates","2011","2011","01","1","702","Social Care","Number","504"
"HGO15C02","Number of Health Graduates","2011","2011","01","1","701","Social Work","Number","72"
"HGO15C02","Number of Health Graduates","2011","2011","01","1","10","Speech and Language Therapy","Number","60"
"HGO15C02","Number of Health Graduates","2011","2011","01","1","V52","Dietetics, Optometry and Podiatry","Number","21"
"HGO15C02","Number of Health Graduates","2011","2011","02","2","201","Dentistry","Number",""
"HGO15C02","Number of Health Graduates","2011","2011","02","2","401","Medical Science","Number","96"
"HGO15C02","Number of Health Graduates","2011","2011","02","2","202","Medicine","Number","264"
"HGO15C02","Number of Health Graduates","2011","2011","02","2","30","Nursing and Midwifery","Number","1092"
"HGO15C02","Number of Health Graduates","2011","2011","02","2","501","Occupational Therapy","Number","57"
"HGO15C02","Number of Health Graduates","2011","2011","02","2","60","Pharmacy","Number",""
"HGO15C02","Number of Health Graduates","2011","2011","02","2","504","Physiotherapy","Number","42"
"HGO15C02","Number of Health Graduates","2011","2011","02","2","402","Radiography and Radiation Therapy","Number","21"
"HGO15C02","Number of Health Graduates","2011","2011","02","2","702","Social Care","Number","489"
"HGO15C02","Number of Health Graduates","2011","2011","02","2","701","Social Work","Number","69"
"HGO15C02","Number of Health Graduates","2011","2011","02","2","10","Speech and Language Therapy","Number","57"
"HGO15C02","Number of Health Graduates","2011","2011","02","2","V52","Dietetics, Optometry and Podiatry","Number","15"
"HGO15C02","Number of Health Graduates","2011","2011","03","3","201","Dentistry","Number",""
"HGO15C02","Number of Health Graduates","2011","2011","03","3","401","Medical Science","Number","99"
"HGO15C02","Number of Health Graduates","2011","2011","03","3","202","Medicine","Number","267"
"HGO15C02","Number of Health Graduates","2011","2011","03","3","30","Nursing and Midwifery","Number","1089"
"HGO15C02","Number of Health Graduates","2011","2011","03","3","501","Occupational Therapy","Number","63"
"HGO15C02","Number of Health Graduates","2011","2011","03","3","60","Pharmacy","Number",""
"HGO15C02","Number of Health Graduates","2011","2011","03","3","504","Physiotherapy","Number","45"
"HGO15C02","Number of Health Graduates","2011","2011","03","3","402","Radiography and Radiation Therapy","Number","15"
"HGO15C02","Number of Health Graduates","2011","2011","03","3","702","Social Care","Number","507"
"HGO15C02","Number of Health Graduates","2011","2011","03","3","701","Social Work","Number","72"
"HGO15C02","Number of Health Graduates","2011","2011","03","3","10","Speech and Language Therapy","Number","57"
"HGO15C02","Number of Health Graduates","2011","2011","03","3","V52","Dietetics, Optometry and Podiatry","Number","15"
"HGO15C02","Number of Health Graduates","2011","2011","04","4","201","Dentistry","Number",""
"HGO15C02","Number of Health Graduates","2011","2011","04","4","401","Medical Science","Number","102"
"HGO15C02","Number of Health Graduates","2011","2011","04","4","202","Medicine","Number","264"
"HGO15C02","Number of Health Graduates","2011","2011","04","4","30","Nursing and Midwifery","Number","1086"
"HGO15C02","Number of Health Graduates","2011","2011","04","4","501","Occupational Therapy","Number","69"
"HGO15C02","Number of Health Graduates","2011","2011","04","4","60","Pharmacy","Number",""
"HGO15C02","Number of Health Graduates","2011","2011","04","4","504","Physiotherapy","Number","45"
"HGO15C02","Number of Health Graduates","2011","2011","04","4","402","Radiography and Radiation Therapy","Number","18"
"HGO15C02","Number of Health Graduates","2011","2011","04","4","702","Social Care","Number","504"
"HGO15C02","Number of Health Graduates","2011","2011","04","4","701","Social Work","Number","75"
"HGO15C02","Number of Health Graduates","2011","2011","04","4","10","Speech and Language Therapy","Number","60"
"HGO15C02","Number of Health Graduates","2011","2011","04","4","V52","Dietetics, Optometry and Podiatry","Number","18"
"HGO15C02","Number of Health Graduates","2011","2011","05","5","201","Dentistry","Number","15"
"HGO15C02","Number of Health Graduates","2011","2011","05","5","401","Medical Science","Number","99"
"HGO15C02","Number of Health Graduates","2011","2011","05","5","202","Medicine","Number","255"
"HGO15C02","Number of Health Graduates","2011","2011","05","5","30","Nursing and Midwifery","Number","1095"
"HGO15C02","Number of Health Graduates","2011","2011","05","5","501","Occupational Therapy","Number","72"
"HGO15C02","Number of Health Graduates","2011","2011","05","5","60","Pharmacy","Number",""
"HGO15C02","Number of Health Graduates","2011","2011","05","5","504","Physiotherapy","Number","48"
"HGO15C02","Number of Health Graduates","2011","2011","05","5","402","Radiography and Radiation Therapy","Number","18"
"HGO15C02","Number of Health Graduates","2011","2011","05","5","702","Social Care","Number","507"
"HGO15C02","Number of Health Graduates","2011","2011","05","5","701","Social Work","Number","75"
"HGO15C02","Number of Health Graduates","2011","2011","05","5","10","Speech and Language Therapy","Number","63"
"HGO15C02","Number of Health Graduates","2011","2011","05","5","V52","Dietetics, Optometry and Podiatry","Number","18"
"HGO15C02","Number of Health Graduates","2011","2011","06","6","201","Dentistry","Number","15"
"HGO15C02","Number of Health Graduates","2011","2011","06","6","401","Medical Science","Number","105"
"HGO15C02","Number of Health Graduates","2011","2011","06","6","202","Medicine","Number","246"
"HGO15C02","Number of Health Graduates","2011","2011","06","6","30","Nursing and Midwifery","Number","1116"
"HGO15C02","Number of Health Graduates","2011","2011","06","6","501","Occupational Therapy","Number","81"
"HGO15C02","Number of Health Graduates","2011","2011","06","6","60","Pharmacy","Number",""
"HGO15C02","Number of Health Graduates","2011","2011","06","6","504","Physiotherapy","Number","48"
"HGO15C02","Number of Health Graduates","2011","2011","06","6","402","Radiography and Radiation Therapy","Number","18"
"HGO15C02","Number of Health Graduates","2011","2011","06","6","702","Social Care","Number","513"
"HGO15C02","Number of Health Graduates","2011","2011","06","6","701","Social Work","Number","78"
"HGO15C02","Number of Health Graduates","2011","2011","06","6","10","Speech and Language Therapy","Number","66"
"HGO15C02","Number of Health Graduates","2011","2011","06","6","V52","Dietetics, Optometry and Podiatry","Number","18"
"HGO15C02","Number of Health Graduates","2011","2011","07","7","201","Dentistry","Number",""
"HGO15C02","Number of Health Graduates","2011","2011","07","7","401","Medical Science","Number","99"
"HGO15C02","Number of Health Graduates","2011","2011","07","7","202","Medicine","Number","234"
"HGO15C02","Number of Health Graduates","2011","2011","07","7","30","Nursing and Midwifery","Number","1122"
"HGO15C02","Number of Health Graduates","2011","2011","07","7","501","Occupational Therapy","Number","84"
"HGO15C02","Number of Health Graduates","2011","2011","07","7","60","Pharmacy","Number",""
"HGO15C02","Number of Health Graduates","2011","2011","07","7","504","Physiotherapy","Number","45"
"HGO15C02","Number of Health Graduates","2011","2011","07","7","402","Radiography and Radiation Therapy","Number","18"
"HGO15C02","Number of Health Graduates","2011","2011","07","7","702","Social Care","Number","522"
"HGO15C02","Number of Health Graduates","2011","2011","07","7","701","Social Work","Number","81"
"HGO15C02","Number of Health Graduates","2011","2011","07","7","10","Speech and Language Therapy","Number","66"
"HGO15C02","Number of Health Graduates","2011","2011","07","7","V52","Dietetics, Optometry and Podiatry","Number","18"
"HGO15C02","Number of Health Graduates","2011","2011","08","8","201","Dentistry","Number","21"
"HGO15C02","Number of Health Graduates","2011","2011","08","8","401","Medical Science","Number","105"
"HGO15C02","Number of Health Graduates","2011","2011","08","8","202","Medicine","Number","222"
"HGO15C02","Number of Health Graduates","2011","2011","08","8","30","Nursing and Midwifery","Number","1134"
"HGO15C02","Number of Health Graduates","2011","2011","08","8","501","Occupational Therapy","Number","84"
"HGO15C02","Number of Health Graduates","2011","2011","08","8","60","Pharmacy","Number",""
"HGO15C02","Number of Health Graduates","2011","2011","08","8","504","Physiotherapy","Number","42"
"HGO15C02","Number of Health Graduates","2011","2011","08","8","402","Radiography and Radiation Therapy","Number","18"
"HGO15C02","Number of Health Graduates","2011","2011","08","8","702","Social Care","Number","519"
"HGO15C02","Number of Health Graduates","2011","2011","08","8","701","Social Work","Number","81"
"HGO15C02","Number of Health Graduates","2011","2011","08","8","10","Speech and Language Therapy","Number","69"
"HGO15C02","Number of Health Graduates","2011","2011","08","8","V52","Dietetics, Optometry and Podiatry","Number","18"
"HGO15C02","Number of Health Graduates","2011","2011","09","9","201","Dentistry","Number","15"
"HGO15C02","Number of Health Graduates","2011","2011","09","9","401","Medical Science","Number","108"
"HGO15C02","Number of Health Graduates","2011","2011","09","9","202","Medicine","Number","213"
"HGO15C02","Number of Health Graduates","2011","2011","09","9","30","Nursing and Midwifery","Number","1152"
"HGO15C02","Number of Health Graduates","2011","2011","09","9","501","Occupational Therapy","Number","84"
"HGO15C02","Number of Health Graduates","2011","2011","09","9","60","Pharmacy","Number",""
"HGO15C02","Number of Health Graduates","2011","2011","09","9","504","Physiotherapy","Number","45"
"HGO15C02","Number of Health Graduates","2011","2011","09","9","402","Radiography and Radiation Therapy","Number","18"
"HGO15C02","Number of Health Graduates","2011","2011","09","9","702","Social Care","Number","519"
"HGO15C02","Number of Health Graduates","2011","2011","09","9","701","Social Work","Number","81"
"HGO15C02","Number of Health Graduates","2011","2011","09","9","10","Speech and Language Therapy","Number","72"
"HGO15C02","Number of Health Graduates","2011","2011","09","9","V52","Dietetics, Optometry and Podiatry","Number","21"
"HGO15C02","Number of Health Graduates","2011","2011","10","10","201","Dentistry","Number","18"
"HGO15C02","Number of Health Graduates","2011","2011","10","10","401","Medical Science","Number","108"
"HGO15C02","Number of Health Graduates","2011","2011","10","10","202","Medicine","Number","210"
"HGO15C02","Number of Health Graduates","2011","2011","10","10","30","Nursing and Midwifery","Number","1164"
"HGO15C02","Number of Health Graduates","2011","2011","10","10","501","Occupational Therapy","Number","84"
"HGO15C02","Number of Health Graduates","2011","2011","10","10","60","Pharmacy","Number",""
"HGO15C02","Number of Health Graduates","2011","2011","10","10","504","Physiotherapy","Number","51"
"HGO15C02","Number of Health Graduates","2011","2011","10","10","402","Radiography and Radiation Therapy","Number","18"
"HGO15C02","Number of Health Graduates","2011","2011","10","10","702","Social Care","Number","516"
"HGO15C02","Number of Health Graduates","2011","2011","10","10","701","Social Work","Number","78"
"HGO15C02","Number of Health Graduates","2011","2011","10","10","10","Speech and Language Therapy","Number","75"
"HGO15C02","Number of Health Graduates","2011","2011","10","10","V52","Dietetics, Optometry and Podiatry","Number","21"
"HGO15C02","Number of Health Graduates","2011","2011","11","11","201","Dentistry","Number","15"
"HGO15C02","Number of Health Graduates","2011","2011","11","11","401","Medical Science","Number","105"
"HGO15C02","Number of Health Graduates","2011","2011","11","11","202","Medicine","Number","207"
"HGO15C02","Number of Health Graduates","2011","2011","11","11","30","Nursing and Midwifery","Number","1176"
"HGO15C02","Number of Health Graduates","2011","2011","11","11","501","Occupational Therapy","Number","84"
"HGO15C02","Number of Health Graduates","2011","2011","11","11","60","Pharmacy","Number",""
"HGO15C02","Number of Health Graduates","2011","2011","11","11","504","Physiotherapy","Number","48"
"HGO15C02","Number of Health Graduates","2011","2011","11","11","402","Radiography and Radiation Therapy","Number","18"
"HGO15C02","Number of Health Graduates","2011","2011","11","11","702","Social Care","Number","522"
"HGO15C02","Number of Health Graduates","2011","2011","11","11","701","Social Work","Number","81"
"HGO15C02","Number of Health Graduates","2011","2011","11","11","10","Speech and Language Therapy","Number","75"
"HGO15C02","Number of Health Graduates","2011","2011","11","11","V52","Dietetics, Optometry and Podiatry","Number","21"
"HGO15C02","Number of Health Graduates","2011","2011","12","12","201","Dentistry","Number","15"
"HGO15C02","Number of Health Graduates","2011","2011","12","12","401","Medical Science","Number","105"
"HGO15C02","Number of Health Graduates","2011","2011","12","12","202","Medicine","Number","204"
"HGO15C02","Number of Health Graduates","2011","2011","12","12","30","Nursing and Midwifery","Number","1170"
"HGO15C02","Number of Health Graduates","2011","2011","12","12","501","Occupational Therapy","Number","84"
"HGO15C02","Number of Health Graduates","2011","2011","12","12","60","Pharmacy","Number",""
"HGO15C02","Number of Health Graduates","2011","2011","12","12","504","Physiotherapy","Number","51"
"HGO15C02","Number of Health Graduates","2011","2011","12","12","402","Radiography and Radiation Therapy","Number","18"
"HGO15C02","Number of Health Graduates","2011","2011","12","12","702","Social Care","Number","522"
"HGO15C02","Number of Health Graduates","2011","2011","12","12","701","Social Work","Number","78"
"HGO15C02","Number of Health Graduates","2011","2011","12","12","10","Speech and Language Therapy","Number","75"
"HGO15C02","Number of Health Graduates","2011","2011","12","12","V52","Dietetics, Optometry and Podiatry","Number","24"
"HGO15C02","Number of Health Graduates","2011","2011","13","13","201","Dentistry","Number",""
"HGO15C02","Number of Health Graduates","2011","2011","13","13","401","Medical Science","Number",""
"HGO15C02","Number of Health Graduates","2011","2011","13","13","202","Medicine","Number",""
"HGO15C02","Number of Health Graduates","2011","2011","13","13","30","Nursing and Midwifery","Number",""
"HGO15C02","Number of Health Graduates","2011","2011","13","13","501","Occupational Therapy","Number",""
"HGO15C02","Number of Health Graduates","2011","2011","13","13","60","Pharmacy","Number",""
"HGO15C02","Number of Health Graduates","2011","2011","13","13","504","Physiotherapy","Number",""
"HGO15C02","Number of Health Graduates","2011","2011","13","13","402","Radiography and Radiation Therapy","Number",""
"HGO15C02","Number of Health Graduates","2011","2011","13","13","702","Social Care","Number",""
"HGO15C02","Number of Health Graduates","2011","2011","13","13","701","Social Work","Number",""
"HGO15C02","Number of Health Graduates","2011","2011","13","13","10","Speech and Language Therapy","Number",""
"HGO15C02","Number of Health Graduates","2011","2011","13","13","V52","Dietetics, Optometry and Podiatry","Number",""
"HGO15C02","Number of Health Graduates","2012","2012","01","1","201","Dentistry","Number","18"
"HGO15C02","Number of Health Graduates","2012","2012","01","1","401","Medical Science","Number","66"
"HGO15C02","Number of Health Graduates","2012","2012","01","1","202","Medicine","Number","309"
"HGO15C02","Number of Health Graduates","2012","2012","01","1","30","Nursing and Midwifery","Number","1074"
"HGO15C02","Number of Health Graduates","2012","2012","01","1","501","Occupational Therapy","Number","81"
"HGO15C02","Number of Health Graduates","2012","2012","01","1","60","Pharmacy","Number",""
"HGO15C02","Number of Health Graduates","2012","2012","01","1","504","Physiotherapy","Number","72"
"HGO15C02","Number of Health Graduates","2012","2012","01","1","402","Radiography and Radiation Therapy","Number","45"
"HGO15C02","Number of Health Graduates","2012","2012","01","1","702","Social Care","Number","630"
"HGO15C02","Number of Health Graduates","2012","2012","01","1","701","Social Work","Number","108"
"HGO15C02","Number of Health Graduates","2012","2012","01","1","10","Speech and Language Therapy","Number","42"
"HGO15C02","Number of Health Graduates","2012","2012","01","1","V52","Dietetics, Optometry and Podiatry","Number","36"
"HGO15C02","Number of Health Graduates","2012","2012","02","2","201","Dentistry","Number","18"
"HGO15C02","Number of Health Graduates","2012","2012","02","2","401","Medical Science","Number","66"
"HGO15C02","Number of Health Graduates","2012","2012","02","2","202","Medicine","Number","255"
"HGO15C02","Number of Health Graduates","2012","2012","02","2","30","Nursing and Midwifery","Number","978"
"HGO15C02","Number of Health Graduates","2012","2012","02","2","501","Occupational Therapy","Number","66"
"HGO15C02","Number of Health Graduates","2012","2012","02","2","60","Pharmacy","Number",""
"HGO15C02","Number of Health Graduates","2012","2012","02","2","504","Physiotherapy","Number","57"
"HGO15C02","Number of Health Graduates","2012","2012","02","2","402","Radiography and Radiation Therapy","Number","42"
"HGO15C02","Number of Health Graduates","2012","2012","02","2","702","Social Care","Number","618"
"HGO15C02","Number of Health Graduates","2012","2012","02","2","701","Social Work","Number","108"
"HGO15C02","Number of Health Graduates","2012","2012","02","2","10","Speech and Language Therapy","Number","42"
"HGO15C02","Number of Health Graduates","2012","2012","02","2","V52","Dietetics, Optometry and Podiatry","Number","39"
"HGO15C02","Number of Health Graduates","2012","2012","03","3","201","Dentistry","Number",""
"HGO15C02","Number of Health Graduates","2012","2012","03","3","401","Medical Science","Number","63"
"HGO15C02","Number of Health Graduates","2012","2012","03","3","202","Medicine","Number","279"
"HGO15C02","Number of Health Graduates","2012","2012","03","3","30","Nursing and Midwifery","Number","981"
"HGO15C02","Number of Health Graduates","2012","2012","03","3","501","Occupational Therapy","Number","63"
"HGO15C02","Number of Health Graduates","2012","2012","03","3","60","Pharmacy","Number",""
"HGO15C02","Number of Health Graduates","2012","2012","03","3","504","Physiotherapy","Number","57"
"HGO15C02","Number of Health Graduates","2012","2012","03","3","402","Radiography and Radiation Therapy","Number","42"
"HGO15C02","Number of Health Graduates","2012","2012","03","3","702","Social Care","Number","648"
"HGO15C02","Number of Health Graduates","2012","2012","03","3","701","Social Work","Number","108"
"HGO15C02","Number of Health Graduates","2012","2012","03","3","10","Speech and Language Therapy","Number","45"
"HGO15C02","Number of Health Graduates","2012","2012","03","3","V52","Dietetics, Optometry and Podiatry","Number","33"
"HGO15C02","Number of Health Graduates","2012","2012","04","4","201","Dentistry","Number",""
"HGO15C02","Number of Health Graduates","2012","2012","04","4","401","Medical Science","Number","63"
"HGO15C02","Number of Health Graduates","2012","2012","04","4","202","Medicine","Number","270"
"HGO15C02","Number of Health Graduates","2012","2012","04","4","30","Nursing and Midwifery","Number","981"
"HGO15C02","Number of Health Graduates","2012","2012","04","4","501","Occupational Therapy","Number","69"
"HGO15C02","Number of Health Graduates","2012","2012","04","4","60","Pharmacy","Number",""
"HGO15C02","Number of Health Graduates","2012","2012","04","4","504","Physiotherapy","Number","66"
"HGO15C02","Number of Health Graduates","2012","2012","04","4","402","Radiography and Radiation Therapy","Number","42"
"HGO15C02","Number of Health Graduates","2012","2012","04","4","702","Social Care","Number","651"
"HGO15C02","Number of Health Graduates","2012","2012","04","4","701","Social Work","Number","108"
"HGO15C02","Number of Health Graduates","2012","2012","04","4","10","Speech and Language Therapy","Number","51"
"HGO15C02","Number of Health Graduates","2012","2012","04","4","V52","Dietetics, Optometry and Podiatry","Number","39"
"HGO15C02","Number of Health Graduates","2012","2012","05","5","201","Dentistry","Number",""
"HGO15C02","Number of Health Graduates","2012","2012","05","5","401","Medical Science","Number","63"
"HGO15C02","Number of Health Graduates","2012","2012","05","5","202","Medicine","Number","261"
"HGO15C02","Number of Health Graduates","2012","2012","05","5","30","Nursing and Midwifery","Number","1002"
"HGO15C02","Number of Health Graduates","2012","2012","05","5","501","Occupational Therapy","Number","75"
"HGO15C02","Number of Health Graduates","2012","2012","05","5","60","Pharmacy","Number",""
"HGO15C02","Number of Health Graduates","2012","2012","05","5","504","Physiotherapy","Number","66"
"HGO15C02","Number of Health Graduates","2012","2012","05","5","402","Radiography and Radiation Therapy","Number","39"
"HGO15C02","Number of Health Graduates","2012","2012","05","5","702","Social Care","Number","666"
"HGO15C02","Number of Health Graduates","2012","2012","05","5","701","Social Work","Number","111"
"HGO15C02","Number of Health Graduates","2012","2012","05","5","10","Speech and Language Therapy","Number","54"
"HGO15C02","Number of Health Graduates","2012","2012","05","5","V52","Dietetics, Optometry and Podiatry","Number","39"
"HGO15C02","Number of Health Graduates","2012","2012","06","6","201","Dentistry","Number",""
"HGO15C02","Number of Health Graduates","2012","2012","06","6","401","Medical Science","Number","63"
"HGO15C02","Number of Health Graduates","2012","2012","06","6","202","Medicine","Number","258"
"HGO15C02","Number of Health Graduates","2012","2012","06","6","30","Nursing and Midwifery","Number","999"
"HGO15C02","Number of Health Graduates","2012","2012","06","6","501","Occupational Therapy","Number","75"
"HGO15C02","Number of Health Graduates","2012","2012","06","6","60","Pharmacy","Number",""
"HGO15C02","Number of Health Graduates","2012","2012","06","6","504","Physiotherapy","Number","72"
"HGO15C02","Number of Health Graduates","2012","2012","06","6","402","Radiography and Radiation Therapy","Number","36"
"HGO15C02","Number of Health Graduates","2012","2012","06","6","702","Social Care","Number","660"
"HGO15C02","Number of Health Graduates","2012","2012","06","6","701","Social Work","Number","114"
"HGO15C02","Number of Health Graduates","2012","2012","06","6","10","Speech and Language Therapy","Number","57"
"HGO15C02","Number of Health Graduates","2012","2012","06","6","V52","Dietetics, Optometry and Podiatry","Number","36"
"HGO15C02","Number of Health Graduates","2012","2012","07","7","201","Dentistry","Number",""
"HGO15C02","Number of Health Graduates","2012","2012","07","7","401","Medical Science","Number","66"
"HGO15C02","Number of Health Graduates","2012","2012","07","7","202","Medicine","Number","252"
"HGO15C02","Number of Health Graduates","2012","2012","07","7","30","Nursing and Midwifery","Number","1008"
"HGO15C02","Number of Health Graduates","2012","2012","07","7","501","Occupational Therapy","Number","75"
"HGO15C02","Number of Health Graduates","2012","2012","07","7","60","Pharmacy","Number",""
"HGO15C02","Number of Health Graduates","2012","2012","07","7","504","Physiotherapy","Number","72"
"HGO15C02","Number of Health Graduates","2012","2012","07","7","402","Radiography and Radiation Therapy","Number","39"
"HGO15C02","Number of Health Graduates","2012","2012","07","7","702","Social Care","Number","663"
"HGO15C02","Number of Health Graduates","2012","2012","07","7","701","Social Work","Number","111"
"HGO15C02","Number of Health Graduates","2012","2012","07","7","10","Speech and Language Therapy","Number","54"
"HGO15C02","Number of Health Graduates","2012","2012","07","7","V52","Dietetics, Optometry and Podiatry","Number","36"
"HGO15C02","Number of Health Graduates","2012","2012","08","8","201","Dentistry","Number",""
"HGO15C02","Number of Health Graduates","2012","2012","08","8","401","Medical Science","Number","66"
"HGO15C02","Number of Health Graduates","2012","2012","08","8","202","Medicine","Number","237"
"HGO15C02","Number of Health Graduates","2012","2012","08","8","30","Nursing and Midwifery","Number","1026"
"HGO15C02","Number of Health Graduates","2012","2012","08","8","501","Occupational Therapy","Number","78"
"HGO15C02","Number of Health Graduates","2012","2012","08","8","60","Pharmacy","Number",""
"HGO15C02","Number of Health Graduates","2012","2012","08","8","504","Physiotherapy","Number","72"
"HGO15C02","Number of Health Graduates","2012","2012","08","8","402","Radiography and Radiation Therapy","Number","39"
"HGO15C02","Number of Health Graduates","2012","2012","08","8","702","Social Care","Number","654"
"HGO15C02","Number of Health Graduates","2012","2012","08","8","701","Social Work","Number","114"
"HGO15C02","Number of Health Graduates","2012","2012","08","8","10","Speech and Language Therapy","Number","60"
"HGO15C02","Number of Health Graduates","2012","2012","08","8","V52","Dietetics, Optometry and Podiatry","Number","42"
"HGO15C02","Number of Health Graduates","2012","2012","09","9","201","Dentistry","Number","15"
"HGO15C02","Number of Health Graduates","2012","2012","09","9","401","Medical Science","Number","66"
"HGO15C02","Number of Health Graduates","2012","2012","09","9","202","Medicine","Number","219"
"HGO15C02","Number of Health Graduates","2012","2012","09","9","30","Nursing and Midwifery","Number","1038"
"HGO15C02","Number of Health Graduates","2012","2012","09","9","501","Occupational Therapy","Number","84"
"HGO15C02","Number of Health Graduates","2012","2012","09","9","60","Pharmacy","Number",""
"HGO15C02","Number of Health Graduates","2012","2012","09","9","504","Physiotherapy","Number","75"
"HGO15C02","Number of Health Graduates","2012","2012","09","9","402","Radiography and Radiation Therapy","Number","42"
"HGO15C02","Number of Health Graduates","2012","2012","09","9","702","Social Care","Number","660"
"HGO15C02","Number of Health Graduates","2012","2012","09","9","701","Social Work","Number","111"
"HGO15C02","Number of Health Graduates","2012","2012","09","9","10","Speech and Language Therapy","Number","60"
"HGO15C02","Number of Health Graduates","2012","2012","09","9","V52","Dietetics, Optometry and Podiatry","Number","42"
"HGO15C02","Number of Health Graduates","2012","2012","10","10","201","Dentistry","Number",""
"HGO15C02","Number of Health Graduates","2012","2012","10","10","401","Medical Science","Number","66"
"HGO15C02","Number of Health Graduates","2012","2012","10","10","202","Medicine","Number","210"
"HGO15C02","Number of Health Graduates","2012","2012","10","10","30","Nursing and Midwifery","Number","1062"
"HGO15C02","Number of Health Graduates","2012","2012","10","10","501","Occupational Therapy","Number","84"
"HGO15C02","Number of Health Graduates","2012","2012","10","10","60","Pharmacy","Number",""
"HGO15C02","Number of Health Graduates","2012","2012","10","10","504","Physiotherapy","Number","78"
"HGO15C02","Number of Health Graduates","2012","2012","10","10","402","Radiography and Radiation Therapy","Number","39"
"HGO15C02","Number of Health Graduates","2012","2012","10","10","702","Social Care","Number","666"
"HGO15C02","Number of Health Graduates","2012","2012","10","10","701","Social Work","Number","114"
"HGO15C02","Number of Health Graduates","2012","2012","10","10","10","Speech and Language Therapy","Number","57"
"HGO15C02","Number of Health Graduates","2012","2012","10","10","V52","Dietetics, Optometry and Podiatry","Number","42"
"HGO15C02","Number of Health Graduates","2012","2012","11","11","201","Dentistry","Number","15"
"HGO15C02","Number of Health Graduates","2012","2012","11","11","401","Medical Science","Number","63"
"HGO15C02","Number of Health Graduates","2012","2012","11","11","202","Medicine","Number","213"
"HGO15C02","Number of Health Graduates","2012","2012","11","11","30","Nursing and Midwifery","Number","1050"
"HGO15C02","Number of Health Graduates","2012","2012","11","11","501","Occupational Therapy","Number","84"
"HGO15C02","Number of Health Graduates","2012","2012","11","11","60","Pharmacy","Number",""
"HGO15C02","Number of Health Graduates","2012","2012","11","11","504","Physiotherapy","Number","81"
"HGO15C02","Number of Health Graduates","2012","2012","11","11","402","Radiography and Radiation Therapy","Number","39"
"HGO15C02","Number of Health Graduates","2012","2012","11","11","702","Social Care","Number","672"
"HGO15C02","Number of Health Graduates","2012","2012","11","11","701","Social Work","Number","114"
"HGO15C02","Number of Health Graduates","2012","2012","11","11","10","Speech and Language Therapy","Number","60"
"HGO15C02","Number of Health Graduates","2012","2012","11","11","V52","Dietetics, Optometry and Podiatry","Number","45"
"HGO15C02","Number of Health Graduates","2012","2012","12","12","201","Dentistry","Number",""
"HGO15C02","Number of Health Graduates","2012","2012","12","12","401","Medical Science","Number",""
"HGO15C02","Number of Health Graduates","2012","2012","12","12","202","Medicine","Number",""
"HGO15C02","Number of Health Graduates","2012","2012","12","12","30","Nursing and Midwifery","Number",""
"HGO15C02","Number of Health Graduates","2012","2012","12","12","501","Occupational Therapy","Number",""
"HGO15C02","Number of Health Graduates","2012","2012","12","12","60","Pharmacy","Number",""
"HGO15C02","Number of Health Graduates","2012","2012","12","12","504","Physiotherapy","Number",""
"HGO15C02","Number of Health Graduates","2012","2012","12","12","402","Radiography and Radiation Therapy","Number",""
"HGO15C02","Number of Health Graduates","2012","2012","12","12","702","Social Care","Number",""
"HGO15C02","Number of Health Graduates","2012","2012","12","12","701","Social Work","Number",""
"HGO15C02","Number of Health Graduates","2012","2012","12","12","10","Speech and Language Therapy","Number",""
"HGO15C02","Number of Health Graduates","2012","2012","12","12","V52","Dietetics, Optometry and Podiatry","Number",""
"HGO15C02","Number of Health Graduates","2012","2012","13","13","201","Dentistry","Number",""
"HGO15C02","Number of Health Graduates","2012","2012","13","13","401","Medical Science","Number",""
"HGO15C02","Number of Health Graduates","2012","2012","13","13","202","Medicine","Number",""
"HGO15C02","Number of Health Graduates","2012","2012","13","13","30","Nursing and Midwifery","Number",""
"HGO15C02","Number of Health Graduates","2012","2012","13","13","501","Occupational Therapy","Number",""
"HGO15C02","Number of Health Graduates","2012","2012","13","13","60","Pharmacy","Number",""
"HGO15C02","Number of Health Graduates","2012","2012","13","13","504","Physiotherapy","Number",""
"HGO15C02","Number of Health Graduates","2012","2012","13","13","402","Radiography and Radiation Therapy","Number",""
"HGO15C02","Number of Health Graduates","2012","2012","13","13","702","Social Care","Number",""
"HGO15C02","Number of Health Graduates","2012","2012","13","13","701","Social Work","Number",""
"HGO15C02","Number of Health Graduates","2012","2012","13","13","10","Speech and Language Therapy","Number",""
"HGO15C02","Number of Health Graduates","2012","2012","13","13","V52","Dietetics, Optometry and Podiatry","Number",""
"HGO15C02","Number of Health Graduates","2013","2013","01","1","201","Dentistry","Number",""
"HGO15C02","Number of Health Graduates","2013","2013","01","1","401","Medical Science","Number","60"
"HGO15C02","Number of Health Graduates","2013","2013","01","1","202","Medicine","Number","426"
"HGO15C02","Number of Health Graduates","2013","2013","01","1","30","Nursing and Midwifery","Number","1041"
"HGO15C02","Number of Health Graduates","2013","2013","01","1","501","Occupational Therapy","Number","87"
"HGO15C02","Number of Health Graduates","2013","2013","01","1","60","Pharmacy","Number",""
"HGO15C02","Number of Health Graduates","2013","2013","01","1","504","Physiotherapy","Number","54"
"HGO15C02","Number of Health Graduates","2013","2013","01","1","402","Radiography and Radiation Therapy","Number","57"
"HGO15C02","Number of Health Graduates","2013","2013","01","1","702","Social Care","Number","750"
"HGO15C02","Number of Health Graduates","2013","2013","01","1","701","Social Work","Number","135"
"HGO15C02","Number of Health Graduates","2013","2013","01","1","10","Speech and Language Therapy","Number","63"
"HGO15C02","Number of Health Graduates","2013","2013","01","1","V52","Dietetics, Optometry and Podiatry","Number","33"
"HGO15C02","Number of Health Graduates","2013","2013","02","2","201","Dentistry","Number",""
"HGO15C02","Number of Health Graduates","2013","2013","02","2","401","Medical Science","Number","63"
"HGO15C02","Number of Health Graduates","2013","2013","02","2","202","Medicine","Number","363"
"HGO15C02","Number of Health Graduates","2013","2013","02","2","30","Nursing and Midwifery","Number","969"
"HGO15C02","Number of Health Graduates","2013","2013","02","2","501","Occupational Therapy","Number","72"
"HGO15C02","Number of Health Graduates","2013","2013","02","2","60","Pharmacy","Number",""
"HGO15C02","Number of Health Graduates","2013","2013","02","2","504","Physiotherapy","Number","51"
"HGO15C02","Number of Health Graduates","2013","2013","02","2","402","Radiography and Radiation Therapy","Number","57"
"HGO15C02","Number of Health Graduates","2013","2013","02","2","702","Social Care","Number","744"
"HGO15C02","Number of Health Graduates","2013","2013","02","2","701","Social Work","Number","138"
"HGO15C02","Number of Health Graduates","2013","2013","02","2","10","Speech and Language Therapy","Number","48"
"HGO15C02","Number of Health Graduates","2013","2013","02","2","V52","Dietetics, Optometry and Podiatry","Number","27"
"HGO15C02","Number of Health Graduates","2013","2013","03","3","201","Dentistry","Number",""
"HGO15C02","Number of Health Graduates","2013","2013","03","3","401","Medical Science","Number","63"
"HGO15C02","Number of Health Graduates","2013","2013","03","3","202","Medicine","Number","372"
"HGO15C02","Number of Health Graduates","2013","2013","03","3","30","Nursing and Midwifery","Number","966"
"HGO15C02","Number of Health Graduates","2013","2013","03","3","501","Occupational Therapy","Number","72"
"HGO15C02","Number of Health Graduates","2013","2013","03","3","60","Pharmacy","Number",""
"HGO15C02","Number of Health Graduates","2013","2013","03","3","504","Physiotherapy","Number","63"
"HGO15C02","Number of Health Graduates","2013","2013","03","3","402","Radiography and Radiation Therapy","Number","48"
"HGO15C02","Number of Health Graduates","2013","2013","03","3","702","Social Care","Number","732"
"HGO15C02","Number of Health Graduates","2013","2013","03","3","701","Social Work","Number","141"
"HGO15C02","Number of Health Graduates","2013","2013","03","3","10","Speech and Language Therapy","Number","54"
"HGO15C02","Number of Health Graduates","2013","2013","03","3","V52","Dietetics, Optometry and Podiatry","Number","27"
"HGO15C02","Number of Health Graduates","2013","2013","04","4","201","Dentistry","Number",""
"HGO15C02","Number of Health Graduates","2013","2013","04","4","401","Medical Science","Number","66"
"HGO15C02","Number of Health Graduates","2013","2013","04","4","202","Medicine","Number","366"
"HGO15C02","Number of Health Graduates","2013","2013","04","4","30","Nursing and Midwifery","Number","969"
"HGO15C02","Number of Health Graduates","2013","2013","04","4","501","Occupational Therapy","Number","78"
"HGO15C02","Number of Health Graduates","2013","2013","04","4","60","Pharmacy","Number",""
"HGO15C02","Number of Health Graduates","2013","2013","04","4","504","Physiotherapy","Number","69"
"HGO15C02","Number of Health Graduates","2013","2013","04","4","402","Radiography and Radiation Therapy","Number","45"
"HGO15C02","Number of Health Graduates","2013","2013","04","4","702","Social Care","Number","735"
"HGO15C02","Number of Health Graduates","2013","2013","04","4","701","Social Work","Number","147"
"HGO15C02","Number of Health Graduates","2013","2013","04","4","10","Speech and Language Therapy","Number","54"
"HGO15C02","Number of Health Graduates","2013","2013","04","4","V52","Dietetics, Optometry and Podiatry","Number","27"
"HGO15C02","Number of Health Graduates","2013","2013","05","5","201","Dentistry","Number",""
"HGO15C02","Number of Health Graduates","2013","2013","05","5","401","Medical Science","Number","66"
"HGO15C02","Number of Health Graduates","2013","2013","05","5","202","Medicine","Number","354"
"HGO15C02","Number of Health Graduates","2013","2013","05","5","30","Nursing and Midwifery","Number","972"
"HGO15C02","Number of Health Graduates","2013","2013","05","5","501","Occupational Therapy","Number","78"
"HGO15C02","Number of Health Graduates","2013","2013","05","5","60","Pharmacy","Number",""
"HGO15C02","Number of Health Graduates","2013","2013","05","5","504","Physiotherapy","Number","66"
"HGO15C02","Number of Health Graduates","2013","2013","05","5","402","Radiography and Radiation Therapy","Number","48"
"HGO15C02","Number of Health Graduates","2013","2013","05","5","702","Social Care","Number","747"
"HGO15C02","Number of Health Graduates","2013","2013","05","5","701","Social Work","Number","144"
"HGO15C02","Number of Health Graduates","2013","2013","05","5","10","Speech and Language Therapy","Number","54"
"HGO15C02","Number of Health Graduates","2013","2013","05","5","V52","Dietetics, Optometry and Podiatry","Number","27"
"HGO15C02","Number of Health Graduates","2013","2013","06","6","201","Dentistry","Number","15"
"HGO15C02","Number of Health Graduates","2013","2013","06","6","401","Medical Science","Number","63"
"HGO15C02","Number of Health Graduates","2013","2013","06","6","202","Medicine","Number","345"
"HGO15C02","Number of Health Graduates","2013","2013","06","6","30","Nursing and Midwifery","Number","981"
"HGO15C02","Number of Health Graduates","2013","2013","06","6","501","Occupational Therapy","Number","81"
"HGO15C02","Number of Health Graduates","2013","2013","06","6","60","Pharmacy","Number",""
"HGO15C02","Number of Health Graduates","2013","2013","06","6","504","Physiotherapy","Number","72"
"HGO15C02","Number of Health Graduates","2013","2013","06","6","402","Radiography and Radiation Therapy","Number","51"
"HGO15C02","Number of Health Graduates","2013","2013","06","6","702","Social Care","Number","747"
"HGO15C02","Number of Health Graduates","2013","2013","06","6","701","Social Work","Number","147"
"HGO15C02","Number of Health Graduates","2013","2013","06","6","10","Speech and Language Therapy","Number","66"
"HGO15C02","Number of Health Graduates","2013","2013","06","6","V52","Dietetics, Optometry and Podiatry","Number","27"
"HGO15C02","Number of Health Graduates","2013","2013","07","7","201","Dentistry","Number",""
"HGO15C02","Number of Health Graduates","2013","2013","07","7","401","Medical Science","Number","63"
"HGO15C02","Number of Health Graduates","2013","2013","07","7","202","Medicine","Number","339"
"HGO15C02","Number of Health Graduates","2013","2013","07","7","30","Nursing and Midwifery","Number","999"
"HGO15C02","Number of Health Graduates","2013","2013","07","7","501","Occupational Therapy","Number","84"
"HGO15C02","Number of Health Graduates","2013","2013","07","7","60","Pharmacy","Number",""
"HGO15C02","Number of Health Graduates","2013","2013","07","7","504","Physiotherapy","Number","78"
"HGO15C02","Number of Health Graduates","2013","2013","07","7","402","Radiography and Radiation Therapy","Number","51"
"HGO15C02","Number of Health Graduates","2013","2013","07","7","702","Social Care","Number","741"
"HGO15C02","Number of Health Graduates","2013","2013","07","7","701","Social Work","Number","150"
"HGO15C02","Number of Health Graduates","2013","2013","07","7","10","Speech and Language Therapy","Number","69"
"HGO15C02","Number of Health Graduates","2013","2013","07","7","V52","Dietetics, Optometry and Podiatry","Number","30"
"HGO15C02","Number of Health Graduates","2013","2013","08","8","201","Dentistry","Number",""
"HGO15C02","Number of Health Graduates","2013","2013","08","8","401","Medical Science","Number","66"
"HGO15C02","Number of Health Graduates","2013","2013","08","8","202","Medicine","Number","333"
"HGO15C02","Number of Health Graduates","2013","2013","08","8","30","Nursing and Midwifery","Number","1017"
"HGO15C02","Number of Health Graduates","2013","2013","08","8","501","Occupational Therapy","Number","87"
"HGO15C02","Number of Health Graduates","2013","2013","08","8","60","Pharmacy","Number",""
"HGO15C02","Number of Health Graduates","2013","2013","08","8","504","Physiotherapy","Number","78"
"HGO15C02","Number of Health Graduates","2013","2013","08","8","402","Radiography and Radiation Therapy","Number","51"
"HGO15C02","Number of Health Graduates","2013","2013","08","8","702","Social Care","Number","753"
"HGO15C02","Number of Health Graduates","2013","2013","08","8","701","Social Work","Number","153"
"HGO15C02","Number of Health Graduates","2013","2013","08","8","10","Speech and Language Therapy","Number","69"
"HGO15C02","Number of Health Graduates","2013","2013","08","8","V52","Dietetics, Optometry and Podiatry","Number","30"
"HGO15C02","Number of Health Graduates","2013","2013","09","9","201","Dentistry","Number","15"
"HGO15C02","Number of Health Graduates","2013","2013","09","9","401","Medical Science","Number","63"
"HGO15C02","Number of Health Graduates","2013","2013","09","9","202","Medicine","Number","312"
"HGO15C02","Number of Health Graduates","2013","2013","09","9","30","Nursing and Midwifery","Number","1032"
"HGO15C02","Number of Health Graduates","2013","2013","09","9","501","Occupational Therapy","Number","87"
"HGO15C02","Number of Health Graduates","2013","2013","09","9","60","Pharmacy","Number",""
"HGO15C02","Number of Health Graduates","2013","2013","09","9","504","Physiotherapy","Number","75"
"HGO15C02","Number of Health Graduates","2013","2013","09","9","402","Radiography and Radiation Therapy","Number","51"
"HGO15C02","Number of Health Graduates","2013","2013","09","9","702","Social Care","Number","762"
"HGO15C02","Number of Health Graduates","2013","2013","09","9","701","Social Work","Number","153"
"HGO15C02","Number of Health Graduates","2013","2013","09","9","10","Speech and Language Therapy","Number","72"
"HGO15C02","Number of Health Graduates","2013","2013","09","9","V52","Dietetics, Optometry and Podiatry","Number","33"
"HGO15C02","Number of Health Graduates","2013","2013","10","10","201","Dentistry","Number","36"
"HGO15C02","Number of Health Graduates","2013","2013","10","10","401","Medical Science","Number","63"
"HGO15C02","Number of Health Graduates","2013","2013","10","10","202","Medicine","Number","294"
"HGO15C02","Number of Health Graduates","2013","2013","10","10","30","Nursing and Midwifery","Number","1035"
"HGO15C02","Number of Health Graduates","2013","2013","10","10","501","Occupational Therapy","Number","87"
"HGO15C02","Number of Health Graduates","2013","2013","10","10","60","Pharmacy","Number",""
"HGO15C02","Number of Health Graduates","2013","2013","10","10","504","Physiotherapy","Number","75"
"HGO15C02","Number of Health Graduates","2013","2013","10","10","402","Radiography and Radiation Therapy","Number","51"
"HGO15C02","Number of Health Graduates","2013","2013","10","10","702","Social Care","Number","756"
"HGO15C02","Number of Health Graduates","2013","2013","10","10","701","Social Work","Number","150"
"HGO15C02","Number of Health Graduates","2013","2013","10","10","10","Speech and Language Therapy","Number","72"
"HGO15C02","Number of Health Graduates","2013","2013","10","10","V52","Dietetics, Optometry and Podiatry","Number","33"
"HGO15C02","Number of Health Graduates","2013","2013","11","11","201","Dentistry","Number",""
"HGO15C02","Number of Health Graduates","2013","2013","11","11","401","Medical Science","Number",""
"HGO15C02","Number of Health Graduates","2013","2013","11","11","202","Medicine","Number",""
"HGO15C02","Number of Health Graduates","2013","2013","11","11","30","Nursing and Midwifery","Number",""
"HGO15C02","Number of Health Graduates","2013","2013","11","11","501","Occupational Therapy","Number",""
"HGO15C02","Number of Health Graduates","2013","2013","11","11","60","Pharmacy","Number",""
"HGO15C02","Number of Health Graduates","2013","2013","11","11","504","Physiotherapy","Number",""
"HGO15C02","Number of Health Graduates","2013","2013","11","11","402","Radiography and Radiation Therapy","Number",""
"HGO15C02","Number of Health Graduates","2013","2013","11","11","702","Social Care","Number",""
"HGO15C02","Number of Health Graduates","2013","2013","11","11","701","Social Work","Number",""
"HGO15C02","Number of Health Graduates","2013","2013","11","11","10","Speech and Language Therapy","Number",""
"HGO15C02","Number of Health Graduates","2013","2013","11","11","V52","Dietetics, Optometry and Podiatry","Number",""
"HGO15C02","Number of Health Graduates","2013","2013","12","12","201","Dentistry","Number",""
"HGO15C02","Number of Health Graduates","2013","2013","12","12","401","Medical Science","Number",""
"HGO15C02","Number of Health Graduates","2013","2013","12","12","202","Medicine","Number",""
"HGO15C02","Number of Health Graduates","2013","2013","12","12","30","Nursing and Midwifery","Number",""
"HGO15C02","Number of Health Graduates","2013","2013","12","12","501","Occupational Therapy","Number",""
"HGO15C02","Number of Health Graduates","2013","2013","12","12","60","Pharmacy","Number",""
"HGO15C02","Number of Health Graduates","2013","2013","12","12","504","Physiotherapy","Number",""
"HGO15C02","Number of Health Graduates","2013","2013","12","12","402","Radiography and Radiation Therapy","Number",""
"HGO15C02","Number of Health Graduates","2013","2013","12","12","702","Social Care","Number",""
"HGO15C02","Number of Health Graduates","2013","2013","12","12","701","Social Work","Number",""
"HGO15C02","Number of Health Graduates","2013","2013","12","12","10","Speech and Language Therapy","Number",""
"HGO15C02","Number of Health Graduates","2013","2013","12","12","V52","Dietetics, Optometry and Podiatry","Number",""
"HGO15C02","Number of Health Graduates","2013","2013","13","13","201","Dentistry","Number",""
"HGO15C02","Number of Health Graduates","2013","2013","13","13","401","Medical Science","Number",""
"HGO15C02","Number of Health Graduates","2013","2013","13","13","202","Medicine","Number",""
"HGO15C02","Number of Health Graduates","2013","2013","13","13","30","Nursing and Midwifery","Number",""
"HGO15C02","Number of Health Graduates","2013","2013","13","13","501","Occupational Therapy","Number",""
"HGO15C02","Number of Health Graduates","2013","2013","13","13","60","Pharmacy","Number",""
"HGO15C02","Number of Health Graduates","2013","2013","13","13","504","Physiotherapy","Number",""
"HGO15C02","Number of Health Graduates","2013","2013","13","13","402","Radiography and Radiation Therapy","Number",""
"HGO15C02","Number of Health Graduates","2013","2013","13","13","702","Social Care","Number",""
"HGO15C02","Number of Health Graduates","2013","2013","13","13","701","Social Work","Number",""
"HGO15C02","Number of Health Graduates","2013","2013","13","13","10","Speech and Language Therapy","Number",""
"HGO15C02","Number of Health Graduates","2013","2013","13","13","V52","Dietetics, Optometry and Podiatry","Number",""
"HGO15C02","Number of Health Graduates","2014","2014","01","1","201","Dentistry","Number","21"
"HGO15C02","Number of Health Graduates","2014","2014","01","1","401","Medical Science","Number","66"
"HGO15C02","Number of Health Graduates","2014","2014","01","1","202","Medicine","Number","441"
"HGO15C02","Number of Health Graduates","2014","2014","01","1","30","Nursing and Midwifery","Number","1071"
"HGO15C02","Number of Health Graduates","2014","2014","01","1","501","Occupational Therapy","Number","63"
"HGO15C02","Number of Health Graduates","2014","2014","01","1","60","Pharmacy","Number",""
"HGO15C02","Number of Health Graduates","2014","2014","01","1","504","Physiotherapy","Number","57"
"HGO15C02","Number of Health Graduates","2014","2014","01","1","402","Radiography and Radiation Therapy","Number","39"
"HGO15C02","Number of Health Graduates","2014","2014","01","1","702","Social Care","Number","873"
"HGO15C02","Number of Health Graduates","2014","2014","01","1","701","Social Work","Number","135"
"HGO15C02","Number of Health Graduates","2014","2014","01","1","10","Speech and Language Therapy","Number","69"
"HGO15C02","Number of Health Graduates","2014","2014","01","1","V52","Dietetics, Optometry and Podiatry","Number","45"
"HGO15C02","Number of Health Graduates","2014","2014","02","2","201","Dentistry","Number","15"
"HGO15C02","Number of Health Graduates","2014","2014","02","2","401","Medical Science","Number","66"
"HGO15C02","Number of Health Graduates","2014","2014","02","2","202","Medicine","Number","339"
"HGO15C02","Number of Health Graduates","2014","2014","02","2","30","Nursing and Midwifery","Number","1020"
"HGO15C02","Number of Health Graduates","2014","2014","02","2","501","Occupational Therapy","Number","63"
"HGO15C02","Number of Health Graduates","2014","2014","02","2","60","Pharmacy","Number",""
"HGO15C02","Number of Health Graduates","2014","2014","02","2","504","Physiotherapy","Number","51"
"HGO15C02","Number of Health Graduates","2014","2014","02","2","402","Radiography and Radiation Therapy","Number","39"
"HGO15C02","Number of Health Graduates","2014","2014","02","2","702","Social Care","Number","846"
"HGO15C02","Number of Health Graduates","2014","2014","02","2","701","Social Work","Number","132"
"HGO15C02","Number of Health Graduates","2014","2014","02","2","10","Speech and Language Therapy","Number","63"
"HGO15C02","Number of Health Graduates","2014","2014","02","2","V52","Dietetics, Optometry and Podiatry","Number","36"
"HGO15C02","Number of Health Graduates","2014","2014","03","3","201","Dentistry","Number",""
"HGO15C02","Number of Health Graduates","2014","2014","03","3","401","Medical Science","Number","66"
"HGO15C02","Number of Health Graduates","2014","2014","03","3","202","Medicine","Number","357"
"HGO15C02","Number of Health Graduates","2014","2014","03","3","30","Nursing and Midwifery","Number","993"
"HGO15C02","Number of Health Graduates","2014","2014","03","3","501","Occupational Therapy","Number","66"
"HGO15C02","Number of Health Graduates","2014","2014","03","3","60","Pharmacy","Number",""
"HGO15C02","Number of Health Graduates","2014","2014","03","3","504","Physiotherapy","Number","48"
"HGO15C02","Number of Health Graduates","2014","2014","03","3","402","Radiography and Radiation Therapy","Number","36"
"HGO15C02","Number of Health Graduates","2014","2014","03","3","702","Social Care","Number","852"
"HGO15C02","Number of Health Graduates","2014","2014","03","3","701","Social Work","Number","132"
"HGO15C02","Number of Health Graduates","2014","2014","03","3","10","Speech and Language Therapy","Number","63"
"HGO15C02","Number of Health Graduates","2014","2014","03","3","V52","Dietetics, Optometry and Podiatry","Number","33"
"HGO15C02","Number of Health Graduates","2014","2014","04","4","201","Dentistry","Number",""
"HGO15C02","Number of Health Graduates","2014","2014","04","4","401","Medical Science","Number","63"
"HGO15C02","Number of Health Graduates","2014","2014","04","4","202","Medicine","Number","366"
"HGO15C02","Number of Health Graduates","2014","2014","04","4","30","Nursing and Midwifery","Number","978"
"HGO15C02","Number of Health Graduates","2014","2014","04","4","501","Occupational Therapy","Number","72"
"HGO15C02","Number of Health Graduates","2014","2014","04","4","60","Pharmacy","Number",""
"HGO15C02","Number of Health Graduates","2014","2014","04","4","504","Physiotherapy","Number","54"
"HGO15C02","Number of Health Graduates","2014","2014","04","4","402","Radiography and Radiation Therapy","Number","33"
"HGO15C02","Number of Health Graduates","2014","2014","04","4","702","Social Care","Number","849"
"HGO15C02","Number of Health Graduates","2014","2014","04","4","701","Social Work","Number","135"
"HGO15C02","Number of Health Graduates","2014","2014","04","4","10","Speech and Language Therapy","Number","66"
"HGO15C02","Number of Health Graduates","2014","2014","04","4","V52","Dietetics, Optometry and Podiatry","Number","36"
"HGO15C02","Number of Health Graduates","2014","2014","05","5","201","Dentistry","Number",""
"HGO15C02","Number of Health Graduates","2014","2014","05","5","401","Medical Science","Number","63"
"HGO15C02","Number of Health Graduates","2014","2014","05","5","202","Medicine","Number","360"
"HGO15C02","Number of Health Graduates","2014","2014","05","5","30","Nursing and Midwifery","Number","1002"
"HGO15C02","Number of Health Graduates","2014","2014","05","5","501","Occupational Therapy","Number","69"
"HGO15C02","Number of Health Graduates","2014","2014","05","5","60","Pharmacy","Number",""
"HGO15C02","Number of Health Graduates","2014","2014","05","5","504","Physiotherapy","Number","60"
"HGO15C02","Number of Health Graduates","2014","2014","05","5","402","Radiography and Radiation Therapy","Number","33"
"HGO15C02","Number of Health Graduates","2014","2014","05","5","702","Social Care","Number","840"
"HGO15C02","Number of Health Graduates","2014","2014","05","5","701","Social Work","Number","132"
"HGO15C02","Number of Health Graduates","2014","2014","05","5","10","Speech and Language Therapy","Number","63"
"HGO15C02","Number of Health Graduates","2014","2014","05","5","V52","Dietetics, Optometry and Podiatry","Number","42"
"HGO15C02","Number of Health Graduates","2014","2014","06","6","201","Dentistry","Number",""
"HGO15C02","Number of Health Graduates","2014","2014","06","6","401","Medical Science","Number","66"
"HGO15C02","Number of Health Graduates","2014","2014","06","6","202","Medicine","Number","351"
"HGO15C02","Number of Health Graduates","2014","2014","06","6","30","Nursing and Midwifery","Number","987"
"HGO15C02","Number of Health Graduates","2014","2014","06","6","501","Occupational Therapy","Number","72"
"HGO15C02","Number of Health Graduates","2014","2014","06","6","60","Pharmacy","Number",""
"HGO15C02","Number of Health Graduates","2014","2014","06","6","504","Physiotherapy","Number","63"
"HGO15C02","Number of Health Graduates","2014","2014","06","6","402","Radiography and Radiation Therapy","Number","33"
"HGO15C02","Number of Health Graduates","2014","2014","06","6","702","Social Care","Number","852"
"HGO15C02","Number of Health Graduates","2014","2014","06","6","701","Social Work","Number","129"
"HGO15C02","Number of Health Graduates","2014","2014","06","6","10","Speech and Language Therapy","Number","63"
"HGO15C02","Number of Health Graduates","2014","2014","06","6","V52","Dietetics, Optometry and Podiatry","Number","42"
"HGO15C02","Number of Health Graduates","2014","2014","07","7","201","Dentistry","Number","15"
"HGO15C02","Number of Health Graduates","2014","2014","07","7","401","Medical Science","Number","66"
"HGO15C02","Number of Health Graduates","2014","2014","07","7","202","Medicine","Number","351"
"HGO15C02","Number of Health Graduates","2014","2014","07","7","30","Nursing and Midwifery","Number","1023"
"HGO15C02","Number of Health Graduates","2014","2014","07","7","501","Occupational Therapy","Number","75"
"HGO15C02","Number of Health Graduates","2014","2014","07","7","60","Pharmacy","Number",""
"HGO15C02","Number of Health Graduates","2014","2014","07","7","504","Physiotherapy","Number","63"
"HGO15C02","Number of Health Graduates","2014","2014","07","7","402","Radiography and Radiation Therapy","Number","30"
"HGO15C02","Number of Health Graduates","2014","2014","07","7","702","Social Care","Number","849"
"HGO15C02","Number of Health Graduates","2014","2014","07","7","701","Social Work","Number","132"
"HGO15C02","Number of Health Graduates","2014","2014","07","7","10","Speech and Language Therapy","Number","63"
"HGO15C02","Number of Health Graduates","2014","2014","07","7","V52","Dietetics, Optometry and Podiatry","Number","45"
"HGO15C02","Number of Health Graduates","2014","2014","08","8","201","Dentistry","Number",""
"HGO15C02","Number of Health Graduates","2014","2014","08","8","401","Medical Science","Number","66"
"HGO15C02","Number of Health Graduates","2014","2014","08","8","202","Medicine","Number","345"
"HGO15C02","Number of Health Graduates","2014","2014","08","8","30","Nursing and Midwifery","Number","1029"
"HGO15C02","Number of Health Graduates","2014","2014","08","8","501","Occupational Therapy","Number","75"
"HGO15C02","Number of Health Graduates","2014","2014","08","8","60","Pharmacy","Number",""
"HGO15C02","Number of Health Graduates","2014","2014","08","8","504","Physiotherapy","Number","72"
"HGO15C02","Number of Health Graduates","2014","2014","08","8","402","Radiography and Radiation Therapy","Number","39"
"HGO15C02","Number of Health Graduates","2014","2014","08","8","702","Social Care","Number","855"
"HGO15C02","Number of Health Graduates","2014","2014","08","8","701","Social Work","Number","132"
"HGO15C02","Number of Health Graduates","2014","2014","08","8","10","Speech and Language Therapy","Number","66"
"HGO15C02","Number of Health Graduates","2014","2014","08","8","V52","Dietetics, Optometry and Podiatry","Number","42"
"HGO15C02","Number of Health Graduates","2014","2014","09","9","201","Dentistry","Number","15"
"HGO15C02","Number of Health Graduates","2014","2014","09","9","401","Medical Science","Number","66"
"HGO15C02","Number of Health Graduates","2014","2014","09","9","202","Medicine","Number","324"
"HGO15C02","Number of Health Graduates","2014","2014","09","9","30","Nursing and Midwifery","Number","1029"
"HGO15C02","Number of Health Graduates","2014","2014","09","9","501","Occupational Therapy","Number","72"
"HGO15C02","Number of Health Graduates","2014","2014","09","9","60","Pharmacy","Number",""
"HGO15C02","Number of Health Graduates","2014","2014","09","9","504","Physiotherapy","Number","72"
"HGO15C02","Number of Health Graduates","2014","2014","09","9","402","Radiography and Radiation Therapy","Number","36"
"HGO15C02","Number of Health Graduates","2014","2014","09","9","702","Social Care","Number","852"
"HGO15C02","Number of Health Graduates","2014","2014","09","9","701","Social Work","Number","132"
"HGO15C02","Number of Health Graduates","2014","2014","09","9","10","Speech and Language Therapy","Number","63"
"HGO15C02","Number of Health Graduates","2014","2014","09","9","V52","Dietetics, Optometry and Podiatry","Number","42"
"HGO15C02","Number of Health Graduates","2014","2014","10","10","201","Dentistry","Number",""
"HGO15C02","Number of Health Graduates","2014","2014","10","10","401","Medical Science","Number",""
"HGO15C02","Number of Health Graduates","2014","2014","10","10","202","Medicine","Number",""
"HGO15C02","Number of Health Graduates","2014","2014","10","10","30","Nursing and Midwifery","Number",""
"HGO15C02","Number of Health Graduates","2014","2014","10","10","501","Occupational Therapy","Number",""
"HGO15C02","Number of Health Graduates","2014","2014","10","10","60","Pharmacy","Number",""
"HGO15C02","Number of Health Graduates","2014","2014","10","10","504","Physiotherapy","Number",""
"HGO15C02","Number of Health Graduates","2014","2014","10","10","402","Radiography and Radiation Therapy","Number",""
"HGO15C02","Number of Health Graduates","2014","2014","10","10","702","Social Care","Number",""
"HGO15C02","Number of Health Graduates","2014","2014","10","10","701","Social Work","Number",""
"HGO15C02","Number of Health Graduates","2014","2014","10","10","10","Speech and Language Therapy","Number",""
"HGO15C02","Number of Health Graduates","2014","2014","10","10","V52","Dietetics, Optometry and Podiatry","Number",""
"HGO15C02","Number of Health Graduates","2014","2014","11","11","201","Dentistry","Number",""
"HGO15C02","Number of Health Graduates","2014","2014","11","11","401","Medical Science","Number",""
"HGO15C02","Number of Health Graduates","2014","2014","11","11","202","Medicine","Number",""
"HGO15C02","Number of Health Graduates","2014","2014","11","11","30","Nursing and Midwifery","Number",""
"HGO15C02","Number of Health Graduates","2014","2014","11","11","501","Occupational Therapy","Number",""
"HGO15C02","Number of Health Graduates","2014","2014","11","11","60","Pharmacy","Number",""
"HGO15C02","Number of Health Graduates","2014","2014","11","11","504","Physiotherapy","Number",""
"HGO15C02","Number of Health Graduates","2014","2014","11","11","402","Radiography and Radiation Therapy","Number",""
"HGO15C02","Number of Health Graduates","2014","2014","11","11","702","Social Care","Number",""
"HGO15C02","Number of Health Graduates","2014","2014","11","11","701","Social Work","Number",""
"HGO15C02","Number of Health Graduates","2014","2014","11","11","10","Speech and Language Therapy","Number",""
"HGO15C02","Number of Health Graduates","2014","2014","11","11","V52","Dietetics, Optometry and Podiatry","Number",""
"HGO15C02","Number of Health Graduates","2014","2014","12","12","201","Dentistry","Number",""
"HGO15C02","Number of Health Graduates","2014","2014","12","12","401","Medical Science","Number",""
"HGO15C02","Number of Health Graduates","2014","2014","12","12","202","Medicine","Number",""
"HGO15C02","Number of Health Graduates","2014","2014","12","12","30","Nursing and Midwifery","Number",""
"HGO15C02","Number of Health Graduates","2014","2014","12","12","501","Occupational Therapy","Number",""
"HGO15C02","Number of Health Graduates","2014","2014","12","12","60","Pharmacy","Number",""
"HGO15C02","Number of Health Graduates","2014","2014","12","12","504","Physiotherapy","Number",""
"HGO15C02","Number of Health Graduates","2014","2014","12","12","402","Radiography and Radiation Therapy","Number",""
"HGO15C02","Number of Health Graduates","2014","2014","12","12","702","Social Care","Number",""
"HGO15C02","Number of Health Graduates","2014","2014","12","12","701","Social Work","Number",""
"HGO15C02","Number of Health Graduates","2014","2014","12","12","10","Speech and Language Therapy","Number",""
"HGO15C02","Number of Health Graduates","2014","2014","12","12","V52","Dietetics, Optometry and Podiatry","Number",""
"HGO15C02","Number of Health Graduates","2014","2014","13","13","201","Dentistry","Number",""
"HGO15C02","Number of Health Graduates","2014","2014","13","13","401","Medical Science","Number",""
"HGO15C02","Number of Health Graduates","2014","2014","13","13","202","Medicine","Number",""
"HGO15C02","Number of Health Graduates","2014","2014","13","13","30","Nursing and Midwifery","Number",""
"HGO15C02","Number of Health Graduates","2014","2014","13","13","501","Occupational Therapy","Number",""
"HGO15C02","Number of Health Graduates","2014","2014","13","13","60","Pharmacy","Number",""
"HGO15C02","Number of Health Graduates","2014","2014","13","13","504","Physiotherapy","Number",""
"HGO15C02","Number of Health Graduates","2014","2014","13","13","402","Radiography and Radiation Therapy","Number",""
"HGO15C02","Number of Health Graduates","2014","2014","13","13","702","Social Care","Number",""
"HGO15C02","Number of Health Graduates","2014","2014","13","13","701","Social Work","Number",""
"HGO15C02","Number of Health Graduates","2014","2014","13","13","10","Speech and Language Therapy","Number",""
"HGO15C02","Number of Health Graduates","2014","2014","13","13","V52","Dietetics, Optometry and Podiatry","Number",""
"HGO15C02","Number of Health Graduates","2015","2015","01","1","201","Dentistry","Number",""
"HGO15C02","Number of Health Graduates","2015","2015","01","1","401","Medical Science","Number","87"
"HGO15C02","Number of Health Graduates","2015","2015","01","1","202","Medicine","Number","594"
"HGO15C02","Number of Health Graduates","2015","2015","01","1","30","Nursing and Midwifery","Number","1143"
"HGO15C02","Number of Health Graduates","2015","2015","01","1","501","Occupational Therapy","Number","90"
"HGO15C02","Number of Health Graduates","2015","2015","01","1","60","Pharmacy","Number",""
"HGO15C02","Number of Health Graduates","2015","2015","01","1","504","Physiotherapy","Number","99"
"HGO15C02","Number of Health Graduates","2015","2015","01","1","402","Radiography and Radiation Therapy","Number","54"
"HGO15C02","Number of Health Graduates","2015","2015","01","1","702","Social Care","Number","942"
"HGO15C02","Number of Health Graduates","2015","2015","01","1","701","Social Work","Number","141"
"HGO15C02","Number of Health Graduates","2015","2015","01","1","10","Speech and Language Therapy","Number","75"
"HGO15C02","Number of Health Graduates","2015","2015","01","1","V52","Dietetics, Optometry and Podiatry","Number","51"
"HGO15C02","Number of Health Graduates","2015","2015","02","2","201","Dentistry","Number",""
"HGO15C02","Number of Health Graduates","2015","2015","02","2","401","Medical Science","Number","81"
"HGO15C02","Number of Health Graduates","2015","2015","02","2","202","Medicine","Number","447"
"HGO15C02","Number of Health Graduates","2015","2015","02","2","30","Nursing and Midwifery","Number","1047"
"HGO15C02","Number of Health Graduates","2015","2015","02","2","501","Occupational Therapy","Number","81"
"HGO15C02","Number of Health Graduates","2015","2015","02","2","60","Pharmacy","Number",""
"HGO15C02","Number of Health Graduates","2015","2015","02","2","504","Physiotherapy","Number","93"
"HGO15C02","Number of Health Graduates","2015","2015","02","2","402","Radiography and Radiation Therapy","Number","51"
"HGO15C02","Number of Health Graduates","2015","2015","02","2","702","Social Care","Number","933"
"HGO15C02","Number of Health Graduates","2015","2015","02","2","701","Social Work","Number","132"
"HGO15C02","Number of Health Graduates","2015","2015","02","2","10","Speech and Language Therapy","Number","75"
"HGO15C02","Number of Health Graduates","2015","2015","02","2","V52","Dietetics, Optometry and Podiatry","Number","48"
"HGO15C02","Number of Health Graduates","2015","2015","03","3","201","Dentistry","Number",""
"HGO15C02","Number of Health Graduates","2015","2015","03","3","401","Medical Science","Number","78"
"HGO15C02","Number of Health Graduates","2015","2015","03","3","202","Medicine","Number","477"
"HGO15C02","Number of Health Graduates","2015","2015","03","3","30","Nursing and Midwifery","Number","963"
"HGO15C02","Number of Health Graduates","2015","2015","03","3","501","Occupational Therapy","Number","87"
"HGO15C02","Number of Health Graduates","2015","2015","03","3","60","Pharmacy","Number",""
"HGO15C02","Number of Health Graduates","2015","2015","03","3","504","Physiotherapy","Number","84"
"HGO15C02","Number of Health Graduates","2015","2015","03","3","402","Radiography and Radiation Therapy","Number","45"
"HGO15C02","Number of Health Graduates","2015","2015","03","3","702","Social Care","Number","927"
"HGO15C02","Number of Health Graduates","2015","2015","03","3","701","Social Work","Number","132"
"HGO15C02","Number of Health Graduates","2015","2015","03","3","10","Speech and Language Therapy","Number","72"
"HGO15C02","Number of Health Graduates","2015","2015","03","3","V52","Dietetics, Optometry and Podiatry","Number","48"
"HGO15C02","Number of Health Graduates","2015","2015","04","4","201","Dentistry","Number",""
"HGO15C02","Number of Health Graduates","2015","2015","04","4","401","Medical Science","Number","78"
"HGO15C02","Number of Health Graduates","2015","2015","04","4","202","Medicine","Number","492"
"HGO15C02","Number of Health Graduates","2015","2015","04","4","30","Nursing and Midwifery","Number","957"
"HGO15C02","Number of Health Graduates","2015","2015","04","4","501","Occupational Therapy","Number","84"
"HGO15C02","Number of Health Graduates","2015","2015","04","4","60","Pharmacy","Number",""
"HGO15C02","Number of Health Graduates","2015","2015","04","4","504","Physiotherapy","Number","90"
"HGO15C02","Number of Health Graduates","2015","2015","04","4","402","Radiography and Radiation Therapy","Number","45"
"HGO15C02","Number of Health Graduates","2015","2015","04","4","702","Social Care","Number","918"
"HGO15C02","Number of Health Graduates","2015","2015","04","4","701","Social Work","Number","126"
"HGO15C02","Number of Health Graduates","2015","2015","04","4","10","Speech and Language Therapy","Number","69"
"HGO15C02","Number of Health Graduates","2015","2015","04","4","V52","Dietetics, Optometry and Podiatry","Number","51"
"HGO15C02","Number of Health Graduates","2015","2015","05","5","201","Dentistry","Number",""
"HGO15C02","Number of Health Graduates","2015","2015","05","5","401","Medical Science","Number","81"
"HGO15C02","Number of Health Graduates","2015","2015","05","5","202","Medicine","Number","507"
"HGO15C02","Number of Health Graduates","2015","2015","05","5","30","Nursing and Midwifery","Number","972"
"HGO15C02","Number of Health Graduates","2015","2015","05","5","501","Occupational Therapy","Number","81"
"HGO15C02","Number of Health Graduates","2015","2015","05","5","60","Pharmacy","Number",""
"HGO15C02","Number of Health Graduates","2015","2015","05","5","504","Physiotherapy","Number","90"
"HGO15C02","Number of Health Graduates","2015","2015","05","5","402","Radiography and Radiation Therapy","Number","45"
"HGO15C02","Number of Health Graduates","2015","2015","05","5","702","Social Care","Number","909"
"HGO15C02","Number of Health Graduates","2015","2015","05","5","701","Social Work","Number","126"
"HGO15C02","Number of Health Graduates","2015","2015","05","5","10","Speech and Language Therapy","Number","69"
"HGO15C02","Number of Health Graduates","2015","2015","05","5","V52","Dietetics, Optometry and Podiatry","Number","45"
"HGO15C02","Number of Health Graduates","2015","2015","06","6","201","Dentistry","Number",""
"HGO15C02","Number of Health Graduates","2015","2015","06","6","401","Medical Science","Number","81"
"HGO15C02","Number of Health Graduates","2015","2015","06","6","202","Medicine","Number","507"
"HGO15C02","Number of Health Graduates","2015","2015","06","6","30","Nursing and Midwifery","Number","984"
"HGO15C02","Number of Health Graduates","2015","2015","06","6","501","Occupational Therapy","Number","84"
"HGO15C02","Number of Health Graduates","2015","2015","06","6","60","Pharmacy","Number",""
"HGO15C02","Number of Health Graduates","2015","2015","06","6","504","Physiotherapy","Number","99"
"HGO15C02","Number of Health Graduates","2015","2015","06","6","402","Radiography and Radiation Therapy","Number","45"
"HGO15C02","Number of Health Graduates","2015","2015","06","6","702","Social Care","Number","909"
"HGO15C02","Number of Health Graduates","2015","2015","06","6","701","Social Work","Number","126"
"HGO15C02","Number of Health Graduates","2015","2015","06","6","10","Speech and Language Therapy","Number","72"
"HGO15C02","Number of Health Graduates","2015","2015","06","6","V52","Dietetics, Optometry and Podiatry","Number","48"
"HGO15C02","Number of Health Graduates","2015","2015","07","7","201","Dentistry","Number",""
"HGO15C02","Number of Health Graduates","2015","2015","07","7","401","Medical Science","Number","81"
"HGO15C02","Number of Health Graduates","2015","2015","07","7","202","Medicine","Number","495"
"HGO15C02","Number of Health Graduates","2015","2015","07","7","30","Nursing and Midwifery","Number","999"
"HGO15C02","Number of Health Graduates","2015","2015","07","7","501","Occupational Therapy","Number","84"
"HGO15C02","Number of Health Graduates","2015","2015","07","7","60","Pharmacy","Number",""
"HGO15C02","Number of Health Graduates","2015","2015","07","7","504","Physiotherapy","Number","96"
"HGO15C02","Number of Health Graduates","2015","2015","07","7","402","Radiography and Radiation Therapy","Number","45"
"HGO15C02","Number of Health Graduates","2015","2015","07","7","702","Social Care","Number","912"
"HGO15C02","Number of Health Graduates","2015","2015","07","7","701","Social Work","Number","126"
"HGO15C02","Number of Health Graduates","2015","2015","07","7","10","Speech and Language Therapy","Number","75"
"HGO15C02","Number of Health Graduates","2015","2015","07","7","V52","Dietetics, Optometry and Podiatry","Number","48"
"HGO15C02","Number of Health Graduates","2015","2015","08","8","201","Dentistry","Number",""
"HGO15C02","Number of Health Graduates","2015","2015","08","8","401","Medical Science","Number","81"
"HGO15C02","Number of Health Graduates","2015","2015","08","8","202","Medicine","Number","480"
"HGO15C02","Number of Health Graduates","2015","2015","08","8","30","Nursing and Midwifery","Number","990"
"HGO15C02","Number of Health Graduates","2015","2015","08","8","501","Occupational Therapy","Number","84"
"HGO15C02","Number of Health Graduates","2015","2015","08","8","60","Pharmacy","Number",""
"HGO15C02","Number of Health Graduates","2015","2015","08","8","504","Physiotherapy","Number","93"
"HGO15C02","Number of Health Graduates","2015","2015","08","8","402","Radiography and Radiation Therapy","Number","42"
"HGO15C02","Number of Health Graduates","2015","2015","08","8","702","Social Care","Number","903"
"HGO15C02","Number of Health Graduates","2015","2015","08","8","701","Social Work","Number","129"
"HGO15C02","Number of Health Graduates","2015","2015","08","8","10","Speech and Language Therapy","Number","75"
"HGO15C02","Number of Health Graduates","2015","2015","08","8","V52","Dietetics, Optometry and Podiatry","Number","51"
"HGO15C02","Number of Health Graduates","2015","2015","09","9","201","Dentistry","Number",""
"HGO15C02","Number of Health Graduates","2015","2015","09","9","401","Medical Science","Number",""
"HGO15C02","Number of Health Graduates","2015","2015","09","9","202","Medicine","Number",""
"HGO15C02","Number of Health Graduates","2015","2015","09","9","30","Nursing and Midwifery","Number",""
"HGO15C02","Number of Health Graduates","2015","2015","09","9","501","Occupational Therapy","Number",""
"HGO15C02","Number of Health Graduates","2015","2015","09","9","60","Pharmacy","Number",""
"HGO15C02","Number of Health Graduates","2015","2015","09","9","504","Physiotherapy","Number",""
"HGO15C02","Number of Health Graduates","2015","2015","09","9","402","Radiography and Radiation Therapy","Number",""
"HGO15C02","Number of Health Graduates","2015","2015","09","9","702","Social Care","Number",""
"HGO15C02","Number of Health Graduates","2015","2015","09","9","701","Social Work","Number",""
"HGO15C02","Number of Health Graduates","2015","2015","09","9","10","Speech and Language Therapy","Number",""
"HGO15C02","Number of Health Graduates","2015","2015","09","9","V52","Dietetics, Optometry and Podiatry","Number",""
"HGO15C02","Number of Health Graduates","2015","2015","10","10","201","Dentistry","Number",""
"HGO15C02","Number of Health Graduates","2015","2015","10","10","401","Medical Science","Number",""
"HGO15C02","Number of Health Graduates","2015","2015","10","10","202","Medicine","Number",""
"HGO15C02","Number of Health Graduates","2015","2015","10","10","30","Nursing and Midwifery","Number",""
"HGO15C02","Number of Health Graduates","2015","2015","10","10","501","Occupational Therapy","Number",""
"HGO15C02","Number of Health Graduates","2015","2015","10","10","60","Pharmacy","Number",""
"HGO15C02","Number of Health Graduates","2015","2015","10","10","504","Physiotherapy","Number",""
"HGO15C02","Number of Health Graduates","2015","2015","10","10","402","Radiography and Radiation Therapy","Number",""
"HGO15C02","Number of Health Graduates","2015","2015","10","10","702","Social Care","Number",""
"HGO15C02","Number of Health Graduates","2015","2015","10","10","701","Social Work","Number",""
"HGO15C02","Number of Health Graduates","2015","2015","10","10","10","Speech and Language Therapy","Number",""
"HGO15C02","Number of Health Graduates","2015","2015","10","10","V52","Dietetics, Optometry and Podiatry","Number",""
"HGO15C02","Number of Health Graduates","2015","2015","11","11","201","Dentistry","Number",""
"HGO15C02","Number of Health Graduates","2015","2015","11","11","401","Medical Science","Number",""
"HGO15C02","Number of Health Graduates","2015","2015","11","11","202","Medicine","Number",""
"HGO15C02","Number of Health Graduates","2015","2015","11","11","30","Nursing and Midwifery","Number",""
"HGO15C02","Number of Health Graduates","2015","2015","11","11","501","Occupational Therapy","Number",""
"HGO15C02","Number of Health Graduates","2015","2015","11","11","60","Pharmacy","Number",""
"HGO15C02","Number of Health Graduates","2015","2015","11","11","504","Physiotherapy","Number",""
"HGO15C02","Number of Health Graduates","2015","2015","11","11","402","Radiography and Radiation Therapy","Number",""
"HGO15C02","Number of Health Graduates","2015","2015","11","11","702","Social Care","Number",""
"HGO15C02","Number of Health Graduates","2015","2015","11","11","701","Social Work","Number",""
"HGO15C02","Number of Health Graduates","2015","2015","11","11","10","Speech and Language Therapy","Number",""
"HGO15C02","Number of Health Graduates","2015","2015","11","11","V52","Dietetics, Optometry and Podiatry","Number",""
"HGO15C02","Number of Health Graduates","2015","2015","12","12","201","Dentistry","Number",""
"HGO15C02","Number of Health Graduates","2015","2015","12","12","401","Medical Science","Number",""
"HGO15C02","Number of Health Graduates","2015","2015","12","12","202","Medicine","Number",""
"HGO15C02","Number of Health Graduates","2015","2015","12","12","30","Nursing and Midwifery","Number",""
"HGO15C02","Number of Health Graduates","2015","2015","12","12","501","Occupational Therapy","Number",""
"HGO15C02","Number of Health Graduates","2015","2015","12","12","60","Pharmacy","Number",""
"HGO15C02","Number of Health Graduates","2015","2015","12","12","504","Physiotherapy","Number",""
"HGO15C02","Number of Health Graduates","2015","2015","12","12","402","Radiography and Radiation Therapy","Number",""
"HGO15C02","Number of Health Graduates","2015","2015","12","12","702","Social Care","Number",""
"HGO15C02","Number of Health Graduates","2015","2015","12","12","701","Social Work","Number",""
"HGO15C02","Number of Health Graduates","2015","2015","12","12","10","Speech and Language Therapy","Number",""
"HGO15C02","Number of Health Graduates","2015","2015","12","12","V52","Dietetics, Optometry and Podiatry","Number",""
"HGO15C02","Number of Health Graduates","2015","2015","13","13","201","Dentistry","Number",""
"HGO15C02","Number of Health Graduates","2015","2015","13","13","401","Medical Science","Number",""
"HGO15C02","Number of Health Graduates","2015","2015","13","13","202","Medicine","Number",""
"HGO15C02","Number of Health Graduates","2015","2015","13","13","30","Nursing and Midwifery","Number",""
"HGO15C02","Number of Health Graduates","2015","2015","13","13","501","Occupational Therapy","Number",""
"HGO15C02","Number of Health Graduates","2015","2015","13","13","60","Pharmacy","Number",""
"HGO15C02","Number of Health Graduates","2015","2015","13","13","504","Physiotherapy","Number",""
"HGO15C02","Number of Health Graduates","2015","2015","13","13","402","Radiography and Radiation Therapy","Number",""
"HGO15C02","Number of Health Graduates","2015","2015","13","13","702","Social Care","Number",""
"HGO15C02","Number of Health Graduates","2015","2015","13","13","701","Social Work","Number",""
"HGO15C02","Number of Health Graduates","2015","2015","13","13","10","Speech and Language Therapy","Number",""
"HGO15C02","Number of Health Graduates","2015","2015","13","13","V52","Dietetics, Optometry and Podiatry","Number",""
"HGO15C02","Number of Health Graduates","2016","2016","01","1","201","Dentistry","Number",""
"HGO15C02","Number of Health Graduates","2016","2016","01","1","401","Medical Science","Number","66"
"HGO15C02","Number of Health Graduates","2016","2016","01","1","202","Medicine","Number","552"
"HGO15C02","Number of Health Graduates","2016","2016","01","1","30","Nursing and Midwifery","Number","1185"
"HGO15C02","Number of Health Graduates","2016","2016","01","1","501","Occupational Therapy","Number","87"
"HGO15C02","Number of Health Graduates","2016","2016","01","1","60","Pharmacy","Number",""
"HGO15C02","Number of Health Graduates","2016","2016","01","1","504","Physiotherapy","Number","84"
"HGO15C02","Number of Health Graduates","2016","2016","01","1","402","Radiography and Radiation Therapy","Number","54"
"HGO15C02","Number of Health Graduates","2016","2016","01","1","702","Social Care","Number","894"
"HGO15C02","Number of Health Graduates","2016","2016","01","1","701","Social Work","Number","171"
"HGO15C02","Number of Health Graduates","2016","2016","01","1","10","Speech and Language Therapy","Number","87"
"HGO15C02","Number of Health Graduates","2016","2016","01","1","V52","Dietetics, Optometry and Podiatry","Number","54"
"HGO15C02","Number of Health Graduates","2016","2016","02","2","201","Dentistry","Number",""
"HGO15C02","Number of Health Graduates","2016","2016","02","2","401","Medical Science","Number","66"
"HGO15C02","Number of Health Graduates","2016","2016","02","2","202","Medicine","Number","375"
"HGO15C02","Number of Health Graduates","2016","2016","02","2","30","Nursing and Midwifery","Number","1059"
"HGO15C02","Number of Health Graduates","2016","2016","02","2","501","Occupational Therapy","Number","84"
"HGO15C02","Number of Health Graduates","2016","2016","02","2","60","Pharmacy","Number",""
"HGO15C02","Number of Health Graduates","2016","2016","02","2","504","Physiotherapy","Number","78"
"HGO15C02","Number of Health Graduates","2016","2016","02","2","402","Radiography and Radiation Therapy","Number","51"
"HGO15C02","Number of Health Graduates","2016","2016","02","2","702","Social Care","Number","876"
"HGO15C02","Number of Health Graduates","2016","2016","02","2","701","Social Work","Number","165"
"HGO15C02","Number of Health Graduates","2016","2016","02","2","10","Speech and Language Therapy","Number","84"
"HGO15C02","Number of Health Graduates","2016","2016","02","2","V52","Dietetics, Optometry and Podiatry","Number","45"
"HGO15C02","Number of Health Graduates","2016","2016","03","3","201","Dentistry","Number",""
"HGO15C02","Number of Health Graduates","2016","2016","03","3","401","Medical Science","Number","60"
"HGO15C02","Number of Health Graduates","2016","2016","03","3","202","Medicine","Number","447"
"HGO15C02","Number of Health Graduates","2016","2016","03","3","30","Nursing and Midwifery","Number","996"
"HGO15C02","Number of Health Graduates","2016","2016","03","3","501","Occupational Therapy","Number","84"
"HGO15C02","Number of Health Graduates","2016","2016","03","3","60","Pharmacy","Number",""
"HGO15C02","Number of Health Graduates","2016","2016","03","3","504","Physiotherapy","Number","72"
"HGO15C02","Number of Health Graduates","2016","2016","03","3","402","Radiography and Radiation Therapy","Number","48"
"HGO15C02","Number of Health Graduates","2016","2016","03","3","702","Social Care","Number","855"
"HGO15C02","Number of Health Graduates","2016","2016","03","3","701","Social Work","Number","159"
"HGO15C02","Number of Health Graduates","2016","2016","03","3","10","Speech and Language Therapy","Number","84"
"HGO15C02","Number of Health Graduates","2016","2016","03","3","V52","Dietetics, Optometry and Podiatry","Number","51"
"HGO15C02","Number of Health Graduates","2016","2016","04","4","201","Dentistry","Number",""
"HGO15C02","Number of Health Graduates","2016","2016","04","4","401","Medical Science","Number","60"
"HGO15C02","Number of Health Graduates","2016","2016","04","4","202","Medicine","Number","465"
"HGO15C02","Number of Health Graduates","2016","2016","04","4","30","Nursing and Midwifery","Number","996"
"HGO15C02","Number of Health Graduates","2016","2016","04","4","501","Occupational Therapy","Number","84"
"HGO15C02","Number of Health Graduates","2016","2016","04","4","60","Pharmacy","Number",""
"HGO15C02","Number of Health Graduates","2016","2016","04","4","504","Physiotherapy","Number","72"
"HGO15C02","Number of Health Graduates","2016","2016","04","4","402","Radiography and Radiation Therapy","Number","51"
"HGO15C02","Number of Health Graduates","2016","2016","04","4","702","Social Care","Number","840"
"HGO15C02","Number of Health Graduates","2016","2016","04","4","701","Social Work","Number","153"
"HGO15C02","Number of Health Graduates","2016","2016","04","4","10","Speech and Language Therapy","Number","78"
"HGO15C02","Number of Health Graduates","2016","2016","04","4","V52","Dietetics, Optometry and Podiatry","Number","48"
"HGO15C02","Number of Health Graduates","2016","2016","05","5","201","Dentistry","Number",""
"HGO15C02","Number of Health Graduates","2016","2016","05","5","401","Medical Science","Number","60"
"HGO15C02","Number of Health Graduates","2016","2016","05","5","202","Medicine","Number","462"
"HGO15C02","Number of Health Graduates","2016","2016","05","5","30","Nursing and Midwifery","Number","1014"
"HGO15C02","Number of Health Graduates","2016","2016","05","5","501","Occupational Therapy","Number","84"
"HGO15C02","Number of Health Graduates","2016","2016","05","5","60","Pharmacy","Number",""
"HGO15C02","Number of Health Graduates","2016","2016","05","5","504","Physiotherapy","Number","81"
"HGO15C02","Number of Health Graduates","2016","2016","05","5","402","Radiography and Radiation Therapy","Number","51"
"HGO15C02","Number of Health Graduates","2016","2016","05","5","702","Social Care","Number","849"
"HGO15C02","Number of Health Graduates","2016","2016","05","5","701","Social Work","Number","156"
"HGO15C02","Number of Health Graduates","2016","2016","05","5","10","Speech and Language Therapy","Number","78"
"HGO15C02","Number of Health Graduates","2016","2016","05","5","V52","Dietetics, Optometry and Podiatry","Number","51"
"HGO15C02","Number of Health Graduates","2016","2016","06","6","201","Dentistry","Number",""
"HGO15C02","Number of Health Graduates","2016","2016","06","6","401","Medical Science","Number","63"
"HGO15C02","Number of Health Graduates","2016","2016","06","6","202","Medicine","Number","456"
"HGO15C02","Number of Health Graduates","2016","2016","06","6","30","Nursing and Midwifery","Number","1020"
"HGO15C02","Number of Health Graduates","2016","2016","06","6","501","Occupational Therapy","Number","90"
"HGO15C02","Number of Health Graduates","2016","2016","06","6","60","Pharmacy","Number",""
"HGO15C02","Number of Health Graduates","2016","2016","06","6","504","Physiotherapy","Number","78"
"HGO15C02","Number of Health Graduates","2016","2016","06","6","402","Radiography and Radiation Therapy","Number","48"
"HGO15C02","Number of Health Graduates","2016","2016","06","6","702","Social Care","Number","858"
"HGO15C02","Number of Health Graduates","2016","2016","06","6","701","Social Work","Number","153"
"HGO15C02","Number of Health Graduates","2016","2016","06","6","10","Speech and Language Therapy","Number","78"
"HGO15C02","Number of Health Graduates","2016","2016","06","6","V52","Dietetics, Optometry and Podiatry","Number","48"
"HGO15C02","Number of Health Graduates","2016","2016","07","7","201","Dentistry","Number",""
"HGO15C02","Number of Health Graduates","2016","2016","07","7","401","Medical Science","Number","66"
"HGO15C02","Number of Health Graduates","2016","2016","07","7","202","Medicine","Number","447"
"HGO15C02","Number of Health Graduates","2016","2016","07","7","30","Nursing and Midwifery","Number","1011"
"HGO15C02","Number of Health Graduates","2016","2016","07","7","501","Occupational Therapy","Number","90"
"HGO15C02","Number of Health Graduates","2016","2016","07","7","60","Pharmacy","Number",""
"HGO15C02","Number of Health Graduates","2016","2016","07","7","504","Physiotherapy","Number","75"
"HGO15C02","Number of Health Graduates","2016","2016","07","7","402","Radiography and Radiation Therapy","Number","48"
"HGO15C02","Number of Health Graduates","2016","2016","07","7","702","Social Care","Number","843"
"HGO15C02","Number of Health Graduates","2016","2016","07","7","701","Social Work","Number","156"
"HGO15C02","Number of Health Graduates","2016","2016","07","7","10","Speech and Language Therapy","Number","78"
"HGO15C02","Number of Health Graduates","2016","2016","07","7","V52","Dietetics, Optometry and Podiatry","Number","48"
"HGO15C02","Number of Health Graduates","2016","2016","08","8","201","Dentistry","Number",""
"HGO15C02","Number of Health Graduates","2016","2016","08","8","401","Medical Science","Number",""
"HGO15C02","Number of Health Graduates","2016","2016","08","8","202","Medicine","Number",""
"HGO15C02","Number of Health Graduates","2016","2016","08","8","30","Nursing and Midwifery","Number",""
"HGO15C02","Number of Health Graduates","2016","2016","08","8","501","Occupational Therapy","Number",""
"HGO15C02","Number of Health Graduates","2016","2016","08","8","60","Pharmacy","Number",""
"HGO15C02","Number of Health Graduates","2016","2016","08","8","504","Physiotherapy","Number",""
"HGO15C02","Number of Health Graduates","2016","2016","08","8","402","Radiography and Radiation Therapy","Number",""
"HGO15C02","Number of Health Graduates","2016","2016","08","8","702","Social Care","Number",""
"HGO15C02","Number of Health Graduates","2016","2016","08","8","701","Social Work","Number",""
"HGO15C02","Number of Health Graduates","2016","2016","08","8","10","Speech and Language Therapy","Number",""
"HGO15C02","Number of Health Graduates","2016","2016","08","8","V52","Dietetics, Optometry and Podiatry","Number",""
"HGO15C02","Number of Health Graduates","2016","2016","09","9","201","Dentistry","Number",""
"HGO15C02","Number of Health Graduates","2016","2016","09","9","401","Medical Science","Number",""
"HGO15C02","Number of Health Graduates","2016","2016","09","9","202","Medicine","Number",""
"HGO15C02","Number of Health Graduates","2016","2016","09","9","30","Nursing and Midwifery","Number",""
"HGO15C02","Number of Health Graduates","2016","2016","09","9","501","Occupational Therapy","Number",""
"HGO15C02","Number of Health Graduates","2016","2016","09","9","60","Pharmacy","Number",""
"HGO15C02","Number of Health Graduates","2016","2016","09","9","504","Physiotherapy","Number",""
"HGO15C02","Number of Health Graduates","2016","2016","09","9","402","Radiography and Radiation Therapy","Number",""
"HGO15C02","Number of Health Graduates","2016","2016","09","9","702","Social Care","Number",""
"HGO15C02","Number of Health Graduates","2016","2016","09","9","701","Social Work","Number",""
"HGO15C02","Number of Health Graduates","2016","2016","09","9","10","Speech and Language Therapy","Number",""
"HGO15C02","Number of Health Graduates","2016","2016","09","9","V52","Dietetics, Optometry and Podiatry","Number",""
"HGO15C02","Number of Health Graduates","2016","2016","10","10","201","Dentistry","Number",""
"HGO15C02","Number of Health Graduates","2016","2016","10","10","401","Medical Science","Number",""
"HGO15C02","Number of Health Graduates","2016","2016","10","10","202","Medicine","Number",""
"HGO15C02","Number of Health Graduates","2016","2016","10","10","30","Nursing and Midwifery","Number",""
"HGO15C02","Number of Health Graduates","2016","2016","10","10","501","Occupational Therapy","Number",""
"HGO15C02","Number of Health Graduates","2016","2016","10","10","60","Pharmacy","Number",""
"HGO15C02","Number of Health Graduates","2016","2016","10","10","504","Physiotherapy","Number",""
"HGO15C02","Number of Health Graduates","2016","2016","10","10","402","Radiography and Radiation Therapy","Number",""
"HGO15C02","Number of Health Graduates","2016","2016","10","10","702","Social Care","Number",""
"HGO15C02","Number of Health Graduates","2016","2016","10","10","701","Social Work","Number",""
"HGO15C02","Number of Health Graduates","2016","2016","10","10","10","Speech and Language Therapy","Number",""
"HGO15C02","Number of Health Graduates","2016","2016","10","10","V52","Dietetics, Optometry and Podiatry","Number",""
"HGO15C02","Number of Health Graduates","2016","2016","11","11","201","Dentistry","Number",""
"HGO15C02","Number of Health Graduates","2016","2016","11","11","401","Medical Science","Number",""
"HGO15C02","Number of Health Graduates","2016","2016","11","11","202","Medicine","Number",""
"HGO15C02","Number of Health Graduates","2016","2016","11","11","30","Nursing and Midwifery","Number",""
"HGO15C02","Number of Health Graduates","2016","2016","11","11","501","Occupational Therapy","Number",""
"HGO15C02","Number of Health Graduates","2016","2016","11","11","60","Pharmacy","Number",""
"HGO15C02","Number of Health Graduates","2016","2016","11","11","504","Physiotherapy","Number",""
"HGO15C02","Number of Health Graduates","2016","2016","11","11","402","Radiography and Radiation Therapy","Number",""
"HGO15C02","Number of Health Graduates","2016","2016","11","11","702","Social Care","Number",""
"HGO15C02","Number of Health Graduates","2016","2016","11","11","701","Social Work","Number",""
"HGO15C02","Number of Health Graduates","2016","2016","11","11","10","Speech and Language Therapy","Number",""
"HGO15C02","Number of Health Graduates","2016","2016","11","11","V52","Dietetics, Optometry and Podiatry","Number",""
"HGO15C02","Number of Health Graduates","2016","2016","12","12","201","Dentistry","Number",""
"HGO15C02","Number of Health Graduates","2016","2016","12","12","401","Medical Science","Number",""
"HGO15C02","Number of Health Graduates","2016","2016","12","12","202","Medicine","Number",""
"HGO15C02","Number of Health Graduates","2016","2016","12","12","30","Nursing and Midwifery","Number",""
"HGO15C02","Number of Health Graduates","2016","2016","12","12","501","Occupational Therapy","Number",""
"HGO15C02","Number of Health Graduates","2016","2016","12","12","60","Pharmacy","Number",""
"HGO15C02","Number of Health Graduates","2016","2016","12","12","504","Physiotherapy","Number",""
"HGO15C02","Number of Health Graduates","2016","2016","12","12","402","Radiography and Radiation Therapy","Number",""
"HGO15C02","Number of Health Graduates","2016","2016","12","12","702","Social Care","Number",""
"HGO15C02","Number of Health Graduates","2016","2016","12","12","701","Social Work","Number",""
"HGO15C02","Number of Health Graduates","2016","2016","12","12","10","Speech and Language Therapy","Number",""
"HGO15C02","Number of Health Graduates","2016","2016","12","12","V52","Dietetics, Optometry and Podiatry","Number",""
"HGO15C02","Number of Health Graduates","2016","2016","13","13","201","Dentistry","Number",""
"HGO15C02","Number of Health Graduates","2016","2016","13","13","401","Medical Science","Number",""
"HGO15C02","Number of Health Graduates","2016","2016","13","13","202","Medicine","Number",""
"HGO15C02","Number of Health Graduates","2016","2016","13","13","30","Nursing and Midwifery","Number",""
"HGO15C02","Number of Health Graduates","2016","2016","13","13","501","Occupational Therapy","Number",""
"HGO15C02","Number of Health Graduates","2016","2016","13","13","60","Pharmacy","Number",""
"HGO15C02","Number of Health Graduates","2016","2016","13","13","504","Physiotherapy","Number",""
"HGO15C02","Number of Health Graduates","2016","2016","13","13","402","Radiography and Radiation Therapy","Number",""
"HGO15C02","Number of Health Graduates","2016","2016","13","13","702","Social Care","Number",""
"HGO15C02","Number of Health Graduates","2016","2016","13","13","701","Social Work","Number",""
"HGO15C02","Number of Health Graduates","2016","2016","13","13","10","Speech and Language Therapy","Number",""
"HGO15C02","Number of Health Graduates","2016","2016","13","13","V52","Dietetics, Optometry and Podiatry","Number",""
"HGO15C02","Number of Health Graduates","2017","2017","01","1","201","Dentistry","Number",""
"HGO15C02","Number of Health Graduates","2017","2017","01","1","401","Medical Science","Number","66"
"HGO15C02","Number of Health Graduates","2017","2017","01","1","202","Medicine","Number","633"
"HGO15C02","Number of Health Graduates","2017","2017","01","1","30","Nursing and Midwifery","Number","1215"
"HGO15C02","Number of Health Graduates","2017","2017","01","1","501","Occupational Therapy","Number","69"
"HGO15C02","Number of Health Graduates","2017","2017","01","1","60","Pharmacy","Number",""
"HGO15C02","Number of Health Graduates","2017","2017","01","1","504","Physiotherapy","Number","129"
"HGO15C02","Number of Health Graduates","2017","2017","01","1","402","Radiography and Radiation Therapy","Number","60"
"HGO15C02","Number of Health Graduates","2017","2017","01","1","702","Social Care","Number","861"
"HGO15C02","Number of Health Graduates","2017","2017","01","1","701","Social Work","Number","144"
"HGO15C02","Number of Health Graduates","2017","2017","01","1","10","Speech and Language Therapy","Number","87"
"HGO15C02","Number of Health Graduates","2017","2017","01","1","V52","Dietetics, Optometry and Podiatry","Number","57"
"HGO15C02","Number of Health Graduates","2017","2017","02","2","201","Dentistry","Number",""
"HGO15C02","Number of Health Graduates","2017","2017","02","2","401","Medical Science","Number","63"
"HGO15C02","Number of Health Graduates","2017","2017","02","2","202","Medicine","Number","417"
"HGO15C02","Number of Health Graduates","2017","2017","02","2","30","Nursing and Midwifery","Number","1083"
"HGO15C02","Number of Health Graduates","2017","2017","02","2","501","Occupational Therapy","Number","72"
"HGO15C02","Number of Health Graduates","2017","2017","02","2","60","Pharmacy","Number",""
"HGO15C02","Number of Health Graduates","2017","2017","02","2","504","Physiotherapy","Number","99"
"HGO15C02","Number of Health Graduates","2017","2017","02","2","402","Radiography and Radiation Therapy","Number","60"
"HGO15C02","Number of Health Graduates","2017","2017","02","2","702","Social Care","Number","837"
"HGO15C02","Number of Health Graduates","2017","2017","02","2","701","Social Work","Number","129"
"HGO15C02","Number of Health Graduates","2017","2017","02","2","10","Speech and Language Therapy","Number","90"
"HGO15C02","Number of Health Graduates","2017","2017","02","2","V52","Dietetics, Optometry and Podiatry","Number","54"
"HGO15C02","Number of Health Graduates","2017","2017","03","3","201","Dentistry","Number",""
"HGO15C02","Number of Health Graduates","2017","2017","03","3","401","Medical Science","Number","63"
"HGO15C02","Number of Health Graduates","2017","2017","03","3","202","Medicine","Number","486"
"HGO15C02","Number of Health Graduates","2017","2017","03","3","30","Nursing and Midwifery","Number","1005"
"HGO15C02","Number of Health Graduates","2017","2017","03","3","501","Occupational Therapy","Number","75"
"HGO15C02","Number of Health Graduates","2017","2017","03","3","60","Pharmacy","Number",""
"HGO15C02","Number of Health Graduates","2017","2017","03","3","504","Physiotherapy","Number","90"
"HGO15C02","Number of Health Graduates","2017","2017","03","3","402","Radiography and Radiation Therapy","Number","54"
"HGO15C02","Number of Health Graduates","2017","2017","03","3","702","Social Care","Number","810"
"HGO15C02","Number of Health Graduates","2017","2017","03","3","701","Social Work","Number","129"
"HGO15C02","Number of Health Graduates","2017","2017","03","3","10","Speech and Language Therapy","Number","87"
"HGO15C02","Number of Health Graduates","2017","2017","03","3","V52","Dietetics, Optometry and Podiatry","Number","48"
"HGO15C02","Number of Health Graduates","2017","2017","04","4","201","Dentistry","Number",""
"HGO15C02","Number of Health Graduates","2017","2017","04","4","401","Medical Science","Number","66"
"HGO15C02","Number of Health Graduates","2017","2017","04","4","202","Medicine","Number","519"
"HGO15C02","Number of Health Graduates","2017","2017","04","4","30","Nursing and Midwifery","Number","1002"
"HGO15C02","Number of Health Graduates","2017","2017","04","4","501","Occupational Therapy","Number","81"
"HGO15C02","Number of Health Graduates","2017","2017","04","4","60","Pharmacy","Number",""
"HGO15C02","Number of Health Graduates","2017","2017","04","4","504","Physiotherapy","Number","99"
"HGO15C02","Number of Health Graduates","2017","2017","04","4","402","Radiography and Radiation Therapy","Number","51"
"HGO15C02","Number of Health Graduates","2017","2017","04","4","702","Social Care","Number","807"
"HGO15C02","Number of Health Graduates","2017","2017","04","4","701","Social Work","Number","129"
"HGO15C02","Number of Health Graduates","2017","2017","04","4","10","Speech and Language Therapy","Number","84"
"HGO15C02","Number of Health Graduates","2017","2017","04","4","V52","Dietetics, Optometry and Podiatry","Number","48"
"HGO15C02","Number of Health Graduates","2017","2017","05","5","201","Dentistry","Number",""
"HGO15C02","Number of Health Graduates","2017","2017","05","5","401","Medical Science","Number","66"
"HGO15C02","Number of Health Graduates","2017","2017","05","5","202","Medicine","Number","522"
"HGO15C02","Number of Health Graduates","2017","2017","05","5","30","Nursing and Midwifery","Number","978"
"HGO15C02","Number of Health Graduates","2017","2017","05","5","501","Occupational Therapy","Number","81"
"HGO15C02","Number of Health Graduates","2017","2017","05","5","60","Pharmacy","Number",""
"HGO15C02","Number of Health Graduates","2017","2017","05","5","504","Physiotherapy","Number","99"
"HGO15C02","Number of Health Graduates","2017","2017","05","5","402","Radiography and Radiation Therapy","Number","54"
"HGO15C02","Number of Health Graduates","2017","2017","05","5","702","Social Care","Number","813"
"HGO15C02","Number of Health Graduates","2017","2017","05","5","701","Social Work","Number","132"
"HGO15C02","Number of Health Graduates","2017","2017","05","5","10","Speech and Language Therapy","Number","81"
"HGO15C02","Number of Health Graduates","2017","2017","05","5","V52","Dietetics, Optometry and Podiatry","Number","45"
"HGO15C02","Number of Health Graduates","2017","2017","06","6","201","Dentistry","Number",""
"HGO15C02","Number of Health Graduates","2017","2017","06","6","401","Medical Science","Number","60"
"HGO15C02","Number of Health Graduates","2017","2017","06","6","202","Medicine","Number","513"
"HGO15C02","Number of Health Graduates","2017","2017","06","6","30","Nursing and Midwifery","Number","930"
"HGO15C02","Number of Health Graduates","2017","2017","06","6","501","Occupational Therapy","Number","72"
"HGO15C02","Number of Health Graduates","2017","2017","06","6","60","Pharmacy","Number",""
"HGO15C02","Number of Health Graduates","2017","2017","06","6","504","Physiotherapy","Number","99"
"HGO15C02","Number of Health Graduates","2017","2017","06","6","402","Radiography and Radiation Therapy","Number","51"
"HGO15C02","Number of Health Graduates","2017","2017","06","6","702","Social Care","Number","804"
"HGO15C02","Number of Health Graduates","2017","2017","06","6","701","Social Work","Number","132"
"HGO15C02","Number of Health Graduates","2017","2017","06","6","10","Speech and Language Therapy","Number","72"
"HGO15C02","Number of Health Graduates","2017","2017","06","6","V52","Dietetics, Optometry and Podiatry","Number","48"
"HGO15C02","Number of Health Graduates","2017","2017","07","7","201","Dentistry","Number",""
"HGO15C02","Number of Health Graduates","2017","2017","07","7","401","Medical Science","Number",""
"HGO15C02","Number of Health Graduates","2017","2017","07","7","202","Medicine","Number",""
"HGO15C02","Number of Health Graduates","2017","2017","07","7","30","Nursing and Midwifery","Number",""
"HGO15C02","Number of Health Graduates","2017","2017","07","7","501","Occupational Therapy","Number",""
"HGO15C02","Number of Health Graduates","2017","2017","07","7","60","Pharmacy","Number",""
"HGO15C02","Number of Health Graduates","2017","2017","07","7","504","Physiotherapy","Number",""
"HGO15C02","Number of Health Graduates","2017","2017","07","7","402","Radiography and Radiation Therapy","Number",""
"HGO15C02","Number of Health Graduates","2017","2017","07","7","702","Social Care","Number",""
"HGO15C02","Number of Health Graduates","2017","2017","07","7","701","Social Work","Number",""
"HGO15C02","Number of Health Graduates","2017","2017","07","7","10","Speech and Language Therapy","Number",""
"HGO15C02","Number of Health Graduates","2017","2017","07","7","V52","Dietetics, Optometry and Podiatry","Number",""
"HGO15C02","Number of Health Graduates","2017","2017","08","8","201","Dentistry","Number",""
"HGO15C02","Number of Health Graduates","2017","2017","08","8","401","Medical Science","Number",""
"HGO15C02","Number of Health Graduates","2017","2017","08","8","202","Medicine","Number",""
"HGO15C02","Number of Health Graduates","2017","2017","08","8","30","Nursing and Midwifery","Number",""
"HGO15C02","Number of Health Graduates","2017","2017","08","8","501","Occupational Therapy","Number",""
"HGO15C02","Number of Health Graduates","2017","2017","08","8","60","Pharmacy","Number",""
"HGO15C02","Number of Health Graduates","2017","2017","08","8","504","Physiotherapy","Number",""
"HGO15C02","Number of Health Graduates","2017","2017","08","8","402","Radiography and Radiation Therapy","Number",""
"HGO15C02","Number of Health Graduates","2017","2017","08","8","702","Social Care","Number",""
"HGO15C02","Number of Health Graduates","2017","2017","08","8","701","Social Work","Number",""
"HGO15C02","Number of Health Graduates","2017","2017","08","8","10","Speech and Language Therapy","Number",""
"HGO15C02","Number of Health Graduates","2017","2017","08","8","V52","Dietetics, Optometry and Podiatry","Number",""
"HGO15C02","Number of Health Graduates","2017","2017","09","9","201","Dentistry","Number",""
"HGO15C02","Number of Health Graduates","2017","2017","09","9","401","Medical Science","Number",""
"HGO15C02","Number of Health Graduates","2017","2017","09","9","202","Medicine","Number",""
"HGO15C02","Number of Health Graduates","2017","2017","09","9","30","Nursing and Midwifery","Number",""
"HGO15C02","Number of Health Graduates","2017","2017","09","9","501","Occupational Therapy","Number",""
"HGO15C02","Number of Health Graduates","2017","2017","09","9","60","Pharmacy","Number",""
"HGO15C02","Number of Health Graduates","2017","2017","09","9","504","Physiotherapy","Number",""
"HGO15C02","Number of Health Graduates","2017","2017","09","9","402","Radiography and Radiation Therapy","Number",""
"HGO15C02","Number of Health Graduates","2017","2017","09","9","702","Social Care","Number",""
"HGO15C02","Number of Health Graduates","2017","2017","09","9","701","Social Work","Number",""
"HGO15C02","Number of Health Graduates","2017","2017","09","9","10","Speech and Language Therapy","Number",""
"HGO15C02","Number of Health Graduates","2017","2017","09","9","V52","Dietetics, Optometry and Podiatry","Number",""
"HGO15C02","Number of Health Graduates","2017","2017","10","10","201","Dentistry","Number",""
"HGO15C02","Number of Health Graduates","2017","2017","10","10","401","Medical Science","Number",""
"HGO15C02","Number of Health Graduates","2017","2017","10","10","202","Medicine","Number",""
"HGO15C02","Number of Health Graduates","2017","2017","10","10","30","Nursing and Midwifery","Number",""
"HGO15C02","Number of Health Graduates","2017","2017","10","10","501","Occupational Therapy","Number",""
"HGO15C02","Number of Health Graduates","2017","2017","10","10","60","Pharmacy","Number",""
"HGO15C02","Number of Health Graduates","2017","2017","10","10","504","Physiotherapy","Number",""
"HGO15C02","Number of Health Graduates","2017","2017","10","10","402","Radiography and Radiation Therapy","Number",""
"HGO15C02","Number of Health Graduates","2017","2017","10","10","702","Social Care","Number",""
"HGO15C02","Number of Health Graduates","2017","2017","10","10","701","Social Work","Number",""
"HGO15C02","Number of Health Graduates","2017","2017","10","10","10","Speech and Language Therapy","Number",""
"HGO15C02","Number of Health Graduates","2017","2017","10","10","V52","Dietetics, Optometry and Podiatry","Number",""
"HGO15C02","Number of Health Graduates","2017","2017","11","11","201","Dentistry","Number",""
"HGO15C02","Number of Health Graduates","2017","2017","11","11","401","Medical Science","Number",""
"HGO15C02","Number of Health Graduates","2017","2017","11","11","202","Medicine","Number",""
"HGO15C02","Number of Health Graduates","2017","2017","11","11","30","Nursing and Midwifery","Number",""
"HGO15C02","Number of Health Graduates","2017","2017","11","11","501","Occupational Therapy","Number",""
"HGO15C02","Number of Health Graduates","2017","2017","11","11","60","Pharmacy","Number",""
"HGO15C02","Number of Health Graduates","2017","2017","11","11","504","Physiotherapy","Number",""
"HGO15C02","Number of Health Graduates","2017","2017","11","11","402","Radiography and Radiation Therapy","Number",""
"HGO15C02","Number of Health Graduates","2017","2017","11","11","702","Social Care","Number",""
"HGO15C02","Number of Health Graduates","2017","2017","11","11","701","Social Work","Number",""
"HGO15C02","Number of Health Graduates","2017","2017","11","11","10","Speech and Language Therapy","Number",""
"HGO15C02","Number of Health Graduates","2017","2017","11","11","V52","Dietetics, Optometry and Podiatry","Number",""
"HGO15C02","Number of Health Graduates","2017","2017","12","12","201","Dentistry","Number",""
"HGO15C02","Number of Health Graduates","2017","2017","12","12","401","Medical Science","Number",""
"HGO15C02","Number of Health Graduates","2017","2017","12","12","202","Medicine","Number",""
"HGO15C02","Number of Health Graduates","2017","2017","12","12","30","Nursing and Midwifery","Number",""
"HGO15C02","Number of Health Graduates","2017","2017","12","12","501","Occupational Therapy","Number",""
"HGO15C02","Number of Health Graduates","2017","2017","12","12","60","Pharmacy","Number",""
"HGO15C02","Number of Health Graduates","2017","2017","12","12","504","Physiotherapy","Number",""
"HGO15C02","Number of Health Graduates","2017","2017","12","12","402","Radiography and Radiation Therapy","Number",""
"HGO15C02","Number of Health Graduates","2017","2017","12","12","702","Social Care","Number",""
"HGO15C02","Number of Health Graduates","2017","2017","12","12","701","Social Work","Number",""
"HGO15C02","Number of Health Graduates","2017","2017","12","12","10","Speech and Language Therapy","Number",""
"HGO15C02","Number of Health Graduates","2017","2017","12","12","V52","Dietetics, Optometry and Podiatry","Number",""
"HGO15C02","Number of Health Graduates","2017","2017","13","13","201","Dentistry","Number",""
"HGO15C02","Number of Health Graduates","2017","2017","13","13","401","Medical Science","Number",""
"HGO15C02","Number of Health Graduates","2017","2017","13","13","202","Medicine","Number",""
"HGO15C02","Number of Health Graduates","2017","2017","13","13","30","Nursing and Midwifery","Number",""
"HGO15C02","Number of Health Graduates","2017","2017","13","13","501","Occupational Therapy","Number",""
"HGO15C02","Number of Health Graduates","2017","2017","13","13","60","Pharmacy","Number",""
"HGO15C02","Number of Health Graduates","2017","2017","13","13","504","Physiotherapy","Number",""
"HGO15C02","Number of Health Graduates","2017","2017","13","13","402","Radiography and Radiation Therapy","Number",""
"HGO15C02","Number of Health Graduates","2017","2017","13","13","702","Social Care","Number",""
"HGO15C02","Number of Health Graduates","2017","2017","13","13","701","Social Work","Number",""
"HGO15C02","Number of Health Graduates","2017","2017","13","13","10","Speech and Language Therapy","Number",""
"HGO15C02","Number of Health Graduates","2017","2017","13","13","V52","Dietetics, Optometry and Podiatry","Number",""
"HGO15C02","Number of Health Graduates","2018","2018","01","1","201","Dentistry","Number",""
"HGO15C02","Number of Health Graduates","2018","2018","01","1","401","Medical Science","Number","72"
"HGO15C02","Number of Health Graduates","2018","2018","01","1","202","Medicine","Number","636"
"HGO15C02","Number of Health Graduates","2018","2018","01","1","30","Nursing and Midwifery","Number","1206"
"HGO15C02","Number of Health Graduates","2018","2018","01","1","501","Occupational Therapy","Number","99"
"HGO15C02","Number of Health Graduates","2018","2018","01","1","60","Pharmacy","Number",""
"HGO15C02","Number of Health Graduates","2018","2018","01","1","504","Physiotherapy","Number","120"
"HGO15C02","Number of Health Graduates","2018","2018","01","1","402","Radiography and Radiation Therapy","Number","63"
"HGO15C02","Number of Health Graduates","2018","2018","01","1","702","Social Care","Number","852"
"HGO15C02","Number of Health Graduates","2018","2018","01","1","701","Social Work","Number","165"
"HGO15C02","Number of Health Graduates","2018","2018","01","1","10","Speech and Language Therapy","Number","93"
"HGO15C02","Number of Health Graduates","2018","2018","01","1","V52","Dietetics, Optometry and Podiatry","Number","66"
"HGO15C02","Number of Health Graduates","2018","2018","02","2","201","Dentistry","Number",""
"HGO15C02","Number of Health Graduates","2018","2018","02","2","401","Medical Science","Number","75"
"HGO15C02","Number of Health Graduates","2018","2018","02","2","202","Medicine","Number","429"
"HGO15C02","Number of Health Graduates","2018","2018","02","2","30","Nursing and Midwifery","Number","1092"
"HGO15C02","Number of Health Graduates","2018","2018","02","2","501","Occupational Therapy","Number","93"
"HGO15C02","Number of Health Graduates","2018","2018","02","2","60","Pharmacy","Number",""
"HGO15C02","Number of Health Graduates","2018","2018","02","2","504","Physiotherapy","Number","108"
"HGO15C02","Number of Health Graduates","2018","2018","02","2","402","Radiography and Radiation Therapy","Number","60"
"HGO15C02","Number of Health Graduates","2018","2018","02","2","702","Social Care","Number","825"
"HGO15C02","Number of Health Graduates","2018","2018","02","2","701","Social Work","Number","159"
"HGO15C02","Number of Health Graduates","2018","2018","02","2","10","Speech and Language Therapy","Number","99"
"HGO15C02","Number of Health Graduates","2018","2018","02","2","V52","Dietetics, Optometry and Podiatry","Number","66"
"HGO15C02","Number of Health Graduates","2018","2018","03","3","201","Dentistry","Number",""
"HGO15C02","Number of Health Graduates","2018","2018","03","3","401","Medical Science","Number","72"
"HGO15C02","Number of Health Graduates","2018","2018","03","3","202","Medicine","Number","456"
"HGO15C02","Number of Health Graduates","2018","2018","03","3","30","Nursing and Midwifery","Number","1086"
"HGO15C02","Number of Health Graduates","2018","2018","03","3","501","Occupational Therapy","Number","99"
"HGO15C02","Number of Health Graduates","2018","2018","03","3","60","Pharmacy","Number",""
"HGO15C02","Number of Health Graduates","2018","2018","03","3","504","Physiotherapy","Number","111"
"HGO15C02","Number of Health Graduates","2018","2018","03","3","402","Radiography and Radiation Therapy","Number","57"
"HGO15C02","Number of Health Graduates","2018","2018","03","3","702","Social Care","Number","837"
"HGO15C02","Number of Health Graduates","2018","2018","03","3","701","Social Work","Number","156"
"HGO15C02","Number of Health Graduates","2018","2018","03","3","10","Speech and Language Therapy","Number","99"
"HGO15C02","Number of Health Graduates","2018","2018","03","3","V52","Dietetics, Optometry and Podiatry","Number","66"
"HGO15C02","Number of Health Graduates","2018","2018","04","4","201","Dentistry","Number","18"
"HGO15C02","Number of Health Graduates","2018","2018","04","4","401","Medical Science","Number","72"
"HGO15C02","Number of Health Graduates","2018","2018","04","4","202","Medicine","Number","516"
"HGO15C02","Number of Health Graduates","2018","2018","04","4","30","Nursing and Midwifery","Number","996"
"HGO15C02","Number of Health Graduates","2018","2018","04","4","501","Occupational Therapy","Number","102"
"HGO15C02","Number of Health Graduates","2018","2018","04","4","60","Pharmacy","Number",""
"HGO15C02","Number of Health Graduates","2018","2018","04","4","504","Physiotherapy","Number","108"
"HGO15C02","Number of Health Graduates","2018","2018","04","4","402","Radiography and Radiation Therapy","Number","54"
"HGO15C02","Number of Health Graduates","2018","2018","04","4","702","Social Care","Number","834"
"HGO15C02","Number of Health Graduates","2018","2018","04","4","701","Social Work","Number","159"
"HGO15C02","Number of Health Graduates","2018","2018","04","4","10","Speech and Language Therapy","Number","90"
"HGO15C02","Number of Health Graduates","2018","2018","04","4","V52","Dietetics, Optometry and Podiatry","Number","63"
"HGO15C02","Number of Health Graduates","2018","2018","05","5","201","Dentistry","Number","18"
"HGO15C02","Number of Health Graduates","2018","2018","05","5","401","Medical Science","Number","69"
"HGO15C02","Number of Health Graduates","2018","2018","05","5","202","Medicine","Number","519"
"HGO15C02","Number of Health Graduates","2018","2018","05","5","30","Nursing and Midwifery","Number","930"
"HGO15C02","Number of Health Graduates","2018","2018","05","5","501","Occupational Therapy","Number","90"
"HGO15C02","Number of Health Graduates","2018","2018","05","5","60","Pharmacy","Number",""
"HGO15C02","Number of Health Graduates","2018","2018","05","5","504","Physiotherapy","Number","96"
"HGO15C02","Number of Health Graduates","2018","2018","05","5","402","Radiography and Radiation Therapy","Number","51"
"HGO15C02","Number of Health Graduates","2018","2018","05","5","702","Social Care","Number","792"
"HGO15C02","Number of Health Graduates","2018","2018","05","5","701","Social Work","Number","153"
"HGO15C02","Number of Health Graduates","2018","2018","05","5","10","Speech and Language Therapy","Number","81"
"HGO15C02","Number of Health Graduates","2018","2018","05","5","V52","Dietetics, Optometry and Podiatry","Number","57"
"HGO15C02","Number of Health Graduates","2018","2018","06","6","201","Dentistry","Number",""
"HGO15C02","Number of Health Graduates","2018","2018","06","6","401","Medical Science","Number",""
"HGO15C02","Number of Health Graduates","2018","2018","06","6","202","Medicine","Number",""
"HGO15C02","Number of Health Graduates","2018","2018","06","6","30","Nursing and Midwifery","Number",""
"HGO15C02","Number of Health Graduates","2018","2018","06","6","501","Occupational Therapy","Number",""
"HGO15C02","Number of Health Graduates","2018","2018","06","6","60","Pharmacy","Number",""
"HGO15C02","Number of Health Graduates","2018","2018","06","6","504","Physiotherapy","Number",""
"HGO15C02","Number of Health Graduates","2018","2018","06","6","402","Radiography and Radiation Therapy","Number",""
"HGO15C02","Number of Health Graduates","2018","2018","06","6","702","Social Care","Number",""
"HGO15C02","Number of Health Graduates","2018","2018","06","6","701","Social Work","Number",""
"HGO15C02","Number of Health Graduates","2018","2018","06","6","10","Speech and Language Therapy","Number",""
"HGO15C02","Number of Health Graduates","2018","2018","06","6","V52","Dietetics, Optometry and Podiatry","Number",""
"HGO15C02","Number of Health Graduates","2018","2018","07","7","201","Dentistry","Number",""
"HGO15C02","Number of Health Graduates","2018","2018","07","7","401","Medical Science","Number",""
"HGO15C02","Number of Health Graduates","2018","2018","07","7","202","Medicine","Number",""
"HGO15C02","Number of Health Graduates","2018","2018","07","7","30","Nursing and Midwifery","Number",""
"HGO15C02","Number of Health Graduates","2018","2018","07","7","501","Occupational Therapy","Number",""
"HGO15C02","Number of Health Graduates","2018","2018","07","7","60","Pharmacy","Number",""
"HGO15C02","Number of Health Graduates","2018","2018","07","7","504","Physiotherapy","Number",""
"HGO15C02","Number of Health Graduates","2018","2018","07","7","402","Radiography and Radiation Therapy","Number",""
"HGO15C02","Number of Health Graduates","2018","2018","07","7","702","Social Care","Number",""
"HGO15C02","Number of Health Graduates","2018","2018","07","7","701","Social Work","Number",""
"HGO15C02","Number of Health Graduates","2018","2018","07","7","10","Speech and Language Therapy","Number",""
"HGO15C02","Number of Health Graduates","2018","2018","07","7","V52","Dietetics, Optometry and Podiatry","Number",""
"HGO15C02","Number of Health Graduates","2018","2018","08","8","201","Dentistry","Number",""
"HGO15C02","Number of Health Graduates","2018","2018","08","8","401","Medical Science","Number",""
"HGO15C02","Number of Health Graduates","2018","2018","08","8","202","Medicine","Number",""
"HGO15C02","Number of Health Graduates","2018","2018","08","8","30","Nursing and Midwifery","Number",""
"HGO15C02","Number of Health Graduates","2018","2018","08","8","501","Occupational Therapy","Number",""
"HGO15C02","Number of Health Graduates","2018","2018","08","8","60","Pharmacy","Number",""
"HGO15C02","Number of Health Graduates","2018","2018","08","8","504","Physiotherapy","Number",""
"HGO15C02","Number of Health Graduates","2018","2018","08","8","402","Radiography and Radiation Therapy","Number",""
"HGO15C02","Number of Health Graduates","2018","2018","08","8","702","Social Care","Number",""
"HGO15C02","Number of Health Graduates","2018","2018","08","8","701","Social Work","Number",""
"HGO15C02","Number of Health Graduates","2018","2018","08","8","10","Speech and Language Therapy","Number",""
"HGO15C02","Number of Health Graduates","2018","2018","08","8","V52","Dietetics, Optometry and Podiatry","Number",""
"HGO15C02","Number of Health Graduates","2018","2018","09","9","201","Dentistry","Number",""
"HGO15C02","Number of Health Graduates","2018","2018","09","9","401","Medical Science","Number",""
"HGO15C02","Number of Health Graduates","2018","2018","09","9","202","Medicine","Number",""
"HGO15C02","Number of Health Graduates","2018","2018","09","9","30","Nursing and Midwifery","Number",""
"HGO15C02","Number of Health Graduates","2018","2018","09","9","501","Occupational Therapy","Number",""
"HGO15C02","Number of Health Graduates","2018","2018","09","9","60","Pharmacy","Number",""
"HGO15C02","Number of Health Graduates","2018","2018","09","9","504","Physiotherapy","Number",""
"HGO15C02","Number of Health Graduates","2018","2018","09","9","402","Radiography and Radiation Therapy","Number",""
"HGO15C02","Number of Health Graduates","2018","2018","09","9","702","Social Care","Number",""
"HGO15C02","Number of Health Graduates","2018","2018","09","9","701","Social Work","Number",""
"HGO15C02","Number of Health Graduates","2018","2018","09","9","10","Speech and Language Therapy","Number",""
"HGO15C02","Number of Health Graduates","2018","2018","09","9","V52","Dietetics, Optometry and Podiatry","Number",""
"HGO15C02","Number of Health Graduates","2018","2018","10","10","201","Dentistry","Number",""
"HGO15C02","Number of Health Graduates","2018","2018","10","10","401","Medical Science","Number",""
"HGO15C02","Number of Health Graduates","2018","2018","10","10","202","Medicine","Number",""
"HGO15C02","Number of Health Graduates","2018","2018","10","10","30","Nursing and Midwifery","Number",""
"HGO15C02","Number of Health Graduates","2018","2018","10","10","501","Occupational Therapy","Number",""
"HGO15C02","Number of Health Graduates","2018","2018","10","10","60","Pharmacy","Number",""
"HGO15C02","Number of Health Graduates","2018","2018","10","10","504","Physiotherapy","Number",""
"HGO15C02","Number of Health Graduates","2018","2018","10","10","402","Radiography and Radiation Therapy","Number",""
"HGO15C02","Number of Health Graduates","2018","2018","10","10","702","Social Care","Number",""
"HGO15C02","Number of Health Graduates","2018","2018","10","10","701","Social Work","Number",""
"HGO15C02","Number of Health Graduates","2018","2018","10","10","10","Speech and Language Therapy","Number",""
"HGO15C02","Number of Health Graduates","2018","2018","10","10","V52","Dietetics, Optometry and Podiatry","Number",""
"HGO15C02","Number of Health Graduates","2018","2018","11","11","201","Dentistry","Number",""
"HGO15C02","Number of Health Graduates","2018","2018","11","11","401","Medical Science","Number",""
"HGO15C02","Number of Health Graduates","2018","2018","11","11","202","Medicine","Number",""
"HGO15C02","Number of Health Graduates","2018","2018","11","11","30","Nursing and Midwifery","Number",""
"HGO15C02","Number of Health Graduates","2018","2018","11","11","501","Occupational Therapy","Number",""
"HGO15C02","Number of Health Graduates","2018","2018","11","11","60","Pharmacy","Number",""
"HGO15C02","Number of Health Graduates","2018","2018","11","11","504","Physiotherapy","Number",""
"HGO15C02","Number of Health Graduates","2018","2018","11","11","402","Radiography and Radiation Therapy","Number",""
"HGO15C02","Number of Health Graduates","2018","2018","11","11","702","Social Care","Number",""
"HGO15C02","Number of Health Graduates","2018","2018","11","11","701","Social Work","Number",""
"HGO15C02","Number of Health Graduates","2018","2018","11","11","10","Speech and Language Therapy","Number",""
"HGO15C02","Number of Health Graduates","2018","2018","11","11","V52","Dietetics, Optometry and Podiatry","Number",""
"HGO15C02","Number of Health Graduates","2018","2018","12","12","201","Dentistry","Number",""
"HGO15C02","Number of Health Graduates","2018","2018","12","12","401","Medical Science","Number",""
"HGO15C02","Number of Health Graduates","2018","2018","12","12","202","Medicine","Number",""
"HGO15C02","Number of Health Graduates","2018","2018","12","12","30","Nursing and Midwifery","Number",""
"HGO15C02","Number of Health Graduates","2018","2018","12","12","501","Occupational Therapy","Number",""
"HGO15C02","Number of Health Graduates","2018","2018","12","12","60","Pharmacy","Number",""
"HGO15C02","Number of Health Graduates","2018","2018","12","12","504","Physiotherapy","Number",""
"HGO15C02","Number of Health Graduates","2018","2018","12","12","402","Radiography and Radiation Therapy","Number",""
"HGO15C02","Number of Health Graduates","2018","2018","12","12","702","Social Care","Number",""
"HGO15C02","Number of Health Graduates","2018","2018","12","12","701","Social Work","Number",""
"HGO15C02","Number of Health Graduates","2018","2018","12","12","10","Speech and Language Therapy","Number",""
"HGO15C02","Number of Health Graduates","2018","2018","12","12","V52","Dietetics, Optometry and Podiatry","Number",""
"HGO15C02","Number of Health Graduates","2018","2018","13","13","201","Dentistry","Number",""
"HGO15C02","Number of Health Graduates","2018","2018","13","13","401","Medical Science","Number",""
"HGO15C02","Number of Health Graduates","2018","2018","13","13","202","Medicine","Number",""
"HGO15C02","Number of Health Graduates","2018","2018","13","13","30","Nursing and Midwifery","Number",""
"HGO15C02","Number of Health Graduates","2018","2018","13","13","501","Occupational Therapy","Number",""
"HGO15C02","Number of Health Graduates","2018","2018","13","13","60","Pharmacy","Number",""
"HGO15C02","Number of Health Graduates","2018","2018","13","13","504","Physiotherapy","Number",""
"HGO15C02","Number of Health Graduates","2018","2018","13","13","402","Radiography and Radiation Therapy","Number",""
"HGO15C02","Number of Health Graduates","2018","2018","13","13","702","Social Care","Number",""
"HGO15C02","Number of Health Graduates","2018","2018","13","13","701","Social Work","Number",""
"HGO15C02","Number of Health Graduates","2018","2018","13","13","10","Speech and Language Therapy","Number",""
"HGO15C02","Number of Health Graduates","2018","2018","13","13","V52","Dietetics, Optometry and Podiatry","Number",""
"HGO15C02","Number of Health Graduates","2019","2019","01","1","201","Dentistry","Number",""
"HGO15C02","Number of Health Graduates","2019","2019","01","1","401","Medical Science","Number","81"
"HGO15C02","Number of Health Graduates","2019","2019","01","1","202","Medicine","Number","564"
"HGO15C02","Number of Health Graduates","2019","2019","01","1","30","Nursing and Midwifery","Number","1260"
"HGO15C02","Number of Health Graduates","2019","2019","01","1","501","Occupational Therapy","Number","87"
"HGO15C02","Number of Health Graduates","2019","2019","01","1","60","Pharmacy","Number",""
"HGO15C02","Number of Health Graduates","2019","2019","01","1","504","Physiotherapy","Number","120"
"HGO15C02","Number of Health Graduates","2019","2019","01","1","402","Radiography and Radiation Therapy","Number","57"
"HGO15C02","Number of Health Graduates","2019","2019","01","1","702","Social Care","Number","903"
"HGO15C02","Number of Health Graduates","2019","2019","01","1","701","Social Work","Number","165"
"HGO15C02","Number of Health Graduates","2019","2019","01","1","10","Speech and Language Therapy","Number","93"
"HGO15C02","Number of Health Graduates","2019","2019","01","1","V52","Dietetics, Optometry and Podiatry","Number","72"
"HGO15C02","Number of Health Graduates","2019","2019","02","2","201","Dentistry","Number","15"
"HGO15C02","Number of Health Graduates","2019","2019","02","2","401","Medical Science","Number","81"
"HGO15C02","Number of Health Graduates","2019","2019","02","2","202","Medicine","Number","369"
"HGO15C02","Number of Health Graduates","2019","2019","02","2","30","Nursing and Midwifery","Number","1236"
"HGO15C02","Number of Health Graduates","2019","2019","02","2","501","Occupational Therapy","Number","87"
"HGO15C02","Number of Health Graduates","2019","2019","02","2","60","Pharmacy","Number",""
"HGO15C02","Number of Health Graduates","2019","2019","02","2","504","Physiotherapy","Number","120"
"HGO15C02","Number of Health Graduates","2019","2019","02","2","402","Radiography and Radiation Therapy","Number","57"
"HGO15C02","Number of Health Graduates","2019","2019","02","2","702","Social Care","Number","915"
"HGO15C02","Number of Health Graduates","2019","2019","02","2","701","Social Work","Number","168"
"HGO15C02","Number of Health Graduates","2019","2019","02","2","10","Speech and Language Therapy","Number","90"
"HGO15C02","Number of Health Graduates","2019","2019","02","2","V52","Dietetics, Optometry and Podiatry","Number","75"
"HGO15C02","Number of Health Graduates","2019","2019","03","3","201","Dentistry","Number","18"
"HGO15C02","Number of Health Graduates","2019","2019","03","3","401","Medical Science","Number","78"
"HGO15C02","Number of Health Graduates","2019","2019","03","3","202","Medicine","Number","408"
"HGO15C02","Number of Health Graduates","2019","2019","03","3","30","Nursing and Midwifery","Number","1089"
"HGO15C02","Number of Health Graduates","2019","2019","03","3","501","Occupational Therapy","Number","84"
"HGO15C02","Number of Health Graduates","2019","2019","03","3","60","Pharmacy","Number",""
"HGO15C02","Number of Health Graduates","2019","2019","03","3","504","Physiotherapy","Number","108"
"HGO15C02","Number of Health Graduates","2019","2019","03","3","402","Radiography and Radiation Therapy","Number","57"
"HGO15C02","Number of Health Graduates","2019","2019","03","3","702","Social Care","Number","909"
"HGO15C02","Number of Health Graduates","2019","2019","03","3","701","Social Work","Number","165"
"HGO15C02","Number of Health Graduates","2019","2019","03","3","10","Speech and Language Therapy","Number","90"
"HGO15C02","Number of Health Graduates","2019","2019","03","3","V52","Dietetics, Optometry and Podiatry","Number","69"
"HGO15C02","Number of Health Graduates","2019","2019","04","4","201","Dentistry","Number","21"
"HGO15C02","Number of Health Graduates","2019","2019","04","4","401","Medical Science","Number","69"
"HGO15C02","Number of Health Graduates","2019","2019","04","4","202","Medicine","Number","435"
"HGO15C02","Number of Health Graduates","2019","2019","04","4","30","Nursing and Midwifery","Number","957"
"HGO15C02","Number of Health Graduates","2019","2019","04","4","501","Occupational Therapy","Number","78"
"HGO15C02","Number of Health Graduates","2019","2019","04","4","60","Pharmacy","Number",""
"HGO15C02","Number of Health Graduates","2019","2019","04","4","504","Physiotherapy","Number","87"
"HGO15C02","Number of Health Graduates","2019","2019","04","4","402","Radiography and Radiation Therapy","Number","33"
"HGO15C02","Number of Health Graduates","2019","2019","04","4","702","Social Care","Number","855"
"HGO15C02","Number of Health Graduates","2019","2019","04","4","701","Social Work","Number","156"
"HGO15C02","Number of Health Graduates","2019","2019","04","4","10","Speech and Language Therapy","Number","84"
"HGO15C02","Number of Health Graduates","2019","2019","04","4","V52","Dietetics, Optometry and Podiatry","Number","60"
"HGO15C02","Number of Health Graduates","2019","2019","05","5","201","Dentistry","Number",""
"HGO15C02","Number of Health Graduates","2019","2019","05","5","401","Medical Science","Number",""
"HGO15C02","Number of Health Graduates","2019","2019","05","5","202","Medicine","Number",""
"HGO15C02","Number of Health Graduates","2019","2019","05","5","30","Nursing and Midwifery","Number",""
"HGO15C02","Number of Health Graduates","2019","2019","05","5","501","Occupational Therapy","Number",""
"HGO15C02","Number of Health Graduates","2019","2019","05","5","60","Pharmacy","Number",""
"HGO15C02","Number of Health Graduates","2019","2019","05","5","504","Physiotherapy","Number",""
"HGO15C02","Number of Health Graduates","2019","2019","05","5","402","Radiography and Radiation Therapy","Number",""
"HGO15C02","Number of Health Graduates","2019","2019","05","5","702","Social Care","Number",""
"HGO15C02","Number of Health Graduates","2019","2019","05","5","701","Social Work","Number",""
"HGO15C02","Number of Health Graduates","2019","2019","05","5","10","Speech and Language Therapy","Number",""
"HGO15C02","Number of Health Graduates","2019","2019","05","5","V52","Dietetics, Optometry and Podiatry","Number",""
"HGO15C02","Number of Health Graduates","2019","2019","06","6","201","Dentistry","Number",""
"HGO15C02","Number of Health Graduates","2019","2019","06","6","401","Medical Science","Number",""
"HGO15C02","Number of Health Graduates","2019","2019","06","6","202","Medicine","Number",""
"HGO15C02","Number of Health Graduates","2019","2019","06","6","30","Nursing and Midwifery","Number",""
"HGO15C02","Number of Health Graduates","2019","2019","06","6","501","Occupational Therapy","Number",""
"HGO15C02","Number of Health Graduates","2019","2019","06","6","60","Pharmacy","Number",""
"HGO15C02","Number of Health Graduates","2019","2019","06","6","504","Physiotherapy","Number",""
"HGO15C02","Number of Health Graduates","2019","2019","06","6","402","Radiography and Radiation Therapy","Number",""
"HGO15C02","Number of Health Graduates","2019","2019","06","6","702","Social Care","Number",""
"HGO15C02","Number of Health Graduates","2019","2019","06","6","701","Social Work","Number",""
"HGO15C02","Number of Health Graduates","2019","2019","06","6","10","Speech and Language Therapy","Number",""
"HGO15C02","Number of Health Graduates","2019","2019","06","6","V52","Dietetics, Optometry and Podiatry","Number",""
"HGO15C02","Number of Health Graduates","2019","2019","07","7","201","Dentistry","Number",""
"HGO15C02","Number of Health Graduates","2019","2019","07","7","401","Medical Science","Number",""
"HGO15C02","Number of Health Graduates","2019","2019","07","7","202","Medicine","Number",""
"HGO15C02","Number of Health Graduates","2019","2019","07","7","30","Nursing and Midwifery","Number",""
"HGO15C02","Number of Health Graduates","2019","2019","07","7","501","Occupational Therapy","Number",""
"HGO15C02","Number of Health Graduates","2019","2019","07","7","60","Pharmacy","Number",""
"HGO15C02","Number of Health Graduates","2019","2019","07","7","504","Physiotherapy","Number",""
"HGO15C02","Number of Health Graduates","2019","2019","07","7","402","Radiography and Radiation Therapy","Number",""
"HGO15C02","Number of Health Graduates","2019","2019","07","7","702","Social Care","Number",""
"HGO15C02","Number of Health Graduates","2019","2019","07","7","701","Social Work","Number",""
"HGO15C02","Number of Health Graduates","2019","2019","07","7","10","Speech and Language Therapy","Number",""
"HGO15C02","Number of Health Graduates","2019","2019","07","7","V52","Dietetics, Optometry and Podiatry","Number",""
"HGO15C02","Number of Health Graduates","2019","2019","08","8","201","Dentistry","Number",""
"HGO15C02","Number of Health Graduates","2019","2019","08","8","401","Medical Science","Number",""
"HGO15C02","Number of Health Graduates","2019","2019","08","8","202","Medicine","Number",""
"HGO15C02","Number of Health Graduates","2019","2019","08","8","30","Nursing and Midwifery","Number",""
"HGO15C02","Number of Health Graduates","2019","2019","08","8","501","Occupational Therapy","Number",""
"HGO15C02","Number of Health Graduates","2019","2019","08","8","60","Pharmacy","Number",""
"HGO15C02","Number of Health Graduates","2019","2019","08","8","504","Physiotherapy","Number",""
"HGO15C02","Number of Health Graduates","2019","2019","08","8","402","Radiography and Radiation Therapy","Number",""
"HGO15C02","Number of Health Graduates","2019","2019","08","8","702","Social Care","Number",""
"HGO15C02","Number of Health Graduates","2019","2019","08","8","701","Social Work","Number",""
"HGO15C02","Number of Health Graduates","2019","2019","08","8","10","Speech and Language Therapy","Number",""
"HGO15C02","Number of Health Graduates","2019","2019","08","8","V52","Dietetics, Optometry and Podiatry","Number",""
"HGO15C02","Number of Health Graduates","2019","2019","09","9","201","Dentistry","Number",""
"HGO15C02","Number of Health Graduates","2019","2019","09","9","401","Medical Science","Number",""
"HGO15C02","Number of Health Graduates","2019","2019","09","9","202","Medicine","Number",""
"HGO15C02","Number of Health Graduates","2019","2019","09","9","30","Nursing and Midwifery","Number",""
"HGO15C02","Number of Health Graduates","2019","2019","09","9","501","Occupational Therapy","Number",""
"HGO15C02","Number of Health Graduates","2019","2019","09","9","60","Pharmacy","Number",""
"HGO15C02","Number of Health Graduates","2019","2019","09","9","504","Physiotherapy","Number",""
"HGO15C02","Number of Health Graduates","2019","2019","09","9","402","Radiography and Radiation Therapy","Number",""
"HGO15C02","Number of Health Graduates","2019","2019","09","9","702","Social Care","Number",""
"HGO15C02","Number of Health Graduates","2019","2019","09","9","701","Social Work","Number",""
"HGO15C02","Number of Health Graduates","2019","2019","09","9","10","Speech and Language Therapy","Number",""
"HGO15C02","Number of Health Graduates","2019","2019","09","9","V52","Dietetics, Optometry and Podiatry","Number",""
"HGO15C02","Number of Health Graduates","2019","2019","10","10","201","Dentistry","Number",""
"HGO15C02","Number of Health Graduates","2019","2019","10","10","401","Medical Science","Number",""
"HGO15C02","Number of Health Graduates","2019","2019","10","10","202","Medicine","Number",""
"HGO15C02","Number of Health Graduates","2019","2019","10","10","30","Nursing and Midwifery","Number",""
"HGO15C02","Number of Health Graduates","2019","2019","10","10","501","Occupational Therapy","Number",""
"HGO15C02","Number of Health Graduates","2019","2019","10","10","60","Pharmacy","Number",""
"HGO15C02","Number of Health Graduates","2019","2019","10","10","504","Physiotherapy","Number",""
"HGO15C02","Number of Health Graduates","2019","2019","10","10","402","Radiography and Radiation Therapy","Number",""
"HGO15C02","Number of Health Graduates","2019","2019","10","10","702","Social Care","Number",""
"HGO15C02","Number of Health Graduates","2019","2019","10","10","701","Social Work","Number",""
"HGO15C02","Number of Health Graduates","2019","2019","10","10","10","Speech and Language Therapy","Number",""
"HGO15C02","Number of Health Graduates","2019","2019","10","10","V52","Dietetics, Optometry and Podiatry","Number",""
"HGO15C02","Number of Health Graduates","2019","2019","11","11","201","Dentistry","Number",""
"HGO15C02","Number of Health Graduates","2019","2019","11","11","401","Medical Science","Number",""
"HGO15C02","Number of Health Graduates","2019","2019","11","11","202","Medicine","Number",""
"HGO15C02","Number of Health Graduates","2019","2019","11","11","30","Nursing and Midwifery","Number",""
"HGO15C02","Number of Health Graduates","2019","2019","11","11","501","Occupational Therapy","Number",""
"HGO15C02","Number of Health Graduates","2019","2019","11","11","60","Pharmacy","Number",""
"HGO15C02","Number of Health Graduates","2019","2019","11","11","504","Physiotherapy","Number",""
"HGO15C02","Number of Health Graduates","2019","2019","11","11","402","Radiography and Radiation Therapy","Number",""
"HGO15C02","Number of Health Graduates","2019","2019","11","11","702","Social Care","Number",""
"HGO15C02","Number of Health Graduates","2019","2019","11","11","701","Social Work","Number",""
"HGO15C02","Number of Health Graduates","2019","2019","11","11","10","Speech and Language Therapy","Number",""
"HGO15C02","Number of Health Graduates","2019","2019","11","11","V52","Dietetics, Optometry and Podiatry","Number",""
"HGO15C02","Number of Health Graduates","2019","2019","12","12","201","Dentistry","Number",""
"HGO15C02","Number of Health Graduates","2019","2019","12","12","401","Medical Science","Number",""
"HGO15C02","Number of Health Graduates","2019","2019","12","12","202","Medicine","Number",""
"HGO15C02","Number of Health Graduates","2019","2019","12","12","30","Nursing and Midwifery","Number",""
"HGO15C02","Number of Health Graduates","2019","2019","12","12","501","Occupational Therapy","Number",""
"HGO15C02","Number of Health Graduates","2019","2019","12","12","60","Pharmacy","Number",""
"HGO15C02","Number of Health Graduates","2019","2019","12","12","504","Physiotherapy","Number",""
"HGO15C02","Number of Health Graduates","2019","2019","12","12","402","Radiography and Radiation Therapy","Number",""
"HGO15C02","Number of Health Graduates","2019","2019","12","12","702","Social Care","Number",""
"HGO15C02","Number of Health Graduates","2019","2019","12","12","701","Social Work","Number",""
"HGO15C02","Number of Health Graduates","2019","2019","12","12","10","Speech and Language Therapy","Number",""
"HGO15C02","Number of Health Graduates","2019","2019","12","12","V52","Dietetics, Optometry and Podiatry","Number",""
"HGO15C02","Number of Health Graduates","2019","2019","13","13","201","Dentistry","Number",""
"HGO15C02","Number of Health Graduates","2019","2019","13","13","401","Medical Science","Number",""
"HGO15C02","Number of Health Graduates","2019","2019","13","13","202","Medicine","Number",""
"HGO15C02","Number of Health Graduates","2019","2019","13","13","30","Nursing and Midwifery","Number",""
"HGO15C02","Number of Health Graduates","2019","2019","13","13","501","Occupational Therapy","Number",""
"HGO15C02","Number of Health Graduates","2019","2019","13","13","60","Pharmacy","Number",""
"HGO15C02","Number of Health Graduates","2019","2019","13","13","504","Physiotherapy","Number",""
"HGO15C02","Number of Health Graduates","2019","2019","13","13","402","Radiography and Radiation Therapy","Number",""
"HGO15C02","Number of Health Graduates","2019","2019","13","13","702","Social Care","Number",""
"HGO15C02","Number of Health Graduates","2019","2019","13","13","701","Social Work","Number",""
"HGO15C02","Number of Health Graduates","2019","2019","13","13","10","Speech and Language Therapy","Number",""
"HGO15C02","Number of Health Graduates","2019","2019","13","13","V52","Dietetics, Optometry and Podiatry","Number",""
"HGO15C02","Number of Health Graduates","2020","2020","01","1","201","Dentistry","Number","15"
"HGO15C02","Number of Health Graduates","2020","2020","01","1","401","Medical Science","Number","78"
"HGO15C02","Number of Health Graduates","2020","2020","01","1","202","Medicine","Number","618"
"HGO15C02","Number of Health Graduates","2020","2020","01","1","30","Nursing and Midwifery","Number","1383"
"HGO15C02","Number of Health Graduates","2020","2020","01","1","501","Occupational Therapy","Number","84"
"HGO15C02","Number of Health Graduates","2020","2020","01","1","60","Pharmacy","Number","147"
"HGO15C02","Number of Health Graduates","2020","2020","01","1","504","Physiotherapy","Number","153"
"HGO15C02","Number of Health Graduates","2020","2020","01","1","402","Radiography and Radiation Therapy","Number","90"
"HGO15C02","Number of Health Graduates","2020","2020","01","1","702","Social Care","Number","918"
"HGO15C02","Number of Health Graduates","2020","2020","01","1","701","Social Work","Number","159"
"HGO15C02","Number of Health Graduates","2020","2020","01","1","10","Speech and Language Therapy","Number","105"
"HGO15C02","Number of Health Graduates","2020","2020","01","1","V52","Dietetics, Optometry and Podiatry","Number","90"
"HGO15C02","Number of Health Graduates","2020","2020","02","2","201","Dentistry","Number","39"
"HGO15C02","Number of Health Graduates","2020","2020","02","2","401","Medical Science","Number","75"
"HGO15C02","Number of Health Graduates","2020","2020","02","2","202","Medicine","Number","336"
"HGO15C02","Number of Health Graduates","2020","2020","02","2","30","Nursing and Midwifery","Number","1251"
"HGO15C02","Number of Health Graduates","2020","2020","02","2","501","Occupational Therapy","Number","84"
"HGO15C02","Number of Health Graduates","2020","2020","02","2","60","Pharmacy","Number","144"
"HGO15C02","Number of Health Graduates","2020","2020","02","2","504","Physiotherapy","Number","144"
"HGO15C02","Number of Health Graduates","2020","2020","02","2","402","Radiography and Radiation Therapy","Number","84"
"HGO15C02","Number of Health Graduates","2020","2020","02","2","702","Social Care","Number","912"
"HGO15C02","Number of Health Graduates","2020","2020","02","2","701","Social Work","Number","156"
"HGO15C02","Number of Health Graduates","2020","2020","02","2","10","Speech and Language Therapy","Number","105"
"HGO15C02","Number of Health Graduates","2020","2020","02","2","V52","Dietetics, Optometry and Podiatry","Number","87"
"HGO15C02","Number of Health Graduates","2020","2020","03","3","201","Dentistry","Number",""
"HGO15C02","Number of Health Graduates","2020","2020","03","3","401","Medical Science","Number","69"
"HGO15C02","Number of Health Graduates","2020","2020","03","3","202","Medicine","Number","378"
"HGO15C02","Number of Health Graduates","2020","2020","03","3","30","Nursing and Midwifery","Number","1041"
"HGO15C02","Number of Health Graduates","2020","2020","03","3","501","Occupational Therapy","Number","84"
"HGO15C02","Number of Health Graduates","2020","2020","03","3","60","Pharmacy","Number","132"
"HGO15C02","Number of Health Graduates","2020","2020","03","3","504","Physiotherapy","Number","117"
"HGO15C02","Number of Health Graduates","2020","2020","03","3","402","Radiography and Radiation Therapy","Number","63"
"HGO15C02","Number of Health Graduates","2020","2020","03","3","702","Social Care","Number","843"
"HGO15C02","Number of Health Graduates","2020","2020","03","3","701","Social Work","Number","141"
"HGO15C02","Number of Health Graduates","2020","2020","03","3","10","Speech and Language Therapy","Number","96"
"HGO15C02","Number of Health Graduates","2020","2020","03","3","V52","Dietetics, Optometry and Podiatry","Number","75"
"HGO15C02","Number of Health Graduates","2020","2020","04","4","201","Dentistry","Number",""
"HGO15C02","Number of Health Graduates","2020","2020","04","4","401","Medical Science","Number",""
"HGO15C02","Number of Health Graduates","2020","2020","04","4","202","Medicine","Number",""
"HGO15C02","Number of Health Graduates","2020","2020","04","4","30","Nursing and Midwifery","Number",""
"HGO15C02","Number of Health Graduates","2020","2020","04","4","501","Occupational Therapy","Number",""
"HGO15C02","Number of Health Graduates","2020","2020","04","4","60","Pharmacy","Number",""
"HGO15C02","Number of Health Graduates","2020","2020","04","4","504","Physiotherapy","Number",""
"HGO15C02","Number of Health Graduates","2020","2020","04","4","402","Radiography and Radiation Therapy","Number",""
"HGO15C02","Number of Health Graduates","2020","2020","04","4","702","Social Care","Number",""
"HGO15C02","Number of Health Graduates","2020","2020","04","4","701","Social Work","Number",""
"HGO15C02","Number of Health Graduates","2020","2020","04","4","10","Speech and Language Therapy","Number",""
"HGO15C02","Number of Health Graduates","2020","2020","04","4","V52","Dietetics, Optometry and Podiatry","Number",""
"HGO15C02","Number of Health Graduates","2020","2020","05","5","201","Dentistry","Number",""
"HGO15C02","Number of Health Graduates","2020","2020","05","5","401","Medical Science","Number",""
"HGO15C02","Number of Health Graduates","2020","2020","05","5","202","Medicine","Number",""
"HGO15C02","Number of Health Graduates","2020","2020","05","5","30","Nursing and Midwifery","Number",""
"HGO15C02","Number of Health Graduates","2020","2020","05","5","501","Occupational Therapy","Number",""
"HGO15C02","Number of Health Graduates","2020","2020","05","5","60","Pharmacy","Number",""
"HGO15C02","Number of Health Graduates","2020","2020","05","5","504","Physiotherapy","Number",""
"HGO15C02","Number of Health Graduates","2020","2020","05","5","402","Radiography and Radiation Therapy","Number",""
"HGO15C02","Number of Health Graduates","2020","2020","05","5","702","Social Care","Number",""
"HGO15C02","Number of Health Graduates","2020","2020","05","5","701","Social Work","Number",""
"HGO15C02","Number of Health Graduates","2020","2020","05","5","10","Speech and Language Therapy","Number",""
"HGO15C02","Number of Health Graduates","2020","2020","05","5","V52","Dietetics, Optometry and Podiatry","Number",""
"HGO15C02","Number of Health Graduates","2020","2020","06","6","201","Dentistry","Number",""
"HGO15C02","Number of Health Graduates","2020","2020","06","6","401","Medical Science","Number",""
"HGO15C02","Number of Health Graduates","2020","2020","06","6","202","Medicine","Number",""
"HGO15C02","Number of Health Graduates","2020","2020","06","6","30","Nursing and Midwifery","Number",""
"HGO15C02","Number of Health Graduates","2020","2020","06","6","501","Occupational Therapy","Number",""
"HGO15C02","Number of Health Graduates","2020","2020","06","6","60","Pharmacy","Number",""
"HGO15C02","Number of Health Graduates","2020","2020","06","6","504","Physiotherapy","Number",""
"HGO15C02","Number of Health Graduates","2020","2020","06","6","402","Radiography and Radiation Therapy","Number",""
"HGO15C02","Number of Health Graduates","2020","2020","06","6","702","Social Care","Number",""
"HGO15C02","Number of Health Graduates","2020","2020","06","6","701","Social Work","Number",""
"HGO15C02","Number of Health Graduates","2020","2020","06","6","10","Speech and Language Therapy","Number",""
"HGO15C02","Number of Health Graduates","2020","2020","06","6","V52","Dietetics, Optometry and Podiatry","Number",""
"HGO15C02","Number of Health Graduates","2020","2020","07","7","201","Dentistry","Number",""
"HGO15C02","Number of Health Graduates","2020","2020","07","7","401","Medical Science","Number",""
"HGO15C02","Number of Health Graduates","2020","2020","07","7","202","Medicine","Number",""
"HGO15C02","Number of Health Graduates","2020","2020","07","7","30","Nursing and Midwifery","Number",""
"HGO15C02","Number of Health Graduates","2020","2020","07","7","501","Occupational Therapy","Number",""
"HGO15C02","Number of Health Graduates","2020","2020","07","7","60","Pharmacy","Number",""
"HGO15C02","Number of Health Graduates","2020","2020","07","7","504","Physiotherapy","Number",""
"HGO15C02","Number of Health Graduates","2020","2020","07","7","402","Radiography and Radiation Therapy","Number",""
"HGO15C02","Number of Health Graduates","2020","2020","07","7","702","Social Care","Number",""
"HGO15C02","Number of Health Graduates","2020","2020","07","7","701","Social Work","Number",""
"HGO15C02","Number of Health Graduates","2020","2020","07","7","10","Speech and Language Therapy","Number",""
"HGO15C02","Number of Health Graduates","2020","2020","07","7","V52","Dietetics, Optometry and Podiatry","Number",""
"HGO15C02","Number of Health Graduates","2020","2020","08","8","201","Dentistry","Number",""
"HGO15C02","Number of Health Graduates","2020","2020","08","8","401","Medical Science","Number",""
"HGO15C02","Number of Health Graduates","2020","2020","08","8","202","Medicine","Number",""
"HGO15C02","Number of Health Graduates","2020","2020","08","8","30","Nursing and Midwifery","Number",""
"HGO15C02","Number of Health Graduates","2020","2020","08","8","501","Occupational Therapy","Number",""
"HGO15C02","Number of Health Graduates","2020","2020","08","8","60","Pharmacy","Number",""
"HGO15C02","Number of Health Graduates","2020","2020","08","8","504","Physiotherapy","Number",""
"HGO15C02","Number of Health Graduates","2020","2020","08","8","402","Radiography and Radiation Therapy","Number",""
"HGO15C02","Number of Health Graduates","2020","2020","08","8","702","Social Care","Number",""
"HGO15C02","Number of Health Graduates","2020","2020","08","8","701","Social Work","Number",""
"HGO15C02","Number of Health Graduates","2020","2020","08","8","10","Speech and Language Therapy","Number",""
"HGO15C02","Number of Health Graduates","2020","2020","08","8","V52","Dietetics, Optometry and Podiatry","Number",""
"HGO15C02","Number of Health Graduates","2020","2020","09","9","201","Dentistry","Number",""
"HGO15C02","Number of Health Graduates","2020","2020","09","9","401","Medical Science","Number",""
"HGO15C02","Number of Health Graduates","2020","2020","09","9","202","Medicine","Number",""
"HGO15C02","Number of Health Graduates","2020","2020","09","9","30","Nursing and Midwifery","Number",""
"HGO15C02","Number of Health Graduates","2020","2020","09","9","501","Occupational Therapy","Number",""
"HGO15C02","Number of Health Graduates","2020","2020","09","9","60","Pharmacy","Number",""
"HGO15C02","Number of Health Graduates","2020","2020","09","9","504","Physiotherapy","Number",""
"HGO15C02","Number of Health Graduates","2020","2020","09","9","402","Radiography and Radiation Therapy","Number",""
"HGO15C02","Number of Health Graduates","2020","2020","09","9","702","Social Care","Number",""
"HGO15C02","Number of Health Graduates","2020","2020","09","9","701","Social Work","Number",""
"HGO15C02","Number of Health Graduates","2020","2020","09","9","10","Speech and Language Therapy","Number",""
"HGO15C02","Number of Health Graduates","2020","2020","09","9","V52","Dietetics, Optometry and Podiatry","Number",""
"HGO15C02","Number of Health Graduates","2020","2020","10","10","201","Dentistry","Number",""
"HGO15C02","Number of Health Graduates","2020","2020","10","10","401","Medical Science","Number",""
"HGO15C02","Number of Health Graduates","2020","2020","10","10","202","Medicine","Number",""
"HGO15C02","Number of Health Graduates","2020","2020","10","10","30","Nursing and Midwifery","Number",""
"HGO15C02","Number of Health Graduates","2020","2020","10","10","501","Occupational Therapy","Number",""
"HGO15C02","Number of Health Graduates","2020","2020","10","10","60","Pharmacy","Number",""
"HGO15C02","Number of Health Graduates","2020","2020","10","10","504","Physiotherapy","Number",""
"HGO15C02","Number of Health Graduates","2020","2020","10","10","402","Radiography and Radiation Therapy","Number",""
"HGO15C02","Number of Health Graduates","2020","2020","10","10","702","Social Care","Number",""
"HGO15C02","Number of Health Graduates","2020","2020","10","10","701","Social Work","Number",""
"HGO15C02","Number of Health Graduates","2020","2020","10","10","10","Speech and Language Therapy","Number",""
"HGO15C02","Number of Health Graduates","2020","2020","10","10","V52","Dietetics, Optometry and Podiatry","Number",""
"HGO15C02","Number of Health Graduates","2020","2020","11","11","201","Dentistry","Number",""
"HGO15C02","Number of Health Graduates","2020","2020","11","11","401","Medical Science","Number",""
"HGO15C02","Number of Health Graduates","2020","2020","11","11","202","Medicine","Number",""
"HGO15C02","Number of Health Graduates","2020","2020","11","11","30","Nursing and Midwifery","Number",""
"HGO15C02","Number of Health Graduates","2020","2020","11","11","501","Occupational Therapy","Number",""
"HGO15C02","Number of Health Graduates","2020","2020","11","11","60","Pharmacy","Number",""
"HGO15C02","Number of Health Graduates","2020","2020","11","11","504","Physiotherapy","Number",""
"HGO15C02","Number of Health Graduates","2020","2020","11","11","402","Radiography and Radiation Therapy","Number",""
"HGO15C02","Number of Health Graduates","2020","2020","11","11","702","Social Care","Number",""
"HGO15C02","Number of Health Graduates","2020","2020","11","11","701","Social Work","Number",""
"HGO15C02","Number of Health Graduates","2020","2020","11","11","10","Speech and Language Therapy","Number",""
"HGO15C02","Number of Health Graduates","2020","2020","11","11","V52","Dietetics, Optometry and Podiatry","Number",""
"HGO15C02","Number of Health Graduates","2020","2020","12","12","201","Dentistry","Number",""
"HGO15C02","Number of Health Graduates","2020","2020","12","12","401","Medical Science","Number",""
"HGO15C02","Number of Health Graduates","2020","2020","12","12","202","Medicine","Number",""
"HGO15C02","Number of Health Graduates","2020","2020","12","12","30","Nursing and Midwifery","Number",""
"HGO15C02","Number of Health Graduates","2020","2020","12","12","501","Occupational Therapy","Number",""
"HGO15C02","Number of Health Graduates","2020","2020","12","12","60","Pharmacy","Number",""
"HGO15C02","Number of Health Graduates","2020","2020","12","12","504","Physiotherapy","Number",""
"HGO15C02","Number of Health Graduates","2020","2020","12","12","402","Radiography and Radiation Therapy","Number",""
"HGO15C02","Number of Health Graduates","2020","2020","12","12","702","Social Care","Number",""
"HGO15C02","Number of Health Graduates","2020","2020","12","12","701","Social Work","Number",""
"HGO15C02","Number of Health Graduates","2020","2020","12","12","10","Speech and Language Therapy","Number",""
"HGO15C02","Number of Health Graduates","2020","2020","12","12","V52","Dietetics, Optometry and Podiatry","Number",""
"HGO15C02","Number of Health Graduates","2020","2020","13","13","201","Dentistry","Number",""
"HGO15C02","Number of Health Graduates","2020","2020","13","13","401","Medical Science","Number",""
"HGO15C02","Number of Health Graduates","2020","2020","13","13","202","Medicine","Number",""
"HGO15C02","Number of Health Graduates","2020","2020","13","13","30","Nursing and Midwifery","Number",""
"HGO15C02","Number of Health Graduates","2020","2020","13","13","501","Occupational Therapy","Number",""
"HGO15C02","Number of Health Graduates","2020","2020","13","13","60","Pharmacy","Number",""
"HGO15C02","Number of Health Graduates","2020","2020","13","13","504","Physiotherapy","Number",""
"HGO15C02","Number of Health Graduates","2020","2020","13","13","402","Radiography and Radiation Therapy","Number",""
"HGO15C02","Number of Health Graduates","2020","2020","13","13","702","Social Care","Number",""
"HGO15C02","Number of Health Graduates","2020","2020","13","13","701","Social Work","Number",""
"HGO15C02","Number of Health Graduates","2020","2020","13","13","10","Speech and Language Therapy","Number",""
"HGO15C02","Number of Health Graduates","2020","2020","13","13","V52","Dietetics, Optometry and Podiatry","Number",""
"HGO15C02","Number of Health Graduates","2021","2021","01","1","201","Dentistry","Number","15"
"HGO15C02","Number of Health Graduates","2021","2021","01","1","401","Medical Science","Number","75"
"HGO15C02","Number of Health Graduates","2021","2021","01","1","202","Medicine","Number","657"
"HGO15C02","Number of Health Graduates","2021","2021","01","1","30","Nursing and Midwifery","Number","1443"
"HGO15C02","Number of Health Graduates","2021","2021","01","1","501","Occupational Therapy","Number","102"
"HGO15C02","Number of Health Graduates","2021","2021","01","1","60","Pharmacy","Number","138"
"HGO15C02","Number of Health Graduates","2021","2021","01","1","504","Physiotherapy","Number","177"
"HGO15C02","Number of Health Graduates","2021","2021","01","1","402","Radiography and Radiation Therapy","Number","126"
"HGO15C02","Number of Health Graduates","2021","2021","01","1","702","Social Care","Number","1146"
"HGO15C02","Number of Health Graduates","2021","2021","01","1","701","Social Work","Number","186"
"HGO15C02","Number of Health Graduates","2021","2021","01","1","10","Speech and Language Therapy","Number","99"
"HGO15C02","Number of Health Graduates","2021","2021","01","1","V52","Dietetics, Optometry and Podiatry","Number","96"
"HGO15C02","Number of Health Graduates","2021","2021","02","2","201","Dentistry","Number","18"
"HGO15C02","Number of Health Graduates","2021","2021","02","2","401","Medical Science","Number","69"
"HGO15C02","Number of Health Graduates","2021","2021","02","2","202","Medicine","Number","315"
"HGO15C02","Number of Health Graduates","2021","2021","02","2","30","Nursing and Midwifery","Number","1245"
"HGO15C02","Number of Health Graduates","2021","2021","02","2","501","Occupational Therapy","Number","96"
"HGO15C02","Number of Health Graduates","2021","2021","02","2","60","Pharmacy","Number","126"
"HGO15C02","Number of Health Graduates","2021","2021","02","2","504","Physiotherapy","Number","156"
"HGO15C02","Number of Health Graduates","2021","2021","02","2","402","Radiography and Radiation Therapy","Number","120"
"HGO15C02","Number of Health Graduates","2021","2021","02","2","702","Social Care","Number","1080"
"HGO15C02","Number of Health Graduates","2021","2021","02","2","701","Social Work","Number","174"
"HGO15C02","Number of Health Graduates","2021","2021","02","2","10","Speech and Language Therapy","Number","102"
"HGO15C02","Number of Health Graduates","2021","2021","02","2","V52","Dietetics, Optometry and Podiatry","Number","93"
"HGO15C02","Number of Health Graduates","2021","2021","03","3","201","Dentistry","Number",""
"HGO15C02","Number of Health Graduates","2021","2021","03","3","401","Medical Science","Number",""
"HGO15C02","Number of Health Graduates","2021","2021","03","3","202","Medicine","Number",""
"HGO15C02","Number of Health Graduates","2021","2021","03","3","30","Nursing and Midwifery","Number",""
"HGO15C02","Number of Health Graduates","2021","2021","03","3","501","Occupational Therapy","Number",""
"HGO15C02","Number of Health Graduates","2021","2021","03","3","60","Pharmacy","Number",""
"HGO15C02","Number of Health Graduates","2021","2021","03","3","504","Physiotherapy","Number",""
"HGO15C02","Number of Health Graduates","2021","2021","03","3","402","Radiography and Radiation Therapy","Number",""
"HGO15C02","Number of Health Graduates","2021","2021","03","3","702","Social Care","Number",""
"HGO15C02","Number of Health Graduates","2021","2021","03","3","701","Social Work","Number",""
"HGO15C02","Number of Health Graduates","2021","2021","03","3","10","Speech and Language Therapy","Number",""
"HGO15C02","Number of Health Graduates","2021","2021","03","3","V52","Dietetics, Optometry and Podiatry","Number",""
"HGO15C02","Number of Health Graduates","2021","2021","04","4","201","Dentistry","Number",""
"HGO15C02","Number of Health Graduates","2021","2021","04","4","401","Medical Science","Number",""
"HGO15C02","Number of Health Graduates","2021","2021","04","4","202","Medicine","Number",""
"HGO15C02","Number of Health Graduates","2021","2021","04","4","30","Nursing and Midwifery","Number",""
"HGO15C02","Number of Health Graduates","2021","2021","04","4","501","Occupational Therapy","Number",""
"HGO15C02","Number of Health Graduates","2021","2021","04","4","60","Pharmacy","Number",""
"HGO15C02","Number of Health Graduates","2021","2021","04","4","504","Physiotherapy","Number",""
"HGO15C02","Number of Health Graduates","2021","2021","04","4","402","Radiography and Radiation Therapy","Number",""
"HGO15C02","Number of Health Graduates","2021","2021","04","4","702","Social Care","Number",""
"HGO15C02","Number of Health Graduates","2021","2021","04","4","701","Social Work","Number",""
"HGO15C02","Number of Health Graduates","2021","2021","04","4","10","Speech and Language Therapy","Number",""
"HGO15C02","Number of Health Graduates","2021","2021","04","4","V52","Dietetics, Optometry and Podiatry","Number",""
"HGO15C02","Number of Health Graduates","2021","2021","05","5","201","Dentistry","Number",""
"HGO15C02","Number of Health Graduates","2021","2021","05","5","401","Medical Science","Number",""
"HGO15C02","Number of Health Graduates","2021","2021","05","5","202","Medicine","Number",""
"HGO15C02","Number of Health Graduates","2021","2021","05","5","30","Nursing and Midwifery","Number",""
"HGO15C02","Number of Health Graduates","2021","2021","05","5","501","Occupational Therapy","Number",""
"HGO15C02","Number of Health Graduates","2021","2021","05","5","60","Pharmacy","Number",""
"HGO15C02","Number of Health Graduates","2021","2021","05","5","504","Physiotherapy","Number",""
"HGO15C02","Number of Health Graduates","2021","2021","05","5","402","Radiography and Radiation Therapy","Number",""
"HGO15C02","Number of Health Graduates","2021","2021","05","5","702","Social Care","Number",""
"HGO15C02","Number of Health Graduates","2021","2021","05","5","701","Social Work","Number",""
"HGO15C02","Number of Health Graduates","2021","2021","05","5","10","Speech and Language Therapy","Number",""
"HGO15C02","Number of Health Graduates","2021","2021","05","5","V52","Dietetics, Optometry and Podiatry","Number",""
"HGO15C02","Number of Health Graduates","2021","2021","06","6","201","Dentistry","Number",""
"HGO15C02","Number of Health Graduates","2021","2021","06","6","401","Medical Science","Number",""
"HGO15C02","Number of Health Graduates","2021","2021","06","6","202","Medicine","Number",""
"HGO15C02","Number of Health Graduates","2021","2021","06","6","30","Nursing and Midwifery","Number",""
"HGO15C02","Number of Health Graduates","2021","2021","06","6","501","Occupational Therapy","Number",""
"HGO15C02","Number of Health Graduates","2021","2021","06","6","60","Pharmacy","Number",""
"HGO15C02","Number of Health Graduates","2021","2021","06","6","504","Physiotherapy","Number",""
"HGO15C02","Number of Health Graduates","2021","2021","06","6","402","Radiography and Radiation Therapy","Number",""
"HGO15C02","Number of Health Graduates","2021","2021","06","6","702","Social Care","Number",""
"HGO15C02","Number of Health Graduates","2021","2021","06","6","701","Social Work","Number",""
"HGO15C02","Number of Health Graduates","2021","2021","06","6","10","Speech and Language Therapy","Number",""
"HGO15C02","Number of Health Graduates","2021","2021","06","6","V52","Dietetics, Optometry and Podiatry","Number",""
"HGO15C02","Number of Health Graduates","2021","2021","07","7","201","Dentistry","Number",""
"HGO15C02","Number of Health Graduates","2021","2021","07","7","401","Medical Science","Number",""
"HGO15C02","Number of Health Graduates","2021","2021","07","7","202","Medicine","Number",""
"HGO15C02","Number of Health Graduates","2021","2021","07","7","30","Nursing and Midwifery","Number",""
"HGO15C02","Number of Health Graduates","2021","2021","07","7","501","Occupational Therapy","Number",""
"HGO15C02","Number of Health Graduates","2021","2021","07","7","60","Pharmacy","Number",""
"HGO15C02","Number of Health Graduates","2021","2021","07","7","504","Physiotherapy","Number",""
"HGO15C02","Number of Health Graduates","2021","2021","07","7","402","Radiography and Radiation Therapy","Number",""
"HGO15C02","Number of Health Graduates","2021","2021","07","7","702","Social Care","Number",""
"HGO15C02","Number of Health Graduates","2021","2021","07","7","701","Social Work","Number",""
"HGO15C02","Number of Health Graduates","2021","2021","07","7","10","Speech and Language Therapy","Number",""
"HGO15C02","Number of Health Graduates","2021","2021","07","7","V52","Dietetics, Optometry and Podiatry","Number",""
"HGO15C02","Number of Health Graduates","2021","2021","08","8","201","Dentistry","Number",""
"HGO15C02","Number of Health Graduates","2021","2021","08","8","401","Medical Science","Number",""
"HGO15C02","Number of Health Graduates","2021","2021","08","8","202","Medicine","Number",""
"HGO15C02","Number of Health Graduates","2021","2021","08","8","30","Nursing and Midwifery","Number",""
"HGO15C02","Number of Health Graduates","2021","2021","08","8","501","Occupational Therapy","Number",""
"HGO15C02","Number of Health Graduates","2021","2021","08","8","60","Pharmacy","Number",""
"HGO15C02","Number of Health Graduates","2021","2021","08","8","504","Physiotherapy","Number",""
"HGO15C02","Number of Health Graduates","2021","2021","08","8","402","Radiography and Radiation Therapy","Number",""
"HGO15C02","Number of Health Graduates","2021","2021","08","8","702","Social Care","Number",""
"HGO15C02","Number of Health Graduates","2021","2021","08","8","701","Social Work","Number",""
"HGO15C02","Number of Health Graduates","2021","2021","08","8","10","Speech and Language Therapy","Number",""
"HGO15C02","Number of Health Graduates","2021","2021","08","8","V52","Dietetics, Optometry and Podiatry","Number",""
"HGO15C02","Number of Health Graduates","2021","2021","09","9","201","Dentistry","Number",""
"HGO15C02","Number of Health Graduates","2021","2021","09","9","401","Medical Science","Number",""
"HGO15C02","Number of Health Graduates","2021","2021","09","9","202","Medicine","Number",""
"HGO15C02","Number of Health Graduates","2021","2021","09","9","30","Nursing and Midwifery","Number",""
"HGO15C02","Number of Health Graduates","2021","2021","09","9","501","Occupational Therapy","Number",""
"HGO15C02","Number of Health Graduates","2021","2021","09","9","60","Pharmacy","Number",""
"HGO15C02","Number of Health Graduates","2021","2021","09","9","504","Physiotherapy","Number",""
"HGO15C02","Number of Health Graduates","2021","2021","09","9","402","Radiography and Radiation Therapy","Number",""
"HGO15C02","Number of Health Graduates","2021","2021","09","9","702","Social Care","Number",""
"HGO15C02","Number of Health Graduates","2021","2021","09","9","701","Social Work","Number",""
"HGO15C02","Number of Health Graduates","2021","2021","09","9","10","Speech and Language Therapy","Number",""
"HGO15C02","Number of Health Graduates","2021","2021","09","9","V52","Dietetics, Optometry and Podiatry","Number",""
"HGO15C02","Number of Health Graduates","2021","2021","10","10","201","Dentistry","Number",""
"HGO15C02","Number of Health Graduates","2021","2021","10","10","401","Medical Science","Number",""
"HGO15C02","Number of Health Graduates","2021","2021","10","10","202","Medicine","Number",""
"HGO15C02","Number of Health Graduates","2021","2021","10","10","30","Nursing and Midwifery","Number",""
"HGO15C02","Number of Health Graduates","2021","2021","10","10","501","Occupational Therapy","Number",""
"HGO15C02","Number of Health Graduates","2021","2021","10","10","60","Pharmacy","Number",""
"HGO15C02","Number of Health Graduates","2021","2021","10","10","504","Physiotherapy","Number",""
"HGO15C02","Number of Health Graduates","2021","2021","10","10","402","Radiography and Radiation Therapy","Number",""
"HGO15C02","Number of Health Graduates","2021","2021","10","10","702","Social Care","Number",""
"HGO15C02","Number of Health Graduates","2021","2021","10","10","701","Social Work","Number",""
"HGO15C02","Number of Health Graduates","2021","2021","10","10","10","Speech and Language Therapy","Number",""
"HGO15C02","Number of Health Graduates","2021","2021","10","10","V52","Dietetics, Optometry and Podiatry","Number",""
"HGO15C02","Number of Health Graduates","2021","2021","11","11","201","Dentistry","Number",""
"HGO15C02","Number of Health Graduates","2021","2021","11","11","401","Medical Science","Number",""
"HGO15C02","Number of Health Graduates","2021","2021","11","11","202","Medicine","Number",""
"HGO15C02","Number of Health Graduates","2021","2021","11","11","30","Nursing and Midwifery","Number",""
"HGO15C02","Number of Health Graduates","2021","2021","11","11","501","Occupational Therapy","Number",""
"HGO15C02","Number of Health Graduates","2021","2021","11","11","60","Pharmacy","Number",""
"HGO15C02","Number of Health Graduates","2021","2021","11","11","504","Physiotherapy","Number",""
"HGO15C02","Number of Health Graduates","2021","2021","11","11","402","Radiography and Radiation Therapy","Number",""
"HGO15C02","Number of Health Graduates","2021","2021","11","11","702","Social Care","Number",""
"HGO15C02","Number of Health Graduates","2021","2021","11","11","701","Social Work","Number",""
"HGO15C02","Number of Health Graduates","2021","2021","11","11","10","Speech and Language Therapy","Number",""
"HGO15C02","Number of Health Graduates","2021","2021","11","11","V52","Dietetics, Optometry and Podiatry","Number",""
"HGO15C02","Number of Health Graduates","2021","2021","12","12","201","Dentistry","Number",""
"HGO15C02","Number of Health Graduates","2021","2021","12","12","401","Medical Science","Number",""
"HGO15C02","Number of Health Graduates","2021","2021","12","12","202","Medicine","Number",""
"HGO15C02","Number of Health Graduates","2021","2021","12","12","30","Nursing and Midwifery","Number",""
"HGO15C02","Number of Health Graduates","2021","2021","12","12","501","Occupational Therapy","Number",""
"HGO15C02","Number of Health Graduates","2021","2021","12","12","60","Pharmacy","Number",""
"HGO15C02","Number of Health Graduates","2021","2021","12","12","504","Physiotherapy","Number",""
"HGO15C02","Number of Health Graduates","2021","2021","12","12","402","Radiography and Radiation Therapy","Number",""
"HGO15C02","Number of Health Graduates","2021","2021","12","12","702","Social Care","Number",""
"HGO15C02","Number of Health Graduates","2021","2021","12","12","701","Social Work","Number",""
"HGO15C02","Number of Health Graduates","2021","2021","12","12","10","Speech and Language Therapy","Number",""
"HGO15C02","Number of Health Graduates","2021","2021","12","12","V52","Dietetics, Optometry and Podiatry","Number",""
"HGO15C02","Number of Health Graduates","2021","2021","13","13","201","Dentistry","Number",""
"HGO15C02","Number of Health Graduates","2021","2021","13","13","401","Medical Science","Number",""
"HGO15C02","Number of Health Graduates","2021","2021","13","13","202","Medicine","Number",""
"HGO15C02","Number of Health Graduates","2021","2021","13","13","30","Nursing and Midwifery","Number",""
"HGO15C02","Number of Health Graduates","2021","2021","13","13","501","Occupational Therapy","Number",""
"HGO15C02","Number of Health Graduates","2021","2021","13","13","60","Pharmacy","Number",""
"HGO15C02","Number of Health Graduates","2021","2021","13","13","504","Physiotherapy","Number",""
"HGO15C02","Number of Health Graduates","2021","2021","13","13","402","Radiography and Radiation Therapy","Number",""
"HGO15C02","Number of Health Graduates","2021","2021","13","13","702","Social Care","Number",""
"HGO15C02","Number of Health Graduates","2021","2021","13","13","701","Social Work","Number",""
"HGO15C02","Number of Health Graduates","2021","2021","13","13","10","Speech and Language Therapy","Number",""
"HGO15C02","Number of Health Graduates","2021","2021","13","13","V52","Dietetics, Optometry and Podiatry","Number",""
"HGO15C02","Number of Health Graduates","2022","2022","01","1","201","Dentistry","Number",""
"HGO15C02","Number of Health Graduates","2022","2022","01","1","401","Medical Science","Number","69"
"HGO15C02","Number of Health Graduates","2022","2022","01","1","202","Medicine","Number","618"
"HGO15C02","Number of Health Graduates","2022","2022","01","1","30","Nursing and Midwifery","Number","1383"
"HGO15C02","Number of Health Graduates","2022","2022","01","1","501","Occupational Therapy","Number","99"
"HGO15C02","Number of Health Graduates","2022","2022","01","1","60","Pharmacy","Number","144"
"HGO15C02","Number of Health Graduates","2022","2022","01","1","504","Physiotherapy","Number","174"
"HGO15C02","Number of Health Graduates","2022","2022","01","1","402","Radiography and Radiation Therapy","Number","135"
"HGO15C02","Number of Health Graduates","2022","2022","01","1","702","Social Care","Number","1119"
"HGO15C02","Number of Health Graduates","2022","2022","01","1","701","Social Work","Number","198"
"HGO15C02","Number of Health Graduates","2022","2022","01","1","10","Speech and Language Therapy","Number","96"
"HGO15C02","Number of Health Graduates","2022","2022","01","1","V52","Dietetics, Optometry and Podiatry","Number","105"
"HGO15C02","Number of Health Graduates","2022","2022","02","2","201","Dentistry","Number",""
"HGO15C02","Number of Health Graduates","2022","2022","02","2","401","Medical Science","Number",""
"HGO15C02","Number of Health Graduates","2022","2022","02","2","202","Medicine","Number",""
"HGO15C02","Number of Health Graduates","2022","2022","02","2","30","Nursing and Midwifery","Number",""
"HGO15C02","Number of Health Graduates","2022","2022","02","2","501","Occupational Therapy","Number",""
"HGO15C02","Number of Health Graduates","2022","2022","02","2","60","Pharmacy","Number",""
"HGO15C02","Number of Health Graduates","2022","2022","02","2","504","Physiotherapy","Number",""
"HGO15C02","Number of Health Graduates","2022","2022","02","2","402","Radiography and Radiation Therapy","Number",""
"HGO15C02","Number of Health Graduates","2022","2022","02","2","702","Social Care","Number",""
"HGO15C02","Number of Health Graduates","2022","2022","02","2","701","Social Work","Number",""
"HGO15C02","Number of Health Graduates","2022","2022","02","2","10","Speech and Language Therapy","Number",""
"HGO15C02","Number of Health Graduates","2022","2022","02","2","V52","Dietetics, Optometry and Podiatry","Number",""
"HGO15C02","Number of Health Graduates","2022","2022","03","3","201","Dentistry","Number",""
"HGO15C02","Number of Health Graduates","2022","2022","03","3","401","Medical Science","Number",""
"HGO15C02","Number of Health Graduates","2022","2022","03","3","202","Medicine","Number",""
"HGO15C02","Number of Health Graduates","2022","2022","03","3","30","Nursing and Midwifery","Number",""
"HGO15C02","Number of Health Graduates","2022","2022","03","3","501","Occupational Therapy","Number",""
"HGO15C02","Number of Health Graduates","2022","2022","03","3","60","Pharmacy","Number",""
"HGO15C02","Number of Health Graduates","2022","2022","03","3","504","Physiotherapy","Number",""
"HGO15C02","Number of Health Graduates","2022","2022","03","3","402","Radiography and Radiation Therapy","Number",""
"HGO15C02","Number of Health Graduates","2022","2022","03","3","702","Social Care","Number",""
"HGO15C02","Number of Health Graduates","2022","2022","03","3","701","Social Work","Number",""
"HGO15C02","Number of Health Graduates","2022","2022","03","3","10","Speech and Language Therapy","Number",""
"HGO15C02","Number of Health Graduates","2022","2022","03","3","V52","Dietetics, Optometry and Podiatry","Number",""
"HGO15C02","Number of Health Graduates","2022","2022","04","4","201","Dentistry","Number",""
"HGO15C02","Number of Health Graduates","2022","2022","04","4","401","Medical Science","Number",""
"HGO15C02","Number of Health Graduates","2022","2022","04","4","202","Medicine","Number",""
"HGO15C02","Number of Health Graduates","2022","2022","04","4","30","Nursing and Midwifery","Number",""
"HGO15C02","Number of Health Graduates","2022","2022","04","4","501","Occupational Therapy","Number",""
"HGO15C02","Number of Health Graduates","2022","2022","04","4","60","Pharmacy","Number",""
"HGO15C02","Number of Health Graduates","2022","2022","04","4","504","Physiotherapy","Number",""
"HGO15C02","Number of Health Graduates","2022","2022","04","4","402","Radiography and Radiation Therapy","Number",""
"HGO15C02","Number of Health Graduates","2022","2022","04","4","702","Social Care","Number",""
"HGO15C02","Number of Health Graduates","2022","2022","04","4","701","Social Work","Number",""
"HGO15C02","Number of Health Graduates","2022","2022","04","4","10","Speech and Language Therapy","Number",""
"HGO15C02","Number of Health Graduates","2022","2022","04","4","V52","Dietetics, Optometry and Podiatry","Number",""
"HGO15C02","Number of Health Graduates","2022","2022","05","5","201","Dentistry","Number",""
"HGO15C02","Number of Health Graduates","2022","2022","05","5","401","Medical Science","Number",""
"HGO15C02","Number of Health Graduates","2022","2022","05","5","202","Medicine","Number",""
"HGO15C02","Number of Health Graduates","2022","2022","05","5","30","Nursing and Midwifery","Number",""
"HGO15C02","Number of Health Graduates","2022","2022","05","5","501","Occupational Therapy","Number",""
"HGO15C02","Number of Health Graduates","2022","2022","05","5","60","Pharmacy","Number",""
"HGO15C02","Number of Health Graduates","2022","2022","05","5","504","Physiotherapy","Number",""
"HGO15C02","Number of Health Graduates","2022","2022","05","5","402","Radiography and Radiation Therapy","Number",""
"HGO15C02","Number of Health Graduates","2022","2022","05","5","702","Social Care","Number",""
"HGO15C02","Number of Health Graduates","2022","2022","05","5","701","Social Work","Number",""
"HGO15C02","Number of Health Graduates","2022","2022","05","5","10","Speech and Language Therapy","Number",""
"HGO15C02","Number of Health Graduates","2022","2022","05","5","V52","Dietetics, Optometry and Podiatry","Number",""
"HGO15C02","Number of Health Graduates","2022","2022","06","6","201","Dentistry","Number",""
"HGO15C02","Number of Health Graduates","2022","2022","06","6","401","Medical Science","Number",""
"HGO15C02","Number of Health Graduates","2022","2022","06","6","202","Medicine","Number",""
"HGO15C02","Number of Health Graduates","2022","2022","06","6","30","Nursing and Midwifery","Number",""
"HGO15C02","Number of Health Graduates","2022","2022","06","6","501","Occupational Therapy","Number",""
"HGO15C02","Number of Health Graduates","2022","2022","06","6","60","Pharmacy","Number",""
"HGO15C02","Number of Health Graduates","2022","2022","06","6","504","Physiotherapy","Number",""
"HGO15C02","Number of Health Graduates","2022","2022","06","6","402","Radiography and Radiation Therapy","Number",""
"HGO15C02","Number of Health Graduates","2022","2022","06","6","702","Social Care","Number",""
"HGO15C02","Number of Health Graduates","2022","2022","06","6","701","Social Work","Number",""
"HGO15C02","Number of Health Graduates","2022","2022","06","6","10","Speech and Language Therapy","Number",""
"HGO15C02","Number of Health Graduates","2022","2022","06","6","V52","Dietetics, Optometry and Podiatry","Number",""
"HGO15C02","Number of Health Graduates","2022","2022","07","7","201","Dentistry","Number",""
"HGO15C02","Number of Health Graduates","2022","2022","07","7","401","Medical Science","Number",""
"HGO15C02","Number of Health Graduates","2022","2022","07","7","202","Medicine","Number",""
"HGO15C02","Number of Health Graduates","2022","2022","07","7","30","Nursing and Midwifery","Number",""
"HGO15C02","Number of Health Graduates","2022","2022","07","7","501","Occupational Therapy","Number",""
"HGO15C02","Number of Health Graduates","2022","2022","07","7","60","Pharmacy","Number",""
"HGO15C02","Number of Health Graduates","2022","2022","07","7","504","Physiotherapy","Number",""
"HGO15C02","Number of Health Graduates","2022","2022","07","7","402","Radiography and Radiation Therapy","Number",""
"HGO15C02","Number of Health Graduates","2022","2022","07","7","702","Social Care","Number",""
"HGO15C02","Number of Health Graduates","2022","2022","07","7","701","Social Work","Number",""
"HGO15C02","Number of Health Graduates","2022","2022","07","7","10","Speech and Language Therapy","Number",""
"HGO15C02","Number of Health Graduates","2022","2022","07","7","V52","Dietetics, Optometry and Podiatry","Number",""
"HGO15C02","Number of Health Graduates","2022","2022","08","8","201","Dentistry","Number",""
"HGO15C02","Number of Health Graduates","2022","2022","08","8","401","Medical Science","Number",""
"HGO15C02","Number of Health Graduates","2022","2022","08","8","202","Medicine","Number",""
"HGO15C02","Number of Health Graduates","2022","2022","08","8","30","Nursing and Midwifery","Number",""
"HGO15C02","Number of Health Graduates","2022","2022","08","8","501","Occupational Therapy","Number",""
"HGO15C02","Number of Health Graduates","2022","2022","08","8","60","Pharmacy","Number",""
"HGO15C02","Number of Health Graduates","2022","2022","08","8","504","Physiotherapy","Number",""
"HGO15C02","Number of Health Graduates","2022","2022","08","8","402","Radiography and Radiation Therapy","Number",""
"HGO15C02","Number of Health Graduates","2022","2022","08","8","702","Social Care","Number",""
"HGO15C02","Number of Health Graduates","2022","2022","08","8","701","Social Work","Number",""
"HGO15C02","Number of Health Graduates","2022","2022","08","8","10","Speech and Language Therapy","Number",""
"HGO15C02","Number of Health Graduates","2022","2022","08","8","V52","Dietetics, Optometry and Podiatry","Number",""
"HGO15C02","Number of Health Graduates","2022","2022","09","9","201","Dentistry","Number",""
"HGO15C02","Number of Health Graduates","2022","2022","09","9","401","Medical Science","Number",""
"HGO15C02","Number of Health Graduates","2022","2022","09","9","202","Medicine","Number",""
"HGO15C02","Number of Health Graduates","2022","2022","09","9","30","Nursing and Midwifery","Number",""
"HGO15C02","Number of Health Graduates","2022","2022","09","9","501","Occupational Therapy","Number",""
"HGO15C02","Number of Health Graduates","2022","2022","09","9","60","Pharmacy","Number",""
"HGO15C02","Number of Health Graduates","2022","2022","09","9","504","Physiotherapy","Number",""
"HGO15C02","Number of Health Graduates","2022","2022","09","9","402","Radiography and Radiation Therapy","Number",""
"HGO15C02","Number of Health Graduates","2022","2022","09","9","702","Social Care","Number",""
"HGO15C02","Number of Health Graduates","2022","2022","09","9","701","Social Work","Number",""
"HGO15C02","Number of Health Graduates","2022","2022","09","9","10","Speech and Language Therapy","Number",""
"HGO15C02","Number of Health Graduates","2022","2022","09","9","V52","Dietetics, Optometry and Podiatry","Number",""
"HGO15C02","Number of Health Graduates","2022","2022","10","10","201","Dentistry","Number",""
"HGO15C02","Number of Health Graduates","2022","2022","10","10","401","Medical Science","Number",""
"HGO15C02","Number of Health Graduates","2022","2022","10","10","202","Medicine","Number",""
"HGO15C02","Number of Health Graduates","2022","2022","10","10","30","Nursing and Midwifery","Number",""
"HGO15C02","Number of Health Graduates","2022","2022","10","10","501","Occupational Therapy","Number",""
"HGO15C02","Number of Health Graduates","2022","2022","10","10","60","Pharmacy","Number",""
"HGO15C02","Number of Health Graduates","2022","2022","10","10","504","Physiotherapy","Number",""
"HGO15C02","Number of Health Graduates","2022","2022","10","10","402","Radiography and Radiation Therapy","Number",""
"HGO15C02","Number of Health Graduates","2022","2022","10","10","702","Social Care","Number",""
"HGO15C02","Number of Health Graduates","2022","2022","10","10","701","Social Work","Number",""
"HGO15C02","Number of Health Graduates","2022","2022","10","10","10","Speech and Language Therapy","Number",""
"HGO15C02","Number of Health Graduates","2022","2022","10","10","V52","Dietetics, Optometry and Podiatry","Number",""
"HGO15C02","Number of Health Graduates","2022","2022","11","11","201","Dentistry","Number",""
"HGO15C02","Number of Health Graduates","2022","2022","11","11","401","Medical Science","Number",""
"HGO15C02","Number of Health Graduates","2022","2022","11","11","202","Medicine","Number",""
"HGO15C02","Number of Health Graduates","2022","2022","11","11","30","Nursing and Midwifery","Number",""
"HGO15C02","Number of Health Graduates","2022","2022","11","11","501","Occupational Therapy","Number",""
"HGO15C02","Number of Health Graduates","2022","2022","11","11","60","Pharmacy","Number",""
"HGO15C02","Number of Health Graduates","2022","2022","11","11","504","Physiotherapy","Number",""
"HGO15C02","Number of Health Graduates","2022","2022","11","11","402","Radiography and Radiation Therapy","Number",""
"HGO15C02","Number of Health Graduates","2022","2022","11","11","702","Social Care","Number",""
"HGO15C02","Number of Health Graduates","2022","2022","11","11","701","Social Work","Number",""
"HGO15C02","Number of Health Graduates","2022","2022","11","11","10","Speech and Language Therapy","Number",""
"HGO15C02","Number of Health Graduates","2022","2022","11","11","V52","Dietetics, Optometry and Podiatry","Number",""
"HGO15C02","Number of Health Graduates","2022","2022","12","12","201","Dentistry","Number",""
"HGO15C02","Number of Health Graduates","2022","2022","12","12","401","Medical Science","Number",""
"HGO15C02","Number of Health Graduates","2022","2022","12","12","202","Medicine","Number",""
"HGO15C02","Number of Health Graduates","2022","2022","12","12","30","Nursing and Midwifery","Number",""
"HGO15C02","Number of Health Graduates","2022","2022","12","12","501","Occupational Therapy","Number",""
"HGO15C02","Number of Health Graduates","2022","2022","12","12","60","Pharmacy","Number",""
"HGO15C02","Number of Health Graduates","2022","2022","12","12","504","Physiotherapy","Number",""
"HGO15C02","Number of Health Graduates","2022","2022","12","12","402","Radiography and Radiation Therapy","Number",""
"HGO15C02","Number of Health Graduates","2022","2022","12","12","702","Social Care","Number",""
"HGO15C02","Number of Health Graduates","2022","2022","12","12","701","Social Work","Number",""
"HGO15C02","Number of Health Graduates","2022","2022","12","12","10","Speech and Language Therapy","Number",""
"HGO15C02","Number of Health Graduates","2022","2022","12","12","V52","Dietetics, Optometry and Podiatry","Number",""
"HGO15C02","Number of Health Graduates","2022","2022","13","13","201","Dentistry","Number",""
"HGO15C02","Number of Health Graduates","2022","2022","13","13","401","Medical Science","Number",""
"HGO15C02","Number of Health Graduates","2022","2022","13","13","202","Medicine","Number",""
"HGO15C02","Number of Health Graduates","2022","2022","13","13","30","Nursing and Midwifery","Number",""
"HGO15C02","Number of Health Graduates","2022","2022","13","13","501","Occupational Therapy","Number",""
"HGO15C02","Number of Health Graduates","2022","2022","13","13","60","Pharmacy","Number",""
"HGO15C02","Number of Health Graduates","2022","2022","13","13","504","Physiotherapy","Number",""
"HGO15C02","Number of Health Graduates","2022","2022","13","13","402","Radiography and Radiation Therapy","Number",""
"HGO15C02","Number of Health Graduates","2022","2022","13","13","702","Social Care","Number",""
"HGO15C02","Number of Health Graduates","2022","2022","13","13","701","Social Work","Number",""
"HGO15C02","Number of Health Graduates","2022","2022","13","13","10","Speech and Language Therapy","Number",""
"HGO15C02","Number of Health Graduates","2022","2022","13","13","V52","Dietetics, Optometry and Podiatry","Number",""
