ï»¿"STATISTIC","Statistic Label","TLIST(A1)","Graduation Year","C02843V04551","Occupational Group","C04477V05260","Field of Study","UNIT","VALUE"
"HGO16C01","Number of Health Graduates","2010","2010","1","Managers, directors and senior officials","201","Dentistry","Number",""
"HGO16C01","Number of Health Graduates","2010","2010","1","Managers, directors and senior officials","401","Medical Science","Number","3"
"HGO16C01","Number of Health Graduates","2010","2010","1","Managers, directors and senior officials","202","Medicine","Number",""
"HGO16C01","Number of Health Graduates","2010","2010","1","Managers, directors and senior officials","30","Nursing and Midwifery","Number","24"
"HGO16C01","Number of Health Graduates","2010","2010","1","Managers, directors and senior officials","501","Occupational Therapy","Number",""
"HGO16C01","Number of Health Graduates","2010","2010","1","Managers, directors and senior officials","60","Pharmacy","Number",""
"HGO16C01","Number of Health Graduates","2010","2010","1","Managers, directors and senior officials","504","Physiotherapy","Number","3"
"HGO16C01","Number of Health Graduates","2010","2010","1","Managers, directors and senior officials","402","Radiography and Radiation Therapy","Number",""
"HGO16C01","Number of Health Graduates","2010","2010","1","Managers, directors and senior officials","702","Social Care","Number","48"
"HGO16C01","Number of Health Graduates","2010","2010","1","Managers, directors and senior officials","701","Social Work","Number",""
"HGO16C01","Number of Health Graduates","2010","2010","1","Managers, directors and senior officials","10","Speech and Language Therapy","Number","3"
"HGO16C01","Number of Health Graduates","2010","2010","1","Managers, directors and senior officials","V52","Dietetics, Optometry and Podiatry","Number",""
"HGO16C01","Number of Health Graduates","2010","2010","3","Associate professional and technical occupations","201","Dentistry","Number",""
"HGO16C01","Number of Health Graduates","2010","2010","3","Associate professional and technical occupations","401","Medical Science","Number","6"
"HGO16C01","Number of Health Graduates","2010","2010","3","Associate professional and technical occupations","202","Medicine","Number",""
"HGO16C01","Number of Health Graduates","2010","2010","3","Associate professional and technical occupations","30","Nursing and Midwifery","Number","12"
"HGO16C01","Number of Health Graduates","2010","2010","3","Associate professional and technical occupations","501","Occupational Therapy","Number",""
"HGO16C01","Number of Health Graduates","2010","2010","3","Associate professional and technical occupations","60","Pharmacy","Number",""
"HGO16C01","Number of Health Graduates","2010","2010","3","Associate professional and technical occupations","504","Physiotherapy","Number",""
"HGO16C01","Number of Health Graduates","2010","2010","3","Associate professional and technical occupations","402","Radiography and Radiation Therapy","Number",""
"HGO16C01","Number of Health Graduates","2010","2010","3","Associate professional and technical occupations","702","Social Care","Number","66"
"HGO16C01","Number of Health Graduates","2010","2010","3","Associate professional and technical occupations","701","Social Work","Number",""
"HGO16C01","Number of Health Graduates","2010","2010","3","Associate professional and technical occupations","10","Speech and Language Therapy","Number",""
"HGO16C01","Number of Health Graduates","2010","2010","3","Associate professional and technical occupations","V52","Dietetics, Optometry and Podiatry","Number","3"
"HGO16C01","Number of Health Graduates","2010","2010","4","Administrative and secretarial occupations","201","Dentistry","Number",""
"HGO16C01","Number of Health Graduates","2010","2010","4","Administrative and secretarial occupations","401","Medical Science","Number",""
"HGO16C01","Number of Health Graduates","2010","2010","4","Administrative and secretarial occupations","202","Medicine","Number",""
"HGO16C01","Number of Health Graduates","2010","2010","4","Administrative and secretarial occupations","30","Nursing and Midwifery","Number","3"
"HGO16C01","Number of Health Graduates","2010","2010","4","Administrative and secretarial occupations","501","Occupational Therapy","Number",""
"HGO16C01","Number of Health Graduates","2010","2010","4","Administrative and secretarial occupations","60","Pharmacy","Number",""
"HGO16C01","Number of Health Graduates","2010","2010","4","Administrative and secretarial occupations","504","Physiotherapy","Number",""
"HGO16C01","Number of Health Graduates","2010","2010","4","Administrative and secretarial occupations","402","Radiography and Radiation Therapy","Number",""
"HGO16C01","Number of Health Graduates","2010","2010","4","Administrative and secretarial occupations","702","Social Care","Number","30"
"HGO16C01","Number of Health Graduates","2010","2010","4","Administrative and secretarial occupations","701","Social Work","Number","3"
"HGO16C01","Number of Health Graduates","2010","2010","4","Administrative and secretarial occupations","10","Speech and Language Therapy","Number",""
"HGO16C01","Number of Health Graduates","2010","2010","4","Administrative and secretarial occupations","V52","Dietetics, Optometry and Podiatry","Number",""
"HGO16C01","Number of Health Graduates","2010","2010","5","Skilled trades occupations","201","Dentistry","Number",""
"HGO16C01","Number of Health Graduates","2010","2010","5","Skilled trades occupations","401","Medical Science","Number","3"
"HGO16C01","Number of Health Graduates","2010","2010","5","Skilled trades occupations","202","Medicine","Number",""
"HGO16C01","Number of Health Graduates","2010","2010","5","Skilled trades occupations","30","Nursing and Midwifery","Number",""
"HGO16C01","Number of Health Graduates","2010","2010","5","Skilled trades occupations","501","Occupational Therapy","Number",""
"HGO16C01","Number of Health Graduates","2010","2010","5","Skilled trades occupations","60","Pharmacy","Number",""
"HGO16C01","Number of Health Graduates","2010","2010","5","Skilled trades occupations","504","Physiotherapy","Number",""
"HGO16C01","Number of Health Graduates","2010","2010","5","Skilled trades occupations","402","Radiography and Radiation Therapy","Number",""
"HGO16C01","Number of Health Graduates","2010","2010","5","Skilled trades occupations","702","Social Care","Number","3"
"HGO16C01","Number of Health Graduates","2010","2010","5","Skilled trades occupations","701","Social Work","Number",""
"HGO16C01","Number of Health Graduates","2010","2010","5","Skilled trades occupations","10","Speech and Language Therapy","Number",""
"HGO16C01","Number of Health Graduates","2010","2010","5","Skilled trades occupations","V52","Dietetics, Optometry and Podiatry","Number",""
"HGO16C01","Number of Health Graduates","2010","2010","6","Caring, leisure and other service occupations","201","Dentistry","Number",""
"HGO16C01","Number of Health Graduates","2010","2010","6","Caring, leisure and other service occupations","401","Medical Science","Number",""
"HGO16C01","Number of Health Graduates","2010","2010","6","Caring, leisure and other service occupations","202","Medicine","Number",""
"HGO16C01","Number of Health Graduates","2010","2010","6","Caring, leisure and other service occupations","30","Nursing and Midwifery","Number","6"
"HGO16C01","Number of Health Graduates","2010","2010","6","Caring, leisure and other service occupations","501","Occupational Therapy","Number",""
"HGO16C01","Number of Health Graduates","2010","2010","6","Caring, leisure and other service occupations","60","Pharmacy","Number",""
"HGO16C01","Number of Health Graduates","2010","2010","6","Caring, leisure and other service occupations","504","Physiotherapy","Number",""
"HGO16C01","Number of Health Graduates","2010","2010","6","Caring, leisure and other service occupations","402","Radiography and Radiation Therapy","Number",""
"HGO16C01","Number of Health Graduates","2010","2010","6","Caring, leisure and other service occupations","702","Social Care","Number","225"
"HGO16C01","Number of Health Graduates","2010","2010","6","Caring, leisure and other service occupations","701","Social Work","Number","3"
"HGO16C01","Number of Health Graduates","2010","2010","6","Caring, leisure and other service occupations","10","Speech and Language Therapy","Number",""
"HGO16C01","Number of Health Graduates","2010","2010","6","Caring, leisure and other service occupations","V52","Dietetics, Optometry and Podiatry","Number",""
"HGO16C01","Number of Health Graduates","2010","2010","7","Sales and customer service occupations","201","Dentistry","Number",""
"HGO16C01","Number of Health Graduates","2010","2010","7","Sales and customer service occupations","401","Medical Science","Number",""
"HGO16C01","Number of Health Graduates","2010","2010","7","Sales and customer service occupations","202","Medicine","Number",""
"HGO16C01","Number of Health Graduates","2010","2010","7","Sales and customer service occupations","30","Nursing and Midwifery","Number",""
"HGO16C01","Number of Health Graduates","2010","2010","7","Sales and customer service occupations","501","Occupational Therapy","Number",""
"HGO16C01","Number of Health Graduates","2010","2010","7","Sales and customer service occupations","60","Pharmacy","Number",""
"HGO16C01","Number of Health Graduates","2010","2010","7","Sales and customer service occupations","504","Physiotherapy","Number",""
"HGO16C01","Number of Health Graduates","2010","2010","7","Sales and customer service occupations","402","Radiography and Radiation Therapy","Number",""
"HGO16C01","Number of Health Graduates","2010","2010","7","Sales and customer service occupations","702","Social Care","Number","18"
"HGO16C01","Number of Health Graduates","2010","2010","7","Sales and customer service occupations","701","Social Work","Number",""
"HGO16C01","Number of Health Graduates","2010","2010","7","Sales and customer service occupations","10","Speech and Language Therapy","Number",""
"HGO16C01","Number of Health Graduates","2010","2010","7","Sales and customer service occupations","V52","Dietetics, Optometry and Podiatry","Number",""
"HGO16C01","Number of Health Graduates","2010","2010","8","Process, plant and machine operatives","201","Dentistry","Number",""
"HGO16C01","Number of Health Graduates","2010","2010","8","Process, plant and machine operatives","401","Medical Science","Number",""
"HGO16C01","Number of Health Graduates","2010","2010","8","Process, plant and machine operatives","202","Medicine","Number",""
"HGO16C01","Number of Health Graduates","2010","2010","8","Process, plant and machine operatives","30","Nursing and Midwifery","Number",""
"HGO16C01","Number of Health Graduates","2010","2010","8","Process, plant and machine operatives","501","Occupational Therapy","Number",""
"HGO16C01","Number of Health Graduates","2010","2010","8","Process, plant and machine operatives","60","Pharmacy","Number",""
"HGO16C01","Number of Health Graduates","2010","2010","8","Process, plant and machine operatives","504","Physiotherapy","Number",""
"HGO16C01","Number of Health Graduates","2010","2010","8","Process, plant and machine operatives","402","Radiography and Radiation Therapy","Number","3"
"HGO16C01","Number of Health Graduates","2010","2010","8","Process, plant and machine operatives","702","Social Care","Number","12"
"HGO16C01","Number of Health Graduates","2010","2010","8","Process, plant and machine operatives","701","Social Work","Number",""
"HGO16C01","Number of Health Graduates","2010","2010","8","Process, plant and machine operatives","10","Speech and Language Therapy","Number",""
"HGO16C01","Number of Health Graduates","2010","2010","8","Process, plant and machine operatives","V52","Dietetics, Optometry and Podiatry","Number",""
"HGO16C01","Number of Health Graduates","2010","2010","9","Elementary occupations","201","Dentistry","Number",""
"HGO16C01","Number of Health Graduates","2010","2010","9","Elementary occupations","401","Medical Science","Number",""
"HGO16C01","Number of Health Graduates","2010","2010","9","Elementary occupations","202","Medicine","Number",""
"HGO16C01","Number of Health Graduates","2010","2010","9","Elementary occupations","30","Nursing and Midwifery","Number",""
"HGO16C01","Number of Health Graduates","2010","2010","9","Elementary occupations","501","Occupational Therapy","Number",""
"HGO16C01","Number of Health Graduates","2010","2010","9","Elementary occupations","60","Pharmacy","Number",""
"HGO16C01","Number of Health Graduates","2010","2010","9","Elementary occupations","504","Physiotherapy","Number",""
"HGO16C01","Number of Health Graduates","2010","2010","9","Elementary occupations","402","Radiography and Radiation Therapy","Number",""
"HGO16C01","Number of Health Graduates","2010","2010","9","Elementary occupations","702","Social Care","Number","6"
"HGO16C01","Number of Health Graduates","2010","2010","9","Elementary occupations","701","Social Work","Number",""
"HGO16C01","Number of Health Graduates","2010","2010","9","Elementary occupations","10","Speech and Language Therapy","Number",""
"HGO16C01","Number of Health Graduates","2010","2010","9","Elementary occupations","V52","Dietetics, Optometry and Podiatry","Number",""
"HGO16C01","Number of Health Graduates","2010","2010","21","Science, research, engineering and technology professionals","201","Dentistry","Number",""
"HGO16C01","Number of Health Graduates","2010","2010","21","Science, research, engineering and technology professionals","401","Medical Science","Number","72"
"HGO16C01","Number of Health Graduates","2010","2010","21","Science, research, engineering and technology professionals","202","Medicine","Number","3"
"HGO16C01","Number of Health Graduates","2010","2010","21","Science, research, engineering and technology professionals","30","Nursing and Midwifery","Number","3"
"HGO16C01","Number of Health Graduates","2010","2010","21","Science, research, engineering and technology professionals","501","Occupational Therapy","Number",""
"HGO16C01","Number of Health Graduates","2010","2010","21","Science, research, engineering and technology professionals","60","Pharmacy","Number",""
"HGO16C01","Number of Health Graduates","2010","2010","21","Science, research, engineering and technology professionals","504","Physiotherapy","Number","3"
"HGO16C01","Number of Health Graduates","2010","2010","21","Science, research, engineering and technology professionals","402","Radiography and Radiation Therapy","Number",""
"HGO16C01","Number of Health Graduates","2010","2010","21","Science, research, engineering and technology professionals","702","Social Care","Number","3"
"HGO16C01","Number of Health Graduates","2010","2010","21","Science, research, engineering and technology professionals","701","Social Work","Number",""
"HGO16C01","Number of Health Graduates","2010","2010","21","Science, research, engineering and technology professionals","10","Speech and Language Therapy","Number",""
"HGO16C01","Number of Health Graduates","2010","2010","21","Science, research, engineering and technology professionals","V52","Dietetics, Optometry and Podiatry","Number",""
"HGO16C01","Number of Health Graduates","2010","2010","23","Teaching and educational professionals","201","Dentistry","Number",""
"HGO16C01","Number of Health Graduates","2010","2010","23","Teaching and educational professionals","401","Medical Science","Number",""
"HGO16C01","Number of Health Graduates","2010","2010","23","Teaching and educational professionals","202","Medicine","Number","3"
"HGO16C01","Number of Health Graduates","2010","2010","23","Teaching and educational professionals","30","Nursing and Midwifery","Number","12"
"HGO16C01","Number of Health Graduates","2010","2010","23","Teaching and educational professionals","501","Occupational Therapy","Number","3"
"HGO16C01","Number of Health Graduates","2010","2010","23","Teaching and educational professionals","60","Pharmacy","Number",""
"HGO16C01","Number of Health Graduates","2010","2010","23","Teaching and educational professionals","504","Physiotherapy","Number","9"
"HGO16C01","Number of Health Graduates","2010","2010","23","Teaching and educational professionals","402","Radiography and Radiation Therapy","Number",""
"HGO16C01","Number of Health Graduates","2010","2010","23","Teaching and educational professionals","702","Social Care","Number","15"
"HGO16C01","Number of Health Graduates","2010","2010","23","Teaching and educational professionals","701","Social Work","Number","3"
"HGO16C01","Number of Health Graduates","2010","2010","23","Teaching and educational professionals","10","Speech and Language Therapy","Number",""
"HGO16C01","Number of Health Graduates","2010","2010","23","Teaching and educational professionals","V52","Dietetics, Optometry and Podiatry","Number","6"
"HGO16C01","Number of Health Graduates","2010","2010","24","Business, media and public service professionals","201","Dentistry","Number",""
"HGO16C01","Number of Health Graduates","2010","2010","24","Business, media and public service professionals","401","Medical Science","Number","3"
"HGO16C01","Number of Health Graduates","2010","2010","24","Business, media and public service professionals","202","Medicine","Number","3"
"HGO16C01","Number of Health Graduates","2010","2010","24","Business, media and public service professionals","30","Nursing and Midwifery","Number","3"
"HGO16C01","Number of Health Graduates","2010","2010","24","Business, media and public service professionals","501","Occupational Therapy","Number",""
"HGO16C01","Number of Health Graduates","2010","2010","24","Business, media and public service professionals","60","Pharmacy","Number",""
"HGO16C01","Number of Health Graduates","2010","2010","24","Business, media and public service professionals","504","Physiotherapy","Number","3"
"HGO16C01","Number of Health Graduates","2010","2010","24","Business, media and public service professionals","402","Radiography and Radiation Therapy","Number",""
"HGO16C01","Number of Health Graduates","2010","2010","24","Business, media and public service professionals","702","Social Care","Number","48"
"HGO16C01","Number of Health Graduates","2010","2010","24","Business, media and public service professionals","701","Social Work","Number","69"
"HGO16C01","Number of Health Graduates","2010","2010","24","Business, media and public service professionals","10","Speech and Language Therapy","Number",""
"HGO16C01","Number of Health Graduates","2010","2010","24","Business, media and public service professionals","V52","Dietetics, Optometry and Podiatry","Number","3"
"HGO16C01","Number of Health Graduates","2010","2010","2211","Medical practitioners","201","Dentistry","Number",""
"HGO16C01","Number of Health Graduates","2010","2010","2211","Medical practitioners","401","Medical Science","Number","3"
"HGO16C01","Number of Health Graduates","2010","2010","2211","Medical practitioners","202","Medicine","Number","135"
"HGO16C01","Number of Health Graduates","2010","2010","2211","Medical practitioners","30","Nursing and Midwifery","Number","6"
"HGO16C01","Number of Health Graduates","2010","2010","2211","Medical practitioners","501","Occupational Therapy","Number","3"
"HGO16C01","Number of Health Graduates","2010","2010","2211","Medical practitioners","60","Pharmacy","Number",""
"HGO16C01","Number of Health Graduates","2010","2010","2211","Medical practitioners","504","Physiotherapy","Number","6"
"HGO16C01","Number of Health Graduates","2010","2010","2211","Medical practitioners","402","Radiography and Radiation Therapy","Number","3"
"HGO16C01","Number of Health Graduates","2010","2010","2211","Medical practitioners","702","Social Care","Number",""
"HGO16C01","Number of Health Graduates","2010","2010","2211","Medical practitioners","701","Social Work","Number",""
"HGO16C01","Number of Health Graduates","2010","2010","2211","Medical practitioners","10","Speech and Language Therapy","Number","3"
"HGO16C01","Number of Health Graduates","2010","2010","2211","Medical practitioners","V52","Dietetics, Optometry and Podiatry","Number","3"
"HGO16C01","Number of Health Graduates","2010","2010","2212","Psychologists","201","Dentistry","Number",""
"HGO16C01","Number of Health Graduates","2010","2010","2212","Psychologists","401","Medical Science","Number",""
"HGO16C01","Number of Health Graduates","2010","2010","2212","Psychologists","202","Medicine","Number",""
"HGO16C01","Number of Health Graduates","2010","2010","2212","Psychologists","30","Nursing and Midwifery","Number",""
"HGO16C01","Number of Health Graduates","2010","2010","2212","Psychologists","501","Occupational Therapy","Number",""
"HGO16C01","Number of Health Graduates","2010","2010","2212","Psychologists","60","Pharmacy","Number",""
"HGO16C01","Number of Health Graduates","2010","2010","2212","Psychologists","504","Physiotherapy","Number",""
"HGO16C01","Number of Health Graduates","2010","2010","2212","Psychologists","402","Radiography and Radiation Therapy","Number",""
"HGO16C01","Number of Health Graduates","2010","2010","2212","Psychologists","702","Social Care","Number",""
"HGO16C01","Number of Health Graduates","2010","2010","2212","Psychologists","701","Social Work","Number",""
"HGO16C01","Number of Health Graduates","2010","2010","2212","Psychologists","10","Speech and Language Therapy","Number",""
"HGO16C01","Number of Health Graduates","2010","2010","2212","Psychologists","V52","Dietetics, Optometry and Podiatry","Number",""
"HGO16C01","Number of Health Graduates","2010","2010","2213","Pharmacists","201","Dentistry","Number",""
"HGO16C01","Number of Health Graduates","2010","2010","2213","Pharmacists","401","Medical Science","Number",""
"HGO16C01","Number of Health Graduates","2010","2010","2213","Pharmacists","202","Medicine","Number",""
"HGO16C01","Number of Health Graduates","2010","2010","2213","Pharmacists","30","Nursing and Midwifery","Number",""
"HGO16C01","Number of Health Graduates","2010","2010","2213","Pharmacists","501","Occupational Therapy","Number",""
"HGO16C01","Number of Health Graduates","2010","2010","2213","Pharmacists","60","Pharmacy","Number",""
"HGO16C01","Number of Health Graduates","2010","2010","2213","Pharmacists","504","Physiotherapy","Number",""
"HGO16C01","Number of Health Graduates","2010","2010","2213","Pharmacists","402","Radiography and Radiation Therapy","Number",""
"HGO16C01","Number of Health Graduates","2010","2010","2213","Pharmacists","702","Social Care","Number",""
"HGO16C01","Number of Health Graduates","2010","2010","2213","Pharmacists","701","Social Work","Number",""
"HGO16C01","Number of Health Graduates","2010","2010","2213","Pharmacists","10","Speech and Language Therapy","Number",""
"HGO16C01","Number of Health Graduates","2010","2010","2213","Pharmacists","V52","Dietetics, Optometry and Podiatry","Number",""
"HGO16C01","Number of Health Graduates","2010","2010","2214","Ophthalmic opticians","201","Dentistry","Number",""
"HGO16C01","Number of Health Graduates","2010","2010","2214","Ophthalmic opticians","401","Medical Science","Number",""
"HGO16C01","Number of Health Graduates","2010","2010","2214","Ophthalmic opticians","202","Medicine","Number",""
"HGO16C01","Number of Health Graduates","2010","2010","2214","Ophthalmic opticians","30","Nursing and Midwifery","Number",""
"HGO16C01","Number of Health Graduates","2010","2010","2214","Ophthalmic opticians","501","Occupational Therapy","Number",""
"HGO16C01","Number of Health Graduates","2010","2010","2214","Ophthalmic opticians","60","Pharmacy","Number",""
"HGO16C01","Number of Health Graduates","2010","2010","2214","Ophthalmic opticians","504","Physiotherapy","Number",""
"HGO16C01","Number of Health Graduates","2010","2010","2214","Ophthalmic opticians","402","Radiography and Radiation Therapy","Number",""
"HGO16C01","Number of Health Graduates","2010","2010","2214","Ophthalmic opticians","702","Social Care","Number",""
"HGO16C01","Number of Health Graduates","2010","2010","2214","Ophthalmic opticians","701","Social Work","Number",""
"HGO16C01","Number of Health Graduates","2010","2010","2214","Ophthalmic opticians","10","Speech and Language Therapy","Number",""
"HGO16C01","Number of Health Graduates","2010","2010","2214","Ophthalmic opticians","V52","Dietetics, Optometry and Podiatry","Number","9"
"HGO16C01","Number of Health Graduates","2010","2010","2215","Dental practitioners","201","Dentistry","Number","21"
"HGO16C01","Number of Health Graduates","2010","2010","2215","Dental practitioners","401","Medical Science","Number",""
"HGO16C01","Number of Health Graduates","2010","2010","2215","Dental practitioners","202","Medicine","Number",""
"HGO16C01","Number of Health Graduates","2010","2010","2215","Dental practitioners","30","Nursing and Midwifery","Number",""
"HGO16C01","Number of Health Graduates","2010","2010","2215","Dental practitioners","501","Occupational Therapy","Number",""
"HGO16C01","Number of Health Graduates","2010","2010","2215","Dental practitioners","60","Pharmacy","Number",""
"HGO16C01","Number of Health Graduates","2010","2010","2215","Dental practitioners","504","Physiotherapy","Number",""
"HGO16C01","Number of Health Graduates","2010","2010","2215","Dental practitioners","402","Radiography and Radiation Therapy","Number",""
"HGO16C01","Number of Health Graduates","2010","2010","2215","Dental practitioners","702","Social Care","Number",""
"HGO16C01","Number of Health Graduates","2010","2010","2215","Dental practitioners","701","Social Work","Number",""
"HGO16C01","Number of Health Graduates","2010","2010","2215","Dental practitioners","10","Speech and Language Therapy","Number",""
"HGO16C01","Number of Health Graduates","2010","2010","2215","Dental practitioners","V52","Dietetics, Optometry and Podiatry","Number",""
"HGO16C01","Number of Health Graduates","2010","2010","2216","Veterinarians","201","Dentistry","Number",""
"HGO16C01","Number of Health Graduates","2010","2010","2216","Veterinarians","401","Medical Science","Number",""
"HGO16C01","Number of Health Graduates","2010","2010","2216","Veterinarians","202","Medicine","Number",""
"HGO16C01","Number of Health Graduates","2010","2010","2216","Veterinarians","30","Nursing and Midwifery","Number",""
"HGO16C01","Number of Health Graduates","2010","2010","2216","Veterinarians","501","Occupational Therapy","Number",""
"HGO16C01","Number of Health Graduates","2010","2010","2216","Veterinarians","60","Pharmacy","Number",""
"HGO16C01","Number of Health Graduates","2010","2010","2216","Veterinarians","504","Physiotherapy","Number",""
"HGO16C01","Number of Health Graduates","2010","2010","2216","Veterinarians","402","Radiography and Radiation Therapy","Number",""
"HGO16C01","Number of Health Graduates","2010","2010","2216","Veterinarians","702","Social Care","Number",""
"HGO16C01","Number of Health Graduates","2010","2010","2216","Veterinarians","701","Social Work","Number",""
"HGO16C01","Number of Health Graduates","2010","2010","2216","Veterinarians","10","Speech and Language Therapy","Number",""
"HGO16C01","Number of Health Graduates","2010","2010","2216","Veterinarians","V52","Dietetics, Optometry and Podiatry","Number",""
"HGO16C01","Number of Health Graduates","2010","2010","2217","Medical radiographers","201","Dentistry","Number",""
"HGO16C01","Number of Health Graduates","2010","2010","2217","Medical radiographers","401","Medical Science","Number",""
"HGO16C01","Number of Health Graduates","2010","2010","2217","Medical radiographers","202","Medicine","Number",""
"HGO16C01","Number of Health Graduates","2010","2010","2217","Medical radiographers","30","Nursing and Midwifery","Number",""
"HGO16C01","Number of Health Graduates","2010","2010","2217","Medical radiographers","501","Occupational Therapy","Number",""
"HGO16C01","Number of Health Graduates","2010","2010","2217","Medical radiographers","60","Pharmacy","Number",""
"HGO16C01","Number of Health Graduates","2010","2010","2217","Medical radiographers","504","Physiotherapy","Number",""
"HGO16C01","Number of Health Graduates","2010","2010","2217","Medical radiographers","402","Radiography and Radiation Therapy","Number","36"
"HGO16C01","Number of Health Graduates","2010","2010","2217","Medical radiographers","702","Social Care","Number",""
"HGO16C01","Number of Health Graduates","2010","2010","2217","Medical radiographers","701","Social Work","Number",""
"HGO16C01","Number of Health Graduates","2010","2010","2217","Medical radiographers","10","Speech and Language Therapy","Number",""
"HGO16C01","Number of Health Graduates","2010","2010","2217","Medical radiographers","V52","Dietetics, Optometry and Podiatry","Number",""
"HGO16C01","Number of Health Graduates","2010","2010","2218","Podiatrists","201","Dentistry","Number",""
"HGO16C01","Number of Health Graduates","2010","2010","2218","Podiatrists","401","Medical Science","Number",""
"HGO16C01","Number of Health Graduates","2010","2010","2218","Podiatrists","202","Medicine","Number",""
"HGO16C01","Number of Health Graduates","2010","2010","2218","Podiatrists","30","Nursing and Midwifery","Number",""
"HGO16C01","Number of Health Graduates","2010","2010","2218","Podiatrists","501","Occupational Therapy","Number",""
"HGO16C01","Number of Health Graduates","2010","2010","2218","Podiatrists","60","Pharmacy","Number",""
"HGO16C01","Number of Health Graduates","2010","2010","2218","Podiatrists","504","Physiotherapy","Number",""
"HGO16C01","Number of Health Graduates","2010","2010","2218","Podiatrists","402","Radiography and Radiation Therapy","Number",""
"HGO16C01","Number of Health Graduates","2010","2010","2218","Podiatrists","702","Social Care","Number",""
"HGO16C01","Number of Health Graduates","2010","2010","2218","Podiatrists","701","Social Work","Number",""
"HGO16C01","Number of Health Graduates","2010","2010","2218","Podiatrists","10","Speech and Language Therapy","Number",""
"HGO16C01","Number of Health Graduates","2010","2010","2218","Podiatrists","V52","Dietetics, Optometry and Podiatry","Number",""
"HGO16C01","Number of Health Graduates","2010","2010","2219","Health professionals n.e.c.","201","Dentistry","Number",""
"HGO16C01","Number of Health Graduates","2010","2010","2219","Health professionals n.e.c.","401","Medical Science","Number",""
"HGO16C01","Number of Health Graduates","2010","2010","2219","Health professionals n.e.c.","202","Medicine","Number",""
"HGO16C01","Number of Health Graduates","2010","2010","2219","Health professionals n.e.c.","30","Nursing and Midwifery","Number",""
"HGO16C01","Number of Health Graduates","2010","2010","2219","Health professionals n.e.c.","501","Occupational Therapy","Number",""
"HGO16C01","Number of Health Graduates","2010","2010","2219","Health professionals n.e.c.","60","Pharmacy","Number",""
"HGO16C01","Number of Health Graduates","2010","2010","2219","Health professionals n.e.c.","504","Physiotherapy","Number",""
"HGO16C01","Number of Health Graduates","2010","2010","2219","Health professionals n.e.c.","402","Radiography and Radiation Therapy","Number",""
"HGO16C01","Number of Health Graduates","2010","2010","2219","Health professionals n.e.c.","702","Social Care","Number",""
"HGO16C01","Number of Health Graduates","2010","2010","2219","Health professionals n.e.c.","701","Social Work","Number",""
"HGO16C01","Number of Health Graduates","2010","2010","2219","Health professionals n.e.c.","10","Speech and Language Therapy","Number",""
"HGO16C01","Number of Health Graduates","2010","2010","2219","Health professionals n.e.c.","V52","Dietetics, Optometry and Podiatry","Number","15"
"HGO16C01","Number of Health Graduates","2010","2010","2221","Physiotherapists","201","Dentistry","Number",""
"HGO16C01","Number of Health Graduates","2010","2010","2221","Physiotherapists","401","Medical Science","Number",""
"HGO16C01","Number of Health Graduates","2010","2010","2221","Physiotherapists","202","Medicine","Number",""
"HGO16C01","Number of Health Graduates","2010","2010","2221","Physiotherapists","30","Nursing and Midwifery","Number",""
"HGO16C01","Number of Health Graduates","2010","2010","2221","Physiotherapists","501","Occupational Therapy","Number",""
"HGO16C01","Number of Health Graduates","2010","2010","2221","Physiotherapists","60","Pharmacy","Number",""
"HGO16C01","Number of Health Graduates","2010","2010","2221","Physiotherapists","504","Physiotherapy","Number","60"
"HGO16C01","Number of Health Graduates","2010","2010","2221","Physiotherapists","402","Radiography and Radiation Therapy","Number",""
"HGO16C01","Number of Health Graduates","2010","2010","2221","Physiotherapists","702","Social Care","Number",""
"HGO16C01","Number of Health Graduates","2010","2010","2221","Physiotherapists","701","Social Work","Number",""
"HGO16C01","Number of Health Graduates","2010","2010","2221","Physiotherapists","10","Speech and Language Therapy","Number",""
"HGO16C01","Number of Health Graduates","2010","2010","2221","Physiotherapists","V52","Dietetics, Optometry and Podiatry","Number",""
"HGO16C01","Number of Health Graduates","2010","2010","2222","Occupational therapists","201","Dentistry","Number",""
"HGO16C01","Number of Health Graduates","2010","2010","2222","Occupational therapists","401","Medical Science","Number",""
"HGO16C01","Number of Health Graduates","2010","2010","2222","Occupational therapists","202","Medicine","Number",""
"HGO16C01","Number of Health Graduates","2010","2010","2222","Occupational therapists","30","Nursing and Midwifery","Number","3"
"HGO16C01","Number of Health Graduates","2010","2010","2222","Occupational therapists","501","Occupational Therapy","Number","69"
"HGO16C01","Number of Health Graduates","2010","2010","2222","Occupational therapists","60","Pharmacy","Number",""
"HGO16C01","Number of Health Graduates","2010","2010","2222","Occupational therapists","504","Physiotherapy","Number",""
"HGO16C01","Number of Health Graduates","2010","2010","2222","Occupational therapists","402","Radiography and Radiation Therapy","Number",""
"HGO16C01","Number of Health Graduates","2010","2010","2222","Occupational therapists","702","Social Care","Number","3"
"HGO16C01","Number of Health Graduates","2010","2010","2222","Occupational therapists","701","Social Work","Number",""
"HGO16C01","Number of Health Graduates","2010","2010","2222","Occupational therapists","10","Speech and Language Therapy","Number",""
"HGO16C01","Number of Health Graduates","2010","2010","2222","Occupational therapists","V52","Dietetics, Optometry and Podiatry","Number",""
"HGO16C01","Number of Health Graduates","2010","2010","2223","Speech and language therapists","201","Dentistry","Number",""
"HGO16C01","Number of Health Graduates","2010","2010","2223","Speech and language therapists","401","Medical Science","Number",""
"HGO16C01","Number of Health Graduates","2010","2010","2223","Speech and language therapists","202","Medicine","Number",""
"HGO16C01","Number of Health Graduates","2010","2010","2223","Speech and language therapists","30","Nursing and Midwifery","Number","3"
"HGO16C01","Number of Health Graduates","2010","2010","2223","Speech and language therapists","501","Occupational Therapy","Number",""
"HGO16C01","Number of Health Graduates","2010","2010","2223","Speech and language therapists","60","Pharmacy","Number",""
"HGO16C01","Number of Health Graduates","2010","2010","2223","Speech and language therapists","504","Physiotherapy","Number",""
"HGO16C01","Number of Health Graduates","2010","2010","2223","Speech and language therapists","402","Radiography and Radiation Therapy","Number",""
"HGO16C01","Number of Health Graduates","2010","2010","2223","Speech and language therapists","702","Social Care","Number",""
"HGO16C01","Number of Health Graduates","2010","2010","2223","Speech and language therapists","701","Social Work","Number",""
"HGO16C01","Number of Health Graduates","2010","2010","2223","Speech and language therapists","10","Speech and Language Therapy","Number","63"
"HGO16C01","Number of Health Graduates","2010","2010","2223","Speech and language therapists","V52","Dietetics, Optometry and Podiatry","Number",""
"HGO16C01","Number of Health Graduates","2010","2010","2229","Therapy professionals n.e.c.","201","Dentistry","Number",""
"HGO16C01","Number of Health Graduates","2010","2010","2229","Therapy professionals n.e.c.","401","Medical Science","Number",""
"HGO16C01","Number of Health Graduates","2010","2010","2229","Therapy professionals n.e.c.","202","Medicine","Number",""
"HGO16C01","Number of Health Graduates","2010","2010","2229","Therapy professionals n.e.c.","30","Nursing and Midwifery","Number",""
"HGO16C01","Number of Health Graduates","2010","2010","2229","Therapy professionals n.e.c.","501","Occupational Therapy","Number",""
"HGO16C01","Number of Health Graduates","2010","2010","2229","Therapy professionals n.e.c.","60","Pharmacy","Number",""
"HGO16C01","Number of Health Graduates","2010","2010","2229","Therapy professionals n.e.c.","504","Physiotherapy","Number",""
"HGO16C01","Number of Health Graduates","2010","2010","2229","Therapy professionals n.e.c.","402","Radiography and Radiation Therapy","Number",""
"HGO16C01","Number of Health Graduates","2010","2010","2229","Therapy professionals n.e.c.","702","Social Care","Number","3"
"HGO16C01","Number of Health Graduates","2010","2010","2229","Therapy professionals n.e.c.","701","Social Work","Number",""
"HGO16C01","Number of Health Graduates","2010","2010","2229","Therapy professionals n.e.c.","10","Speech and Language Therapy","Number",""
"HGO16C01","Number of Health Graduates","2010","2010","2229","Therapy professionals n.e.c.","V52","Dietetics, Optometry and Podiatry","Number",""
"HGO16C01","Number of Health Graduates","2010","2010","X13","Nurses and midwives","201","Dentistry","Number",""
"HGO16C01","Number of Health Graduates","2010","2010","X13","Nurses and midwives","401","Medical Science","Number",""
"HGO16C01","Number of Health Graduates","2010","2010","X13","Nurses and midwives","202","Medicine","Number",""
"HGO16C01","Number of Health Graduates","2010","2010","X13","Nurses and midwives","30","Nursing and Midwifery","Number","759"
"HGO16C01","Number of Health Graduates","2010","2010","X13","Nurses and midwives","501","Occupational Therapy","Number",""
"HGO16C01","Number of Health Graduates","2010","2010","X13","Nurses and midwives","60","Pharmacy","Number",""
"HGO16C01","Number of Health Graduates","2010","2010","X13","Nurses and midwives","504","Physiotherapy","Number","3"
"HGO16C01","Number of Health Graduates","2010","2010","X13","Nurses and midwives","402","Radiography and Radiation Therapy","Number",""
"HGO16C01","Number of Health Graduates","2010","2010","X13","Nurses and midwives","702","Social Care","Number","3"
"HGO16C01","Number of Health Graduates","2010","2010","X13","Nurses and midwives","701","Social Work","Number",""
"HGO16C01","Number of Health Graduates","2010","2010","X13","Nurses and midwives","10","Speech and Language Therapy","Number",""
"HGO16C01","Number of Health Graduates","2010","2010","X13","Nurses and midwives","V52","Dietetics, Optometry and Podiatry","Number",""
"HGO16C01","Number of Health Graduates","2010","2010","-","All occupational groups","201","Dentistry","Number","21"
"HGO16C01","Number of Health Graduates","2010","2010","-","All occupational groups","401","Medical Science","Number","90"
"HGO16C01","Number of Health Graduates","2010","2010","-","All occupational groups","202","Medicine","Number","147"
"HGO16C01","Number of Health Graduates","2010","2010","-","All occupational groups","30","Nursing and Midwifery","Number","840"
"HGO16C01","Number of Health Graduates","2010","2010","-","All occupational groups","501","Occupational Therapy","Number","75"
"HGO16C01","Number of Health Graduates","2010","2010","-","All occupational groups","60","Pharmacy","Number",""
"HGO16C01","Number of Health Graduates","2010","2010","-","All occupational groups","504","Physiotherapy","Number","87"
"HGO16C01","Number of Health Graduates","2010","2010","-","All occupational groups","402","Radiography and Radiation Therapy","Number","45"
"HGO16C01","Number of Health Graduates","2010","2010","-","All occupational groups","702","Social Care","Number","486"
"HGO16C01","Number of Health Graduates","2010","2010","-","All occupational groups","701","Social Work","Number","81"
"HGO16C01","Number of Health Graduates","2010","2010","-","All occupational groups","10","Speech and Language Therapy","Number","69"
"HGO16C01","Number of Health Graduates","2010","2010","-","All occupational groups","V52","Dietetics, Optometry and Podiatry","Number","36"
"HGO16C01","Number of Health Graduates","2011","2011","1","Managers, directors and senior officials","201","Dentistry","Number",""
"HGO16C01","Number of Health Graduates","2011","2011","1","Managers, directors and senior officials","401","Medical Science","Number",""
"HGO16C01","Number of Health Graduates","2011","2011","1","Managers, directors and senior officials","202","Medicine","Number",""
"HGO16C01","Number of Health Graduates","2011","2011","1","Managers, directors and senior officials","30","Nursing and Midwifery","Number","21"
"HGO16C01","Number of Health Graduates","2011","2011","1","Managers, directors and senior officials","501","Occupational Therapy","Number",""
"HGO16C01","Number of Health Graduates","2011","2011","1","Managers, directors and senior officials","60","Pharmacy","Number",""
"HGO16C01","Number of Health Graduates","2011","2011","1","Managers, directors and senior officials","504","Physiotherapy","Number",""
"HGO16C01","Number of Health Graduates","2011","2011","1","Managers, directors and senior officials","402","Radiography and Radiation Therapy","Number",""
"HGO16C01","Number of Health Graduates","2011","2011","1","Managers, directors and senior officials","702","Social Care","Number","33"
"HGO16C01","Number of Health Graduates","2011","2011","1","Managers, directors and senior officials","701","Social Work","Number","3"
"HGO16C01","Number of Health Graduates","2011","2011","1","Managers, directors and senior officials","10","Speech and Language Therapy","Number",""
"HGO16C01","Number of Health Graduates","2011","2011","1","Managers, directors and senior officials","V52","Dietetics, Optometry and Podiatry","Number",""
"HGO16C01","Number of Health Graduates","2011","2011","3","Associate professional and technical occupations","201","Dentistry","Number",""
"HGO16C01","Number of Health Graduates","2011","2011","3","Associate professional and technical occupations","401","Medical Science","Number","3"
"HGO16C01","Number of Health Graduates","2011","2011","3","Associate professional and technical occupations","202","Medicine","Number",""
"HGO16C01","Number of Health Graduates","2011","2011","3","Associate professional and technical occupations","30","Nursing and Midwifery","Number","18"
"HGO16C01","Number of Health Graduates","2011","2011","3","Associate professional and technical occupations","501","Occupational Therapy","Number","3"
"HGO16C01","Number of Health Graduates","2011","2011","3","Associate professional and technical occupations","60","Pharmacy","Number",""
"HGO16C01","Number of Health Graduates","2011","2011","3","Associate professional and technical occupations","504","Physiotherapy","Number","3"
"HGO16C01","Number of Health Graduates","2011","2011","3","Associate professional and technical occupations","402","Radiography and Radiation Therapy","Number",""
"HGO16C01","Number of Health Graduates","2011","2011","3","Associate professional and technical occupations","702","Social Care","Number","75"
"HGO16C01","Number of Health Graduates","2011","2011","3","Associate professional and technical occupations","701","Social Work","Number","3"
"HGO16C01","Number of Health Graduates","2011","2011","3","Associate professional and technical occupations","10","Speech and Language Therapy","Number","3"
"HGO16C01","Number of Health Graduates","2011","2011","3","Associate professional and technical occupations","V52","Dietetics, Optometry and Podiatry","Number","3"
"HGO16C01","Number of Health Graduates","2011","2011","4","Administrative and secretarial occupations","201","Dentistry","Number",""
"HGO16C01","Number of Health Graduates","2011","2011","4","Administrative and secretarial occupations","401","Medical Science","Number",""
"HGO16C01","Number of Health Graduates","2011","2011","4","Administrative and secretarial occupations","202","Medicine","Number",""
"HGO16C01","Number of Health Graduates","2011","2011","4","Administrative and secretarial occupations","30","Nursing and Midwifery","Number","15"
"HGO16C01","Number of Health Graduates","2011","2011","4","Administrative and secretarial occupations","501","Occupational Therapy","Number",""
"HGO16C01","Number of Health Graduates","2011","2011","4","Administrative and secretarial occupations","60","Pharmacy","Number",""
"HGO16C01","Number of Health Graduates","2011","2011","4","Administrative and secretarial occupations","504","Physiotherapy","Number",""
"HGO16C01","Number of Health Graduates","2011","2011","4","Administrative and secretarial occupations","402","Radiography and Radiation Therapy","Number",""
"HGO16C01","Number of Health Graduates","2011","2011","4","Administrative and secretarial occupations","702","Social Care","Number","24"
"HGO16C01","Number of Health Graduates","2011","2011","4","Administrative and secretarial occupations","701","Social Work","Number",""
"HGO16C01","Number of Health Graduates","2011","2011","4","Administrative and secretarial occupations","10","Speech and Language Therapy","Number",""
"HGO16C01","Number of Health Graduates","2011","2011","4","Administrative and secretarial occupations","V52","Dietetics, Optometry and Podiatry","Number",""
"HGO16C01","Number of Health Graduates","2011","2011","5","Skilled trades occupations","201","Dentistry","Number",""
"HGO16C01","Number of Health Graduates","2011","2011","5","Skilled trades occupations","401","Medical Science","Number",""
"HGO16C01","Number of Health Graduates","2011","2011","5","Skilled trades occupations","202","Medicine","Number",""
"HGO16C01","Number of Health Graduates","2011","2011","5","Skilled trades occupations","30","Nursing and Midwifery","Number",""
"HGO16C01","Number of Health Graduates","2011","2011","5","Skilled trades occupations","501","Occupational Therapy","Number",""
"HGO16C01","Number of Health Graduates","2011","2011","5","Skilled trades occupations","60","Pharmacy","Number",""
"HGO16C01","Number of Health Graduates","2011","2011","5","Skilled trades occupations","504","Physiotherapy","Number",""
"HGO16C01","Number of Health Graduates","2011","2011","5","Skilled trades occupations","402","Radiography and Radiation Therapy","Number",""
"HGO16C01","Number of Health Graduates","2011","2011","5","Skilled trades occupations","702","Social Care","Number","6"
"HGO16C01","Number of Health Graduates","2011","2011","5","Skilled trades occupations","701","Social Work","Number",""
"HGO16C01","Number of Health Graduates","2011","2011","5","Skilled trades occupations","10","Speech and Language Therapy","Number",""
"HGO16C01","Number of Health Graduates","2011","2011","5","Skilled trades occupations","V52","Dietetics, Optometry and Podiatry","Number",""
"HGO16C01","Number of Health Graduates","2011","2011","6","Caring, leisure and other service occupations","201","Dentistry","Number","3"
"HGO16C01","Number of Health Graduates","2011","2011","6","Caring, leisure and other service occupations","401","Medical Science","Number",""
"HGO16C01","Number of Health Graduates","2011","2011","6","Caring, leisure and other service occupations","202","Medicine","Number",""
"HGO16C01","Number of Health Graduates","2011","2011","6","Caring, leisure and other service occupations","30","Nursing and Midwifery","Number","9"
"HGO16C01","Number of Health Graduates","2011","2011","6","Caring, leisure and other service occupations","501","Occupational Therapy","Number","3"
"HGO16C01","Number of Health Graduates","2011","2011","6","Caring, leisure and other service occupations","60","Pharmacy","Number",""
"HGO16C01","Number of Health Graduates","2011","2011","6","Caring, leisure and other service occupations","504","Physiotherapy","Number",""
"HGO16C01","Number of Health Graduates","2011","2011","6","Caring, leisure and other service occupations","402","Radiography and Radiation Therapy","Number",""
"HGO16C01","Number of Health Graduates","2011","2011","6","Caring, leisure and other service occupations","702","Social Care","Number","204"
"HGO16C01","Number of Health Graduates","2011","2011","6","Caring, leisure and other service occupations","701","Social Work","Number","3"
"HGO16C01","Number of Health Graduates","2011","2011","6","Caring, leisure and other service occupations","10","Speech and Language Therapy","Number",""
"HGO16C01","Number of Health Graduates","2011","2011","6","Caring, leisure and other service occupations","V52","Dietetics, Optometry and Podiatry","Number",""
"HGO16C01","Number of Health Graduates","2011","2011","7","Sales and customer service occupations","201","Dentistry","Number",""
"HGO16C01","Number of Health Graduates","2011","2011","7","Sales and customer service occupations","401","Medical Science","Number",""
"HGO16C01","Number of Health Graduates","2011","2011","7","Sales and customer service occupations","202","Medicine","Number",""
"HGO16C01","Number of Health Graduates","2011","2011","7","Sales and customer service occupations","30","Nursing and Midwifery","Number","3"
"HGO16C01","Number of Health Graduates","2011","2011","7","Sales and customer service occupations","501","Occupational Therapy","Number",""
"HGO16C01","Number of Health Graduates","2011","2011","7","Sales and customer service occupations","60","Pharmacy","Number",""
"HGO16C01","Number of Health Graduates","2011","2011","7","Sales and customer service occupations","504","Physiotherapy","Number",""
"HGO16C01","Number of Health Graduates","2011","2011","7","Sales and customer service occupations","402","Radiography and Radiation Therapy","Number",""
"HGO16C01","Number of Health Graduates","2011","2011","7","Sales and customer service occupations","702","Social Care","Number","12"
"HGO16C01","Number of Health Graduates","2011","2011","7","Sales and customer service occupations","701","Social Work","Number",""
"HGO16C01","Number of Health Graduates","2011","2011","7","Sales and customer service occupations","10","Speech and Language Therapy","Number",""
"HGO16C01","Number of Health Graduates","2011","2011","7","Sales and customer service occupations","V52","Dietetics, Optometry and Podiatry","Number",""
"HGO16C01","Number of Health Graduates","2011","2011","8","Process, plant and machine operatives","201","Dentistry","Number",""
"HGO16C01","Number of Health Graduates","2011","2011","8","Process, plant and machine operatives","401","Medical Science","Number",""
"HGO16C01","Number of Health Graduates","2011","2011","8","Process, plant and machine operatives","202","Medicine","Number",""
"HGO16C01","Number of Health Graduates","2011","2011","8","Process, plant and machine operatives","30","Nursing and Midwifery","Number","3"
"HGO16C01","Number of Health Graduates","2011","2011","8","Process, plant and machine operatives","501","Occupational Therapy","Number",""
"HGO16C01","Number of Health Graduates","2011","2011","8","Process, plant and machine operatives","60","Pharmacy","Number",""
"HGO16C01","Number of Health Graduates","2011","2011","8","Process, plant and machine operatives","504","Physiotherapy","Number",""
"HGO16C01","Number of Health Graduates","2011","2011","8","Process, plant and machine operatives","402","Radiography and Radiation Therapy","Number",""
"HGO16C01","Number of Health Graduates","2011","2011","8","Process, plant and machine operatives","702","Social Care","Number","3"
"HGO16C01","Number of Health Graduates","2011","2011","8","Process, plant and machine operatives","701","Social Work","Number",""
"HGO16C01","Number of Health Graduates","2011","2011","8","Process, plant and machine operatives","10","Speech and Language Therapy","Number",""
"HGO16C01","Number of Health Graduates","2011","2011","8","Process, plant and machine operatives","V52","Dietetics, Optometry and Podiatry","Number",""
"HGO16C01","Number of Health Graduates","2011","2011","9","Elementary occupations","201","Dentistry","Number",""
"HGO16C01","Number of Health Graduates","2011","2011","9","Elementary occupations","401","Medical Science","Number",""
"HGO16C01","Number of Health Graduates","2011","2011","9","Elementary occupations","202","Medicine","Number",""
"HGO16C01","Number of Health Graduates","2011","2011","9","Elementary occupations","30","Nursing and Midwifery","Number",""
"HGO16C01","Number of Health Graduates","2011","2011","9","Elementary occupations","501","Occupational Therapy","Number",""
"HGO16C01","Number of Health Graduates","2011","2011","9","Elementary occupations","60","Pharmacy","Number",""
"HGO16C01","Number of Health Graduates","2011","2011","9","Elementary occupations","504","Physiotherapy","Number",""
"HGO16C01","Number of Health Graduates","2011","2011","9","Elementary occupations","402","Radiography and Radiation Therapy","Number",""
"HGO16C01","Number of Health Graduates","2011","2011","9","Elementary occupations","702","Social Care","Number","6"
"HGO16C01","Number of Health Graduates","2011","2011","9","Elementary occupations","701","Social Work","Number",""
"HGO16C01","Number of Health Graduates","2011","2011","9","Elementary occupations","10","Speech and Language Therapy","Number",""
"HGO16C01","Number of Health Graduates","2011","2011","9","Elementary occupations","V52","Dietetics, Optometry and Podiatry","Number",""
"HGO16C01","Number of Health Graduates","2011","2011","21","Science, research, engineering and technology professionals","201","Dentistry","Number",""
"HGO16C01","Number of Health Graduates","2011","2011","21","Science, research, engineering and technology professionals","401","Medical Science","Number","81"
"HGO16C01","Number of Health Graduates","2011","2011","21","Science, research, engineering and technology professionals","202","Medicine","Number","3"
"HGO16C01","Number of Health Graduates","2011","2011","21","Science, research, engineering and technology professionals","30","Nursing and Midwifery","Number","6"
"HGO16C01","Number of Health Graduates","2011","2011","21","Science, research, engineering and technology professionals","501","Occupational Therapy","Number",""
"HGO16C01","Number of Health Graduates","2011","2011","21","Science, research, engineering and technology professionals","60","Pharmacy","Number",""
"HGO16C01","Number of Health Graduates","2011","2011","21","Science, research, engineering and technology professionals","504","Physiotherapy","Number",""
"HGO16C01","Number of Health Graduates","2011","2011","21","Science, research, engineering and technology professionals","402","Radiography and Radiation Therapy","Number",""
"HGO16C01","Number of Health Graduates","2011","2011","21","Science, research, engineering and technology professionals","702","Social Care","Number","3"
"HGO16C01","Number of Health Graduates","2011","2011","21","Science, research, engineering and technology professionals","701","Social Work","Number",""
"HGO16C01","Number of Health Graduates","2011","2011","21","Science, research, engineering and technology professionals","10","Speech and Language Therapy","Number",""
"HGO16C01","Number of Health Graduates","2011","2011","21","Science, research, engineering and technology professionals","V52","Dietetics, Optometry and Podiatry","Number",""
"HGO16C01","Number of Health Graduates","2011","2011","23","Teaching and educational professionals","201","Dentistry","Number",""
"HGO16C01","Number of Health Graduates","2011","2011","23","Teaching and educational professionals","401","Medical Science","Number","3"
"HGO16C01","Number of Health Graduates","2011","2011","23","Teaching and educational professionals","202","Medicine","Number","3"
"HGO16C01","Number of Health Graduates","2011","2011","23","Teaching and educational professionals","30","Nursing and Midwifery","Number","9"
"HGO16C01","Number of Health Graduates","2011","2011","23","Teaching and educational professionals","501","Occupational Therapy","Number","3"
"HGO16C01","Number of Health Graduates","2011","2011","23","Teaching and educational professionals","60","Pharmacy","Number",""
"HGO16C01","Number of Health Graduates","2011","2011","23","Teaching and educational professionals","504","Physiotherapy","Number","3"
"HGO16C01","Number of Health Graduates","2011","2011","23","Teaching and educational professionals","402","Radiography and Radiation Therapy","Number",""
"HGO16C01","Number of Health Graduates","2011","2011","23","Teaching and educational professionals","702","Social Care","Number","21"
"HGO16C01","Number of Health Graduates","2011","2011","23","Teaching and educational professionals","701","Social Work","Number","3"
"HGO16C01","Number of Health Graduates","2011","2011","23","Teaching and educational professionals","10","Speech and Language Therapy","Number","6"
"HGO16C01","Number of Health Graduates","2011","2011","23","Teaching and educational professionals","V52","Dietetics, Optometry and Podiatry","Number","3"
"HGO16C01","Number of Health Graduates","2011","2011","24","Business, media and public service professionals","201","Dentistry","Number",""
"HGO16C01","Number of Health Graduates","2011","2011","24","Business, media and public service professionals","401","Medical Science","Number","3"
"HGO16C01","Number of Health Graduates","2011","2011","24","Business, media and public service professionals","202","Medicine","Number",""
"HGO16C01","Number of Health Graduates","2011","2011","24","Business, media and public service professionals","30","Nursing and Midwifery","Number","3"
"HGO16C01","Number of Health Graduates","2011","2011","24","Business, media and public service professionals","501","Occupational Therapy","Number","3"
"HGO16C01","Number of Health Graduates","2011","2011","24","Business, media and public service professionals","60","Pharmacy","Number",""
"HGO16C01","Number of Health Graduates","2011","2011","24","Business, media and public service professionals","504","Physiotherapy","Number","3"
"HGO16C01","Number of Health Graduates","2011","2011","24","Business, media and public service professionals","402","Radiography and Radiation Therapy","Number",""
"HGO16C01","Number of Health Graduates","2011","2011","24","Business, media and public service professionals","702","Social Care","Number","45"
"HGO16C01","Number of Health Graduates","2011","2011","24","Business, media and public service professionals","701","Social Work","Number","63"
"HGO16C01","Number of Health Graduates","2011","2011","24","Business, media and public service professionals","10","Speech and Language Therapy","Number",""
"HGO16C01","Number of Health Graduates","2011","2011","24","Business, media and public service professionals","V52","Dietetics, Optometry and Podiatry","Number",""
"HGO16C01","Number of Health Graduates","2011","2011","2211","Medical practitioners","201","Dentistry","Number",""
"HGO16C01","Number of Health Graduates","2011","2011","2211","Medical practitioners","401","Medical Science","Number","3"
"HGO16C01","Number of Health Graduates","2011","2011","2211","Medical practitioners","202","Medicine","Number","171"
"HGO16C01","Number of Health Graduates","2011","2011","2211","Medical practitioners","30","Nursing and Midwifery","Number","6"
"HGO16C01","Number of Health Graduates","2011","2011","2211","Medical practitioners","501","Occupational Therapy","Number",""
"HGO16C01","Number of Health Graduates","2011","2011","2211","Medical practitioners","60","Pharmacy","Number",""
"HGO16C01","Number of Health Graduates","2011","2011","2211","Medical practitioners","504","Physiotherapy","Number",""
"HGO16C01","Number of Health Graduates","2011","2011","2211","Medical practitioners","402","Radiography and Radiation Therapy","Number","3"
"HGO16C01","Number of Health Graduates","2011","2011","2211","Medical practitioners","702","Social Care","Number",""
"HGO16C01","Number of Health Graduates","2011","2011","2211","Medical practitioners","701","Social Work","Number",""
"HGO16C01","Number of Health Graduates","2011","2011","2211","Medical practitioners","10","Speech and Language Therapy","Number",""
"HGO16C01","Number of Health Graduates","2011","2011","2211","Medical practitioners","V52","Dietetics, Optometry and Podiatry","Number",""
"HGO16C01","Number of Health Graduates","2011","2011","2212","Psychologists","201","Dentistry","Number",""
"HGO16C01","Number of Health Graduates","2011","2011","2212","Psychologists","401","Medical Science","Number",""
"HGO16C01","Number of Health Graduates","2011","2011","2212","Psychologists","202","Medicine","Number",""
"HGO16C01","Number of Health Graduates","2011","2011","2212","Psychologists","30","Nursing and Midwifery","Number",""
"HGO16C01","Number of Health Graduates","2011","2011","2212","Psychologists","501","Occupational Therapy","Number",""
"HGO16C01","Number of Health Graduates","2011","2011","2212","Psychologists","60","Pharmacy","Number",""
"HGO16C01","Number of Health Graduates","2011","2011","2212","Psychologists","504","Physiotherapy","Number",""
"HGO16C01","Number of Health Graduates","2011","2011","2212","Psychologists","402","Radiography and Radiation Therapy","Number",""
"HGO16C01","Number of Health Graduates","2011","2011","2212","Psychologists","702","Social Care","Number",""
"HGO16C01","Number of Health Graduates","2011","2011","2212","Psychologists","701","Social Work","Number",""
"HGO16C01","Number of Health Graduates","2011","2011","2212","Psychologists","10","Speech and Language Therapy","Number",""
"HGO16C01","Number of Health Graduates","2011","2011","2212","Psychologists","V52","Dietetics, Optometry and Podiatry","Number",""
"HGO16C01","Number of Health Graduates","2011","2011","2213","Pharmacists","201","Dentistry","Number",""
"HGO16C01","Number of Health Graduates","2011","2011","2213","Pharmacists","401","Medical Science","Number",""
"HGO16C01","Number of Health Graduates","2011","2011","2213","Pharmacists","202","Medicine","Number",""
"HGO16C01","Number of Health Graduates","2011","2011","2213","Pharmacists","30","Nursing and Midwifery","Number",""
"HGO16C01","Number of Health Graduates","2011","2011","2213","Pharmacists","501","Occupational Therapy","Number",""
"HGO16C01","Number of Health Graduates","2011","2011","2213","Pharmacists","60","Pharmacy","Number",""
"HGO16C01","Number of Health Graduates","2011","2011","2213","Pharmacists","504","Physiotherapy","Number",""
"HGO16C01","Number of Health Graduates","2011","2011","2213","Pharmacists","402","Radiography and Radiation Therapy","Number",""
"HGO16C01","Number of Health Graduates","2011","2011","2213","Pharmacists","702","Social Care","Number",""
"HGO16C01","Number of Health Graduates","2011","2011","2213","Pharmacists","701","Social Work","Number",""
"HGO16C01","Number of Health Graduates","2011","2011","2213","Pharmacists","10","Speech and Language Therapy","Number",""
"HGO16C01","Number of Health Graduates","2011","2011","2213","Pharmacists","V52","Dietetics, Optometry and Podiatry","Number",""
"HGO16C01","Number of Health Graduates","2011","2011","2214","Ophthalmic opticians","201","Dentistry","Number",""
"HGO16C01","Number of Health Graduates","2011","2011","2214","Ophthalmic opticians","401","Medical Science","Number",""
"HGO16C01","Number of Health Graduates","2011","2011","2214","Ophthalmic opticians","202","Medicine","Number",""
"HGO16C01","Number of Health Graduates","2011","2011","2214","Ophthalmic opticians","30","Nursing and Midwifery","Number",""
"HGO16C01","Number of Health Graduates","2011","2011","2214","Ophthalmic opticians","501","Occupational Therapy","Number",""
"HGO16C01","Number of Health Graduates","2011","2011","2214","Ophthalmic opticians","60","Pharmacy","Number",""
"HGO16C01","Number of Health Graduates","2011","2011","2214","Ophthalmic opticians","504","Physiotherapy","Number",""
"HGO16C01","Number of Health Graduates","2011","2011","2214","Ophthalmic opticians","402","Radiography and Radiation Therapy","Number",""
"HGO16C01","Number of Health Graduates","2011","2011","2214","Ophthalmic opticians","702","Social Care","Number",""
"HGO16C01","Number of Health Graduates","2011","2011","2214","Ophthalmic opticians","701","Social Work","Number",""
"HGO16C01","Number of Health Graduates","2011","2011","2214","Ophthalmic opticians","10","Speech and Language Therapy","Number",""
"HGO16C01","Number of Health Graduates","2011","2011","2214","Ophthalmic opticians","V52","Dietetics, Optometry and Podiatry","Number","9"
"HGO16C01","Number of Health Graduates","2011","2011","2215","Dental practitioners","201","Dentistry","Number","24"
"HGO16C01","Number of Health Graduates","2011","2011","2215","Dental practitioners","401","Medical Science","Number",""
"HGO16C01","Number of Health Graduates","2011","2011","2215","Dental practitioners","202","Medicine","Number",""
"HGO16C01","Number of Health Graduates","2011","2011","2215","Dental practitioners","30","Nursing and Midwifery","Number",""
"HGO16C01","Number of Health Graduates","2011","2011","2215","Dental practitioners","501","Occupational Therapy","Number",""
"HGO16C01","Number of Health Graduates","2011","2011","2215","Dental practitioners","60","Pharmacy","Number",""
"HGO16C01","Number of Health Graduates","2011","2011","2215","Dental practitioners","504","Physiotherapy","Number",""
"HGO16C01","Number of Health Graduates","2011","2011","2215","Dental practitioners","402","Radiography and Radiation Therapy","Number",""
"HGO16C01","Number of Health Graduates","2011","2011","2215","Dental practitioners","702","Social Care","Number",""
"HGO16C01","Number of Health Graduates","2011","2011","2215","Dental practitioners","701","Social Work","Number",""
"HGO16C01","Number of Health Graduates","2011","2011","2215","Dental practitioners","10","Speech and Language Therapy","Number",""
"HGO16C01","Number of Health Graduates","2011","2011","2215","Dental practitioners","V52","Dietetics, Optometry and Podiatry","Number",""
"HGO16C01","Number of Health Graduates","2011","2011","2216","Veterinarians","201","Dentistry","Number",""
"HGO16C01","Number of Health Graduates","2011","2011","2216","Veterinarians","401","Medical Science","Number",""
"HGO16C01","Number of Health Graduates","2011","2011","2216","Veterinarians","202","Medicine","Number",""
"HGO16C01","Number of Health Graduates","2011","2011","2216","Veterinarians","30","Nursing and Midwifery","Number",""
"HGO16C01","Number of Health Graduates","2011","2011","2216","Veterinarians","501","Occupational Therapy","Number",""
"HGO16C01","Number of Health Graduates","2011","2011","2216","Veterinarians","60","Pharmacy","Number",""
"HGO16C01","Number of Health Graduates","2011","2011","2216","Veterinarians","504","Physiotherapy","Number",""
"HGO16C01","Number of Health Graduates","2011","2011","2216","Veterinarians","402","Radiography and Radiation Therapy","Number",""
"HGO16C01","Number of Health Graduates","2011","2011","2216","Veterinarians","702","Social Care","Number",""
"HGO16C01","Number of Health Graduates","2011","2011","2216","Veterinarians","701","Social Work","Number",""
"HGO16C01","Number of Health Graduates","2011","2011","2216","Veterinarians","10","Speech and Language Therapy","Number",""
"HGO16C01","Number of Health Graduates","2011","2011","2216","Veterinarians","V52","Dietetics, Optometry and Podiatry","Number",""
"HGO16C01","Number of Health Graduates","2011","2011","2217","Medical radiographers","201","Dentistry","Number",""
"HGO16C01","Number of Health Graduates","2011","2011","2217","Medical radiographers","401","Medical Science","Number",""
"HGO16C01","Number of Health Graduates","2011","2011","2217","Medical radiographers","202","Medicine","Number",""
"HGO16C01","Number of Health Graduates","2011","2011","2217","Medical radiographers","30","Nursing and Midwifery","Number",""
"HGO16C01","Number of Health Graduates","2011","2011","2217","Medical radiographers","501","Occupational Therapy","Number",""
"HGO16C01","Number of Health Graduates","2011","2011","2217","Medical radiographers","60","Pharmacy","Number",""
"HGO16C01","Number of Health Graduates","2011","2011","2217","Medical radiographers","504","Physiotherapy","Number",""
"HGO16C01","Number of Health Graduates","2011","2011","2217","Medical radiographers","402","Radiography and Radiation Therapy","Number","9"
"HGO16C01","Number of Health Graduates","2011","2011","2217","Medical radiographers","702","Social Care","Number",""
"HGO16C01","Number of Health Graduates","2011","2011","2217","Medical radiographers","701","Social Work","Number",""
"HGO16C01","Number of Health Graduates","2011","2011","2217","Medical radiographers","10","Speech and Language Therapy","Number",""
"HGO16C01","Number of Health Graduates","2011","2011","2217","Medical radiographers","V52","Dietetics, Optometry and Podiatry","Number",""
"HGO16C01","Number of Health Graduates","2011","2011","2218","Podiatrists","201","Dentistry","Number",""
"HGO16C01","Number of Health Graduates","2011","2011","2218","Podiatrists","401","Medical Science","Number",""
"HGO16C01","Number of Health Graduates","2011","2011","2218","Podiatrists","202","Medicine","Number",""
"HGO16C01","Number of Health Graduates","2011","2011","2218","Podiatrists","30","Nursing and Midwifery","Number",""
"HGO16C01","Number of Health Graduates","2011","2011","2218","Podiatrists","501","Occupational Therapy","Number",""
"HGO16C01","Number of Health Graduates","2011","2011","2218","Podiatrists","60","Pharmacy","Number",""
"HGO16C01","Number of Health Graduates","2011","2011","2218","Podiatrists","504","Physiotherapy","Number",""
"HGO16C01","Number of Health Graduates","2011","2011","2218","Podiatrists","402","Radiography and Radiation Therapy","Number",""
"HGO16C01","Number of Health Graduates","2011","2011","2218","Podiatrists","702","Social Care","Number",""
"HGO16C01","Number of Health Graduates","2011","2011","2218","Podiatrists","701","Social Work","Number",""
"HGO16C01","Number of Health Graduates","2011","2011","2218","Podiatrists","10","Speech and Language Therapy","Number",""
"HGO16C01","Number of Health Graduates","2011","2011","2218","Podiatrists","V52","Dietetics, Optometry and Podiatry","Number",""
"HGO16C01","Number of Health Graduates","2011","2011","2219","Health professionals n.e.c.","201","Dentistry","Number",""
"HGO16C01","Number of Health Graduates","2011","2011","2219","Health professionals n.e.c.","401","Medical Science","Number",""
"HGO16C01","Number of Health Graduates","2011","2011","2219","Health professionals n.e.c.","202","Medicine","Number",""
"HGO16C01","Number of Health Graduates","2011","2011","2219","Health professionals n.e.c.","30","Nursing and Midwifery","Number",""
"HGO16C01","Number of Health Graduates","2011","2011","2219","Health professionals n.e.c.","501","Occupational Therapy","Number",""
"HGO16C01","Number of Health Graduates","2011","2011","2219","Health professionals n.e.c.","60","Pharmacy","Number",""
"HGO16C01","Number of Health Graduates","2011","2011","2219","Health professionals n.e.c.","504","Physiotherapy","Number",""
"HGO16C01","Number of Health Graduates","2011","2011","2219","Health professionals n.e.c.","402","Radiography and Radiation Therapy","Number",""
"HGO16C01","Number of Health Graduates","2011","2011","2219","Health professionals n.e.c.","702","Social Care","Number",""
"HGO16C01","Number of Health Graduates","2011","2011","2219","Health professionals n.e.c.","701","Social Work","Number",""
"HGO16C01","Number of Health Graduates","2011","2011","2219","Health professionals n.e.c.","10","Speech and Language Therapy","Number",""
"HGO16C01","Number of Health Graduates","2011","2011","2219","Health professionals n.e.c.","V52","Dietetics, Optometry and Podiatry","Number","6"
"HGO16C01","Number of Health Graduates","2011","2011","2221","Physiotherapists","201","Dentistry","Number",""
"HGO16C01","Number of Health Graduates","2011","2011","2221","Physiotherapists","401","Medical Science","Number",""
"HGO16C01","Number of Health Graduates","2011","2011","2221","Physiotherapists","202","Medicine","Number",""
"HGO16C01","Number of Health Graduates","2011","2011","2221","Physiotherapists","30","Nursing and Midwifery","Number",""
"HGO16C01","Number of Health Graduates","2011","2011","2221","Physiotherapists","501","Occupational Therapy","Number",""
"HGO16C01","Number of Health Graduates","2011","2011","2221","Physiotherapists","60","Pharmacy","Number",""
"HGO16C01","Number of Health Graduates","2011","2011","2221","Physiotherapists","504","Physiotherapy","Number","36"
"HGO16C01","Number of Health Graduates","2011","2011","2221","Physiotherapists","402","Radiography and Radiation Therapy","Number",""
"HGO16C01","Number of Health Graduates","2011","2011","2221","Physiotherapists","702","Social Care","Number",""
"HGO16C01","Number of Health Graduates","2011","2011","2221","Physiotherapists","701","Social Work","Number",""
"HGO16C01","Number of Health Graduates","2011","2011","2221","Physiotherapists","10","Speech and Language Therapy","Number",""
"HGO16C01","Number of Health Graduates","2011","2011","2221","Physiotherapists","V52","Dietetics, Optometry and Podiatry","Number",""
"HGO16C01","Number of Health Graduates","2011","2011","2222","Occupational therapists","201","Dentistry","Number",""
"HGO16C01","Number of Health Graduates","2011","2011","2222","Occupational therapists","401","Medical Science","Number",""
"HGO16C01","Number of Health Graduates","2011","2011","2222","Occupational therapists","202","Medicine","Number",""
"HGO16C01","Number of Health Graduates","2011","2011","2222","Occupational therapists","30","Nursing and Midwifery","Number",""
"HGO16C01","Number of Health Graduates","2011","2011","2222","Occupational therapists","501","Occupational Therapy","Number","63"
"HGO16C01","Number of Health Graduates","2011","2011","2222","Occupational therapists","60","Pharmacy","Number",""
"HGO16C01","Number of Health Graduates","2011","2011","2222","Occupational therapists","504","Physiotherapy","Number",""
"HGO16C01","Number of Health Graduates","2011","2011","2222","Occupational therapists","402","Radiography and Radiation Therapy","Number",""
"HGO16C01","Number of Health Graduates","2011","2011","2222","Occupational therapists","702","Social Care","Number","3"
"HGO16C01","Number of Health Graduates","2011","2011","2222","Occupational therapists","701","Social Work","Number",""
"HGO16C01","Number of Health Graduates","2011","2011","2222","Occupational therapists","10","Speech and Language Therapy","Number",""
"HGO16C01","Number of Health Graduates","2011","2011","2222","Occupational therapists","V52","Dietetics, Optometry and Podiatry","Number",""
"HGO16C01","Number of Health Graduates","2011","2011","2223","Speech and language therapists","201","Dentistry","Number",""
"HGO16C01","Number of Health Graduates","2011","2011","2223","Speech and language therapists","401","Medical Science","Number",""
"HGO16C01","Number of Health Graduates","2011","2011","2223","Speech and language therapists","202","Medicine","Number",""
"HGO16C01","Number of Health Graduates","2011","2011","2223","Speech and language therapists","30","Nursing and Midwifery","Number",""
"HGO16C01","Number of Health Graduates","2011","2011","2223","Speech and language therapists","501","Occupational Therapy","Number",""
"HGO16C01","Number of Health Graduates","2011","2011","2223","Speech and language therapists","60","Pharmacy","Number",""
"HGO16C01","Number of Health Graduates","2011","2011","2223","Speech and language therapists","504","Physiotherapy","Number",""
"HGO16C01","Number of Health Graduates","2011","2011","2223","Speech and language therapists","402","Radiography and Radiation Therapy","Number",""
"HGO16C01","Number of Health Graduates","2011","2011","2223","Speech and language therapists","702","Social Care","Number","3"
"HGO16C01","Number of Health Graduates","2011","2011","2223","Speech and language therapists","701","Social Work","Number",""
"HGO16C01","Number of Health Graduates","2011","2011","2223","Speech and language therapists","10","Speech and Language Therapy","Number","57"
"HGO16C01","Number of Health Graduates","2011","2011","2223","Speech and language therapists","V52","Dietetics, Optometry and Podiatry","Number",""
"HGO16C01","Number of Health Graduates","2011","2011","2229","Therapy professionals n.e.c.","201","Dentistry","Number",""
"HGO16C01","Number of Health Graduates","2011","2011","2229","Therapy professionals n.e.c.","401","Medical Science","Number",""
"HGO16C01","Number of Health Graduates","2011","2011","2229","Therapy professionals n.e.c.","202","Medicine","Number",""
"HGO16C01","Number of Health Graduates","2011","2011","2229","Therapy professionals n.e.c.","30","Nursing and Midwifery","Number","3"
"HGO16C01","Number of Health Graduates","2011","2011","2229","Therapy professionals n.e.c.","501","Occupational Therapy","Number",""
"HGO16C01","Number of Health Graduates","2011","2011","2229","Therapy professionals n.e.c.","60","Pharmacy","Number",""
"HGO16C01","Number of Health Graduates","2011","2011","2229","Therapy professionals n.e.c.","504","Physiotherapy","Number",""
"HGO16C01","Number of Health Graduates","2011","2011","2229","Therapy professionals n.e.c.","402","Radiography and Radiation Therapy","Number",""
"HGO16C01","Number of Health Graduates","2011","2011","2229","Therapy professionals n.e.c.","702","Social Care","Number",""
"HGO16C01","Number of Health Graduates","2011","2011","2229","Therapy professionals n.e.c.","701","Social Work","Number",""
"HGO16C01","Number of Health Graduates","2011","2011","2229","Therapy professionals n.e.c.","10","Speech and Language Therapy","Number",""
"HGO16C01","Number of Health Graduates","2011","2011","2229","Therapy professionals n.e.c.","V52","Dietetics, Optometry and Podiatry","Number",""
"HGO16C01","Number of Health Graduates","2011","2011","X13","Nurses and midwives","201","Dentistry","Number",""
"HGO16C01","Number of Health Graduates","2011","2011","X13","Nurses and midwives","401","Medical Science","Number",""
"HGO16C01","Number of Health Graduates","2011","2011","X13","Nurses and midwives","202","Medicine","Number",""
"HGO16C01","Number of Health Graduates","2011","2011","X13","Nurses and midwives","30","Nursing and Midwifery","Number","924"
"HGO16C01","Number of Health Graduates","2011","2011","X13","Nurses and midwives","501","Occupational Therapy","Number",""
"HGO16C01","Number of Health Graduates","2011","2011","X13","Nurses and midwives","60","Pharmacy","Number",""
"HGO16C01","Number of Health Graduates","2011","2011","X13","Nurses and midwives","504","Physiotherapy","Number",""
"HGO16C01","Number of Health Graduates","2011","2011","X13","Nurses and midwives","402","Radiography and Radiation Therapy","Number",""
"HGO16C01","Number of Health Graduates","2011","2011","X13","Nurses and midwives","702","Social Care","Number","3"
"HGO16C01","Number of Health Graduates","2011","2011","X13","Nurses and midwives","701","Social Work","Number",""
"HGO16C01","Number of Health Graduates","2011","2011","X13","Nurses and midwives","10","Speech and Language Therapy","Number",""
"HGO16C01","Number of Health Graduates","2011","2011","X13","Nurses and midwives","V52","Dietetics, Optometry and Podiatry","Number",""
"HGO16C01","Number of Health Graduates","2011","2011","-","All occupational groups","201","Dentistry","Number","30"
"HGO16C01","Number of Health Graduates","2011","2011","-","All occupational groups","401","Medical Science","Number","96"
"HGO16C01","Number of Health Graduates","2011","2011","-","All occupational groups","202","Medicine","Number","177"
"HGO16C01","Number of Health Graduates","2011","2011","-","All occupational groups","30","Nursing and Midwifery","Number","1026"
"HGO16C01","Number of Health Graduates","2011","2011","-","All occupational groups","501","Occupational Therapy","Number","75"
"HGO16C01","Number of Health Graduates","2011","2011","-","All occupational groups","60","Pharmacy","Number",""
"HGO16C01","Number of Health Graduates","2011","2011","-","All occupational groups","504","Physiotherapy","Number","48"
"HGO16C01","Number of Health Graduates","2011","2011","-","All occupational groups","402","Radiography and Radiation Therapy","Number","15"
"HGO16C01","Number of Health Graduates","2011","2011","-","All occupational groups","702","Social Care","Number","444"
"HGO16C01","Number of Health Graduates","2011","2011","-","All occupational groups","701","Social Work","Number","75"
"HGO16C01","Number of Health Graduates","2011","2011","-","All occupational groups","10","Speech and Language Therapy","Number","72"
"HGO16C01","Number of Health Graduates","2011","2011","-","All occupational groups","V52","Dietetics, Optometry and Podiatry","Number","21"
"HGO16C01","Number of Health Graduates","2012","2012","1","Managers, directors and senior officials","201","Dentistry","Number",""
"HGO16C01","Number of Health Graduates","2012","2012","1","Managers, directors and senior officials","401","Medical Science","Number",""
"HGO16C01","Number of Health Graduates","2012","2012","1","Managers, directors and senior officials","202","Medicine","Number","6"
"HGO16C01","Number of Health Graduates","2012","2012","1","Managers, directors and senior officials","30","Nursing and Midwifery","Number","21"
"HGO16C01","Number of Health Graduates","2012","2012","1","Managers, directors and senior officials","501","Occupational Therapy","Number",""
"HGO16C01","Number of Health Graduates","2012","2012","1","Managers, directors and senior officials","60","Pharmacy","Number",""
"HGO16C01","Number of Health Graduates","2012","2012","1","Managers, directors and senior officials","504","Physiotherapy","Number",""
"HGO16C01","Number of Health Graduates","2012","2012","1","Managers, directors and senior officials","402","Radiography and Radiation Therapy","Number",""
"HGO16C01","Number of Health Graduates","2012","2012","1","Managers, directors and senior officials","702","Social Care","Number","48"
"HGO16C01","Number of Health Graduates","2012","2012","1","Managers, directors and senior officials","701","Social Work","Number","3"
"HGO16C01","Number of Health Graduates","2012","2012","1","Managers, directors and senior officials","10","Speech and Language Therapy","Number",""
"HGO16C01","Number of Health Graduates","2012","2012","1","Managers, directors and senior officials","V52","Dietetics, Optometry and Podiatry","Number",""
"HGO16C01","Number of Health Graduates","2012","2012","3","Associate professional and technical occupations","201","Dentistry","Number",""
"HGO16C01","Number of Health Graduates","2012","2012","3","Associate professional and technical occupations","401","Medical Science","Number","3"
"HGO16C01","Number of Health Graduates","2012","2012","3","Associate professional and technical occupations","202","Medicine","Number",""
"HGO16C01","Number of Health Graduates","2012","2012","3","Associate professional and technical occupations","30","Nursing and Midwifery","Number","18"
"HGO16C01","Number of Health Graduates","2012","2012","3","Associate professional and technical occupations","501","Occupational Therapy","Number","3"
"HGO16C01","Number of Health Graduates","2012","2012","3","Associate professional and technical occupations","60","Pharmacy","Number",""
"HGO16C01","Number of Health Graduates","2012","2012","3","Associate professional and technical occupations","504","Physiotherapy","Number",""
"HGO16C01","Number of Health Graduates","2012","2012","3","Associate professional and technical occupations","402","Radiography and Radiation Therapy","Number",""
"HGO16C01","Number of Health Graduates","2012","2012","3","Associate professional and technical occupations","702","Social Care","Number","84"
"HGO16C01","Number of Health Graduates","2012","2012","3","Associate professional and technical occupations","701","Social Work","Number","3"
"HGO16C01","Number of Health Graduates","2012","2012","3","Associate professional and technical occupations","10","Speech and Language Therapy","Number","3"
"HGO16C01","Number of Health Graduates","2012","2012","3","Associate professional and technical occupations","V52","Dietetics, Optometry and Podiatry","Number","3"
"HGO16C01","Number of Health Graduates","2012","2012","4","Administrative and secretarial occupations","201","Dentistry","Number",""
"HGO16C01","Number of Health Graduates","2012","2012","4","Administrative and secretarial occupations","401","Medical Science","Number",""
"HGO16C01","Number of Health Graduates","2012","2012","4","Administrative and secretarial occupations","202","Medicine","Number",""
"HGO16C01","Number of Health Graduates","2012","2012","4","Administrative and secretarial occupations","30","Nursing and Midwifery","Number","9"
"HGO16C01","Number of Health Graduates","2012","2012","4","Administrative and secretarial occupations","501","Occupational Therapy","Number",""
"HGO16C01","Number of Health Graduates","2012","2012","4","Administrative and secretarial occupations","60","Pharmacy","Number",""
"HGO16C01","Number of Health Graduates","2012","2012","4","Administrative and secretarial occupations","504","Physiotherapy","Number",""
"HGO16C01","Number of Health Graduates","2012","2012","4","Administrative and secretarial occupations","402","Radiography and Radiation Therapy","Number",""
"HGO16C01","Number of Health Graduates","2012","2012","4","Administrative and secretarial occupations","702","Social Care","Number","45"
"HGO16C01","Number of Health Graduates","2012","2012","4","Administrative and secretarial occupations","701","Social Work","Number","3"
"HGO16C01","Number of Health Graduates","2012","2012","4","Administrative and secretarial occupations","10","Speech and Language Therapy","Number",""
"HGO16C01","Number of Health Graduates","2012","2012","4","Administrative and secretarial occupations","V52","Dietetics, Optometry and Podiatry","Number",""
"HGO16C01","Number of Health Graduates","2012","2012","5","Skilled trades occupations","201","Dentistry","Number",""
"HGO16C01","Number of Health Graduates","2012","2012","5","Skilled trades occupations","401","Medical Science","Number",""
"HGO16C01","Number of Health Graduates","2012","2012","5","Skilled trades occupations","202","Medicine","Number",""
"HGO16C01","Number of Health Graduates","2012","2012","5","Skilled trades occupations","30","Nursing and Midwifery","Number",""
"HGO16C01","Number of Health Graduates","2012","2012","5","Skilled trades occupations","501","Occupational Therapy","Number",""
"HGO16C01","Number of Health Graduates","2012","2012","5","Skilled trades occupations","60","Pharmacy","Number",""
"HGO16C01","Number of Health Graduates","2012","2012","5","Skilled trades occupations","504","Physiotherapy","Number",""
"HGO16C01","Number of Health Graduates","2012","2012","5","Skilled trades occupations","402","Radiography and Radiation Therapy","Number",""
"HGO16C01","Number of Health Graduates","2012","2012","5","Skilled trades occupations","702","Social Care","Number","3"
"HGO16C01","Number of Health Graduates","2012","2012","5","Skilled trades occupations","701","Social Work","Number",""
"HGO16C01","Number of Health Graduates","2012","2012","5","Skilled trades occupations","10","Speech and Language Therapy","Number",""
"HGO16C01","Number of Health Graduates","2012","2012","5","Skilled trades occupations","V52","Dietetics, Optometry and Podiatry","Number",""
"HGO16C01","Number of Health Graduates","2012","2012","6","Caring, leisure and other service occupations","201","Dentistry","Number",""
"HGO16C01","Number of Health Graduates","2012","2012","6","Caring, leisure and other service occupations","401","Medical Science","Number",""
"HGO16C01","Number of Health Graduates","2012","2012","6","Caring, leisure and other service occupations","202","Medicine","Number",""
"HGO16C01","Number of Health Graduates","2012","2012","6","Caring, leisure and other service occupations","30","Nursing and Midwifery","Number","15"
"HGO16C01","Number of Health Graduates","2012","2012","6","Caring, leisure and other service occupations","501","Occupational Therapy","Number",""
"HGO16C01","Number of Health Graduates","2012","2012","6","Caring, leisure and other service occupations","60","Pharmacy","Number",""
"HGO16C01","Number of Health Graduates","2012","2012","6","Caring, leisure and other service occupations","504","Physiotherapy","Number",""
"HGO16C01","Number of Health Graduates","2012","2012","6","Caring, leisure and other service occupations","402","Radiography and Radiation Therapy","Number",""
"HGO16C01","Number of Health Graduates","2012","2012","6","Caring, leisure and other service occupations","702","Social Care","Number","264"
"HGO16C01","Number of Health Graduates","2012","2012","6","Caring, leisure and other service occupations","701","Social Work","Number",""
"HGO16C01","Number of Health Graduates","2012","2012","6","Caring, leisure and other service occupations","10","Speech and Language Therapy","Number",""
"HGO16C01","Number of Health Graduates","2012","2012","6","Caring, leisure and other service occupations","V52","Dietetics, Optometry and Podiatry","Number",""
"HGO16C01","Number of Health Graduates","2012","2012","7","Sales and customer service occupations","201","Dentistry","Number",""
"HGO16C01","Number of Health Graduates","2012","2012","7","Sales and customer service occupations","401","Medical Science","Number",""
"HGO16C01","Number of Health Graduates","2012","2012","7","Sales and customer service occupations","202","Medicine","Number",""
"HGO16C01","Number of Health Graduates","2012","2012","7","Sales and customer service occupations","30","Nursing and Midwifery","Number","6"
"HGO16C01","Number of Health Graduates","2012","2012","7","Sales and customer service occupations","501","Occupational Therapy","Number",""
"HGO16C01","Number of Health Graduates","2012","2012","7","Sales and customer service occupations","60","Pharmacy","Number",""
"HGO16C01","Number of Health Graduates","2012","2012","7","Sales and customer service occupations","504","Physiotherapy","Number",""
"HGO16C01","Number of Health Graduates","2012","2012","7","Sales and customer service occupations","402","Radiography and Radiation Therapy","Number",""
"HGO16C01","Number of Health Graduates","2012","2012","7","Sales and customer service occupations","702","Social Care","Number","15"
"HGO16C01","Number of Health Graduates","2012","2012","7","Sales and customer service occupations","701","Social Work","Number","3"
"HGO16C01","Number of Health Graduates","2012","2012","7","Sales and customer service occupations","10","Speech and Language Therapy","Number",""
"HGO16C01","Number of Health Graduates","2012","2012","7","Sales and customer service occupations","V52","Dietetics, Optometry and Podiatry","Number",""
"HGO16C01","Number of Health Graduates","2012","2012","8","Process, plant and machine operatives","201","Dentistry","Number",""
"HGO16C01","Number of Health Graduates","2012","2012","8","Process, plant and machine operatives","401","Medical Science","Number",""
"HGO16C01","Number of Health Graduates","2012","2012","8","Process, plant and machine operatives","202","Medicine","Number",""
"HGO16C01","Number of Health Graduates","2012","2012","8","Process, plant and machine operatives","30","Nursing and Midwifery","Number","3"
"HGO16C01","Number of Health Graduates","2012","2012","8","Process, plant and machine operatives","501","Occupational Therapy","Number",""
"HGO16C01","Number of Health Graduates","2012","2012","8","Process, plant and machine operatives","60","Pharmacy","Number",""
"HGO16C01","Number of Health Graduates","2012","2012","8","Process, plant and machine operatives","504","Physiotherapy","Number",""
"HGO16C01","Number of Health Graduates","2012","2012","8","Process, plant and machine operatives","402","Radiography and Radiation Therapy","Number",""
"HGO16C01","Number of Health Graduates","2012","2012","8","Process, plant and machine operatives","702","Social Care","Number","6"
"HGO16C01","Number of Health Graduates","2012","2012","8","Process, plant and machine operatives","701","Social Work","Number",""
"HGO16C01","Number of Health Graduates","2012","2012","8","Process, plant and machine operatives","10","Speech and Language Therapy","Number",""
"HGO16C01","Number of Health Graduates","2012","2012","8","Process, plant and machine operatives","V52","Dietetics, Optometry and Podiatry","Number",""
"HGO16C01","Number of Health Graduates","2012","2012","9","Elementary occupations","201","Dentistry","Number",""
"HGO16C01","Number of Health Graduates","2012","2012","9","Elementary occupations","401","Medical Science","Number",""
"HGO16C01","Number of Health Graduates","2012","2012","9","Elementary occupations","202","Medicine","Number",""
"HGO16C01","Number of Health Graduates","2012","2012","9","Elementary occupations","30","Nursing and Midwifery","Number",""
"HGO16C01","Number of Health Graduates","2012","2012","9","Elementary occupations","501","Occupational Therapy","Number",""
"HGO16C01","Number of Health Graduates","2012","2012","9","Elementary occupations","60","Pharmacy","Number",""
"HGO16C01","Number of Health Graduates","2012","2012","9","Elementary occupations","504","Physiotherapy","Number",""
"HGO16C01","Number of Health Graduates","2012","2012","9","Elementary occupations","402","Radiography and Radiation Therapy","Number",""
"HGO16C01","Number of Health Graduates","2012","2012","9","Elementary occupations","702","Social Care","Number","6"
"HGO16C01","Number of Health Graduates","2012","2012","9","Elementary occupations","701","Social Work","Number",""
"HGO16C01","Number of Health Graduates","2012","2012","9","Elementary occupations","10","Speech and Language Therapy","Number",""
"HGO16C01","Number of Health Graduates","2012","2012","9","Elementary occupations","V52","Dietetics, Optometry and Podiatry","Number",""
"HGO16C01","Number of Health Graduates","2012","2012","21","Science, research, engineering and technology professionals","201","Dentistry","Number",""
"HGO16C01","Number of Health Graduates","2012","2012","21","Science, research, engineering and technology professionals","401","Medical Science","Number","45"
"HGO16C01","Number of Health Graduates","2012","2012","21","Science, research, engineering and technology professionals","202","Medicine","Number",""
"HGO16C01","Number of Health Graduates","2012","2012","21","Science, research, engineering and technology professionals","30","Nursing and Midwifery","Number","3"
"HGO16C01","Number of Health Graduates","2012","2012","21","Science, research, engineering and technology professionals","501","Occupational Therapy","Number",""
"HGO16C01","Number of Health Graduates","2012","2012","21","Science, research, engineering and technology professionals","60","Pharmacy","Number",""
"HGO16C01","Number of Health Graduates","2012","2012","21","Science, research, engineering and technology professionals","504","Physiotherapy","Number",""
"HGO16C01","Number of Health Graduates","2012","2012","21","Science, research, engineering and technology professionals","402","Radiography and Radiation Therapy","Number",""
"HGO16C01","Number of Health Graduates","2012","2012","21","Science, research, engineering and technology professionals","702","Social Care","Number","3"
"HGO16C01","Number of Health Graduates","2012","2012","21","Science, research, engineering and technology professionals","701","Social Work","Number",""
"HGO16C01","Number of Health Graduates","2012","2012","21","Science, research, engineering and technology professionals","10","Speech and Language Therapy","Number",""
"HGO16C01","Number of Health Graduates","2012","2012","21","Science, research, engineering and technology professionals","V52","Dietetics, Optometry and Podiatry","Number",""
"HGO16C01","Number of Health Graduates","2012","2012","23","Teaching and educational professionals","201","Dentistry","Number",""
"HGO16C01","Number of Health Graduates","2012","2012","23","Teaching and educational professionals","401","Medical Science","Number","3"
"HGO16C01","Number of Health Graduates","2012","2012","23","Teaching and educational professionals","202","Medicine","Number","3"
"HGO16C01","Number of Health Graduates","2012","2012","23","Teaching and educational professionals","30","Nursing and Midwifery","Number","15"
"HGO16C01","Number of Health Graduates","2012","2012","23","Teaching and educational professionals","501","Occupational Therapy","Number",""
"HGO16C01","Number of Health Graduates","2012","2012","23","Teaching and educational professionals","60","Pharmacy","Number",""
"HGO16C01","Number of Health Graduates","2012","2012","23","Teaching and educational professionals","504","Physiotherapy","Number",""
"HGO16C01","Number of Health Graduates","2012","2012","23","Teaching and educational professionals","402","Radiography and Radiation Therapy","Number",""
"HGO16C01","Number of Health Graduates","2012","2012","23","Teaching and educational professionals","702","Social Care","Number","36"
"HGO16C01","Number of Health Graduates","2012","2012","23","Teaching and educational professionals","701","Social Work","Number","3"
"HGO16C01","Number of Health Graduates","2012","2012","23","Teaching and educational professionals","10","Speech and Language Therapy","Number",""
"HGO16C01","Number of Health Graduates","2012","2012","23","Teaching and educational professionals","V52","Dietetics, Optometry and Podiatry","Number",""
"HGO16C01","Number of Health Graduates","2012","2012","24","Business, media and public service professionals","201","Dentistry","Number",""
"HGO16C01","Number of Health Graduates","2012","2012","24","Business, media and public service professionals","401","Medical Science","Number",""
"HGO16C01","Number of Health Graduates","2012","2012","24","Business, media and public service professionals","202","Medicine","Number",""
"HGO16C01","Number of Health Graduates","2012","2012","24","Business, media and public service professionals","30","Nursing and Midwifery","Number","3"
"HGO16C01","Number of Health Graduates","2012","2012","24","Business, media and public service professionals","501","Occupational Therapy","Number",""
"HGO16C01","Number of Health Graduates","2012","2012","24","Business, media and public service professionals","60","Pharmacy","Number",""
"HGO16C01","Number of Health Graduates","2012","2012","24","Business, media and public service professionals","504","Physiotherapy","Number","3"
"HGO16C01","Number of Health Graduates","2012","2012","24","Business, media and public service professionals","402","Radiography and Radiation Therapy","Number",""
"HGO16C01","Number of Health Graduates","2012","2012","24","Business, media and public service professionals","702","Social Care","Number","48"
"HGO16C01","Number of Health Graduates","2012","2012","24","Business, media and public service professionals","701","Social Work","Number","87"
"HGO16C01","Number of Health Graduates","2012","2012","24","Business, media and public service professionals","10","Speech and Language Therapy","Number","3"
"HGO16C01","Number of Health Graduates","2012","2012","24","Business, media and public service professionals","V52","Dietetics, Optometry and Podiatry","Number",""
"HGO16C01","Number of Health Graduates","2012","2012","2211","Medical practitioners","201","Dentistry","Number",""
"HGO16C01","Number of Health Graduates","2012","2012","2211","Medical practitioners","401","Medical Science","Number",""
"HGO16C01","Number of Health Graduates","2012","2012","2211","Medical practitioners","202","Medicine","Number","168"
"HGO16C01","Number of Health Graduates","2012","2012","2211","Medical practitioners","30","Nursing and Midwifery","Number",""
"HGO16C01","Number of Health Graduates","2012","2012","2211","Medical practitioners","501","Occupational Therapy","Number","3"
"HGO16C01","Number of Health Graduates","2012","2012","2211","Medical practitioners","60","Pharmacy","Number",""
"HGO16C01","Number of Health Graduates","2012","2012","2211","Medical practitioners","504","Physiotherapy","Number","6"
"HGO16C01","Number of Health Graduates","2012","2012","2211","Medical practitioners","402","Radiography and Radiation Therapy","Number","6"
"HGO16C01","Number of Health Graduates","2012","2012","2211","Medical practitioners","702","Social Care","Number",""
"HGO16C01","Number of Health Graduates","2012","2012","2211","Medical practitioners","701","Social Work","Number",""
"HGO16C01","Number of Health Graduates","2012","2012","2211","Medical practitioners","10","Speech and Language Therapy","Number",""
"HGO16C01","Number of Health Graduates","2012","2012","2211","Medical practitioners","V52","Dietetics, Optometry and Podiatry","Number","3"
"HGO16C01","Number of Health Graduates","2012","2012","2212","Psychologists","201","Dentistry","Number",""
"HGO16C01","Number of Health Graduates","2012","2012","2212","Psychologists","401","Medical Science","Number",""
"HGO16C01","Number of Health Graduates","2012","2012","2212","Psychologists","202","Medicine","Number",""
"HGO16C01","Number of Health Graduates","2012","2012","2212","Psychologists","30","Nursing and Midwifery","Number",""
"HGO16C01","Number of Health Graduates","2012","2012","2212","Psychologists","501","Occupational Therapy","Number",""
"HGO16C01","Number of Health Graduates","2012","2012","2212","Psychologists","60","Pharmacy","Number",""
"HGO16C01","Number of Health Graduates","2012","2012","2212","Psychologists","504","Physiotherapy","Number",""
"HGO16C01","Number of Health Graduates","2012","2012","2212","Psychologists","402","Radiography and Radiation Therapy","Number",""
"HGO16C01","Number of Health Graduates","2012","2012","2212","Psychologists","702","Social Care","Number",""
"HGO16C01","Number of Health Graduates","2012","2012","2212","Psychologists","701","Social Work","Number",""
"HGO16C01","Number of Health Graduates","2012","2012","2212","Psychologists","10","Speech and Language Therapy","Number",""
"HGO16C01","Number of Health Graduates","2012","2012","2212","Psychologists","V52","Dietetics, Optometry and Podiatry","Number",""
"HGO16C01","Number of Health Graduates","2012","2012","2213","Pharmacists","201","Dentistry","Number",""
"HGO16C01","Number of Health Graduates","2012","2012","2213","Pharmacists","401","Medical Science","Number",""
"HGO16C01","Number of Health Graduates","2012","2012","2213","Pharmacists","202","Medicine","Number",""
"HGO16C01","Number of Health Graduates","2012","2012","2213","Pharmacists","30","Nursing and Midwifery","Number",""
"HGO16C01","Number of Health Graduates","2012","2012","2213","Pharmacists","501","Occupational Therapy","Number",""
"HGO16C01","Number of Health Graduates","2012","2012","2213","Pharmacists","60","Pharmacy","Number",""
"HGO16C01","Number of Health Graduates","2012","2012","2213","Pharmacists","504","Physiotherapy","Number",""
"HGO16C01","Number of Health Graduates","2012","2012","2213","Pharmacists","402","Radiography and Radiation Therapy","Number",""
"HGO16C01","Number of Health Graduates","2012","2012","2213","Pharmacists","702","Social Care","Number",""
"HGO16C01","Number of Health Graduates","2012","2012","2213","Pharmacists","701","Social Work","Number",""
"HGO16C01","Number of Health Graduates","2012","2012","2213","Pharmacists","10","Speech and Language Therapy","Number",""
"HGO16C01","Number of Health Graduates","2012","2012","2213","Pharmacists","V52","Dietetics, Optometry and Podiatry","Number",""
"HGO16C01","Number of Health Graduates","2012","2012","2214","Ophthalmic opticians","201","Dentistry","Number",""
"HGO16C01","Number of Health Graduates","2012","2012","2214","Ophthalmic opticians","401","Medical Science","Number",""
"HGO16C01","Number of Health Graduates","2012","2012","2214","Ophthalmic opticians","202","Medicine","Number",""
"HGO16C01","Number of Health Graduates","2012","2012","2214","Ophthalmic opticians","30","Nursing and Midwifery","Number",""
"HGO16C01","Number of Health Graduates","2012","2012","2214","Ophthalmic opticians","501","Occupational Therapy","Number",""
"HGO16C01","Number of Health Graduates","2012","2012","2214","Ophthalmic opticians","60","Pharmacy","Number",""
"HGO16C01","Number of Health Graduates","2012","2012","2214","Ophthalmic opticians","504","Physiotherapy","Number",""
"HGO16C01","Number of Health Graduates","2012","2012","2214","Ophthalmic opticians","402","Radiography and Radiation Therapy","Number",""
"HGO16C01","Number of Health Graduates","2012","2012","2214","Ophthalmic opticians","702","Social Care","Number",""
"HGO16C01","Number of Health Graduates","2012","2012","2214","Ophthalmic opticians","701","Social Work","Number",""
"HGO16C01","Number of Health Graduates","2012","2012","2214","Ophthalmic opticians","10","Speech and Language Therapy","Number",""
"HGO16C01","Number of Health Graduates","2012","2012","2214","Ophthalmic opticians","V52","Dietetics, Optometry and Podiatry","Number","24"
"HGO16C01","Number of Health Graduates","2012","2012","2215","Dental practitioners","201","Dentistry","Number","24"
"HGO16C01","Number of Health Graduates","2012","2012","2215","Dental practitioners","401","Medical Science","Number",""
"HGO16C01","Number of Health Graduates","2012","2012","2215","Dental practitioners","202","Medicine","Number",""
"HGO16C01","Number of Health Graduates","2012","2012","2215","Dental practitioners","30","Nursing and Midwifery","Number",""
"HGO16C01","Number of Health Graduates","2012","2012","2215","Dental practitioners","501","Occupational Therapy","Number",""
"HGO16C01","Number of Health Graduates","2012","2012","2215","Dental practitioners","60","Pharmacy","Number",""
"HGO16C01","Number of Health Graduates","2012","2012","2215","Dental practitioners","504","Physiotherapy","Number",""
"HGO16C01","Number of Health Graduates","2012","2012","2215","Dental practitioners","402","Radiography and Radiation Therapy","Number",""
"HGO16C01","Number of Health Graduates","2012","2012","2215","Dental practitioners","702","Social Care","Number",""
"HGO16C01","Number of Health Graduates","2012","2012","2215","Dental practitioners","701","Social Work","Number",""
"HGO16C01","Number of Health Graduates","2012","2012","2215","Dental practitioners","10","Speech and Language Therapy","Number",""
"HGO16C01","Number of Health Graduates","2012","2012","2215","Dental practitioners","V52","Dietetics, Optometry and Podiatry","Number",""
"HGO16C01","Number of Health Graduates","2012","2012","2216","Veterinarians","201","Dentistry","Number",""
"HGO16C01","Number of Health Graduates","2012","2012","2216","Veterinarians","401","Medical Science","Number",""
"HGO16C01","Number of Health Graduates","2012","2012","2216","Veterinarians","202","Medicine","Number",""
"HGO16C01","Number of Health Graduates","2012","2012","2216","Veterinarians","30","Nursing and Midwifery","Number",""
"HGO16C01","Number of Health Graduates","2012","2012","2216","Veterinarians","501","Occupational Therapy","Number",""
"HGO16C01","Number of Health Graduates","2012","2012","2216","Veterinarians","60","Pharmacy","Number",""
"HGO16C01","Number of Health Graduates","2012","2012","2216","Veterinarians","504","Physiotherapy","Number",""
"HGO16C01","Number of Health Graduates","2012","2012","2216","Veterinarians","402","Radiography and Radiation Therapy","Number",""
"HGO16C01","Number of Health Graduates","2012","2012","2216","Veterinarians","702","Social Care","Number",""
"HGO16C01","Number of Health Graduates","2012","2012","2216","Veterinarians","701","Social Work","Number",""
"HGO16C01","Number of Health Graduates","2012","2012","2216","Veterinarians","10","Speech and Language Therapy","Number",""
"HGO16C01","Number of Health Graduates","2012","2012","2216","Veterinarians","V52","Dietetics, Optometry and Podiatry","Number",""
"HGO16C01","Number of Health Graduates","2012","2012","2217","Medical radiographers","201","Dentistry","Number",""
"HGO16C01","Number of Health Graduates","2012","2012","2217","Medical radiographers","401","Medical Science","Number",""
"HGO16C01","Number of Health Graduates","2012","2012","2217","Medical radiographers","202","Medicine","Number",""
"HGO16C01","Number of Health Graduates","2012","2012","2217","Medical radiographers","30","Nursing and Midwifery","Number","3"
"HGO16C01","Number of Health Graduates","2012","2012","2217","Medical radiographers","501","Occupational Therapy","Number",""
"HGO16C01","Number of Health Graduates","2012","2012","2217","Medical radiographers","60","Pharmacy","Number",""
"HGO16C01","Number of Health Graduates","2012","2012","2217","Medical radiographers","504","Physiotherapy","Number",""
"HGO16C01","Number of Health Graduates","2012","2012","2217","Medical radiographers","402","Radiography and Radiation Therapy","Number","30"
"HGO16C01","Number of Health Graduates","2012","2012","2217","Medical radiographers","702","Social Care","Number",""
"HGO16C01","Number of Health Graduates","2012","2012","2217","Medical radiographers","701","Social Work","Number",""
"HGO16C01","Number of Health Graduates","2012","2012","2217","Medical radiographers","10","Speech and Language Therapy","Number",""
"HGO16C01","Number of Health Graduates","2012","2012","2217","Medical radiographers","V52","Dietetics, Optometry and Podiatry","Number",""
"HGO16C01","Number of Health Graduates","2012","2012","2218","Podiatrists","201","Dentistry","Number",""
"HGO16C01","Number of Health Graduates","2012","2012","2218","Podiatrists","401","Medical Science","Number",""
"HGO16C01","Number of Health Graduates","2012","2012","2218","Podiatrists","202","Medicine","Number",""
"HGO16C01","Number of Health Graduates","2012","2012","2218","Podiatrists","30","Nursing and Midwifery","Number",""
"HGO16C01","Number of Health Graduates","2012","2012","2218","Podiatrists","501","Occupational Therapy","Number",""
"HGO16C01","Number of Health Graduates","2012","2012","2218","Podiatrists","60","Pharmacy","Number",""
"HGO16C01","Number of Health Graduates","2012","2012","2218","Podiatrists","504","Physiotherapy","Number",""
"HGO16C01","Number of Health Graduates","2012","2012","2218","Podiatrists","402","Radiography and Radiation Therapy","Number",""
"HGO16C01","Number of Health Graduates","2012","2012","2218","Podiatrists","702","Social Care","Number",""
"HGO16C01","Number of Health Graduates","2012","2012","2218","Podiatrists","701","Social Work","Number",""
"HGO16C01","Number of Health Graduates","2012","2012","2218","Podiatrists","10","Speech and Language Therapy","Number",""
"HGO16C01","Number of Health Graduates","2012","2012","2218","Podiatrists","V52","Dietetics, Optometry and Podiatry","Number","6"
"HGO16C01","Number of Health Graduates","2012","2012","2219","Health professionals n.e.c.","201","Dentistry","Number",""
"HGO16C01","Number of Health Graduates","2012","2012","2219","Health professionals n.e.c.","401","Medical Science","Number",""
"HGO16C01","Number of Health Graduates","2012","2012","2219","Health professionals n.e.c.","202","Medicine","Number",""
"HGO16C01","Number of Health Graduates","2012","2012","2219","Health professionals n.e.c.","30","Nursing and Midwifery","Number","3"
"HGO16C01","Number of Health Graduates","2012","2012","2219","Health professionals n.e.c.","501","Occupational Therapy","Number",""
"HGO16C01","Number of Health Graduates","2012","2012","2219","Health professionals n.e.c.","60","Pharmacy","Number",""
"HGO16C01","Number of Health Graduates","2012","2012","2219","Health professionals n.e.c.","504","Physiotherapy","Number",""
"HGO16C01","Number of Health Graduates","2012","2012","2219","Health professionals n.e.c.","402","Radiography and Radiation Therapy","Number",""
"HGO16C01","Number of Health Graduates","2012","2012","2219","Health professionals n.e.c.","702","Social Care","Number",""
"HGO16C01","Number of Health Graduates","2012","2012","2219","Health professionals n.e.c.","701","Social Work","Number",""
"HGO16C01","Number of Health Graduates","2012","2012","2219","Health professionals n.e.c.","10","Speech and Language Therapy","Number",""
"HGO16C01","Number of Health Graduates","2012","2012","2219","Health professionals n.e.c.","V52","Dietetics, Optometry and Podiatry","Number","6"
"HGO16C01","Number of Health Graduates","2012","2012","2221","Physiotherapists","201","Dentistry","Number",""
"HGO16C01","Number of Health Graduates","2012","2012","2221","Physiotherapists","401","Medical Science","Number",""
"HGO16C01","Number of Health Graduates","2012","2012","2221","Physiotherapists","202","Medicine","Number",""
"HGO16C01","Number of Health Graduates","2012","2012","2221","Physiotherapists","30","Nursing and Midwifery","Number",""
"HGO16C01","Number of Health Graduates","2012","2012","2221","Physiotherapists","501","Occupational Therapy","Number",""
"HGO16C01","Number of Health Graduates","2012","2012","2221","Physiotherapists","60","Pharmacy","Number",""
"HGO16C01","Number of Health Graduates","2012","2012","2221","Physiotherapists","504","Physiotherapy","Number","60"
"HGO16C01","Number of Health Graduates","2012","2012","2221","Physiotherapists","402","Radiography and Radiation Therapy","Number",""
"HGO16C01","Number of Health Graduates","2012","2012","2221","Physiotherapists","702","Social Care","Number",""
"HGO16C01","Number of Health Graduates","2012","2012","2221","Physiotherapists","701","Social Work","Number",""
"HGO16C01","Number of Health Graduates","2012","2012","2221","Physiotherapists","10","Speech and Language Therapy","Number",""
"HGO16C01","Number of Health Graduates","2012","2012","2221","Physiotherapists","V52","Dietetics, Optometry and Podiatry","Number",""
"HGO16C01","Number of Health Graduates","2012","2012","2222","Occupational therapists","201","Dentistry","Number",""
"HGO16C01","Number of Health Graduates","2012","2012","2222","Occupational therapists","401","Medical Science","Number",""
"HGO16C01","Number of Health Graduates","2012","2012","2222","Occupational therapists","202","Medicine","Number",""
"HGO16C01","Number of Health Graduates","2012","2012","2222","Occupational therapists","30","Nursing and Midwifery","Number",""
"HGO16C01","Number of Health Graduates","2012","2012","2222","Occupational therapists","501","Occupational Therapy","Number","66"
"HGO16C01","Number of Health Graduates","2012","2012","2222","Occupational therapists","60","Pharmacy","Number",""
"HGO16C01","Number of Health Graduates","2012","2012","2222","Occupational therapists","504","Physiotherapy","Number",""
"HGO16C01","Number of Health Graduates","2012","2012","2222","Occupational therapists","402","Radiography and Radiation Therapy","Number",""
"HGO16C01","Number of Health Graduates","2012","2012","2222","Occupational therapists","702","Social Care","Number","3"
"HGO16C01","Number of Health Graduates","2012","2012","2222","Occupational therapists","701","Social Work","Number",""
"HGO16C01","Number of Health Graduates","2012","2012","2222","Occupational therapists","10","Speech and Language Therapy","Number",""
"HGO16C01","Number of Health Graduates","2012","2012","2222","Occupational therapists","V52","Dietetics, Optometry and Podiatry","Number",""
"HGO16C01","Number of Health Graduates","2012","2012","2223","Speech and language therapists","201","Dentistry","Number",""
"HGO16C01","Number of Health Graduates","2012","2012","2223","Speech and language therapists","401","Medical Science","Number",""
"HGO16C01","Number of Health Graduates","2012","2012","2223","Speech and language therapists","202","Medicine","Number",""
"HGO16C01","Number of Health Graduates","2012","2012","2223","Speech and language therapists","30","Nursing and Midwifery","Number","3"
"HGO16C01","Number of Health Graduates","2012","2012","2223","Speech and language therapists","501","Occupational Therapy","Number",""
"HGO16C01","Number of Health Graduates","2012","2012","2223","Speech and language therapists","60","Pharmacy","Number",""
"HGO16C01","Number of Health Graduates","2012","2012","2223","Speech and language therapists","504","Physiotherapy","Number",""
"HGO16C01","Number of Health Graduates","2012","2012","2223","Speech and language therapists","402","Radiography and Radiation Therapy","Number",""
"HGO16C01","Number of Health Graduates","2012","2012","2223","Speech and language therapists","702","Social Care","Number",""
"HGO16C01","Number of Health Graduates","2012","2012","2223","Speech and language therapists","701","Social Work","Number",""
"HGO16C01","Number of Health Graduates","2012","2012","2223","Speech and language therapists","10","Speech and Language Therapy","Number","48"
"HGO16C01","Number of Health Graduates","2012","2012","2223","Speech and language therapists","V52","Dietetics, Optometry and Podiatry","Number",""
"HGO16C01","Number of Health Graduates","2012","2012","2229","Therapy professionals n.e.c.","201","Dentistry","Number",""
"HGO16C01","Number of Health Graduates","2012","2012","2229","Therapy professionals n.e.c.","401","Medical Science","Number",""
"HGO16C01","Number of Health Graduates","2012","2012","2229","Therapy professionals n.e.c.","202","Medicine","Number",""
"HGO16C01","Number of Health Graduates","2012","2012","2229","Therapy professionals n.e.c.","30","Nursing and Midwifery","Number",""
"HGO16C01","Number of Health Graduates","2012","2012","2229","Therapy professionals n.e.c.","501","Occupational Therapy","Number",""
"HGO16C01","Number of Health Graduates","2012","2012","2229","Therapy professionals n.e.c.","60","Pharmacy","Number",""
"HGO16C01","Number of Health Graduates","2012","2012","2229","Therapy professionals n.e.c.","504","Physiotherapy","Number",""
"HGO16C01","Number of Health Graduates","2012","2012","2229","Therapy professionals n.e.c.","402","Radiography and Radiation Therapy","Number",""
"HGO16C01","Number of Health Graduates","2012","2012","2229","Therapy professionals n.e.c.","702","Social Care","Number","3"
"HGO16C01","Number of Health Graduates","2012","2012","2229","Therapy professionals n.e.c.","701","Social Work","Number",""
"HGO16C01","Number of Health Graduates","2012","2012","2229","Therapy professionals n.e.c.","10","Speech and Language Therapy","Number",""
"HGO16C01","Number of Health Graduates","2012","2012","2229","Therapy professionals n.e.c.","V52","Dietetics, Optometry and Podiatry","Number",""
"HGO16C01","Number of Health Graduates","2012","2012","X13","Nurses and midwives","201","Dentistry","Number",""
"HGO16C01","Number of Health Graduates","2012","2012","X13","Nurses and midwives","401","Medical Science","Number",""
"HGO16C01","Number of Health Graduates","2012","2012","X13","Nurses and midwives","202","Medicine","Number",""
"HGO16C01","Number of Health Graduates","2012","2012","X13","Nurses and midwives","30","Nursing and Midwifery","Number","777"
"HGO16C01","Number of Health Graduates","2012","2012","X13","Nurses and midwives","501","Occupational Therapy","Number",""
"HGO16C01","Number of Health Graduates","2012","2012","X13","Nurses and midwives","60","Pharmacy","Number",""
"HGO16C01","Number of Health Graduates","2012","2012","X13","Nurses and midwives","504","Physiotherapy","Number",""
"HGO16C01","Number of Health Graduates","2012","2012","X13","Nurses and midwives","402","Radiography and Radiation Therapy","Number",""
"HGO16C01","Number of Health Graduates","2012","2012","X13","Nurses and midwives","702","Social Care","Number","6"
"HGO16C01","Number of Health Graduates","2012","2012","X13","Nurses and midwives","701","Social Work","Number",""
"HGO16C01","Number of Health Graduates","2012","2012","X13","Nurses and midwives","10","Speech and Language Therapy","Number",""
"HGO16C01","Number of Health Graduates","2012","2012","X13","Nurses and midwives","V52","Dietetics, Optometry and Podiatry","Number",""
"HGO16C01","Number of Health Graduates","2012","2012","-","All occupational groups","201","Dentistry","Number","24"
"HGO16C01","Number of Health Graduates","2012","2012","-","All occupational groups","401","Medical Science","Number","54"
"HGO16C01","Number of Health Graduates","2012","2012","-","All occupational groups","202","Medicine","Number","183"
"HGO16C01","Number of Health Graduates","2012","2012","-","All occupational groups","30","Nursing and Midwifery","Number","879"
"HGO16C01","Number of Health Graduates","2012","2012","-","All occupational groups","501","Occupational Therapy","Number","75"
"HGO16C01","Number of Health Graduates","2012","2012","-","All occupational groups","60","Pharmacy","Number",""
"HGO16C01","Number of Health Graduates","2012","2012","-","All occupational groups","504","Physiotherapy","Number","75"
"HGO16C01","Number of Health Graduates","2012","2012","-","All occupational groups","402","Radiography and Radiation Therapy","Number","39"
"HGO16C01","Number of Health Graduates","2012","2012","-","All occupational groups","702","Social Care","Number","579"
"HGO16C01","Number of Health Graduates","2012","2012","-","All occupational groups","701","Social Work","Number","102"
"HGO16C01","Number of Health Graduates","2012","2012","-","All occupational groups","10","Speech and Language Therapy","Number","54"
"HGO16C01","Number of Health Graduates","2012","2012","-","All occupational groups","V52","Dietetics, Optometry and Podiatry","Number","42"
"HGO16C01","Number of Health Graduates","2013","2013","1","Managers, directors and senior officials","201","Dentistry","Number",""
"HGO16C01","Number of Health Graduates","2013","2013","1","Managers, directors and senior officials","401","Medical Science","Number",""
"HGO16C01","Number of Health Graduates","2013","2013","1","Managers, directors and senior officials","202","Medicine","Number",""
"HGO16C01","Number of Health Graduates","2013","2013","1","Managers, directors and senior officials","30","Nursing and Midwifery","Number","15"
"HGO16C01","Number of Health Graduates","2013","2013","1","Managers, directors and senior officials","501","Occupational Therapy","Number",""
"HGO16C01","Number of Health Graduates","2013","2013","1","Managers, directors and senior officials","60","Pharmacy","Number",""
"HGO16C01","Number of Health Graduates","2013","2013","1","Managers, directors and senior officials","504","Physiotherapy","Number",""
"HGO16C01","Number of Health Graduates","2013","2013","1","Managers, directors and senior officials","402","Radiography and Radiation Therapy","Number",""
"HGO16C01","Number of Health Graduates","2013","2013","1","Managers, directors and senior officials","702","Social Care","Number","63"
"HGO16C01","Number of Health Graduates","2013","2013","1","Managers, directors and senior officials","701","Social Work","Number","6"
"HGO16C01","Number of Health Graduates","2013","2013","1","Managers, directors and senior officials","10","Speech and Language Therapy","Number",""
"HGO16C01","Number of Health Graduates","2013","2013","1","Managers, directors and senior officials","V52","Dietetics, Optometry and Podiatry","Number",""
"HGO16C01","Number of Health Graduates","2013","2013","3","Associate professional and technical occupations","201","Dentistry","Number",""
"HGO16C01","Number of Health Graduates","2013","2013","3","Associate professional and technical occupations","401","Medical Science","Number",""
"HGO16C01","Number of Health Graduates","2013","2013","3","Associate professional and technical occupations","202","Medicine","Number","6"
"HGO16C01","Number of Health Graduates","2013","2013","3","Associate professional and technical occupations","30","Nursing and Midwifery","Number","15"
"HGO16C01","Number of Health Graduates","2013","2013","3","Associate professional and technical occupations","501","Occupational Therapy","Number",""
"HGO16C01","Number of Health Graduates","2013","2013","3","Associate professional and technical occupations","60","Pharmacy","Number",""
"HGO16C01","Number of Health Graduates","2013","2013","3","Associate professional and technical occupations","504","Physiotherapy","Number",""
"HGO16C01","Number of Health Graduates","2013","2013","3","Associate professional and technical occupations","402","Radiography and Radiation Therapy","Number","3"
"HGO16C01","Number of Health Graduates","2013","2013","3","Associate professional and technical occupations","702","Social Care","Number","96"
"HGO16C01","Number of Health Graduates","2013","2013","3","Associate professional and technical occupations","701","Social Work","Number","3"
"HGO16C01","Number of Health Graduates","2013","2013","3","Associate professional and technical occupations","10","Speech and Language Therapy","Number","3"
"HGO16C01","Number of Health Graduates","2013","2013","3","Associate professional and technical occupations","V52","Dietetics, Optometry and Podiatry","Number","3"
"HGO16C01","Number of Health Graduates","2013","2013","4","Administrative and secretarial occupations","201","Dentistry","Number",""
"HGO16C01","Number of Health Graduates","2013","2013","4","Administrative and secretarial occupations","401","Medical Science","Number",""
"HGO16C01","Number of Health Graduates","2013","2013","4","Administrative and secretarial occupations","202","Medicine","Number",""
"HGO16C01","Number of Health Graduates","2013","2013","4","Administrative and secretarial occupations","30","Nursing and Midwifery","Number","12"
"HGO16C01","Number of Health Graduates","2013","2013","4","Administrative and secretarial occupations","501","Occupational Therapy","Number",""
"HGO16C01","Number of Health Graduates","2013","2013","4","Administrative and secretarial occupations","60","Pharmacy","Number",""
"HGO16C01","Number of Health Graduates","2013","2013","4","Administrative and secretarial occupations","504","Physiotherapy","Number",""
"HGO16C01","Number of Health Graduates","2013","2013","4","Administrative and secretarial occupations","402","Radiography and Radiation Therapy","Number",""
"HGO16C01","Number of Health Graduates","2013","2013","4","Administrative and secretarial occupations","702","Social Care","Number","51"
"HGO16C01","Number of Health Graduates","2013","2013","4","Administrative and secretarial occupations","701","Social Work","Number","3"
"HGO16C01","Number of Health Graduates","2013","2013","4","Administrative and secretarial occupations","10","Speech and Language Therapy","Number",""
"HGO16C01","Number of Health Graduates","2013","2013","4","Administrative and secretarial occupations","V52","Dietetics, Optometry and Podiatry","Number",""
"HGO16C01","Number of Health Graduates","2013","2013","5","Skilled trades occupations","201","Dentistry","Number",""
"HGO16C01","Number of Health Graduates","2013","2013","5","Skilled trades occupations","401","Medical Science","Number",""
"HGO16C01","Number of Health Graduates","2013","2013","5","Skilled trades occupations","202","Medicine","Number",""
"HGO16C01","Number of Health Graduates","2013","2013","5","Skilled trades occupations","30","Nursing and Midwifery","Number",""
"HGO16C01","Number of Health Graduates","2013","2013","5","Skilled trades occupations","501","Occupational Therapy","Number",""
"HGO16C01","Number of Health Graduates","2013","2013","5","Skilled trades occupations","60","Pharmacy","Number",""
"HGO16C01","Number of Health Graduates","2013","2013","5","Skilled trades occupations","504","Physiotherapy","Number",""
"HGO16C01","Number of Health Graduates","2013","2013","5","Skilled trades occupations","402","Radiography and Radiation Therapy","Number",""
"HGO16C01","Number of Health Graduates","2013","2013","5","Skilled trades occupations","702","Social Care","Number","3"
"HGO16C01","Number of Health Graduates","2013","2013","5","Skilled trades occupations","701","Social Work","Number",""
"HGO16C01","Number of Health Graduates","2013","2013","5","Skilled trades occupations","10","Speech and Language Therapy","Number",""
"HGO16C01","Number of Health Graduates","2013","2013","5","Skilled trades occupations","V52","Dietetics, Optometry and Podiatry","Number",""
"HGO16C01","Number of Health Graduates","2013","2013","6","Caring, leisure and other service occupations","201","Dentistry","Number",""
"HGO16C01","Number of Health Graduates","2013","2013","6","Caring, leisure and other service occupations","401","Medical Science","Number",""
"HGO16C01","Number of Health Graduates","2013","2013","6","Caring, leisure and other service occupations","202","Medicine","Number",""
"HGO16C01","Number of Health Graduates","2013","2013","6","Caring, leisure and other service occupations","30","Nursing and Midwifery","Number","12"
"HGO16C01","Number of Health Graduates","2013","2013","6","Caring, leisure and other service occupations","501","Occupational Therapy","Number",""
"HGO16C01","Number of Health Graduates","2013","2013","6","Caring, leisure and other service occupations","60","Pharmacy","Number",""
"HGO16C01","Number of Health Graduates","2013","2013","6","Caring, leisure and other service occupations","504","Physiotherapy","Number",""
"HGO16C01","Number of Health Graduates","2013","2013","6","Caring, leisure and other service occupations","402","Radiography and Radiation Therapy","Number",""
"HGO16C01","Number of Health Graduates","2013","2013","6","Caring, leisure and other service occupations","702","Social Care","Number","276"
"HGO16C01","Number of Health Graduates","2013","2013","6","Caring, leisure and other service occupations","701","Social Work","Number",""
"HGO16C01","Number of Health Graduates","2013","2013","6","Caring, leisure and other service occupations","10","Speech and Language Therapy","Number",""
"HGO16C01","Number of Health Graduates","2013","2013","6","Caring, leisure and other service occupations","V52","Dietetics, Optometry and Podiatry","Number",""
"HGO16C01","Number of Health Graduates","2013","2013","7","Sales and customer service occupations","201","Dentistry","Number",""
"HGO16C01","Number of Health Graduates","2013","2013","7","Sales and customer service occupations","401","Medical Science","Number",""
"HGO16C01","Number of Health Graduates","2013","2013","7","Sales and customer service occupations","202","Medicine","Number",""
"HGO16C01","Number of Health Graduates","2013","2013","7","Sales and customer service occupations","30","Nursing and Midwifery","Number","6"
"HGO16C01","Number of Health Graduates","2013","2013","7","Sales and customer service occupations","501","Occupational Therapy","Number",""
"HGO16C01","Number of Health Graduates","2013","2013","7","Sales and customer service occupations","60","Pharmacy","Number",""
"HGO16C01","Number of Health Graduates","2013","2013","7","Sales and customer service occupations","504","Physiotherapy","Number",""
"HGO16C01","Number of Health Graduates","2013","2013","7","Sales and customer service occupations","402","Radiography and Radiation Therapy","Number",""
"HGO16C01","Number of Health Graduates","2013","2013","7","Sales and customer service occupations","702","Social Care","Number","15"
"HGO16C01","Number of Health Graduates","2013","2013","7","Sales and customer service occupations","701","Social Work","Number",""
"HGO16C01","Number of Health Graduates","2013","2013","7","Sales and customer service occupations","10","Speech and Language Therapy","Number",""
"HGO16C01","Number of Health Graduates","2013","2013","7","Sales and customer service occupations","V52","Dietetics, Optometry and Podiatry","Number",""
"HGO16C01","Number of Health Graduates","2013","2013","8","Process, plant and machine operatives","201","Dentistry","Number",""
"HGO16C01","Number of Health Graduates","2013","2013","8","Process, plant and machine operatives","401","Medical Science","Number",""
"HGO16C01","Number of Health Graduates","2013","2013","8","Process, plant and machine operatives","202","Medicine","Number",""
"HGO16C01","Number of Health Graduates","2013","2013","8","Process, plant and machine operatives","30","Nursing and Midwifery","Number",""
"HGO16C01","Number of Health Graduates","2013","2013","8","Process, plant and machine operatives","501","Occupational Therapy","Number",""
"HGO16C01","Number of Health Graduates","2013","2013","8","Process, plant and machine operatives","60","Pharmacy","Number",""
"HGO16C01","Number of Health Graduates","2013","2013","8","Process, plant and machine operatives","504","Physiotherapy","Number",""
"HGO16C01","Number of Health Graduates","2013","2013","8","Process, plant and machine operatives","402","Radiography and Radiation Therapy","Number","3"
"HGO16C01","Number of Health Graduates","2013","2013","8","Process, plant and machine operatives","702","Social Care","Number","12"
"HGO16C01","Number of Health Graduates","2013","2013","8","Process, plant and machine operatives","701","Social Work","Number",""
"HGO16C01","Number of Health Graduates","2013","2013","8","Process, plant and machine operatives","10","Speech and Language Therapy","Number",""
"HGO16C01","Number of Health Graduates","2013","2013","8","Process, plant and machine operatives","V52","Dietetics, Optometry and Podiatry","Number",""
"HGO16C01","Number of Health Graduates","2013","2013","9","Elementary occupations","201","Dentistry","Number",""
"HGO16C01","Number of Health Graduates","2013","2013","9","Elementary occupations","401","Medical Science","Number",""
"HGO16C01","Number of Health Graduates","2013","2013","9","Elementary occupations","202","Medicine","Number",""
"HGO16C01","Number of Health Graduates","2013","2013","9","Elementary occupations","30","Nursing and Midwifery","Number","6"
"HGO16C01","Number of Health Graduates","2013","2013","9","Elementary occupations","501","Occupational Therapy","Number",""
"HGO16C01","Number of Health Graduates","2013","2013","9","Elementary occupations","60","Pharmacy","Number",""
"HGO16C01","Number of Health Graduates","2013","2013","9","Elementary occupations","504","Physiotherapy","Number",""
"HGO16C01","Number of Health Graduates","2013","2013","9","Elementary occupations","402","Radiography and Radiation Therapy","Number",""
"HGO16C01","Number of Health Graduates","2013","2013","9","Elementary occupations","702","Social Care","Number","6"
"HGO16C01","Number of Health Graduates","2013","2013","9","Elementary occupations","701","Social Work","Number",""
"HGO16C01","Number of Health Graduates","2013","2013","9","Elementary occupations","10","Speech and Language Therapy","Number",""
"HGO16C01","Number of Health Graduates","2013","2013","9","Elementary occupations","V52","Dietetics, Optometry and Podiatry","Number",""
"HGO16C01","Number of Health Graduates","2013","2013","21","Science, research, engineering and technology professionals","201","Dentistry","Number",""
"HGO16C01","Number of Health Graduates","2013","2013","21","Science, research, engineering and technology professionals","401","Medical Science","Number","48"
"HGO16C01","Number of Health Graduates","2013","2013","21","Science, research, engineering and technology professionals","202","Medicine","Number","6"
"HGO16C01","Number of Health Graduates","2013","2013","21","Science, research, engineering and technology professionals","30","Nursing and Midwifery","Number","3"
"HGO16C01","Number of Health Graduates","2013","2013","21","Science, research, engineering and technology professionals","501","Occupational Therapy","Number",""
"HGO16C01","Number of Health Graduates","2013","2013","21","Science, research, engineering and technology professionals","60","Pharmacy","Number",""
"HGO16C01","Number of Health Graduates","2013","2013","21","Science, research, engineering and technology professionals","504","Physiotherapy","Number","3"
"HGO16C01","Number of Health Graduates","2013","2013","21","Science, research, engineering and technology professionals","402","Radiography and Radiation Therapy","Number",""
"HGO16C01","Number of Health Graduates","2013","2013","21","Science, research, engineering and technology professionals","702","Social Care","Number","3"
"HGO16C01","Number of Health Graduates","2013","2013","21","Science, research, engineering and technology professionals","701","Social Work","Number",""
"HGO16C01","Number of Health Graduates","2013","2013","21","Science, research, engineering and technology professionals","10","Speech and Language Therapy","Number",""
"HGO16C01","Number of Health Graduates","2013","2013","21","Science, research, engineering and technology professionals","V52","Dietetics, Optometry and Podiatry","Number",""
"HGO16C01","Number of Health Graduates","2013","2013","23","Teaching and educational professionals","201","Dentistry","Number",""
"HGO16C01","Number of Health Graduates","2013","2013","23","Teaching and educational professionals","401","Medical Science","Number",""
"HGO16C01","Number of Health Graduates","2013","2013","23","Teaching and educational professionals","202","Medicine","Number","6"
"HGO16C01","Number of Health Graduates","2013","2013","23","Teaching and educational professionals","30","Nursing and Midwifery","Number","15"
"HGO16C01","Number of Health Graduates","2013","2013","23","Teaching and educational professionals","501","Occupational Therapy","Number",""
"HGO16C01","Number of Health Graduates","2013","2013","23","Teaching and educational professionals","60","Pharmacy","Number",""
"HGO16C01","Number of Health Graduates","2013","2013","23","Teaching and educational professionals","504","Physiotherapy","Number",""
"HGO16C01","Number of Health Graduates","2013","2013","23","Teaching and educational professionals","402","Radiography and Radiation Therapy","Number","3"
"HGO16C01","Number of Health Graduates","2013","2013","23","Teaching and educational professionals","702","Social Care","Number","27"
"HGO16C01","Number of Health Graduates","2013","2013","23","Teaching and educational professionals","701","Social Work","Number","6"
"HGO16C01","Number of Health Graduates","2013","2013","23","Teaching and educational professionals","10","Speech and Language Therapy","Number",""
"HGO16C01","Number of Health Graduates","2013","2013","23","Teaching and educational professionals","V52","Dietetics, Optometry and Podiatry","Number",""
"HGO16C01","Number of Health Graduates","2013","2013","24","Business, media and public service professionals","201","Dentistry","Number",""
"HGO16C01","Number of Health Graduates","2013","2013","24","Business, media and public service professionals","401","Medical Science","Number",""
"HGO16C01","Number of Health Graduates","2013","2013","24","Business, media and public service professionals","202","Medicine","Number",""
"HGO16C01","Number of Health Graduates","2013","2013","24","Business, media and public service professionals","30","Nursing and Midwifery","Number","6"
"HGO16C01","Number of Health Graduates","2013","2013","24","Business, media and public service professionals","501","Occupational Therapy","Number",""
"HGO16C01","Number of Health Graduates","2013","2013","24","Business, media and public service professionals","60","Pharmacy","Number",""
"HGO16C01","Number of Health Graduates","2013","2013","24","Business, media and public service professionals","504","Physiotherapy","Number","3"
"HGO16C01","Number of Health Graduates","2013","2013","24","Business, media and public service professionals","402","Radiography and Radiation Therapy","Number",""
"HGO16C01","Number of Health Graduates","2013","2013","24","Business, media and public service professionals","702","Social Care","Number","57"
"HGO16C01","Number of Health Graduates","2013","2013","24","Business, media and public service professionals","701","Social Work","Number","117"
"HGO16C01","Number of Health Graduates","2013","2013","24","Business, media and public service professionals","10","Speech and Language Therapy","Number",""
"HGO16C01","Number of Health Graduates","2013","2013","24","Business, media and public service professionals","V52","Dietetics, Optometry and Podiatry","Number",""
"HGO16C01","Number of Health Graduates","2013","2013","2211","Medical practitioners","201","Dentistry","Number",""
"HGO16C01","Number of Health Graduates","2013","2013","2211","Medical practitioners","401","Medical Science","Number","3"
"HGO16C01","Number of Health Graduates","2013","2013","2211","Medical practitioners","202","Medicine","Number","246"
"HGO16C01","Number of Health Graduates","2013","2013","2211","Medical practitioners","30","Nursing and Midwifery","Number","6"
"HGO16C01","Number of Health Graduates","2013","2013","2211","Medical practitioners","501","Occupational Therapy","Number",""
"HGO16C01","Number of Health Graduates","2013","2013","2211","Medical practitioners","60","Pharmacy","Number",""
"HGO16C01","Number of Health Graduates","2013","2013","2211","Medical practitioners","504","Physiotherapy","Number","3"
"HGO16C01","Number of Health Graduates","2013","2013","2211","Medical practitioners","402","Radiography and Radiation Therapy","Number","3"
"HGO16C01","Number of Health Graduates","2013","2013","2211","Medical practitioners","702","Social Care","Number",""
"HGO16C01","Number of Health Graduates","2013","2013","2211","Medical practitioners","701","Social Work","Number",""
"HGO16C01","Number of Health Graduates","2013","2013","2211","Medical practitioners","10","Speech and Language Therapy","Number","3"
"HGO16C01","Number of Health Graduates","2013","2013","2211","Medical practitioners","V52","Dietetics, Optometry and Podiatry","Number","3"
"HGO16C01","Number of Health Graduates","2013","2013","2212","Psychologists","201","Dentistry","Number",""
"HGO16C01","Number of Health Graduates","2013","2013","2212","Psychologists","401","Medical Science","Number",""
"HGO16C01","Number of Health Graduates","2013","2013","2212","Psychologists","202","Medicine","Number",""
"HGO16C01","Number of Health Graduates","2013","2013","2212","Psychologists","30","Nursing and Midwifery","Number",""
"HGO16C01","Number of Health Graduates","2013","2013","2212","Psychologists","501","Occupational Therapy","Number",""
"HGO16C01","Number of Health Graduates","2013","2013","2212","Psychologists","60","Pharmacy","Number",""
"HGO16C01","Number of Health Graduates","2013","2013","2212","Psychologists","504","Physiotherapy","Number",""
"HGO16C01","Number of Health Graduates","2013","2013","2212","Psychologists","402","Radiography and Radiation Therapy","Number",""
"HGO16C01","Number of Health Graduates","2013","2013","2212","Psychologists","702","Social Care","Number",""
"HGO16C01","Number of Health Graduates","2013","2013","2212","Psychologists","701","Social Work","Number",""
"HGO16C01","Number of Health Graduates","2013","2013","2212","Psychologists","10","Speech and Language Therapy","Number",""
"HGO16C01","Number of Health Graduates","2013","2013","2212","Psychologists","V52","Dietetics, Optometry and Podiatry","Number",""
"HGO16C01","Number of Health Graduates","2013","2013","2213","Pharmacists","201","Dentistry","Number",""
"HGO16C01","Number of Health Graduates","2013","2013","2213","Pharmacists","401","Medical Science","Number",""
"HGO16C01","Number of Health Graduates","2013","2013","2213","Pharmacists","202","Medicine","Number",""
"HGO16C01","Number of Health Graduates","2013","2013","2213","Pharmacists","30","Nursing and Midwifery","Number",""
"HGO16C01","Number of Health Graduates","2013","2013","2213","Pharmacists","501","Occupational Therapy","Number",""
"HGO16C01","Number of Health Graduates","2013","2013","2213","Pharmacists","60","Pharmacy","Number",""
"HGO16C01","Number of Health Graduates","2013","2013","2213","Pharmacists","504","Physiotherapy","Number",""
"HGO16C01","Number of Health Graduates","2013","2013","2213","Pharmacists","402","Radiography and Radiation Therapy","Number",""
"HGO16C01","Number of Health Graduates","2013","2013","2213","Pharmacists","702","Social Care","Number",""
"HGO16C01","Number of Health Graduates","2013","2013","2213","Pharmacists","701","Social Work","Number",""
"HGO16C01","Number of Health Graduates","2013","2013","2213","Pharmacists","10","Speech and Language Therapy","Number",""
"HGO16C01","Number of Health Graduates","2013","2013","2213","Pharmacists","V52","Dietetics, Optometry and Podiatry","Number",""
"HGO16C01","Number of Health Graduates","2013","2013","2214","Ophthalmic opticians","201","Dentistry","Number",""
"HGO16C01","Number of Health Graduates","2013","2013","2214","Ophthalmic opticians","401","Medical Science","Number",""
"HGO16C01","Number of Health Graduates","2013","2013","2214","Ophthalmic opticians","202","Medicine","Number",""
"HGO16C01","Number of Health Graduates","2013","2013","2214","Ophthalmic opticians","30","Nursing and Midwifery","Number",""
"HGO16C01","Number of Health Graduates","2013","2013","2214","Ophthalmic opticians","501","Occupational Therapy","Number",""
"HGO16C01","Number of Health Graduates","2013","2013","2214","Ophthalmic opticians","60","Pharmacy","Number",""
"HGO16C01","Number of Health Graduates","2013","2013","2214","Ophthalmic opticians","504","Physiotherapy","Number",""
"HGO16C01","Number of Health Graduates","2013","2013","2214","Ophthalmic opticians","402","Radiography and Radiation Therapy","Number",""
"HGO16C01","Number of Health Graduates","2013","2013","2214","Ophthalmic opticians","702","Social Care","Number",""
"HGO16C01","Number of Health Graduates","2013","2013","2214","Ophthalmic opticians","701","Social Work","Number",""
"HGO16C01","Number of Health Graduates","2013","2013","2214","Ophthalmic opticians","10","Speech and Language Therapy","Number",""
"HGO16C01","Number of Health Graduates","2013","2013","2214","Ophthalmic opticians","V52","Dietetics, Optometry and Podiatry","Number","6"
"HGO16C01","Number of Health Graduates","2013","2013","2215","Dental practitioners","201","Dentistry","Number","24"
"HGO16C01","Number of Health Graduates","2013","2013","2215","Dental practitioners","401","Medical Science","Number",""
"HGO16C01","Number of Health Graduates","2013","2013","2215","Dental practitioners","202","Medicine","Number",""
"HGO16C01","Number of Health Graduates","2013","2013","2215","Dental practitioners","30","Nursing and Midwifery","Number",""
"HGO16C01","Number of Health Graduates","2013","2013","2215","Dental practitioners","501","Occupational Therapy","Number",""
"HGO16C01","Number of Health Graduates","2013","2013","2215","Dental practitioners","60","Pharmacy","Number",""
"HGO16C01","Number of Health Graduates","2013","2013","2215","Dental practitioners","504","Physiotherapy","Number",""
"HGO16C01","Number of Health Graduates","2013","2013","2215","Dental practitioners","402","Radiography and Radiation Therapy","Number",""
"HGO16C01","Number of Health Graduates","2013","2013","2215","Dental practitioners","702","Social Care","Number",""
"HGO16C01","Number of Health Graduates","2013","2013","2215","Dental practitioners","701","Social Work","Number",""
"HGO16C01","Number of Health Graduates","2013","2013","2215","Dental practitioners","10","Speech and Language Therapy","Number",""
"HGO16C01","Number of Health Graduates","2013","2013","2215","Dental practitioners","V52","Dietetics, Optometry and Podiatry","Number",""
"HGO16C01","Number of Health Graduates","2013","2013","2216","Veterinarians","201","Dentistry","Number",""
"HGO16C01","Number of Health Graduates","2013","2013","2216","Veterinarians","401","Medical Science","Number",""
"HGO16C01","Number of Health Graduates","2013","2013","2216","Veterinarians","202","Medicine","Number",""
"HGO16C01","Number of Health Graduates","2013","2013","2216","Veterinarians","30","Nursing and Midwifery","Number",""
"HGO16C01","Number of Health Graduates","2013","2013","2216","Veterinarians","501","Occupational Therapy","Number",""
"HGO16C01","Number of Health Graduates","2013","2013","2216","Veterinarians","60","Pharmacy","Number",""
"HGO16C01","Number of Health Graduates","2013","2013","2216","Veterinarians","504","Physiotherapy","Number",""
"HGO16C01","Number of Health Graduates","2013","2013","2216","Veterinarians","402","Radiography and Radiation Therapy","Number",""
"HGO16C01","Number of Health Graduates","2013","2013","2216","Veterinarians","702","Social Care","Number",""
"HGO16C01","Number of Health Graduates","2013","2013","2216","Veterinarians","701","Social Work","Number",""
"HGO16C01","Number of Health Graduates","2013","2013","2216","Veterinarians","10","Speech and Language Therapy","Number",""
"HGO16C01","Number of Health Graduates","2013","2013","2216","Veterinarians","V52","Dietetics, Optometry and Podiatry","Number",""
"HGO16C01","Number of Health Graduates","2013","2013","2217","Medical radiographers","201","Dentistry","Number",""
"HGO16C01","Number of Health Graduates","2013","2013","2217","Medical radiographers","401","Medical Science","Number",""
"HGO16C01","Number of Health Graduates","2013","2013","2217","Medical radiographers","202","Medicine","Number",""
"HGO16C01","Number of Health Graduates","2013","2013","2217","Medical radiographers","30","Nursing and Midwifery","Number",""
"HGO16C01","Number of Health Graduates","2013","2013","2217","Medical radiographers","501","Occupational Therapy","Number",""
"HGO16C01","Number of Health Graduates","2013","2013","2217","Medical radiographers","60","Pharmacy","Number",""
"HGO16C01","Number of Health Graduates","2013","2013","2217","Medical radiographers","504","Physiotherapy","Number",""
"HGO16C01","Number of Health Graduates","2013","2013","2217","Medical radiographers","402","Radiography and Radiation Therapy","Number","30"
"HGO16C01","Number of Health Graduates","2013","2013","2217","Medical radiographers","702","Social Care","Number",""
"HGO16C01","Number of Health Graduates","2013","2013","2217","Medical radiographers","701","Social Work","Number",""
"HGO16C01","Number of Health Graduates","2013","2013","2217","Medical radiographers","10","Speech and Language Therapy","Number",""
"HGO16C01","Number of Health Graduates","2013","2013","2217","Medical radiographers","V52","Dietetics, Optometry and Podiatry","Number",""
"HGO16C01","Number of Health Graduates","2013","2013","2218","Podiatrists","201","Dentistry","Number",""
"HGO16C01","Number of Health Graduates","2013","2013","2218","Podiatrists","401","Medical Science","Number",""
"HGO16C01","Number of Health Graduates","2013","2013","2218","Podiatrists","202","Medicine","Number",""
"HGO16C01","Number of Health Graduates","2013","2013","2218","Podiatrists","30","Nursing and Midwifery","Number",""
"HGO16C01","Number of Health Graduates","2013","2013","2218","Podiatrists","501","Occupational Therapy","Number",""
"HGO16C01","Number of Health Graduates","2013","2013","2218","Podiatrists","60","Pharmacy","Number",""
"HGO16C01","Number of Health Graduates","2013","2013","2218","Podiatrists","504","Physiotherapy","Number",""
"HGO16C01","Number of Health Graduates","2013","2013","2218","Podiatrists","402","Radiography and Radiation Therapy","Number",""
"HGO16C01","Number of Health Graduates","2013","2013","2218","Podiatrists","702","Social Care","Number",""
"HGO16C01","Number of Health Graduates","2013","2013","2218","Podiatrists","701","Social Work","Number",""
"HGO16C01","Number of Health Graduates","2013","2013","2218","Podiatrists","10","Speech and Language Therapy","Number",""
"HGO16C01","Number of Health Graduates","2013","2013","2218","Podiatrists","V52","Dietetics, Optometry and Podiatry","Number","6"
"HGO16C01","Number of Health Graduates","2013","2013","2219","Health professionals n.e.c.","201","Dentistry","Number",""
"HGO16C01","Number of Health Graduates","2013","2013","2219","Health professionals n.e.c.","401","Medical Science","Number",""
"HGO16C01","Number of Health Graduates","2013","2013","2219","Health professionals n.e.c.","202","Medicine","Number",""
"HGO16C01","Number of Health Graduates","2013","2013","2219","Health professionals n.e.c.","30","Nursing and Midwifery","Number","3"
"HGO16C01","Number of Health Graduates","2013","2013","2219","Health professionals n.e.c.","501","Occupational Therapy","Number",""
"HGO16C01","Number of Health Graduates","2013","2013","2219","Health professionals n.e.c.","60","Pharmacy","Number",""
"HGO16C01","Number of Health Graduates","2013","2013","2219","Health professionals n.e.c.","504","Physiotherapy","Number",""
"HGO16C01","Number of Health Graduates","2013","2013","2219","Health professionals n.e.c.","402","Radiography and Radiation Therapy","Number",""
"HGO16C01","Number of Health Graduates","2013","2013","2219","Health professionals n.e.c.","702","Social Care","Number",""
"HGO16C01","Number of Health Graduates","2013","2013","2219","Health professionals n.e.c.","701","Social Work","Number",""
"HGO16C01","Number of Health Graduates","2013","2013","2219","Health professionals n.e.c.","10","Speech and Language Therapy","Number",""
"HGO16C01","Number of Health Graduates","2013","2013","2219","Health professionals n.e.c.","V52","Dietetics, Optometry and Podiatry","Number","9"
"HGO16C01","Number of Health Graduates","2013","2013","2221","Physiotherapists","201","Dentistry","Number",""
"HGO16C01","Number of Health Graduates","2013","2013","2221","Physiotherapists","401","Medical Science","Number",""
"HGO16C01","Number of Health Graduates","2013","2013","2221","Physiotherapists","202","Medicine","Number",""
"HGO16C01","Number of Health Graduates","2013","2013","2221","Physiotherapists","30","Nursing and Midwifery","Number","3"
"HGO16C01","Number of Health Graduates","2013","2013","2221","Physiotherapists","501","Occupational Therapy","Number",""
"HGO16C01","Number of Health Graduates","2013","2013","2221","Physiotherapists","60","Pharmacy","Number",""
"HGO16C01","Number of Health Graduates","2013","2013","2221","Physiotherapists","504","Physiotherapy","Number","54"
"HGO16C01","Number of Health Graduates","2013","2013","2221","Physiotherapists","402","Radiography and Radiation Therapy","Number",""
"HGO16C01","Number of Health Graduates","2013","2013","2221","Physiotherapists","702","Social Care","Number",""
"HGO16C01","Number of Health Graduates","2013","2013","2221","Physiotherapists","701","Social Work","Number",""
"HGO16C01","Number of Health Graduates","2013","2013","2221","Physiotherapists","10","Speech and Language Therapy","Number",""
"HGO16C01","Number of Health Graduates","2013","2013","2221","Physiotherapists","V52","Dietetics, Optometry and Podiatry","Number",""
"HGO16C01","Number of Health Graduates","2013","2013","2222","Occupational therapists","201","Dentistry","Number",""
"HGO16C01","Number of Health Graduates","2013","2013","2222","Occupational therapists","401","Medical Science","Number",""
"HGO16C01","Number of Health Graduates","2013","2013","2222","Occupational therapists","202","Medicine","Number",""
"HGO16C01","Number of Health Graduates","2013","2013","2222","Occupational therapists","30","Nursing and Midwifery","Number","3"
"HGO16C01","Number of Health Graduates","2013","2013","2222","Occupational therapists","501","Occupational Therapy","Number","72"
"HGO16C01","Number of Health Graduates","2013","2013","2222","Occupational therapists","60","Pharmacy","Number",""
"HGO16C01","Number of Health Graduates","2013","2013","2222","Occupational therapists","504","Physiotherapy","Number",""
"HGO16C01","Number of Health Graduates","2013","2013","2222","Occupational therapists","402","Radiography and Radiation Therapy","Number",""
"HGO16C01","Number of Health Graduates","2013","2013","2222","Occupational therapists","702","Social Care","Number","6"
"HGO16C01","Number of Health Graduates","2013","2013","2222","Occupational therapists","701","Social Work","Number",""
"HGO16C01","Number of Health Graduates","2013","2013","2222","Occupational therapists","10","Speech and Language Therapy","Number",""
"HGO16C01","Number of Health Graduates","2013","2013","2222","Occupational therapists","V52","Dietetics, Optometry and Podiatry","Number",""
"HGO16C01","Number of Health Graduates","2013","2013","2223","Speech and language therapists","201","Dentistry","Number",""
"HGO16C01","Number of Health Graduates","2013","2013","2223","Speech and language therapists","401","Medical Science","Number",""
"HGO16C01","Number of Health Graduates","2013","2013","2223","Speech and language therapists","202","Medicine","Number",""
"HGO16C01","Number of Health Graduates","2013","2013","2223","Speech and language therapists","30","Nursing and Midwifery","Number","3"
"HGO16C01","Number of Health Graduates","2013","2013","2223","Speech and language therapists","501","Occupational Therapy","Number",""
"HGO16C01","Number of Health Graduates","2013","2013","2223","Speech and language therapists","60","Pharmacy","Number",""
"HGO16C01","Number of Health Graduates","2013","2013","2223","Speech and language therapists","504","Physiotherapy","Number",""
"HGO16C01","Number of Health Graduates","2013","2013","2223","Speech and language therapists","402","Radiography and Radiation Therapy","Number",""
"HGO16C01","Number of Health Graduates","2013","2013","2223","Speech and language therapists","702","Social Care","Number",""
"HGO16C01","Number of Health Graduates","2013","2013","2223","Speech and language therapists","701","Social Work","Number",""
"HGO16C01","Number of Health Graduates","2013","2013","2223","Speech and language therapists","10","Speech and Language Therapy","Number","51"
"HGO16C01","Number of Health Graduates","2013","2013","2223","Speech and language therapists","V52","Dietetics, Optometry and Podiatry","Number",""
"HGO16C01","Number of Health Graduates","2013","2013","2229","Therapy professionals n.e.c.","201","Dentistry","Number",""
"HGO16C01","Number of Health Graduates","2013","2013","2229","Therapy professionals n.e.c.","401","Medical Science","Number",""
"HGO16C01","Number of Health Graduates","2013","2013","2229","Therapy professionals n.e.c.","202","Medicine","Number",""
"HGO16C01","Number of Health Graduates","2013","2013","2229","Therapy professionals n.e.c.","30","Nursing and Midwifery","Number",""
"HGO16C01","Number of Health Graduates","2013","2013","2229","Therapy professionals n.e.c.","501","Occupational Therapy","Number",""
"HGO16C01","Number of Health Graduates","2013","2013","2229","Therapy professionals n.e.c.","60","Pharmacy","Number",""
"HGO16C01","Number of Health Graduates","2013","2013","2229","Therapy professionals n.e.c.","504","Physiotherapy","Number",""
"HGO16C01","Number of Health Graduates","2013","2013","2229","Therapy professionals n.e.c.","402","Radiography and Radiation Therapy","Number",""
"HGO16C01","Number of Health Graduates","2013","2013","2229","Therapy professionals n.e.c.","702","Social Care","Number","3"
"HGO16C01","Number of Health Graduates","2013","2013","2229","Therapy professionals n.e.c.","701","Social Work","Number",""
"HGO16C01","Number of Health Graduates","2013","2013","2229","Therapy professionals n.e.c.","10","Speech and Language Therapy","Number",""
"HGO16C01","Number of Health Graduates","2013","2013","2229","Therapy professionals n.e.c.","V52","Dietetics, Optometry and Podiatry","Number",""
"HGO16C01","Number of Health Graduates","2013","2013","X13","Nurses and midwives","201","Dentistry","Number",""
"HGO16C01","Number of Health Graduates","2013","2013","X13","Nurses and midwives","401","Medical Science","Number",""
"HGO16C01","Number of Health Graduates","2013","2013","X13","Nurses and midwives","202","Medicine","Number",""
"HGO16C01","Number of Health Graduates","2013","2013","X13","Nurses and midwives","30","Nursing and Midwifery","Number","771"
"HGO16C01","Number of Health Graduates","2013","2013","X13","Nurses and midwives","501","Occupational Therapy","Number",""
"HGO16C01","Number of Health Graduates","2013","2013","X13","Nurses and midwives","60","Pharmacy","Number",""
"HGO16C01","Number of Health Graduates","2013","2013","X13","Nurses and midwives","504","Physiotherapy","Number",""
"HGO16C01","Number of Health Graduates","2013","2013","X13","Nurses and midwives","402","Radiography and Radiation Therapy","Number",""
"HGO16C01","Number of Health Graduates","2013","2013","X13","Nurses and midwives","702","Social Care","Number","3"
"HGO16C01","Number of Health Graduates","2013","2013","X13","Nurses and midwives","701","Social Work","Number",""
"HGO16C01","Number of Health Graduates","2013","2013","X13","Nurses and midwives","10","Speech and Language Therapy","Number",""
"HGO16C01","Number of Health Graduates","2013","2013","X13","Nurses and midwives","V52","Dietetics, Optometry and Podiatry","Number",""
"HGO16C01","Number of Health Graduates","2013","2013","-","All occupational groups","201","Dentistry","Number","27"
"HGO16C01","Number of Health Graduates","2013","2013","-","All occupational groups","401","Medical Science","Number","54"
"HGO16C01","Number of Health Graduates","2013","2013","-","All occupational groups","202","Medicine","Number","267"
"HGO16C01","Number of Health Graduates","2013","2013","-","All occupational groups","30","Nursing and Midwifery","Number","876"
"HGO16C01","Number of Health Graduates","2013","2013","-","All occupational groups","501","Occupational Therapy","Number","75"
"HGO16C01","Number of Health Graduates","2013","2013","-","All occupational groups","60","Pharmacy","Number",""
"HGO16C01","Number of Health Graduates","2013","2013","-","All occupational groups","504","Physiotherapy","Number","66"
"HGO16C01","Number of Health Graduates","2013","2013","-","All occupational groups","402","Radiography and Radiation Therapy","Number","45"
"HGO16C01","Number of Health Graduates","2013","2013","-","All occupational groups","702","Social Care","Number","624"
"HGO16C01","Number of Health Graduates","2013","2013","-","All occupational groups","701","Social Work","Number","132"
"HGO16C01","Number of Health Graduates","2013","2013","-","All occupational groups","10","Speech and Language Therapy","Number","57"
"HGO16C01","Number of Health Graduates","2013","2013","-","All occupational groups","V52","Dietetics, Optometry and Podiatry","Number","30"
"HGO16C01","Number of Health Graduates","2014","2014","1","Managers, directors and senior officials","201","Dentistry","Number",""
"HGO16C01","Number of Health Graduates","2014","2014","1","Managers, directors and senior officials","401","Medical Science","Number",""
"HGO16C01","Number of Health Graduates","2014","2014","1","Managers, directors and senior officials","202","Medicine","Number",""
"HGO16C01","Number of Health Graduates","2014","2014","1","Managers, directors and senior officials","30","Nursing and Midwifery","Number","18"
"HGO16C01","Number of Health Graduates","2014","2014","1","Managers, directors and senior officials","501","Occupational Therapy","Number",""
"HGO16C01","Number of Health Graduates","2014","2014","1","Managers, directors and senior officials","60","Pharmacy","Number",""
"HGO16C01","Number of Health Graduates","2014","2014","1","Managers, directors and senior officials","504","Physiotherapy","Number","3"
"HGO16C01","Number of Health Graduates","2014","2014","1","Managers, directors and senior officials","402","Radiography and Radiation Therapy","Number",""
"HGO16C01","Number of Health Graduates","2014","2014","1","Managers, directors and senior officials","702","Social Care","Number","45"
"HGO16C01","Number of Health Graduates","2014","2014","1","Managers, directors and senior officials","701","Social Work","Number","3"
"HGO16C01","Number of Health Graduates","2014","2014","1","Managers, directors and senior officials","10","Speech and Language Therapy","Number",""
"HGO16C01","Number of Health Graduates","2014","2014","1","Managers, directors and senior officials","V52","Dietetics, Optometry and Podiatry","Number","3"
"HGO16C01","Number of Health Graduates","2014","2014","3","Associate professional and technical occupations","201","Dentistry","Number",""
"HGO16C01","Number of Health Graduates","2014","2014","3","Associate professional and technical occupations","401","Medical Science","Number",""
"HGO16C01","Number of Health Graduates","2014","2014","3","Associate professional and technical occupations","202","Medicine","Number",""
"HGO16C01","Number of Health Graduates","2014","2014","3","Associate professional and technical occupations","30","Nursing and Midwifery","Number","24"
"HGO16C01","Number of Health Graduates","2014","2014","3","Associate professional and technical occupations","501","Occupational Therapy","Number",""
"HGO16C01","Number of Health Graduates","2014","2014","3","Associate professional and technical occupations","60","Pharmacy","Number",""
"HGO16C01","Number of Health Graduates","2014","2014","3","Associate professional and technical occupations","504","Physiotherapy","Number",""
"HGO16C01","Number of Health Graduates","2014","2014","3","Associate professional and technical occupations","402","Radiography and Radiation Therapy","Number","3"
"HGO16C01","Number of Health Graduates","2014","2014","3","Associate professional and technical occupations","702","Social Care","Number","93"
"HGO16C01","Number of Health Graduates","2014","2014","3","Associate professional and technical occupations","701","Social Work","Number","3"
"HGO16C01","Number of Health Graduates","2014","2014","3","Associate professional and technical occupations","10","Speech and Language Therapy","Number",""
"HGO16C01","Number of Health Graduates","2014","2014","3","Associate professional and technical occupations","V52","Dietetics, Optometry and Podiatry","Number",""
"HGO16C01","Number of Health Graduates","2014","2014","4","Administrative and secretarial occupations","201","Dentistry","Number",""
"HGO16C01","Number of Health Graduates","2014","2014","4","Administrative and secretarial occupations","401","Medical Science","Number",""
"HGO16C01","Number of Health Graduates","2014","2014","4","Administrative and secretarial occupations","202","Medicine","Number",""
"HGO16C01","Number of Health Graduates","2014","2014","4","Administrative and secretarial occupations","30","Nursing and Midwifery","Number","9"
"HGO16C01","Number of Health Graduates","2014","2014","4","Administrative and secretarial occupations","501","Occupational Therapy","Number",""
"HGO16C01","Number of Health Graduates","2014","2014","4","Administrative and secretarial occupations","60","Pharmacy","Number",""
"HGO16C01","Number of Health Graduates","2014","2014","4","Administrative and secretarial occupations","504","Physiotherapy","Number",""
"HGO16C01","Number of Health Graduates","2014","2014","4","Administrative and secretarial occupations","402","Radiography and Radiation Therapy","Number",""
"HGO16C01","Number of Health Graduates","2014","2014","4","Administrative and secretarial occupations","702","Social Care","Number","57"
"HGO16C01","Number of Health Graduates","2014","2014","4","Administrative and secretarial occupations","701","Social Work","Number","3"
"HGO16C01","Number of Health Graduates","2014","2014","4","Administrative and secretarial occupations","10","Speech and Language Therapy","Number",""
"HGO16C01","Number of Health Graduates","2014","2014","4","Administrative and secretarial occupations","V52","Dietetics, Optometry and Podiatry","Number",""
"HGO16C01","Number of Health Graduates","2014","2014","5","Skilled trades occupations","201","Dentistry","Number",""
"HGO16C01","Number of Health Graduates","2014","2014","5","Skilled trades occupations","401","Medical Science","Number",""
"HGO16C01","Number of Health Graduates","2014","2014","5","Skilled trades occupations","202","Medicine","Number",""
"HGO16C01","Number of Health Graduates","2014","2014","5","Skilled trades occupations","30","Nursing and Midwifery","Number","6"
"HGO16C01","Number of Health Graduates","2014","2014","5","Skilled trades occupations","501","Occupational Therapy","Number",""
"HGO16C01","Number of Health Graduates","2014","2014","5","Skilled trades occupations","60","Pharmacy","Number",""
"HGO16C01","Number of Health Graduates","2014","2014","5","Skilled trades occupations","504","Physiotherapy","Number",""
"HGO16C01","Number of Health Graduates","2014","2014","5","Skilled trades occupations","402","Radiography and Radiation Therapy","Number",""
"HGO16C01","Number of Health Graduates","2014","2014","5","Skilled trades occupations","702","Social Care","Number","9"
"HGO16C01","Number of Health Graduates","2014","2014","5","Skilled trades occupations","701","Social Work","Number","3"
"HGO16C01","Number of Health Graduates","2014","2014","5","Skilled trades occupations","10","Speech and Language Therapy","Number",""
"HGO16C01","Number of Health Graduates","2014","2014","5","Skilled trades occupations","V52","Dietetics, Optometry and Podiatry","Number",""
"HGO16C01","Number of Health Graduates","2014","2014","6","Caring, leisure and other service occupations","201","Dentistry","Number",""
"HGO16C01","Number of Health Graduates","2014","2014","6","Caring, leisure and other service occupations","401","Medical Science","Number",""
"HGO16C01","Number of Health Graduates","2014","2014","6","Caring, leisure and other service occupations","202","Medicine","Number",""
"HGO16C01","Number of Health Graduates","2014","2014","6","Caring, leisure and other service occupations","30","Nursing and Midwifery","Number","6"
"HGO16C01","Number of Health Graduates","2014","2014","6","Caring, leisure and other service occupations","501","Occupational Therapy","Number",""
"HGO16C01","Number of Health Graduates","2014","2014","6","Caring, leisure and other service occupations","60","Pharmacy","Number",""
"HGO16C01","Number of Health Graduates","2014","2014","6","Caring, leisure and other service occupations","504","Physiotherapy","Number",""
"HGO16C01","Number of Health Graduates","2014","2014","6","Caring, leisure and other service occupations","402","Radiography and Radiation Therapy","Number",""
"HGO16C01","Number of Health Graduates","2014","2014","6","Caring, leisure and other service occupations","702","Social Care","Number","390"
"HGO16C01","Number of Health Graduates","2014","2014","6","Caring, leisure and other service occupations","701","Social Work","Number","3"
"HGO16C01","Number of Health Graduates","2014","2014","6","Caring, leisure and other service occupations","10","Speech and Language Therapy","Number",""
"HGO16C01","Number of Health Graduates","2014","2014","6","Caring, leisure and other service occupations","V52","Dietetics, Optometry and Podiatry","Number",""
"HGO16C01","Number of Health Graduates","2014","2014","7","Sales and customer service occupations","201","Dentistry","Number",""
"HGO16C01","Number of Health Graduates","2014","2014","7","Sales and customer service occupations","401","Medical Science","Number",""
"HGO16C01","Number of Health Graduates","2014","2014","7","Sales and customer service occupations","202","Medicine","Number",""
"HGO16C01","Number of Health Graduates","2014","2014","7","Sales and customer service occupations","30","Nursing and Midwifery","Number","3"
"HGO16C01","Number of Health Graduates","2014","2014","7","Sales and customer service occupations","501","Occupational Therapy","Number",""
"HGO16C01","Number of Health Graduates","2014","2014","7","Sales and customer service occupations","60","Pharmacy","Number",""
"HGO16C01","Number of Health Graduates","2014","2014","7","Sales and customer service occupations","504","Physiotherapy","Number",""
"HGO16C01","Number of Health Graduates","2014","2014","7","Sales and customer service occupations","402","Radiography and Radiation Therapy","Number",""
"HGO16C01","Number of Health Graduates","2014","2014","7","Sales and customer service occupations","702","Social Care","Number","18"
"HGO16C01","Number of Health Graduates","2014","2014","7","Sales and customer service occupations","701","Social Work","Number",""
"HGO16C01","Number of Health Graduates","2014","2014","7","Sales and customer service occupations","10","Speech and Language Therapy","Number",""
"HGO16C01","Number of Health Graduates","2014","2014","7","Sales and customer service occupations","V52","Dietetics, Optometry and Podiatry","Number",""
"HGO16C01","Number of Health Graduates","2014","2014","8","Process, plant and machine operatives","201","Dentistry","Number",""
"HGO16C01","Number of Health Graduates","2014","2014","8","Process, plant and machine operatives","401","Medical Science","Number",""
"HGO16C01","Number of Health Graduates","2014","2014","8","Process, plant and machine operatives","202","Medicine","Number",""
"HGO16C01","Number of Health Graduates","2014","2014","8","Process, plant and machine operatives","30","Nursing and Midwifery","Number","3"
"HGO16C01","Number of Health Graduates","2014","2014","8","Process, plant and machine operatives","501","Occupational Therapy","Number",""
"HGO16C01","Number of Health Graduates","2014","2014","8","Process, plant and machine operatives","60","Pharmacy","Number",""
"HGO16C01","Number of Health Graduates","2014","2014","8","Process, plant and machine operatives","504","Physiotherapy","Number",""
"HGO16C01","Number of Health Graduates","2014","2014","8","Process, plant and machine operatives","402","Radiography and Radiation Therapy","Number",""
"HGO16C01","Number of Health Graduates","2014","2014","8","Process, plant and machine operatives","702","Social Care","Number","9"
"HGO16C01","Number of Health Graduates","2014","2014","8","Process, plant and machine operatives","701","Social Work","Number",""
"HGO16C01","Number of Health Graduates","2014","2014","8","Process, plant and machine operatives","10","Speech and Language Therapy","Number",""
"HGO16C01","Number of Health Graduates","2014","2014","8","Process, plant and machine operatives","V52","Dietetics, Optometry and Podiatry","Number",""
"HGO16C01","Number of Health Graduates","2014","2014","9","Elementary occupations","201","Dentistry","Number",""
"HGO16C01","Number of Health Graduates","2014","2014","9","Elementary occupations","401","Medical Science","Number",""
"HGO16C01","Number of Health Graduates","2014","2014","9","Elementary occupations","202","Medicine","Number",""
"HGO16C01","Number of Health Graduates","2014","2014","9","Elementary occupations","30","Nursing and Midwifery","Number","3"
"HGO16C01","Number of Health Graduates","2014","2014","9","Elementary occupations","501","Occupational Therapy","Number",""
"HGO16C01","Number of Health Graduates","2014","2014","9","Elementary occupations","60","Pharmacy","Number",""
"HGO16C01","Number of Health Graduates","2014","2014","9","Elementary occupations","504","Physiotherapy","Number",""
"HGO16C01","Number of Health Graduates","2014","2014","9","Elementary occupations","402","Radiography and Radiation Therapy","Number",""
"HGO16C01","Number of Health Graduates","2014","2014","9","Elementary occupations","702","Social Care","Number","6"
"HGO16C01","Number of Health Graduates","2014","2014","9","Elementary occupations","701","Social Work","Number",""
"HGO16C01","Number of Health Graduates","2014","2014","9","Elementary occupations","10","Speech and Language Therapy","Number",""
"HGO16C01","Number of Health Graduates","2014","2014","9","Elementary occupations","V52","Dietetics, Optometry and Podiatry","Number",""
"HGO16C01","Number of Health Graduates","2014","2014","21","Science, research, engineering and technology professionals","201","Dentistry","Number",""
"HGO16C01","Number of Health Graduates","2014","2014","21","Science, research, engineering and technology professionals","401","Medical Science","Number","51"
"HGO16C01","Number of Health Graduates","2014","2014","21","Science, research, engineering and technology professionals","202","Medicine","Number","3"
"HGO16C01","Number of Health Graduates","2014","2014","21","Science, research, engineering and technology professionals","30","Nursing and Midwifery","Number","3"
"HGO16C01","Number of Health Graduates","2014","2014","21","Science, research, engineering and technology professionals","501","Occupational Therapy","Number",""
"HGO16C01","Number of Health Graduates","2014","2014","21","Science, research, engineering and technology professionals","60","Pharmacy","Number",""
"HGO16C01","Number of Health Graduates","2014","2014","21","Science, research, engineering and technology professionals","504","Physiotherapy","Number","3"
"HGO16C01","Number of Health Graduates","2014","2014","21","Science, research, engineering and technology professionals","402","Radiography and Radiation Therapy","Number",""
"HGO16C01","Number of Health Graduates","2014","2014","21","Science, research, engineering and technology professionals","702","Social Care","Number",""
"HGO16C01","Number of Health Graduates","2014","2014","21","Science, research, engineering and technology professionals","701","Social Work","Number",""
"HGO16C01","Number of Health Graduates","2014","2014","21","Science, research, engineering and technology professionals","10","Speech and Language Therapy","Number",""
"HGO16C01","Number of Health Graduates","2014","2014","21","Science, research, engineering and technology professionals","V52","Dietetics, Optometry and Podiatry","Number",""
"HGO16C01","Number of Health Graduates","2014","2014","23","Teaching and educational professionals","201","Dentistry","Number",""
"HGO16C01","Number of Health Graduates","2014","2014","23","Teaching and educational professionals","401","Medical Science","Number",""
"HGO16C01","Number of Health Graduates","2014","2014","23","Teaching and educational professionals","202","Medicine","Number","3"
"HGO16C01","Number of Health Graduates","2014","2014","23","Teaching and educational professionals","30","Nursing and Midwifery","Number","9"
"HGO16C01","Number of Health Graduates","2014","2014","23","Teaching and educational professionals","501","Occupational Therapy","Number",""
"HGO16C01","Number of Health Graduates","2014","2014","23","Teaching and educational professionals","60","Pharmacy","Number",""
"HGO16C01","Number of Health Graduates","2014","2014","23","Teaching and educational professionals","504","Physiotherapy","Number",""
"HGO16C01","Number of Health Graduates","2014","2014","23","Teaching and educational professionals","402","Radiography and Radiation Therapy","Number",""
"HGO16C01","Number of Health Graduates","2014","2014","23","Teaching and educational professionals","702","Social Care","Number","27"
"HGO16C01","Number of Health Graduates","2014","2014","23","Teaching and educational professionals","701","Social Work","Number","3"
"HGO16C01","Number of Health Graduates","2014","2014","23","Teaching and educational professionals","10","Speech and Language Therapy","Number",""
"HGO16C01","Number of Health Graduates","2014","2014","23","Teaching and educational professionals","V52","Dietetics, Optometry and Podiatry","Number",""
"HGO16C01","Number of Health Graduates","2014","2014","24","Business, media and public service professionals","201","Dentistry","Number",""
"HGO16C01","Number of Health Graduates","2014","2014","24","Business, media and public service professionals","401","Medical Science","Number",""
"HGO16C01","Number of Health Graduates","2014","2014","24","Business, media and public service professionals","202","Medicine","Number",""
"HGO16C01","Number of Health Graduates","2014","2014","24","Business, media and public service professionals","30","Nursing and Midwifery","Number","3"
"HGO16C01","Number of Health Graduates","2014","2014","24","Business, media and public service professionals","501","Occupational Therapy","Number",""
"HGO16C01","Number of Health Graduates","2014","2014","24","Business, media and public service professionals","60","Pharmacy","Number",""
"HGO16C01","Number of Health Graduates","2014","2014","24","Business, media and public service professionals","504","Physiotherapy","Number","3"
"HGO16C01","Number of Health Graduates","2014","2014","24","Business, media and public service professionals","402","Radiography and Radiation Therapy","Number",""
"HGO16C01","Number of Health Graduates","2014","2014","24","Business, media and public service professionals","702","Social Care","Number","48"
"HGO16C01","Number of Health Graduates","2014","2014","24","Business, media and public service professionals","701","Social Work","Number","99"
"HGO16C01","Number of Health Graduates","2014","2014","24","Business, media and public service professionals","10","Speech and Language Therapy","Number","3"
"HGO16C01","Number of Health Graduates","2014","2014","24","Business, media and public service professionals","V52","Dietetics, Optometry and Podiatry","Number",""
"HGO16C01","Number of Health Graduates","2014","2014","2211","Medical practitioners","201","Dentistry","Number",""
"HGO16C01","Number of Health Graduates","2014","2014","2211","Medical practitioners","401","Medical Science","Number",""
"HGO16C01","Number of Health Graduates","2014","2014","2211","Medical practitioners","202","Medicine","Number","276"
"HGO16C01","Number of Health Graduates","2014","2014","2211","Medical practitioners","30","Nursing and Midwifery","Number","3"
"HGO16C01","Number of Health Graduates","2014","2014","2211","Medical practitioners","501","Occupational Therapy","Number",""
"HGO16C01","Number of Health Graduates","2014","2014","2211","Medical practitioners","60","Pharmacy","Number",""
"HGO16C01","Number of Health Graduates","2014","2014","2211","Medical practitioners","504","Physiotherapy","Number",""
"HGO16C01","Number of Health Graduates","2014","2014","2211","Medical practitioners","402","Radiography and Radiation Therapy","Number",""
"HGO16C01","Number of Health Graduates","2014","2014","2211","Medical practitioners","702","Social Care","Number",""
"HGO16C01","Number of Health Graduates","2014","2014","2211","Medical practitioners","701","Social Work","Number",""
"HGO16C01","Number of Health Graduates","2014","2014","2211","Medical practitioners","10","Speech and Language Therapy","Number",""
"HGO16C01","Number of Health Graduates","2014","2014","2211","Medical practitioners","V52","Dietetics, Optometry and Podiatry","Number","3"
"HGO16C01","Number of Health Graduates","2014","2014","2212","Psychologists","201","Dentistry","Number",""
"HGO16C01","Number of Health Graduates","2014","2014","2212","Psychologists","401","Medical Science","Number",""
"HGO16C01","Number of Health Graduates","2014","2014","2212","Psychologists","202","Medicine","Number",""
"HGO16C01","Number of Health Graduates","2014","2014","2212","Psychologists","30","Nursing and Midwifery","Number","3"
"HGO16C01","Number of Health Graduates","2014","2014","2212","Psychologists","501","Occupational Therapy","Number",""
"HGO16C01","Number of Health Graduates","2014","2014","2212","Psychologists","60","Pharmacy","Number",""
"HGO16C01","Number of Health Graduates","2014","2014","2212","Psychologists","504","Physiotherapy","Number",""
"HGO16C01","Number of Health Graduates","2014","2014","2212","Psychologists","402","Radiography and Radiation Therapy","Number",""
"HGO16C01","Number of Health Graduates","2014","2014","2212","Psychologists","702","Social Care","Number",""
"HGO16C01","Number of Health Graduates","2014","2014","2212","Psychologists","701","Social Work","Number",""
"HGO16C01","Number of Health Graduates","2014","2014","2212","Psychologists","10","Speech and Language Therapy","Number",""
"HGO16C01","Number of Health Graduates","2014","2014","2212","Psychologists","V52","Dietetics, Optometry and Podiatry","Number",""
"HGO16C01","Number of Health Graduates","2014","2014","2213","Pharmacists","201","Dentistry","Number",""
"HGO16C01","Number of Health Graduates","2014","2014","2213","Pharmacists","401","Medical Science","Number",""
"HGO16C01","Number of Health Graduates","2014","2014","2213","Pharmacists","202","Medicine","Number",""
"HGO16C01","Number of Health Graduates","2014","2014","2213","Pharmacists","30","Nursing and Midwifery","Number",""
"HGO16C01","Number of Health Graduates","2014","2014","2213","Pharmacists","501","Occupational Therapy","Number",""
"HGO16C01","Number of Health Graduates","2014","2014","2213","Pharmacists","60","Pharmacy","Number",""
"HGO16C01","Number of Health Graduates","2014","2014","2213","Pharmacists","504","Physiotherapy","Number",""
"HGO16C01","Number of Health Graduates","2014","2014","2213","Pharmacists","402","Radiography and Radiation Therapy","Number",""
"HGO16C01","Number of Health Graduates","2014","2014","2213","Pharmacists","702","Social Care","Number",""
"HGO16C01","Number of Health Graduates","2014","2014","2213","Pharmacists","701","Social Work","Number",""
"HGO16C01","Number of Health Graduates","2014","2014","2213","Pharmacists","10","Speech and Language Therapy","Number",""
"HGO16C01","Number of Health Graduates","2014","2014","2213","Pharmacists","V52","Dietetics, Optometry and Podiatry","Number",""
"HGO16C01","Number of Health Graduates","2014","2014","2214","Ophthalmic opticians","201","Dentistry","Number",""
"HGO16C01","Number of Health Graduates","2014","2014","2214","Ophthalmic opticians","401","Medical Science","Number",""
"HGO16C01","Number of Health Graduates","2014","2014","2214","Ophthalmic opticians","202","Medicine","Number",""
"HGO16C01","Number of Health Graduates","2014","2014","2214","Ophthalmic opticians","30","Nursing and Midwifery","Number",""
"HGO16C01","Number of Health Graduates","2014","2014","2214","Ophthalmic opticians","501","Occupational Therapy","Number",""
"HGO16C01","Number of Health Graduates","2014","2014","2214","Ophthalmic opticians","60","Pharmacy","Number",""
"HGO16C01","Number of Health Graduates","2014","2014","2214","Ophthalmic opticians","504","Physiotherapy","Number",""
"HGO16C01","Number of Health Graduates","2014","2014","2214","Ophthalmic opticians","402","Radiography and Radiation Therapy","Number",""
"HGO16C01","Number of Health Graduates","2014","2014","2214","Ophthalmic opticians","702","Social Care","Number",""
"HGO16C01","Number of Health Graduates","2014","2014","2214","Ophthalmic opticians","701","Social Work","Number",""
"HGO16C01","Number of Health Graduates","2014","2014","2214","Ophthalmic opticians","10","Speech and Language Therapy","Number",""
"HGO16C01","Number of Health Graduates","2014","2014","2214","Ophthalmic opticians","V52","Dietetics, Optometry and Podiatry","Number","15"
"HGO16C01","Number of Health Graduates","2014","2014","2215","Dental practitioners","201","Dentistry","Number","27"
"HGO16C01","Number of Health Graduates","2014","2014","2215","Dental practitioners","401","Medical Science","Number",""
"HGO16C01","Number of Health Graduates","2014","2014","2215","Dental practitioners","202","Medicine","Number",""
"HGO16C01","Number of Health Graduates","2014","2014","2215","Dental practitioners","30","Nursing and Midwifery","Number",""
"HGO16C01","Number of Health Graduates","2014","2014","2215","Dental practitioners","501","Occupational Therapy","Number",""
"HGO16C01","Number of Health Graduates","2014","2014","2215","Dental practitioners","60","Pharmacy","Number",""
"HGO16C01","Number of Health Graduates","2014","2014","2215","Dental practitioners","504","Physiotherapy","Number",""
"HGO16C01","Number of Health Graduates","2014","2014","2215","Dental practitioners","402","Radiography and Radiation Therapy","Number",""
"HGO16C01","Number of Health Graduates","2014","2014","2215","Dental practitioners","702","Social Care","Number",""
"HGO16C01","Number of Health Graduates","2014","2014","2215","Dental practitioners","701","Social Work","Number",""
"HGO16C01","Number of Health Graduates","2014","2014","2215","Dental practitioners","10","Speech and Language Therapy","Number",""
"HGO16C01","Number of Health Graduates","2014","2014","2215","Dental practitioners","V52","Dietetics, Optometry and Podiatry","Number",""
"HGO16C01","Number of Health Graduates","2014","2014","2216","Veterinarians","201","Dentistry","Number",""
"HGO16C01","Number of Health Graduates","2014","2014","2216","Veterinarians","401","Medical Science","Number",""
"HGO16C01","Number of Health Graduates","2014","2014","2216","Veterinarians","202","Medicine","Number",""
"HGO16C01","Number of Health Graduates","2014","2014","2216","Veterinarians","30","Nursing and Midwifery","Number",""
"HGO16C01","Number of Health Graduates","2014","2014","2216","Veterinarians","501","Occupational Therapy","Number",""
"HGO16C01","Number of Health Graduates","2014","2014","2216","Veterinarians","60","Pharmacy","Number",""
"HGO16C01","Number of Health Graduates","2014","2014","2216","Veterinarians","504","Physiotherapy","Number",""
"HGO16C01","Number of Health Graduates","2014","2014","2216","Veterinarians","402","Radiography and Radiation Therapy","Number",""
"HGO16C01","Number of Health Graduates","2014","2014","2216","Veterinarians","702","Social Care","Number",""
"HGO16C01","Number of Health Graduates","2014","2014","2216","Veterinarians","701","Social Work","Number",""
"HGO16C01","Number of Health Graduates","2014","2014","2216","Veterinarians","10","Speech and Language Therapy","Number",""
"HGO16C01","Number of Health Graduates","2014","2014","2216","Veterinarians","V52","Dietetics, Optometry and Podiatry","Number",""
"HGO16C01","Number of Health Graduates","2014","2014","2217","Medical radiographers","201","Dentistry","Number",""
"HGO16C01","Number of Health Graduates","2014","2014","2217","Medical radiographers","401","Medical Science","Number",""
"HGO16C01","Number of Health Graduates","2014","2014","2217","Medical radiographers","202","Medicine","Number",""
"HGO16C01","Number of Health Graduates","2014","2014","2217","Medical radiographers","30","Nursing and Midwifery","Number","3"
"HGO16C01","Number of Health Graduates","2014","2014","2217","Medical radiographers","501","Occupational Therapy","Number",""
"HGO16C01","Number of Health Graduates","2014","2014","2217","Medical radiographers","60","Pharmacy","Number",""
"HGO16C01","Number of Health Graduates","2014","2014","2217","Medical radiographers","504","Physiotherapy","Number",""
"HGO16C01","Number of Health Graduates","2014","2014","2217","Medical radiographers","402","Radiography and Radiation Therapy","Number","18"
"HGO16C01","Number of Health Graduates","2014","2014","2217","Medical radiographers","702","Social Care","Number","3"
"HGO16C01","Number of Health Graduates","2014","2014","2217","Medical radiographers","701","Social Work","Number",""
"HGO16C01","Number of Health Graduates","2014","2014","2217","Medical radiographers","10","Speech and Language Therapy","Number",""
"HGO16C01","Number of Health Graduates","2014","2014","2217","Medical radiographers","V52","Dietetics, Optometry and Podiatry","Number",""
"HGO16C01","Number of Health Graduates","2014","2014","2218","Podiatrists","201","Dentistry","Number",""
"HGO16C01","Number of Health Graduates","2014","2014","2218","Podiatrists","401","Medical Science","Number",""
"HGO16C01","Number of Health Graduates","2014","2014","2218","Podiatrists","202","Medicine","Number",""
"HGO16C01","Number of Health Graduates","2014","2014","2218","Podiatrists","30","Nursing and Midwifery","Number",""
"HGO16C01","Number of Health Graduates","2014","2014","2218","Podiatrists","501","Occupational Therapy","Number",""
"HGO16C01","Number of Health Graduates","2014","2014","2218","Podiatrists","60","Pharmacy","Number",""
"HGO16C01","Number of Health Graduates","2014","2014","2218","Podiatrists","504","Physiotherapy","Number",""
"HGO16C01","Number of Health Graduates","2014","2014","2218","Podiatrists","402","Radiography and Radiation Therapy","Number",""
"HGO16C01","Number of Health Graduates","2014","2014","2218","Podiatrists","702","Social Care","Number",""
"HGO16C01","Number of Health Graduates","2014","2014","2218","Podiatrists","701","Social Work","Number",""
"HGO16C01","Number of Health Graduates","2014","2014","2218","Podiatrists","10","Speech and Language Therapy","Number",""
"HGO16C01","Number of Health Graduates","2014","2014","2218","Podiatrists","V52","Dietetics, Optometry and Podiatry","Number","9"
"HGO16C01","Number of Health Graduates","2014","2014","2219","Health professionals n.e.c.","201","Dentistry","Number",""
"HGO16C01","Number of Health Graduates","2014","2014","2219","Health professionals n.e.c.","401","Medical Science","Number",""
"HGO16C01","Number of Health Graduates","2014","2014","2219","Health professionals n.e.c.","202","Medicine","Number",""
"HGO16C01","Number of Health Graduates","2014","2014","2219","Health professionals n.e.c.","30","Nursing and Midwifery","Number","3"
"HGO16C01","Number of Health Graduates","2014","2014","2219","Health professionals n.e.c.","501","Occupational Therapy","Number",""
"HGO16C01","Number of Health Graduates","2014","2014","2219","Health professionals n.e.c.","60","Pharmacy","Number",""
"HGO16C01","Number of Health Graduates","2014","2014","2219","Health professionals n.e.c.","504","Physiotherapy","Number",""
"HGO16C01","Number of Health Graduates","2014","2014","2219","Health professionals n.e.c.","402","Radiography and Radiation Therapy","Number",""
"HGO16C01","Number of Health Graduates","2014","2014","2219","Health professionals n.e.c.","702","Social Care","Number",""
"HGO16C01","Number of Health Graduates","2014","2014","2219","Health professionals n.e.c.","701","Social Work","Number",""
"HGO16C01","Number of Health Graduates","2014","2014","2219","Health professionals n.e.c.","10","Speech and Language Therapy","Number",""
"HGO16C01","Number of Health Graduates","2014","2014","2219","Health professionals n.e.c.","V52","Dietetics, Optometry and Podiatry","Number","9"
"HGO16C01","Number of Health Graduates","2014","2014","2221","Physiotherapists","201","Dentistry","Number",""
"HGO16C01","Number of Health Graduates","2014","2014","2221","Physiotherapists","401","Medical Science","Number",""
"HGO16C01","Number of Health Graduates","2014","2014","2221","Physiotherapists","202","Medicine","Number",""
"HGO16C01","Number of Health Graduates","2014","2014","2221","Physiotherapists","30","Nursing and Midwifery","Number","3"
"HGO16C01","Number of Health Graduates","2014","2014","2221","Physiotherapists","501","Occupational Therapy","Number",""
"HGO16C01","Number of Health Graduates","2014","2014","2221","Physiotherapists","60","Pharmacy","Number",""
"HGO16C01","Number of Health Graduates","2014","2014","2221","Physiotherapists","504","Physiotherapy","Number","48"
"HGO16C01","Number of Health Graduates","2014","2014","2221","Physiotherapists","402","Radiography and Radiation Therapy","Number",""
"HGO16C01","Number of Health Graduates","2014","2014","2221","Physiotherapists","702","Social Care","Number",""
"HGO16C01","Number of Health Graduates","2014","2014","2221","Physiotherapists","701","Social Work","Number",""
"HGO16C01","Number of Health Graduates","2014","2014","2221","Physiotherapists","10","Speech and Language Therapy","Number",""
"HGO16C01","Number of Health Graduates","2014","2014","2221","Physiotherapists","V52","Dietetics, Optometry and Podiatry","Number",""
"HGO16C01","Number of Health Graduates","2014","2014","2222","Occupational therapists","201","Dentistry","Number",""
"HGO16C01","Number of Health Graduates","2014","2014","2222","Occupational therapists","401","Medical Science","Number",""
"HGO16C01","Number of Health Graduates","2014","2014","2222","Occupational therapists","202","Medicine","Number",""
"HGO16C01","Number of Health Graduates","2014","2014","2222","Occupational therapists","30","Nursing and Midwifery","Number","3"
"HGO16C01","Number of Health Graduates","2014","2014","2222","Occupational therapists","501","Occupational Therapy","Number","60"
"HGO16C01","Number of Health Graduates","2014","2014","2222","Occupational therapists","60","Pharmacy","Number",""
"HGO16C01","Number of Health Graduates","2014","2014","2222","Occupational therapists","504","Physiotherapy","Number",""
"HGO16C01","Number of Health Graduates","2014","2014","2222","Occupational therapists","402","Radiography and Radiation Therapy","Number",""
"HGO16C01","Number of Health Graduates","2014","2014","2222","Occupational therapists","702","Social Care","Number",""
"HGO16C01","Number of Health Graduates","2014","2014","2222","Occupational therapists","701","Social Work","Number",""
"HGO16C01","Number of Health Graduates","2014","2014","2222","Occupational therapists","10","Speech and Language Therapy","Number",""
"HGO16C01","Number of Health Graduates","2014","2014","2222","Occupational therapists","V52","Dietetics, Optometry and Podiatry","Number",""
"HGO16C01","Number of Health Graduates","2014","2014","2223","Speech and language therapists","201","Dentistry","Number",""
"HGO16C01","Number of Health Graduates","2014","2014","2223","Speech and language therapists","401","Medical Science","Number",""
"HGO16C01","Number of Health Graduates","2014","2014","2223","Speech and language therapists","202","Medicine","Number",""
"HGO16C01","Number of Health Graduates","2014","2014","2223","Speech and language therapists","30","Nursing and Midwifery","Number","3"
"HGO16C01","Number of Health Graduates","2014","2014","2223","Speech and language therapists","501","Occupational Therapy","Number",""
"HGO16C01","Number of Health Graduates","2014","2014","2223","Speech and language therapists","60","Pharmacy","Number",""
"HGO16C01","Number of Health Graduates","2014","2014","2223","Speech and language therapists","504","Physiotherapy","Number",""
"HGO16C01","Number of Health Graduates","2014","2014","2223","Speech and language therapists","402","Radiography and Radiation Therapy","Number",""
"HGO16C01","Number of Health Graduates","2014","2014","2223","Speech and language therapists","702","Social Care","Number",""
"HGO16C01","Number of Health Graduates","2014","2014","2223","Speech and language therapists","701","Social Work","Number",""
"HGO16C01","Number of Health Graduates","2014","2014","2223","Speech and language therapists","10","Speech and Language Therapy","Number","48"
"HGO16C01","Number of Health Graduates","2014","2014","2223","Speech and language therapists","V52","Dietetics, Optometry and Podiatry","Number",""
"HGO16C01","Number of Health Graduates","2014","2014","2229","Therapy professionals n.e.c.","201","Dentistry","Number",""
"HGO16C01","Number of Health Graduates","2014","2014","2229","Therapy professionals n.e.c.","401","Medical Science","Number",""
"HGO16C01","Number of Health Graduates","2014","2014","2229","Therapy professionals n.e.c.","202","Medicine","Number",""
"HGO16C01","Number of Health Graduates","2014","2014","2229","Therapy professionals n.e.c.","30","Nursing and Midwifery","Number",""
"HGO16C01","Number of Health Graduates","2014","2014","2229","Therapy professionals n.e.c.","501","Occupational Therapy","Number",""
"HGO16C01","Number of Health Graduates","2014","2014","2229","Therapy professionals n.e.c.","60","Pharmacy","Number",""
"HGO16C01","Number of Health Graduates","2014","2014","2229","Therapy professionals n.e.c.","504","Physiotherapy","Number",""
"HGO16C01","Number of Health Graduates","2014","2014","2229","Therapy professionals n.e.c.","402","Radiography and Radiation Therapy","Number",""
"HGO16C01","Number of Health Graduates","2014","2014","2229","Therapy professionals n.e.c.","702","Social Care","Number","3"
"HGO16C01","Number of Health Graduates","2014","2014","2229","Therapy professionals n.e.c.","701","Social Work","Number",""
"HGO16C01","Number of Health Graduates","2014","2014","2229","Therapy professionals n.e.c.","10","Speech and Language Therapy","Number",""
"HGO16C01","Number of Health Graduates","2014","2014","2229","Therapy professionals n.e.c.","V52","Dietetics, Optometry and Podiatry","Number",""
"HGO16C01","Number of Health Graduates","2014","2014","X13","Nurses and midwives","201","Dentistry","Number",""
"HGO16C01","Number of Health Graduates","2014","2014","X13","Nurses and midwives","401","Medical Science","Number",""
"HGO16C01","Number of Health Graduates","2014","2014","X13","Nurses and midwives","202","Medicine","Number","3"
"HGO16C01","Number of Health Graduates","2014","2014","X13","Nurses and midwives","30","Nursing and Midwifery","Number","762"
"HGO16C01","Number of Health Graduates","2014","2014","X13","Nurses and midwives","501","Occupational Therapy","Number",""
"HGO16C01","Number of Health Graduates","2014","2014","X13","Nurses and midwives","60","Pharmacy","Number",""
"HGO16C01","Number of Health Graduates","2014","2014","X13","Nurses and midwives","504","Physiotherapy","Number","3"
"HGO16C01","Number of Health Graduates","2014","2014","X13","Nurses and midwives","402","Radiography and Radiation Therapy","Number",""
"HGO16C01","Number of Health Graduates","2014","2014","X13","Nurses and midwives","702","Social Care","Number","6"
"HGO16C01","Number of Health Graduates","2014","2014","X13","Nurses and midwives","701","Social Work","Number",""
"HGO16C01","Number of Health Graduates","2014","2014","X13","Nurses and midwives","10","Speech and Language Therapy","Number",""
"HGO16C01","Number of Health Graduates","2014","2014","X13","Nurses and midwives","V52","Dietetics, Optometry and Podiatry","Number",""
"HGO16C01","Number of Health Graduates","2014","2014","-","All occupational groups","201","Dentistry","Number","30"
"HGO16C01","Number of Health Graduates","2014","2014","-","All occupational groups","401","Medical Science","Number","54"
"HGO16C01","Number of Health Graduates","2014","2014","-","All occupational groups","202","Medicine","Number","288"
"HGO16C01","Number of Health Graduates","2014","2014","-","All occupational groups","30","Nursing and Midwifery","Number","867"
"HGO16C01","Number of Health Graduates","2014","2014","-","All occupational groups","501","Occupational Therapy","Number","66"
"HGO16C01","Number of Health Graduates","2014","2014","-","All occupational groups","60","Pharmacy","Number",""
"HGO16C01","Number of Health Graduates","2014","2014","-","All occupational groups","504","Physiotherapy","Number","60"
"HGO16C01","Number of Health Graduates","2014","2014","-","All occupational groups","402","Radiography and Radiation Therapy","Number","24"
"HGO16C01","Number of Health Graduates","2014","2014","-","All occupational groups","702","Social Care","Number","714"
"HGO16C01","Number of Health Graduates","2014","2014","-","All occupational groups","701","Social Work","Number","114"
"HGO16C01","Number of Health Graduates","2014","2014","-","All occupational groups","10","Speech and Language Therapy","Number","57"
"HGO16C01","Number of Health Graduates","2014","2014","-","All occupational groups","V52","Dietetics, Optometry and Podiatry","Number","39"
"HGO16C01","Number of Health Graduates","2015","2015","1","Managers, directors and senior officials","201","Dentistry","Number",""
"HGO16C01","Number of Health Graduates","2015","2015","1","Managers, directors and senior officials","401","Medical Science","Number",""
"HGO16C01","Number of Health Graduates","2015","2015","1","Managers, directors and senior officials","202","Medicine","Number",""
"HGO16C01","Number of Health Graduates","2015","2015","1","Managers, directors and senior officials","30","Nursing and Midwifery","Number","9"
"HGO16C01","Number of Health Graduates","2015","2015","1","Managers, directors and senior officials","501","Occupational Therapy","Number",""
"HGO16C01","Number of Health Graduates","2015","2015","1","Managers, directors and senior officials","60","Pharmacy","Number",""
"HGO16C01","Number of Health Graduates","2015","2015","1","Managers, directors and senior officials","504","Physiotherapy","Number",""
"HGO16C01","Number of Health Graduates","2015","2015","1","Managers, directors and senior officials","402","Radiography and Radiation Therapy","Number",""
"HGO16C01","Number of Health Graduates","2015","2015","1","Managers, directors and senior officials","702","Social Care","Number","66"
"HGO16C01","Number of Health Graduates","2015","2015","1","Managers, directors and senior officials","701","Social Work","Number",""
"HGO16C01","Number of Health Graduates","2015","2015","1","Managers, directors and senior officials","10","Speech and Language Therapy","Number",""
"HGO16C01","Number of Health Graduates","2015","2015","1","Managers, directors and senior officials","V52","Dietetics, Optometry and Podiatry","Number",""
"HGO16C01","Number of Health Graduates","2015","2015","3","Associate professional and technical occupations","201","Dentistry","Number",""
"HGO16C01","Number of Health Graduates","2015","2015","3","Associate professional and technical occupations","401","Medical Science","Number",""
"HGO16C01","Number of Health Graduates","2015","2015","3","Associate professional and technical occupations","202","Medicine","Number","3"
"HGO16C01","Number of Health Graduates","2015","2015","3","Associate professional and technical occupations","30","Nursing and Midwifery","Number","12"
"HGO16C01","Number of Health Graduates","2015","2015","3","Associate professional and technical occupations","501","Occupational Therapy","Number","3"
"HGO16C01","Number of Health Graduates","2015","2015","3","Associate professional and technical occupations","60","Pharmacy","Number",""
"HGO16C01","Number of Health Graduates","2015","2015","3","Associate professional and technical occupations","504","Physiotherapy","Number","3"
"HGO16C01","Number of Health Graduates","2015","2015","3","Associate professional and technical occupations","402","Radiography and Radiation Therapy","Number",""
"HGO16C01","Number of Health Graduates","2015","2015","3","Associate professional and technical occupations","702","Social Care","Number","123"
"HGO16C01","Number of Health Graduates","2015","2015","3","Associate professional and technical occupations","701","Social Work","Number","3"
"HGO16C01","Number of Health Graduates","2015","2015","3","Associate professional and technical occupations","10","Speech and Language Therapy","Number",""
"HGO16C01","Number of Health Graduates","2015","2015","3","Associate professional and technical occupations","V52","Dietetics, Optometry and Podiatry","Number",""
"HGO16C01","Number of Health Graduates","2015","2015","4","Administrative and secretarial occupations","201","Dentistry","Number",""
"HGO16C01","Number of Health Graduates","2015","2015","4","Administrative and secretarial occupations","401","Medical Science","Number",""
"HGO16C01","Number of Health Graduates","2015","2015","4","Administrative and secretarial occupations","202","Medicine","Number","3"
"HGO16C01","Number of Health Graduates","2015","2015","4","Administrative and secretarial occupations","30","Nursing and Midwifery","Number","12"
"HGO16C01","Number of Health Graduates","2015","2015","4","Administrative and secretarial occupations","501","Occupational Therapy","Number",""
"HGO16C01","Number of Health Graduates","2015","2015","4","Administrative and secretarial occupations","60","Pharmacy","Number",""
"HGO16C01","Number of Health Graduates","2015","2015","4","Administrative and secretarial occupations","504","Physiotherapy","Number",""
"HGO16C01","Number of Health Graduates","2015","2015","4","Administrative and secretarial occupations","402","Radiography and Radiation Therapy","Number",""
"HGO16C01","Number of Health Graduates","2015","2015","4","Administrative and secretarial occupations","702","Social Care","Number","51"
"HGO16C01","Number of Health Graduates","2015","2015","4","Administrative and secretarial occupations","701","Social Work","Number","3"
"HGO16C01","Number of Health Graduates","2015","2015","4","Administrative and secretarial occupations","10","Speech and Language Therapy","Number",""
"HGO16C01","Number of Health Graduates","2015","2015","4","Administrative and secretarial occupations","V52","Dietetics, Optometry and Podiatry","Number",""
"HGO16C01","Number of Health Graduates","2015","2015","5","Skilled trades occupations","201","Dentistry","Number",""
"HGO16C01","Number of Health Graduates","2015","2015","5","Skilled trades occupations","401","Medical Science","Number",""
"HGO16C01","Number of Health Graduates","2015","2015","5","Skilled trades occupations","202","Medicine","Number",""
"HGO16C01","Number of Health Graduates","2015","2015","5","Skilled trades occupations","30","Nursing and Midwifery","Number","3"
"HGO16C01","Number of Health Graduates","2015","2015","5","Skilled trades occupations","501","Occupational Therapy","Number",""
"HGO16C01","Number of Health Graduates","2015","2015","5","Skilled trades occupations","60","Pharmacy","Number",""
"HGO16C01","Number of Health Graduates","2015","2015","5","Skilled trades occupations","504","Physiotherapy","Number",""
"HGO16C01","Number of Health Graduates","2015","2015","5","Skilled trades occupations","402","Radiography and Radiation Therapy","Number",""
"HGO16C01","Number of Health Graduates","2015","2015","5","Skilled trades occupations","702","Social Care","Number","3"
"HGO16C01","Number of Health Graduates","2015","2015","5","Skilled trades occupations","701","Social Work","Number",""
"HGO16C01","Number of Health Graduates","2015","2015","5","Skilled trades occupations","10","Speech and Language Therapy","Number",""
"HGO16C01","Number of Health Graduates","2015","2015","5","Skilled trades occupations","V52","Dietetics, Optometry and Podiatry","Number",""
"HGO16C01","Number of Health Graduates","2015","2015","6","Caring, leisure and other service occupations","201","Dentistry","Number",""
"HGO16C01","Number of Health Graduates","2015","2015","6","Caring, leisure and other service occupations","401","Medical Science","Number",""
"HGO16C01","Number of Health Graduates","2015","2015","6","Caring, leisure and other service occupations","202","Medicine","Number","3"
"HGO16C01","Number of Health Graduates","2015","2015","6","Caring, leisure and other service occupations","30","Nursing and Midwifery","Number","12"
"HGO16C01","Number of Health Graduates","2015","2015","6","Caring, leisure and other service occupations","501","Occupational Therapy","Number",""
"HGO16C01","Number of Health Graduates","2015","2015","6","Caring, leisure and other service occupations","60","Pharmacy","Number",""
"HGO16C01","Number of Health Graduates","2015","2015","6","Caring, leisure and other service occupations","504","Physiotherapy","Number",""
"HGO16C01","Number of Health Graduates","2015","2015","6","Caring, leisure and other service occupations","402","Radiography and Radiation Therapy","Number",""
"HGO16C01","Number of Health Graduates","2015","2015","6","Caring, leisure and other service occupations","702","Social Care","Number","411"
"HGO16C01","Number of Health Graduates","2015","2015","6","Caring, leisure and other service occupations","701","Social Work","Number","3"
"HGO16C01","Number of Health Graduates","2015","2015","6","Caring, leisure and other service occupations","10","Speech and Language Therapy","Number",""
"HGO16C01","Number of Health Graduates","2015","2015","6","Caring, leisure and other service occupations","V52","Dietetics, Optometry and Podiatry","Number",""
"HGO16C01","Number of Health Graduates","2015","2015","7","Sales and customer service occupations","201","Dentistry","Number",""
"HGO16C01","Number of Health Graduates","2015","2015","7","Sales and customer service occupations","401","Medical Science","Number",""
"HGO16C01","Number of Health Graduates","2015","2015","7","Sales and customer service occupations","202","Medicine","Number",""
"HGO16C01","Number of Health Graduates","2015","2015","7","Sales and customer service occupations","30","Nursing and Midwifery","Number","3"
"HGO16C01","Number of Health Graduates","2015","2015","7","Sales and customer service occupations","501","Occupational Therapy","Number",""
"HGO16C01","Number of Health Graduates","2015","2015","7","Sales and customer service occupations","60","Pharmacy","Number",""
"HGO16C01","Number of Health Graduates","2015","2015","7","Sales and customer service occupations","504","Physiotherapy","Number",""
"HGO16C01","Number of Health Graduates","2015","2015","7","Sales and customer service occupations","402","Radiography and Radiation Therapy","Number",""
"HGO16C01","Number of Health Graduates","2015","2015","7","Sales and customer service occupations","702","Social Care","Number","15"
"HGO16C01","Number of Health Graduates","2015","2015","7","Sales and customer service occupations","701","Social Work","Number",""
"HGO16C01","Number of Health Graduates","2015","2015","7","Sales and customer service occupations","10","Speech and Language Therapy","Number",""
"HGO16C01","Number of Health Graduates","2015","2015","7","Sales and customer service occupations","V52","Dietetics, Optometry and Podiatry","Number",""
"HGO16C01","Number of Health Graduates","2015","2015","8","Process, plant and machine operatives","201","Dentistry","Number",""
"HGO16C01","Number of Health Graduates","2015","2015","8","Process, plant and machine operatives","401","Medical Science","Number","3"
"HGO16C01","Number of Health Graduates","2015","2015","8","Process, plant and machine operatives","202","Medicine","Number",""
"HGO16C01","Number of Health Graduates","2015","2015","8","Process, plant and machine operatives","30","Nursing and Midwifery","Number","3"
"HGO16C01","Number of Health Graduates","2015","2015","8","Process, plant and machine operatives","501","Occupational Therapy","Number",""
"HGO16C01","Number of Health Graduates","2015","2015","8","Process, plant and machine operatives","60","Pharmacy","Number",""
"HGO16C01","Number of Health Graduates","2015","2015","8","Process, plant and machine operatives","504","Physiotherapy","Number","3"
"HGO16C01","Number of Health Graduates","2015","2015","8","Process, plant and machine operatives","402","Radiography and Radiation Therapy","Number",""
"HGO16C01","Number of Health Graduates","2015","2015","8","Process, plant and machine operatives","702","Social Care","Number","9"
"HGO16C01","Number of Health Graduates","2015","2015","8","Process, plant and machine operatives","701","Social Work","Number",""
"HGO16C01","Number of Health Graduates","2015","2015","8","Process, plant and machine operatives","10","Speech and Language Therapy","Number",""
"HGO16C01","Number of Health Graduates","2015","2015","8","Process, plant and machine operatives","V52","Dietetics, Optometry and Podiatry","Number",""
"HGO16C01","Number of Health Graduates","2015","2015","9","Elementary occupations","201","Dentistry","Number",""
"HGO16C01","Number of Health Graduates","2015","2015","9","Elementary occupations","401","Medical Science","Number",""
"HGO16C01","Number of Health Graduates","2015","2015","9","Elementary occupations","202","Medicine","Number",""
"HGO16C01","Number of Health Graduates","2015","2015","9","Elementary occupations","30","Nursing and Midwifery","Number",""
"HGO16C01","Number of Health Graduates","2015","2015","9","Elementary occupations","501","Occupational Therapy","Number",""
"HGO16C01","Number of Health Graduates","2015","2015","9","Elementary occupations","60","Pharmacy","Number",""
"HGO16C01","Number of Health Graduates","2015","2015","9","Elementary occupations","504","Physiotherapy","Number",""
"HGO16C01","Number of Health Graduates","2015","2015","9","Elementary occupations","402","Radiography and Radiation Therapy","Number",""
"HGO16C01","Number of Health Graduates","2015","2015","9","Elementary occupations","702","Social Care","Number","6"
"HGO16C01","Number of Health Graduates","2015","2015","9","Elementary occupations","701","Social Work","Number",""
"HGO16C01","Number of Health Graduates","2015","2015","9","Elementary occupations","10","Speech and Language Therapy","Number",""
"HGO16C01","Number of Health Graduates","2015","2015","9","Elementary occupations","V52","Dietetics, Optometry and Podiatry","Number",""
"HGO16C01","Number of Health Graduates","2015","2015","21","Science, research, engineering and technology professionals","201","Dentistry","Number",""
"HGO16C01","Number of Health Graduates","2015","2015","21","Science, research, engineering and technology professionals","401","Medical Science","Number","63"
"HGO16C01","Number of Health Graduates","2015","2015","21","Science, research, engineering and technology professionals","202","Medicine","Number","3"
"HGO16C01","Number of Health Graduates","2015","2015","21","Science, research, engineering and technology professionals","30","Nursing and Midwifery","Number","3"
"HGO16C01","Number of Health Graduates","2015","2015","21","Science, research, engineering and technology professionals","501","Occupational Therapy","Number",""
"HGO16C01","Number of Health Graduates","2015","2015","21","Science, research, engineering and technology professionals","60","Pharmacy","Number",""
"HGO16C01","Number of Health Graduates","2015","2015","21","Science, research, engineering and technology professionals","504","Physiotherapy","Number","3"
"HGO16C01","Number of Health Graduates","2015","2015","21","Science, research, engineering and technology professionals","402","Radiography and Radiation Therapy","Number",""
"HGO16C01","Number of Health Graduates","2015","2015","21","Science, research, engineering and technology professionals","702","Social Care","Number","6"
"HGO16C01","Number of Health Graduates","2015","2015","21","Science, research, engineering and technology professionals","701","Social Work","Number",""
"HGO16C01","Number of Health Graduates","2015","2015","21","Science, research, engineering and technology professionals","10","Speech and Language Therapy","Number",""
"HGO16C01","Number of Health Graduates","2015","2015","21","Science, research, engineering and technology professionals","V52","Dietetics, Optometry and Podiatry","Number","3"
"HGO16C01","Number of Health Graduates","2015","2015","23","Teaching and educational professionals","201","Dentistry","Number",""
"HGO16C01","Number of Health Graduates","2015","2015","23","Teaching and educational professionals","401","Medical Science","Number",""
"HGO16C01","Number of Health Graduates","2015","2015","23","Teaching and educational professionals","202","Medicine","Number","3"
"HGO16C01","Number of Health Graduates","2015","2015","23","Teaching and educational professionals","30","Nursing and Midwifery","Number","9"
"HGO16C01","Number of Health Graduates","2015","2015","23","Teaching and educational professionals","501","Occupational Therapy","Number","3"
"HGO16C01","Number of Health Graduates","2015","2015","23","Teaching and educational professionals","60","Pharmacy","Number",""
"HGO16C01","Number of Health Graduates","2015","2015","23","Teaching and educational professionals","504","Physiotherapy","Number",""
"HGO16C01","Number of Health Graduates","2015","2015","23","Teaching and educational professionals","402","Radiography and Radiation Therapy","Number",""
"HGO16C01","Number of Health Graduates","2015","2015","23","Teaching and educational professionals","702","Social Care","Number","30"
"HGO16C01","Number of Health Graduates","2015","2015","23","Teaching and educational professionals","701","Social Work","Number","3"
"HGO16C01","Number of Health Graduates","2015","2015","23","Teaching and educational professionals","10","Speech and Language Therapy","Number",""
"HGO16C01","Number of Health Graduates","2015","2015","23","Teaching and educational professionals","V52","Dietetics, Optometry and Podiatry","Number",""
"HGO16C01","Number of Health Graduates","2015","2015","24","Business, media and public service professionals","201","Dentistry","Number",""
"HGO16C01","Number of Health Graduates","2015","2015","24","Business, media and public service professionals","401","Medical Science","Number",""
"HGO16C01","Number of Health Graduates","2015","2015","24","Business, media and public service professionals","202","Medicine","Number","3"
"HGO16C01","Number of Health Graduates","2015","2015","24","Business, media and public service professionals","30","Nursing and Midwifery","Number","9"
"HGO16C01","Number of Health Graduates","2015","2015","24","Business, media and public service professionals","501","Occupational Therapy","Number","3"
"HGO16C01","Number of Health Graduates","2015","2015","24","Business, media and public service professionals","60","Pharmacy","Number",""
"HGO16C01","Number of Health Graduates","2015","2015","24","Business, media and public service professionals","504","Physiotherapy","Number","3"
"HGO16C01","Number of Health Graduates","2015","2015","24","Business, media and public service professionals","402","Radiography and Radiation Therapy","Number","6"
"HGO16C01","Number of Health Graduates","2015","2015","24","Business, media and public service professionals","702","Social Care","Number","57"
"HGO16C01","Number of Health Graduates","2015","2015","24","Business, media and public service professionals","701","Social Work","Number","99"
"HGO16C01","Number of Health Graduates","2015","2015","24","Business, media and public service professionals","10","Speech and Language Therapy","Number",""
"HGO16C01","Number of Health Graduates","2015","2015","24","Business, media and public service professionals","V52","Dietetics, Optometry and Podiatry","Number",""
"HGO16C01","Number of Health Graduates","2015","2015","2211","Medical practitioners","201","Dentistry","Number","3"
"HGO16C01","Number of Health Graduates","2015","2015","2211","Medical practitioners","401","Medical Science","Number",""
"HGO16C01","Number of Health Graduates","2015","2015","2211","Medical practitioners","202","Medicine","Number","405"
"HGO16C01","Number of Health Graduates","2015","2015","2211","Medical practitioners","30","Nursing and Midwifery","Number","3"
"HGO16C01","Number of Health Graduates","2015","2015","2211","Medical practitioners","501","Occupational Therapy","Number",""
"HGO16C01","Number of Health Graduates","2015","2015","2211","Medical practitioners","60","Pharmacy","Number",""
"HGO16C01","Number of Health Graduates","2015","2015","2211","Medical practitioners","504","Physiotherapy","Number","9"
"HGO16C01","Number of Health Graduates","2015","2015","2211","Medical practitioners","402","Radiography and Radiation Therapy","Number",""
"HGO16C01","Number of Health Graduates","2015","2015","2211","Medical practitioners","702","Social Care","Number","3"
"HGO16C01","Number of Health Graduates","2015","2015","2211","Medical practitioners","701","Social Work","Number",""
"HGO16C01","Number of Health Graduates","2015","2015","2211","Medical practitioners","10","Speech and Language Therapy","Number","3"
"HGO16C01","Number of Health Graduates","2015","2015","2211","Medical practitioners","V52","Dietetics, Optometry and Podiatry","Number",""
"HGO16C01","Number of Health Graduates","2015","2015","2212","Psychologists","201","Dentistry","Number",""
"HGO16C01","Number of Health Graduates","2015","2015","2212","Psychologists","401","Medical Science","Number",""
"HGO16C01","Number of Health Graduates","2015","2015","2212","Psychologists","202","Medicine","Number",""
"HGO16C01","Number of Health Graduates","2015","2015","2212","Psychologists","30","Nursing and Midwifery","Number",""
"HGO16C01","Number of Health Graduates","2015","2015","2212","Psychologists","501","Occupational Therapy","Number",""
"HGO16C01","Number of Health Graduates","2015","2015","2212","Psychologists","60","Pharmacy","Number",""
"HGO16C01","Number of Health Graduates","2015","2015","2212","Psychologists","504","Physiotherapy","Number",""
"HGO16C01","Number of Health Graduates","2015","2015","2212","Psychologists","402","Radiography and Radiation Therapy","Number",""
"HGO16C01","Number of Health Graduates","2015","2015","2212","Psychologists","702","Social Care","Number",""
"HGO16C01","Number of Health Graduates","2015","2015","2212","Psychologists","701","Social Work","Number",""
"HGO16C01","Number of Health Graduates","2015","2015","2212","Psychologists","10","Speech and Language Therapy","Number",""
"HGO16C01","Number of Health Graduates","2015","2015","2212","Psychologists","V52","Dietetics, Optometry and Podiatry","Number",""
"HGO16C01","Number of Health Graduates","2015","2015","2213","Pharmacists","201","Dentistry","Number",""
"HGO16C01","Number of Health Graduates","2015","2015","2213","Pharmacists","401","Medical Science","Number",""
"HGO16C01","Number of Health Graduates","2015","2015","2213","Pharmacists","202","Medicine","Number",""
"HGO16C01","Number of Health Graduates","2015","2015","2213","Pharmacists","30","Nursing and Midwifery","Number","3"
"HGO16C01","Number of Health Graduates","2015","2015","2213","Pharmacists","501","Occupational Therapy","Number",""
"HGO16C01","Number of Health Graduates","2015","2015","2213","Pharmacists","60","Pharmacy","Number",""
"HGO16C01","Number of Health Graduates","2015","2015","2213","Pharmacists","504","Physiotherapy","Number",""
"HGO16C01","Number of Health Graduates","2015","2015","2213","Pharmacists","402","Radiography and Radiation Therapy","Number",""
"HGO16C01","Number of Health Graduates","2015","2015","2213","Pharmacists","702","Social Care","Number",""
"HGO16C01","Number of Health Graduates","2015","2015","2213","Pharmacists","701","Social Work","Number",""
"HGO16C01","Number of Health Graduates","2015","2015","2213","Pharmacists","10","Speech and Language Therapy","Number",""
"HGO16C01","Number of Health Graduates","2015","2015","2213","Pharmacists","V52","Dietetics, Optometry and Podiatry","Number",""
"HGO16C01","Number of Health Graduates","2015","2015","2214","Ophthalmic opticians","201","Dentistry","Number",""
"HGO16C01","Number of Health Graduates","2015","2015","2214","Ophthalmic opticians","401","Medical Science","Number",""
"HGO16C01","Number of Health Graduates","2015","2015","2214","Ophthalmic opticians","202","Medicine","Number",""
"HGO16C01","Number of Health Graduates","2015","2015","2214","Ophthalmic opticians","30","Nursing and Midwifery","Number",""
"HGO16C01","Number of Health Graduates","2015","2015","2214","Ophthalmic opticians","501","Occupational Therapy","Number",""
"HGO16C01","Number of Health Graduates","2015","2015","2214","Ophthalmic opticians","60","Pharmacy","Number",""
"HGO16C01","Number of Health Graduates","2015","2015","2214","Ophthalmic opticians","504","Physiotherapy","Number",""
"HGO16C01","Number of Health Graduates","2015","2015","2214","Ophthalmic opticians","402","Radiography and Radiation Therapy","Number",""
"HGO16C01","Number of Health Graduates","2015","2015","2214","Ophthalmic opticians","702","Social Care","Number",""
"HGO16C01","Number of Health Graduates","2015","2015","2214","Ophthalmic opticians","701","Social Work","Number",""
"HGO16C01","Number of Health Graduates","2015","2015","2214","Ophthalmic opticians","10","Speech and Language Therapy","Number",""
"HGO16C01","Number of Health Graduates","2015","2015","2214","Ophthalmic opticians","V52","Dietetics, Optometry and Podiatry","Number","12"
"HGO16C01","Number of Health Graduates","2015","2015","2215","Dental practitioners","201","Dentistry","Number","21"
"HGO16C01","Number of Health Graduates","2015","2015","2215","Dental practitioners","401","Medical Science","Number",""
"HGO16C01","Number of Health Graduates","2015","2015","2215","Dental practitioners","202","Medicine","Number",""
"HGO16C01","Number of Health Graduates","2015","2015","2215","Dental practitioners","30","Nursing and Midwifery","Number",""
"HGO16C01","Number of Health Graduates","2015","2015","2215","Dental practitioners","501","Occupational Therapy","Number",""
"HGO16C01","Number of Health Graduates","2015","2015","2215","Dental practitioners","60","Pharmacy","Number",""
"HGO16C01","Number of Health Graduates","2015","2015","2215","Dental practitioners","504","Physiotherapy","Number",""
"HGO16C01","Number of Health Graduates","2015","2015","2215","Dental practitioners","402","Radiography and Radiation Therapy","Number",""
"HGO16C01","Number of Health Graduates","2015","2015","2215","Dental practitioners","702","Social Care","Number",""
"HGO16C01","Number of Health Graduates","2015","2015","2215","Dental practitioners","701","Social Work","Number",""
"HGO16C01","Number of Health Graduates","2015","2015","2215","Dental practitioners","10","Speech and Language Therapy","Number",""
"HGO16C01","Number of Health Graduates","2015","2015","2215","Dental practitioners","V52","Dietetics, Optometry and Podiatry","Number",""
"HGO16C01","Number of Health Graduates","2015","2015","2216","Veterinarians","201","Dentistry","Number",""
"HGO16C01","Number of Health Graduates","2015","2015","2216","Veterinarians","401","Medical Science","Number",""
"HGO16C01","Number of Health Graduates","2015","2015","2216","Veterinarians","202","Medicine","Number",""
"HGO16C01","Number of Health Graduates","2015","2015","2216","Veterinarians","30","Nursing and Midwifery","Number",""
"HGO16C01","Number of Health Graduates","2015","2015","2216","Veterinarians","501","Occupational Therapy","Number",""
"HGO16C01","Number of Health Graduates","2015","2015","2216","Veterinarians","60","Pharmacy","Number",""
"HGO16C01","Number of Health Graduates","2015","2015","2216","Veterinarians","504","Physiotherapy","Number",""
"HGO16C01","Number of Health Graduates","2015","2015","2216","Veterinarians","402","Radiography and Radiation Therapy","Number",""
"HGO16C01","Number of Health Graduates","2015","2015","2216","Veterinarians","702","Social Care","Number",""
"HGO16C01","Number of Health Graduates","2015","2015","2216","Veterinarians","701","Social Work","Number",""
"HGO16C01","Number of Health Graduates","2015","2015","2216","Veterinarians","10","Speech and Language Therapy","Number",""
"HGO16C01","Number of Health Graduates","2015","2015","2216","Veterinarians","V52","Dietetics, Optometry and Podiatry","Number",""
"HGO16C01","Number of Health Graduates","2015","2015","2217","Medical radiographers","201","Dentistry","Number",""
"HGO16C01","Number of Health Graduates","2015","2015","2217","Medical radiographers","401","Medical Science","Number",""
"HGO16C01","Number of Health Graduates","2015","2015","2217","Medical radiographers","202","Medicine","Number",""
"HGO16C01","Number of Health Graduates","2015","2015","2217","Medical radiographers","30","Nursing and Midwifery","Number","3"
"HGO16C01","Number of Health Graduates","2015","2015","2217","Medical radiographers","501","Occupational Therapy","Number",""
"HGO16C01","Number of Health Graduates","2015","2015","2217","Medical radiographers","60","Pharmacy","Number",""
"HGO16C01","Number of Health Graduates","2015","2015","2217","Medical radiographers","504","Physiotherapy","Number",""
"HGO16C01","Number of Health Graduates","2015","2015","2217","Medical radiographers","402","Radiography and Radiation Therapy","Number","27"
"HGO16C01","Number of Health Graduates","2015","2015","2217","Medical radiographers","702","Social Care","Number",""
"HGO16C01","Number of Health Graduates","2015","2015","2217","Medical radiographers","701","Social Work","Number",""
"HGO16C01","Number of Health Graduates","2015","2015","2217","Medical radiographers","10","Speech and Language Therapy","Number",""
"HGO16C01","Number of Health Graduates","2015","2015","2217","Medical radiographers","V52","Dietetics, Optometry and Podiatry","Number",""
"HGO16C01","Number of Health Graduates","2015","2015","2218","Podiatrists","201","Dentistry","Number",""
"HGO16C01","Number of Health Graduates","2015","2015","2218","Podiatrists","401","Medical Science","Number",""
"HGO16C01","Number of Health Graduates","2015","2015","2218","Podiatrists","202","Medicine","Number",""
"HGO16C01","Number of Health Graduates","2015","2015","2218","Podiatrists","30","Nursing and Midwifery","Number",""
"HGO16C01","Number of Health Graduates","2015","2015","2218","Podiatrists","501","Occupational Therapy","Number",""
"HGO16C01","Number of Health Graduates","2015","2015","2218","Podiatrists","60","Pharmacy","Number",""
"HGO16C01","Number of Health Graduates","2015","2015","2218","Podiatrists","504","Physiotherapy","Number",""
"HGO16C01","Number of Health Graduates","2015","2015","2218","Podiatrists","402","Radiography and Radiation Therapy","Number",""
"HGO16C01","Number of Health Graduates","2015","2015","2218","Podiatrists","702","Social Care","Number",""
"HGO16C01","Number of Health Graduates","2015","2015","2218","Podiatrists","701","Social Work","Number",""
"HGO16C01","Number of Health Graduates","2015","2015","2218","Podiatrists","10","Speech and Language Therapy","Number",""
"HGO16C01","Number of Health Graduates","2015","2015","2218","Podiatrists","V52","Dietetics, Optometry and Podiatry","Number","18"
"HGO16C01","Number of Health Graduates","2015","2015","2219","Health professionals n.e.c.","201","Dentistry","Number",""
"HGO16C01","Number of Health Graduates","2015","2015","2219","Health professionals n.e.c.","401","Medical Science","Number",""
"HGO16C01","Number of Health Graduates","2015","2015","2219","Health professionals n.e.c.","202","Medicine","Number",""
"HGO16C01","Number of Health Graduates","2015","2015","2219","Health professionals n.e.c.","30","Nursing and Midwifery","Number",""
"HGO16C01","Number of Health Graduates","2015","2015","2219","Health professionals n.e.c.","501","Occupational Therapy","Number",""
"HGO16C01","Number of Health Graduates","2015","2015","2219","Health professionals n.e.c.","60","Pharmacy","Number",""
"HGO16C01","Number of Health Graduates","2015","2015","2219","Health professionals n.e.c.","504","Physiotherapy","Number",""
"HGO16C01","Number of Health Graduates","2015","2015","2219","Health professionals n.e.c.","402","Radiography and Radiation Therapy","Number",""
"HGO16C01","Number of Health Graduates","2015","2015","2219","Health professionals n.e.c.","702","Social Care","Number",""
"HGO16C01","Number of Health Graduates","2015","2015","2219","Health professionals n.e.c.","701","Social Work","Number",""
"HGO16C01","Number of Health Graduates","2015","2015","2219","Health professionals n.e.c.","10","Speech and Language Therapy","Number",""
"HGO16C01","Number of Health Graduates","2015","2015","2219","Health professionals n.e.c.","V52","Dietetics, Optometry and Podiatry","Number","15"
"HGO16C01","Number of Health Graduates","2015","2015","2221","Physiotherapists","201","Dentistry","Number",""
"HGO16C01","Number of Health Graduates","2015","2015","2221","Physiotherapists","401","Medical Science","Number",""
"HGO16C01","Number of Health Graduates","2015","2015","2221","Physiotherapists","202","Medicine","Number",""
"HGO16C01","Number of Health Graduates","2015","2015","2221","Physiotherapists","30","Nursing and Midwifery","Number",""
"HGO16C01","Number of Health Graduates","2015","2015","2221","Physiotherapists","501","Occupational Therapy","Number",""
"HGO16C01","Number of Health Graduates","2015","2015","2221","Physiotherapists","60","Pharmacy","Number",""
"HGO16C01","Number of Health Graduates","2015","2015","2221","Physiotherapists","504","Physiotherapy","Number","69"
"HGO16C01","Number of Health Graduates","2015","2015","2221","Physiotherapists","402","Radiography and Radiation Therapy","Number",""
"HGO16C01","Number of Health Graduates","2015","2015","2221","Physiotherapists","702","Social Care","Number",""
"HGO16C01","Number of Health Graduates","2015","2015","2221","Physiotherapists","701","Social Work","Number",""
"HGO16C01","Number of Health Graduates","2015","2015","2221","Physiotherapists","10","Speech and Language Therapy","Number",""
"HGO16C01","Number of Health Graduates","2015","2015","2221","Physiotherapists","V52","Dietetics, Optometry and Podiatry","Number",""
"HGO16C01","Number of Health Graduates","2015","2015","2222","Occupational therapists","201","Dentistry","Number",""
"HGO16C01","Number of Health Graduates","2015","2015","2222","Occupational therapists","401","Medical Science","Number",""
"HGO16C01","Number of Health Graduates","2015","2015","2222","Occupational therapists","202","Medicine","Number",""
"HGO16C01","Number of Health Graduates","2015","2015","2222","Occupational therapists","30","Nursing and Midwifery","Number",""
"HGO16C01","Number of Health Graduates","2015","2015","2222","Occupational therapists","501","Occupational Therapy","Number","69"
"HGO16C01","Number of Health Graduates","2015","2015","2222","Occupational therapists","60","Pharmacy","Number",""
"HGO16C01","Number of Health Graduates","2015","2015","2222","Occupational therapists","504","Physiotherapy","Number",""
"HGO16C01","Number of Health Graduates","2015","2015","2222","Occupational therapists","402","Radiography and Radiation Therapy","Number",""
"HGO16C01","Number of Health Graduates","2015","2015","2222","Occupational therapists","702","Social Care","Number","6"
"HGO16C01","Number of Health Graduates","2015","2015","2222","Occupational therapists","701","Social Work","Number",""
"HGO16C01","Number of Health Graduates","2015","2015","2222","Occupational therapists","10","Speech and Language Therapy","Number",""
"HGO16C01","Number of Health Graduates","2015","2015","2222","Occupational therapists","V52","Dietetics, Optometry and Podiatry","Number",""
"HGO16C01","Number of Health Graduates","2015","2015","2223","Speech and language therapists","201","Dentistry","Number",""
"HGO16C01","Number of Health Graduates","2015","2015","2223","Speech and language therapists","401","Medical Science","Number",""
"HGO16C01","Number of Health Graduates","2015","2015","2223","Speech and language therapists","202","Medicine","Number",""
"HGO16C01","Number of Health Graduates","2015","2015","2223","Speech and language therapists","30","Nursing and Midwifery","Number",""
"HGO16C01","Number of Health Graduates","2015","2015","2223","Speech and language therapists","501","Occupational Therapy","Number",""
"HGO16C01","Number of Health Graduates","2015","2015","2223","Speech and language therapists","60","Pharmacy","Number",""
"HGO16C01","Number of Health Graduates","2015","2015","2223","Speech and language therapists","504","Physiotherapy","Number",""
"HGO16C01","Number of Health Graduates","2015","2015","2223","Speech and language therapists","402","Radiography and Radiation Therapy","Number",""
"HGO16C01","Number of Health Graduates","2015","2015","2223","Speech and language therapists","702","Social Care","Number",""
"HGO16C01","Number of Health Graduates","2015","2015","2223","Speech and language therapists","701","Social Work","Number",""
"HGO16C01","Number of Health Graduates","2015","2015","2223","Speech and language therapists","10","Speech and Language Therapy","Number","63"
"HGO16C01","Number of Health Graduates","2015","2015","2223","Speech and language therapists","V52","Dietetics, Optometry and Podiatry","Number",""
"HGO16C01","Number of Health Graduates","2015","2015","2229","Therapy professionals n.e.c.","201","Dentistry","Number",""
"HGO16C01","Number of Health Graduates","2015","2015","2229","Therapy professionals n.e.c.","401","Medical Science","Number",""
"HGO16C01","Number of Health Graduates","2015","2015","2229","Therapy professionals n.e.c.","202","Medicine","Number",""
"HGO16C01","Number of Health Graduates","2015","2015","2229","Therapy professionals n.e.c.","30","Nursing and Midwifery","Number",""
"HGO16C01","Number of Health Graduates","2015","2015","2229","Therapy professionals n.e.c.","501","Occupational Therapy","Number",""
"HGO16C01","Number of Health Graduates","2015","2015","2229","Therapy professionals n.e.c.","60","Pharmacy","Number",""
"HGO16C01","Number of Health Graduates","2015","2015","2229","Therapy professionals n.e.c.","504","Physiotherapy","Number",""
"HGO16C01","Number of Health Graduates","2015","2015","2229","Therapy professionals n.e.c.","402","Radiography and Radiation Therapy","Number",""
"HGO16C01","Number of Health Graduates","2015","2015","2229","Therapy professionals n.e.c.","702","Social Care","Number","3"
"HGO16C01","Number of Health Graduates","2015","2015","2229","Therapy professionals n.e.c.","701","Social Work","Number",""
"HGO16C01","Number of Health Graduates","2015","2015","2229","Therapy professionals n.e.c.","10","Speech and Language Therapy","Number",""
"HGO16C01","Number of Health Graduates","2015","2015","2229","Therapy professionals n.e.c.","V52","Dietetics, Optometry and Podiatry","Number",""
"HGO16C01","Number of Health Graduates","2015","2015","X13","Nurses and midwives","201","Dentistry","Number",""
"HGO16C01","Number of Health Graduates","2015","2015","X13","Nurses and midwives","401","Medical Science","Number",""
"HGO16C01","Number of Health Graduates","2015","2015","X13","Nurses and midwives","202","Medicine","Number","3"
"HGO16C01","Number of Health Graduates","2015","2015","X13","Nurses and midwives","30","Nursing and Midwifery","Number","732"
"HGO16C01","Number of Health Graduates","2015","2015","X13","Nurses and midwives","501","Occupational Therapy","Number",""
"HGO16C01","Number of Health Graduates","2015","2015","X13","Nurses and midwives","60","Pharmacy","Number",""
"HGO16C01","Number of Health Graduates","2015","2015","X13","Nurses and midwives","504","Physiotherapy","Number",""
"HGO16C01","Number of Health Graduates","2015","2015","X13","Nurses and midwives","402","Radiography and Radiation Therapy","Number",""
"HGO16C01","Number of Health Graduates","2015","2015","X13","Nurses and midwives","702","Social Care","Number","3"
"HGO16C01","Number of Health Graduates","2015","2015","X13","Nurses and midwives","701","Social Work","Number",""
"HGO16C01","Number of Health Graduates","2015","2015","X13","Nurses and midwives","10","Speech and Language Therapy","Number",""
"HGO16C01","Number of Health Graduates","2015","2015","X13","Nurses and midwives","V52","Dietetics, Optometry and Podiatry","Number",""
"HGO16C01","Number of Health Graduates","2015","2015","-","All occupational groups","201","Dentistry","Number","21"
"HGO16C01","Number of Health Graduates","2015","2015","-","All occupational groups","401","Medical Science","Number","69"
"HGO16C01","Number of Health Graduates","2015","2015","-","All occupational groups","202","Medicine","Number","423"
"HGO16C01","Number of Health Graduates","2015","2015","-","All occupational groups","30","Nursing and Midwifery","Number","813"
"HGO16C01","Number of Health Graduates","2015","2015","-","All occupational groups","501","Occupational Therapy","Number","78"
"HGO16C01","Number of Health Graduates","2015","2015","-","All occupational groups","60","Pharmacy","Number",""
"HGO16C01","Number of Health Graduates","2015","2015","-","All occupational groups","504","Physiotherapy","Number","93"
"HGO16C01","Number of Health Graduates","2015","2015","-","All occupational groups","402","Radiography and Radiation Therapy","Number","36"
"HGO16C01","Number of Health Graduates","2015","2015","-","All occupational groups","702","Social Care","Number","789"
"HGO16C01","Number of Health Graduates","2015","2015","-","All occupational groups","701","Social Work","Number","114"
"HGO16C01","Number of Health Graduates","2015","2015","-","All occupational groups","10","Speech and Language Therapy","Number","66"
"HGO16C01","Number of Health Graduates","2015","2015","-","All occupational groups","V52","Dietetics, Optometry and Podiatry","Number","54"
"HGO16C01","Number of Health Graduates","2016","2016","1","Managers, directors and senior officials","201","Dentistry","Number",""
"HGO16C01","Number of Health Graduates","2016","2016","1","Managers, directors and senior officials","401","Medical Science","Number",""
"HGO16C01","Number of Health Graduates","2016","2016","1","Managers, directors and senior officials","202","Medicine","Number","3"
"HGO16C01","Number of Health Graduates","2016","2016","1","Managers, directors and senior officials","30","Nursing and Midwifery","Number","9"
"HGO16C01","Number of Health Graduates","2016","2016","1","Managers, directors and senior officials","501","Occupational Therapy","Number",""
"HGO16C01","Number of Health Graduates","2016","2016","1","Managers, directors and senior officials","60","Pharmacy","Number",""
"HGO16C01","Number of Health Graduates","2016","2016","1","Managers, directors and senior officials","504","Physiotherapy","Number",""
"HGO16C01","Number of Health Graduates","2016","2016","1","Managers, directors and senior officials","402","Radiography and Radiation Therapy","Number",""
"HGO16C01","Number of Health Graduates","2016","2016","1","Managers, directors and senior officials","702","Social Care","Number","48"
"HGO16C01","Number of Health Graduates","2016","2016","1","Managers, directors and senior officials","701","Social Work","Number",""
"HGO16C01","Number of Health Graduates","2016","2016","1","Managers, directors and senior officials","10","Speech and Language Therapy","Number",""
"HGO16C01","Number of Health Graduates","2016","2016","1","Managers, directors and senior officials","V52","Dietetics, Optometry and Podiatry","Number",""
"HGO16C01","Number of Health Graduates","2016","2016","3","Associate professional and technical occupations","201","Dentistry","Number",""
"HGO16C01","Number of Health Graduates","2016","2016","3","Associate professional and technical occupations","401","Medical Science","Number","3"
"HGO16C01","Number of Health Graduates","2016","2016","3","Associate professional and technical occupations","202","Medicine","Number","3"
"HGO16C01","Number of Health Graduates","2016","2016","3","Associate professional and technical occupations","30","Nursing and Midwifery","Number","18"
"HGO16C01","Number of Health Graduates","2016","2016","3","Associate professional and technical occupations","501","Occupational Therapy","Number",""
"HGO16C01","Number of Health Graduates","2016","2016","3","Associate professional and technical occupations","60","Pharmacy","Number",""
"HGO16C01","Number of Health Graduates","2016","2016","3","Associate professional and technical occupations","504","Physiotherapy","Number","3"
"HGO16C01","Number of Health Graduates","2016","2016","3","Associate professional and technical occupations","402","Radiography and Radiation Therapy","Number","3"
"HGO16C01","Number of Health Graduates","2016","2016","3","Associate professional and technical occupations","702","Social Care","Number","93"
"HGO16C01","Number of Health Graduates","2016","2016","3","Associate professional and technical occupations","701","Social Work","Number","3"
"HGO16C01","Number of Health Graduates","2016","2016","3","Associate professional and technical occupations","10","Speech and Language Therapy","Number",""
"HGO16C01","Number of Health Graduates","2016","2016","3","Associate professional and technical occupations","V52","Dietetics, Optometry and Podiatry","Number","3"
"HGO16C01","Number of Health Graduates","2016","2016","4","Administrative and secretarial occupations","201","Dentistry","Number",""
"HGO16C01","Number of Health Graduates","2016","2016","4","Administrative and secretarial occupations","401","Medical Science","Number",""
"HGO16C01","Number of Health Graduates","2016","2016","4","Administrative and secretarial occupations","202","Medicine","Number","3"
"HGO16C01","Number of Health Graduates","2016","2016","4","Administrative and secretarial occupations","30","Nursing and Midwifery","Number","9"
"HGO16C01","Number of Health Graduates","2016","2016","4","Administrative and secretarial occupations","501","Occupational Therapy","Number","3"
"HGO16C01","Number of Health Graduates","2016","2016","4","Administrative and secretarial occupations","60","Pharmacy","Number",""
"HGO16C01","Number of Health Graduates","2016","2016","4","Administrative and secretarial occupations","504","Physiotherapy","Number",""
"HGO16C01","Number of Health Graduates","2016","2016","4","Administrative and secretarial occupations","402","Radiography and Radiation Therapy","Number",""
"HGO16C01","Number of Health Graduates","2016","2016","4","Administrative and secretarial occupations","702","Social Care","Number","45"
"HGO16C01","Number of Health Graduates","2016","2016","4","Administrative and secretarial occupations","701","Social Work","Number","3"
"HGO16C01","Number of Health Graduates","2016","2016","4","Administrative and secretarial occupations","10","Speech and Language Therapy","Number","3"
"HGO16C01","Number of Health Graduates","2016","2016","4","Administrative and secretarial occupations","V52","Dietetics, Optometry and Podiatry","Number",""
"HGO16C01","Number of Health Graduates","2016","2016","5","Skilled trades occupations","201","Dentistry","Number",""
"HGO16C01","Number of Health Graduates","2016","2016","5","Skilled trades occupations","401","Medical Science","Number",""
"HGO16C01","Number of Health Graduates","2016","2016","5","Skilled trades occupations","202","Medicine","Number",""
"HGO16C01","Number of Health Graduates","2016","2016","5","Skilled trades occupations","30","Nursing and Midwifery","Number","3"
"HGO16C01","Number of Health Graduates","2016","2016","5","Skilled trades occupations","501","Occupational Therapy","Number",""
"HGO16C01","Number of Health Graduates","2016","2016","5","Skilled trades occupations","60","Pharmacy","Number",""
"HGO16C01","Number of Health Graduates","2016","2016","5","Skilled trades occupations","504","Physiotherapy","Number",""
"HGO16C01","Number of Health Graduates","2016","2016","5","Skilled trades occupations","402","Radiography and Radiation Therapy","Number",""
"HGO16C01","Number of Health Graduates","2016","2016","5","Skilled trades occupations","702","Social Care","Number","9"
"HGO16C01","Number of Health Graduates","2016","2016","5","Skilled trades occupations","701","Social Work","Number",""
"HGO16C01","Number of Health Graduates","2016","2016","5","Skilled trades occupations","10","Speech and Language Therapy","Number",""
"HGO16C01","Number of Health Graduates","2016","2016","5","Skilled trades occupations","V52","Dietetics, Optometry and Podiatry","Number",""
"HGO16C01","Number of Health Graduates","2016","2016","6","Caring, leisure and other service occupations","201","Dentistry","Number",""
"HGO16C01","Number of Health Graduates","2016","2016","6","Caring, leisure and other service occupations","401","Medical Science","Number",""
"HGO16C01","Number of Health Graduates","2016","2016","6","Caring, leisure and other service occupations","202","Medicine","Number",""
"HGO16C01","Number of Health Graduates","2016","2016","6","Caring, leisure and other service occupations","30","Nursing and Midwifery","Number","9"
"HGO16C01","Number of Health Graduates","2016","2016","6","Caring, leisure and other service occupations","501","Occupational Therapy","Number",""
"HGO16C01","Number of Health Graduates","2016","2016","6","Caring, leisure and other service occupations","60","Pharmacy","Number",""
"HGO16C01","Number of Health Graduates","2016","2016","6","Caring, leisure and other service occupations","504","Physiotherapy","Number",""
"HGO16C01","Number of Health Graduates","2016","2016","6","Caring, leisure and other service occupations","402","Radiography and Radiation Therapy","Number",""
"HGO16C01","Number of Health Graduates","2016","2016","6","Caring, leisure and other service occupations","702","Social Care","Number","384"
"HGO16C01","Number of Health Graduates","2016","2016","6","Caring, leisure and other service occupations","701","Social Work","Number","3"
"HGO16C01","Number of Health Graduates","2016","2016","6","Caring, leisure and other service occupations","10","Speech and Language Therapy","Number",""
"HGO16C01","Number of Health Graduates","2016","2016","6","Caring, leisure and other service occupations","V52","Dietetics, Optometry and Podiatry","Number","3"
"HGO16C01","Number of Health Graduates","2016","2016","7","Sales and customer service occupations","201","Dentistry","Number",""
"HGO16C01","Number of Health Graduates","2016","2016","7","Sales and customer service occupations","401","Medical Science","Number",""
"HGO16C01","Number of Health Graduates","2016","2016","7","Sales and customer service occupations","202","Medicine","Number",""
"HGO16C01","Number of Health Graduates","2016","2016","7","Sales and customer service occupations","30","Nursing and Midwifery","Number","3"
"HGO16C01","Number of Health Graduates","2016","2016","7","Sales and customer service occupations","501","Occupational Therapy","Number",""
"HGO16C01","Number of Health Graduates","2016","2016","7","Sales and customer service occupations","60","Pharmacy","Number",""
"HGO16C01","Number of Health Graduates","2016","2016","7","Sales and customer service occupations","504","Physiotherapy","Number",""
"HGO16C01","Number of Health Graduates","2016","2016","7","Sales and customer service occupations","402","Radiography and Radiation Therapy","Number",""
"HGO16C01","Number of Health Graduates","2016","2016","7","Sales and customer service occupations","702","Social Care","Number","15"
"HGO16C01","Number of Health Graduates","2016","2016","7","Sales and customer service occupations","701","Social Work","Number",""
"HGO16C01","Number of Health Graduates","2016","2016","7","Sales and customer service occupations","10","Speech and Language Therapy","Number",""
"HGO16C01","Number of Health Graduates","2016","2016","7","Sales and customer service occupations","V52","Dietetics, Optometry and Podiatry","Number",""
"HGO16C01","Number of Health Graduates","2016","2016","8","Process, plant and machine operatives","201","Dentistry","Number",""
"HGO16C01","Number of Health Graduates","2016","2016","8","Process, plant and machine operatives","401","Medical Science","Number",""
"HGO16C01","Number of Health Graduates","2016","2016","8","Process, plant and machine operatives","202","Medicine","Number",""
"HGO16C01","Number of Health Graduates","2016","2016","8","Process, plant and machine operatives","30","Nursing and Midwifery","Number","3"
"HGO16C01","Number of Health Graduates","2016","2016","8","Process, plant and machine operatives","501","Occupational Therapy","Number",""
"HGO16C01","Number of Health Graduates","2016","2016","8","Process, plant and machine operatives","60","Pharmacy","Number",""
"HGO16C01","Number of Health Graduates","2016","2016","8","Process, plant and machine operatives","504","Physiotherapy","Number",""
"HGO16C01","Number of Health Graduates","2016","2016","8","Process, plant and machine operatives","402","Radiography and Radiation Therapy","Number",""
"HGO16C01","Number of Health Graduates","2016","2016","8","Process, plant and machine operatives","702","Social Care","Number","6"
"HGO16C01","Number of Health Graduates","2016","2016","8","Process, plant and machine operatives","701","Social Work","Number",""
"HGO16C01","Number of Health Graduates","2016","2016","8","Process, plant and machine operatives","10","Speech and Language Therapy","Number",""
"HGO16C01","Number of Health Graduates","2016","2016","8","Process, plant and machine operatives","V52","Dietetics, Optometry and Podiatry","Number",""
"HGO16C01","Number of Health Graduates","2016","2016","9","Elementary occupations","201","Dentistry","Number",""
"HGO16C01","Number of Health Graduates","2016","2016","9","Elementary occupations","401","Medical Science","Number",""
"HGO16C01","Number of Health Graduates","2016","2016","9","Elementary occupations","202","Medicine","Number",""
"HGO16C01","Number of Health Graduates","2016","2016","9","Elementary occupations","30","Nursing and Midwifery","Number",""
"HGO16C01","Number of Health Graduates","2016","2016","9","Elementary occupations","501","Occupational Therapy","Number",""
"HGO16C01","Number of Health Graduates","2016","2016","9","Elementary occupations","60","Pharmacy","Number",""
"HGO16C01","Number of Health Graduates","2016","2016","9","Elementary occupations","504","Physiotherapy","Number",""
"HGO16C01","Number of Health Graduates","2016","2016","9","Elementary occupations","402","Radiography and Radiation Therapy","Number",""
"HGO16C01","Number of Health Graduates","2016","2016","9","Elementary occupations","702","Social Care","Number","9"
"HGO16C01","Number of Health Graduates","2016","2016","9","Elementary occupations","701","Social Work","Number",""
"HGO16C01","Number of Health Graduates","2016","2016","9","Elementary occupations","10","Speech and Language Therapy","Number",""
"HGO16C01","Number of Health Graduates","2016","2016","9","Elementary occupations","V52","Dietetics, Optometry and Podiatry","Number",""
"HGO16C01","Number of Health Graduates","2016","2016","21","Science, research, engineering and technology professionals","201","Dentistry","Number",""
"HGO16C01","Number of Health Graduates","2016","2016","21","Science, research, engineering and technology professionals","401","Medical Science","Number","42"
"HGO16C01","Number of Health Graduates","2016","2016","21","Science, research, engineering and technology professionals","202","Medicine","Number",""
"HGO16C01","Number of Health Graduates","2016","2016","21","Science, research, engineering and technology professionals","30","Nursing and Midwifery","Number","3"
"HGO16C01","Number of Health Graduates","2016","2016","21","Science, research, engineering and technology professionals","501","Occupational Therapy","Number",""
"HGO16C01","Number of Health Graduates","2016","2016","21","Science, research, engineering and technology professionals","60","Pharmacy","Number",""
"HGO16C01","Number of Health Graduates","2016","2016","21","Science, research, engineering and technology professionals","504","Physiotherapy","Number",""
"HGO16C01","Number of Health Graduates","2016","2016","21","Science, research, engineering and technology professionals","402","Radiography and Radiation Therapy","Number",""
"HGO16C01","Number of Health Graduates","2016","2016","21","Science, research, engineering and technology professionals","702","Social Care","Number","3"
"HGO16C01","Number of Health Graduates","2016","2016","21","Science, research, engineering and technology professionals","701","Social Work","Number",""
"HGO16C01","Number of Health Graduates","2016","2016","21","Science, research, engineering and technology professionals","10","Speech and Language Therapy","Number",""
"HGO16C01","Number of Health Graduates","2016","2016","21","Science, research, engineering and technology professionals","V52","Dietetics, Optometry and Podiatry","Number",""
"HGO16C01","Number of Health Graduates","2016","2016","23","Teaching and educational professionals","201","Dentistry","Number",""
"HGO16C01","Number of Health Graduates","2016","2016","23","Teaching and educational professionals","401","Medical Science","Number",""
"HGO16C01","Number of Health Graduates","2016","2016","23","Teaching and educational professionals","202","Medicine","Number","3"
"HGO16C01","Number of Health Graduates","2016","2016","23","Teaching and educational professionals","30","Nursing and Midwifery","Number","15"
"HGO16C01","Number of Health Graduates","2016","2016","23","Teaching and educational professionals","501","Occupational Therapy","Number",""
"HGO16C01","Number of Health Graduates","2016","2016","23","Teaching and educational professionals","60","Pharmacy","Number",""
"HGO16C01","Number of Health Graduates","2016","2016","23","Teaching and educational professionals","504","Physiotherapy","Number",""
"HGO16C01","Number of Health Graduates","2016","2016","23","Teaching and educational professionals","402","Radiography and Radiation Therapy","Number",""
"HGO16C01","Number of Health Graduates","2016","2016","23","Teaching and educational professionals","702","Social Care","Number","27"
"HGO16C01","Number of Health Graduates","2016","2016","23","Teaching and educational professionals","701","Social Work","Number","3"
"HGO16C01","Number of Health Graduates","2016","2016","23","Teaching and educational professionals","10","Speech and Language Therapy","Number","3"
"HGO16C01","Number of Health Graduates","2016","2016","23","Teaching and educational professionals","V52","Dietetics, Optometry and Podiatry","Number","3"
"HGO16C01","Number of Health Graduates","2016","2016","24","Business, media and public service professionals","201","Dentistry","Number",""
"HGO16C01","Number of Health Graduates","2016","2016","24","Business, media and public service professionals","401","Medical Science","Number",""
"HGO16C01","Number of Health Graduates","2016","2016","24","Business, media and public service professionals","202","Medicine","Number",""
"HGO16C01","Number of Health Graduates","2016","2016","24","Business, media and public service professionals","30","Nursing and Midwifery","Number","6"
"HGO16C01","Number of Health Graduates","2016","2016","24","Business, media and public service professionals","501","Occupational Therapy","Number",""
"HGO16C01","Number of Health Graduates","2016","2016","24","Business, media and public service professionals","60","Pharmacy","Number",""
"HGO16C01","Number of Health Graduates","2016","2016","24","Business, media and public service professionals","504","Physiotherapy","Number",""
"HGO16C01","Number of Health Graduates","2016","2016","24","Business, media and public service professionals","402","Radiography and Radiation Therapy","Number","3"
"HGO16C01","Number of Health Graduates","2016","2016","24","Business, media and public service professionals","702","Social Care","Number","45"
"HGO16C01","Number of Health Graduates","2016","2016","24","Business, media and public service professionals","701","Social Work","Number","120"
"HGO16C01","Number of Health Graduates","2016","2016","24","Business, media and public service professionals","10","Speech and Language Therapy","Number",""
"HGO16C01","Number of Health Graduates","2016","2016","24","Business, media and public service professionals","V52","Dietetics, Optometry and Podiatry","Number",""
"HGO16C01","Number of Health Graduates","2016","2016","2211","Medical practitioners","201","Dentistry","Number",""
"HGO16C01","Number of Health Graduates","2016","2016","2211","Medical practitioners","401","Medical Science","Number",""
"HGO16C01","Number of Health Graduates","2016","2016","2211","Medical practitioners","202","Medicine","Number","375"
"HGO16C01","Number of Health Graduates","2016","2016","2211","Medical practitioners","30","Nursing and Midwifery","Number","3"
"HGO16C01","Number of Health Graduates","2016","2016","2211","Medical practitioners","501","Occupational Therapy","Number","3"
"HGO16C01","Number of Health Graduates","2016","2016","2211","Medical practitioners","60","Pharmacy","Number",""
"HGO16C01","Number of Health Graduates","2016","2016","2211","Medical practitioners","504","Physiotherapy","Number",""
"HGO16C01","Number of Health Graduates","2016","2016","2211","Medical practitioners","402","Radiography and Radiation Therapy","Number","3"
"HGO16C01","Number of Health Graduates","2016","2016","2211","Medical practitioners","702","Social Care","Number",""
"HGO16C01","Number of Health Graduates","2016","2016","2211","Medical practitioners","701","Social Work","Number",""
"HGO16C01","Number of Health Graduates","2016","2016","2211","Medical practitioners","10","Speech and Language Therapy","Number",""
"HGO16C01","Number of Health Graduates","2016","2016","2211","Medical practitioners","V52","Dietetics, Optometry and Podiatry","Number","3"
"HGO16C01","Number of Health Graduates","2016","2016","2212","Psychologists","201","Dentistry","Number",""
"HGO16C01","Number of Health Graduates","2016","2016","2212","Psychologists","401","Medical Science","Number",""
"HGO16C01","Number of Health Graduates","2016","2016","2212","Psychologists","202","Medicine","Number",""
"HGO16C01","Number of Health Graduates","2016","2016","2212","Psychologists","30","Nursing and Midwifery","Number",""
"HGO16C01","Number of Health Graduates","2016","2016","2212","Psychologists","501","Occupational Therapy","Number",""
"HGO16C01","Number of Health Graduates","2016","2016","2212","Psychologists","60","Pharmacy","Number",""
"HGO16C01","Number of Health Graduates","2016","2016","2212","Psychologists","504","Physiotherapy","Number",""
"HGO16C01","Number of Health Graduates","2016","2016","2212","Psychologists","402","Radiography and Radiation Therapy","Number",""
"HGO16C01","Number of Health Graduates","2016","2016","2212","Psychologists","702","Social Care","Number",""
"HGO16C01","Number of Health Graduates","2016","2016","2212","Psychologists","701","Social Work","Number",""
"HGO16C01","Number of Health Graduates","2016","2016","2212","Psychologists","10","Speech and Language Therapy","Number",""
"HGO16C01","Number of Health Graduates","2016","2016","2212","Psychologists","V52","Dietetics, Optometry and Podiatry","Number",""
"HGO16C01","Number of Health Graduates","2016","2016","2213","Pharmacists","201","Dentistry","Number",""
"HGO16C01","Number of Health Graduates","2016","2016","2213","Pharmacists","401","Medical Science","Number",""
"HGO16C01","Number of Health Graduates","2016","2016","2213","Pharmacists","202","Medicine","Number",""
"HGO16C01","Number of Health Graduates","2016","2016","2213","Pharmacists","30","Nursing and Midwifery","Number",""
"HGO16C01","Number of Health Graduates","2016","2016","2213","Pharmacists","501","Occupational Therapy","Number",""
"HGO16C01","Number of Health Graduates","2016","2016","2213","Pharmacists","60","Pharmacy","Number",""
"HGO16C01","Number of Health Graduates","2016","2016","2213","Pharmacists","504","Physiotherapy","Number",""
"HGO16C01","Number of Health Graduates","2016","2016","2213","Pharmacists","402","Radiography and Radiation Therapy","Number",""
"HGO16C01","Number of Health Graduates","2016","2016","2213","Pharmacists","702","Social Care","Number",""
"HGO16C01","Number of Health Graduates","2016","2016","2213","Pharmacists","701","Social Work","Number",""
"HGO16C01","Number of Health Graduates","2016","2016","2213","Pharmacists","10","Speech and Language Therapy","Number",""
"HGO16C01","Number of Health Graduates","2016","2016","2213","Pharmacists","V52","Dietetics, Optometry and Podiatry","Number",""
"HGO16C01","Number of Health Graduates","2016","2016","2214","Ophthalmic opticians","201","Dentistry","Number",""
"HGO16C01","Number of Health Graduates","2016","2016","2214","Ophthalmic opticians","401","Medical Science","Number",""
"HGO16C01","Number of Health Graduates","2016","2016","2214","Ophthalmic opticians","202","Medicine","Number",""
"HGO16C01","Number of Health Graduates","2016","2016","2214","Ophthalmic opticians","30","Nursing and Midwifery","Number",""
"HGO16C01","Number of Health Graduates","2016","2016","2214","Ophthalmic opticians","501","Occupational Therapy","Number",""
"HGO16C01","Number of Health Graduates","2016","2016","2214","Ophthalmic opticians","60","Pharmacy","Number",""
"HGO16C01","Number of Health Graduates","2016","2016","2214","Ophthalmic opticians","504","Physiotherapy","Number",""
"HGO16C01","Number of Health Graduates","2016","2016","2214","Ophthalmic opticians","402","Radiography and Radiation Therapy","Number",""
"HGO16C01","Number of Health Graduates","2016","2016","2214","Ophthalmic opticians","702","Social Care","Number",""
"HGO16C01","Number of Health Graduates","2016","2016","2214","Ophthalmic opticians","701","Social Work","Number",""
"HGO16C01","Number of Health Graduates","2016","2016","2214","Ophthalmic opticians","10","Speech and Language Therapy","Number",""
"HGO16C01","Number of Health Graduates","2016","2016","2214","Ophthalmic opticians","V52","Dietetics, Optometry and Podiatry","Number","15"
"HGO16C01","Number of Health Graduates","2016","2016","2215","Dental practitioners","201","Dentistry","Number","18"
"HGO16C01","Number of Health Graduates","2016","2016","2215","Dental practitioners","401","Medical Science","Number",""
"HGO16C01","Number of Health Graduates","2016","2016","2215","Dental practitioners","202","Medicine","Number",""
"HGO16C01","Number of Health Graduates","2016","2016","2215","Dental practitioners","30","Nursing and Midwifery","Number",""
"HGO16C01","Number of Health Graduates","2016","2016","2215","Dental practitioners","501","Occupational Therapy","Number",""
"HGO16C01","Number of Health Graduates","2016","2016","2215","Dental practitioners","60","Pharmacy","Number",""
"HGO16C01","Number of Health Graduates","2016","2016","2215","Dental practitioners","504","Physiotherapy","Number",""
"HGO16C01","Number of Health Graduates","2016","2016","2215","Dental practitioners","402","Radiography and Radiation Therapy","Number",""
"HGO16C01","Number of Health Graduates","2016","2016","2215","Dental practitioners","702","Social Care","Number",""
"HGO16C01","Number of Health Graduates","2016","2016","2215","Dental practitioners","701","Social Work","Number",""
"HGO16C01","Number of Health Graduates","2016","2016","2215","Dental practitioners","10","Speech and Language Therapy","Number",""
"HGO16C01","Number of Health Graduates","2016","2016","2215","Dental practitioners","V52","Dietetics, Optometry and Podiatry","Number",""
"HGO16C01","Number of Health Graduates","2016","2016","2216","Veterinarians","201","Dentistry","Number",""
"HGO16C01","Number of Health Graduates","2016","2016","2216","Veterinarians","401","Medical Science","Number",""
"HGO16C01","Number of Health Graduates","2016","2016","2216","Veterinarians","202","Medicine","Number",""
"HGO16C01","Number of Health Graduates","2016","2016","2216","Veterinarians","30","Nursing and Midwifery","Number",""
"HGO16C01","Number of Health Graduates","2016","2016","2216","Veterinarians","501","Occupational Therapy","Number",""
"HGO16C01","Number of Health Graduates","2016","2016","2216","Veterinarians","60","Pharmacy","Number",""
"HGO16C01","Number of Health Graduates","2016","2016","2216","Veterinarians","504","Physiotherapy","Number",""
"HGO16C01","Number of Health Graduates","2016","2016","2216","Veterinarians","402","Radiography and Radiation Therapy","Number",""
"HGO16C01","Number of Health Graduates","2016","2016","2216","Veterinarians","702","Social Care","Number",""
"HGO16C01","Number of Health Graduates","2016","2016","2216","Veterinarians","701","Social Work","Number",""
"HGO16C01","Number of Health Graduates","2016","2016","2216","Veterinarians","10","Speech and Language Therapy","Number",""
"HGO16C01","Number of Health Graduates","2016","2016","2216","Veterinarians","V52","Dietetics, Optometry and Podiatry","Number",""
"HGO16C01","Number of Health Graduates","2016","2016","2217","Medical radiographers","201","Dentistry","Number",""
"HGO16C01","Number of Health Graduates","2016","2016","2217","Medical radiographers","401","Medical Science","Number",""
"HGO16C01","Number of Health Graduates","2016","2016","2217","Medical radiographers","202","Medicine","Number",""
"HGO16C01","Number of Health Graduates","2016","2016","2217","Medical radiographers","30","Nursing and Midwifery","Number","3"
"HGO16C01","Number of Health Graduates","2016","2016","2217","Medical radiographers","501","Occupational Therapy","Number",""
"HGO16C01","Number of Health Graduates","2016","2016","2217","Medical radiographers","60","Pharmacy","Number",""
"HGO16C01","Number of Health Graduates","2016","2016","2217","Medical radiographers","504","Physiotherapy","Number",""
"HGO16C01","Number of Health Graduates","2016","2016","2217","Medical radiographers","402","Radiography and Radiation Therapy","Number","27"
"HGO16C01","Number of Health Graduates","2016","2016","2217","Medical radiographers","702","Social Care","Number",""
"HGO16C01","Number of Health Graduates","2016","2016","2217","Medical radiographers","701","Social Work","Number",""
"HGO16C01","Number of Health Graduates","2016","2016","2217","Medical radiographers","10","Speech and Language Therapy","Number",""
"HGO16C01","Number of Health Graduates","2016","2016","2217","Medical radiographers","V52","Dietetics, Optometry and Podiatry","Number",""
"HGO16C01","Number of Health Graduates","2016","2016","2218","Podiatrists","201","Dentistry","Number",""
"HGO16C01","Number of Health Graduates","2016","2016","2218","Podiatrists","401","Medical Science","Number",""
"HGO16C01","Number of Health Graduates","2016","2016","2218","Podiatrists","202","Medicine","Number",""
"HGO16C01","Number of Health Graduates","2016","2016","2218","Podiatrists","30","Nursing and Midwifery","Number",""
"HGO16C01","Number of Health Graduates","2016","2016","2218","Podiatrists","501","Occupational Therapy","Number",""
"HGO16C01","Number of Health Graduates","2016","2016","2218","Podiatrists","60","Pharmacy","Number",""
"HGO16C01","Number of Health Graduates","2016","2016","2218","Podiatrists","504","Physiotherapy","Number",""
"HGO16C01","Number of Health Graduates","2016","2016","2218","Podiatrists","402","Radiography and Radiation Therapy","Number",""
"HGO16C01","Number of Health Graduates","2016","2016","2218","Podiatrists","702","Social Care","Number",""
"HGO16C01","Number of Health Graduates","2016","2016","2218","Podiatrists","701","Social Work","Number",""
"HGO16C01","Number of Health Graduates","2016","2016","2218","Podiatrists","10","Speech and Language Therapy","Number",""
"HGO16C01","Number of Health Graduates","2016","2016","2218","Podiatrists","V52","Dietetics, Optometry and Podiatry","Number","9"
"HGO16C01","Number of Health Graduates","2016","2016","2219","Health professionals n.e.c.","201","Dentistry","Number",""
"HGO16C01","Number of Health Graduates","2016","2016","2219","Health professionals n.e.c.","401","Medical Science","Number",""
"HGO16C01","Number of Health Graduates","2016","2016","2219","Health professionals n.e.c.","202","Medicine","Number",""
"HGO16C01","Number of Health Graduates","2016","2016","2219","Health professionals n.e.c.","30","Nursing and Midwifery","Number",""
"HGO16C01","Number of Health Graduates","2016","2016","2219","Health professionals n.e.c.","501","Occupational Therapy","Number",""
"HGO16C01","Number of Health Graduates","2016","2016","2219","Health professionals n.e.c.","60","Pharmacy","Number",""
"HGO16C01","Number of Health Graduates","2016","2016","2219","Health professionals n.e.c.","504","Physiotherapy","Number",""
"HGO16C01","Number of Health Graduates","2016","2016","2219","Health professionals n.e.c.","402","Radiography and Radiation Therapy","Number",""
"HGO16C01","Number of Health Graduates","2016","2016","2219","Health professionals n.e.c.","702","Social Care","Number",""
"HGO16C01","Number of Health Graduates","2016","2016","2219","Health professionals n.e.c.","701","Social Work","Number",""
"HGO16C01","Number of Health Graduates","2016","2016","2219","Health professionals n.e.c.","10","Speech and Language Therapy","Number",""
"HGO16C01","Number of Health Graduates","2016","2016","2219","Health professionals n.e.c.","V52","Dietetics, Optometry and Podiatry","Number","9"
"HGO16C01","Number of Health Graduates","2016","2016","2221","Physiotherapists","201","Dentistry","Number",""
"HGO16C01","Number of Health Graduates","2016","2016","2221","Physiotherapists","401","Medical Science","Number",""
"HGO16C01","Number of Health Graduates","2016","2016","2221","Physiotherapists","202","Medicine","Number",""
"HGO16C01","Number of Health Graduates","2016","2016","2221","Physiotherapists","30","Nursing and Midwifery","Number",""
"HGO16C01","Number of Health Graduates","2016","2016","2221","Physiotherapists","501","Occupational Therapy","Number",""
"HGO16C01","Number of Health Graduates","2016","2016","2221","Physiotherapists","60","Pharmacy","Number",""
"HGO16C01","Number of Health Graduates","2016","2016","2221","Physiotherapists","504","Physiotherapy","Number","60"
"HGO16C01","Number of Health Graduates","2016","2016","2221","Physiotherapists","402","Radiography and Radiation Therapy","Number",""
"HGO16C01","Number of Health Graduates","2016","2016","2221","Physiotherapists","702","Social Care","Number",""
"HGO16C01","Number of Health Graduates","2016","2016","2221","Physiotherapists","701","Social Work","Number",""
"HGO16C01","Number of Health Graduates","2016","2016","2221","Physiotherapists","10","Speech and Language Therapy","Number",""
"HGO16C01","Number of Health Graduates","2016","2016","2221","Physiotherapists","V52","Dietetics, Optometry and Podiatry","Number",""
"HGO16C01","Number of Health Graduates","2016","2016","2222","Occupational therapists","201","Dentistry","Number",""
"HGO16C01","Number of Health Graduates","2016","2016","2222","Occupational therapists","401","Medical Science","Number",""
"HGO16C01","Number of Health Graduates","2016","2016","2222","Occupational therapists","202","Medicine","Number",""
"HGO16C01","Number of Health Graduates","2016","2016","2222","Occupational therapists","30","Nursing and Midwifery","Number",""
"HGO16C01","Number of Health Graduates","2016","2016","2222","Occupational therapists","501","Occupational Therapy","Number","69"
"HGO16C01","Number of Health Graduates","2016","2016","2222","Occupational therapists","60","Pharmacy","Number",""
"HGO16C01","Number of Health Graduates","2016","2016","2222","Occupational therapists","504","Physiotherapy","Number",""
"HGO16C01","Number of Health Graduates","2016","2016","2222","Occupational therapists","402","Radiography and Radiation Therapy","Number",""
"HGO16C01","Number of Health Graduates","2016","2016","2222","Occupational therapists","702","Social Care","Number",""
"HGO16C01","Number of Health Graduates","2016","2016","2222","Occupational therapists","701","Social Work","Number",""
"HGO16C01","Number of Health Graduates","2016","2016","2222","Occupational therapists","10","Speech and Language Therapy","Number",""
"HGO16C01","Number of Health Graduates","2016","2016","2222","Occupational therapists","V52","Dietetics, Optometry and Podiatry","Number",""
"HGO16C01","Number of Health Graduates","2016","2016","2223","Speech and language therapists","201","Dentistry","Number",""
"HGO16C01","Number of Health Graduates","2016","2016","2223","Speech and language therapists","401","Medical Science","Number",""
"HGO16C01","Number of Health Graduates","2016","2016","2223","Speech and language therapists","202","Medicine","Number",""
"HGO16C01","Number of Health Graduates","2016","2016","2223","Speech and language therapists","30","Nursing and Midwifery","Number",""
"HGO16C01","Number of Health Graduates","2016","2016","2223","Speech and language therapists","501","Occupational Therapy","Number",""
"HGO16C01","Number of Health Graduates","2016","2016","2223","Speech and language therapists","60","Pharmacy","Number",""
"HGO16C01","Number of Health Graduates","2016","2016","2223","Speech and language therapists","504","Physiotherapy","Number",""
"HGO16C01","Number of Health Graduates","2016","2016","2223","Speech and language therapists","402","Radiography and Radiation Therapy","Number",""
"HGO16C01","Number of Health Graduates","2016","2016","2223","Speech and language therapists","702","Social Care","Number",""
"HGO16C01","Number of Health Graduates","2016","2016","2223","Speech and language therapists","701","Social Work","Number",""
"HGO16C01","Number of Health Graduates","2016","2016","2223","Speech and language therapists","10","Speech and Language Therapy","Number","66"
"HGO16C01","Number of Health Graduates","2016","2016","2223","Speech and language therapists","V52","Dietetics, Optometry and Podiatry","Number",""
"HGO16C01","Number of Health Graduates","2016","2016","2229","Therapy professionals n.e.c.","201","Dentistry","Number",""
"HGO16C01","Number of Health Graduates","2016","2016","2229","Therapy professionals n.e.c.","401","Medical Science","Number",""
"HGO16C01","Number of Health Graduates","2016","2016","2229","Therapy professionals n.e.c.","202","Medicine","Number",""
"HGO16C01","Number of Health Graduates","2016","2016","2229","Therapy professionals n.e.c.","30","Nursing and Midwifery","Number",""
"HGO16C01","Number of Health Graduates","2016","2016","2229","Therapy professionals n.e.c.","501","Occupational Therapy","Number",""
"HGO16C01","Number of Health Graduates","2016","2016","2229","Therapy professionals n.e.c.","60","Pharmacy","Number",""
"HGO16C01","Number of Health Graduates","2016","2016","2229","Therapy professionals n.e.c.","504","Physiotherapy","Number",""
"HGO16C01","Number of Health Graduates","2016","2016","2229","Therapy professionals n.e.c.","402","Radiography and Radiation Therapy","Number",""
"HGO16C01","Number of Health Graduates","2016","2016","2229","Therapy professionals n.e.c.","702","Social Care","Number","3"
"HGO16C01","Number of Health Graduates","2016","2016","2229","Therapy professionals n.e.c.","701","Social Work","Number",""
"HGO16C01","Number of Health Graduates","2016","2016","2229","Therapy professionals n.e.c.","10","Speech and Language Therapy","Number",""
"HGO16C01","Number of Health Graduates","2016","2016","2229","Therapy professionals n.e.c.","V52","Dietetics, Optometry and Podiatry","Number",""
"HGO16C01","Number of Health Graduates","2016","2016","X13","Nurses and midwives","201","Dentistry","Number",""
"HGO16C01","Number of Health Graduates","2016","2016","X13","Nurses and midwives","401","Medical Science","Number",""
"HGO16C01","Number of Health Graduates","2016","2016","X13","Nurses and midwives","202","Medicine","Number",""
"HGO16C01","Number of Health Graduates","2016","2016","X13","Nurses and midwives","30","Nursing and Midwifery","Number","768"
"HGO16C01","Number of Health Graduates","2016","2016","X13","Nurses and midwives","501","Occupational Therapy","Number",""
"HGO16C01","Number of Health Graduates","2016","2016","X13","Nurses and midwives","60","Pharmacy","Number",""
"HGO16C01","Number of Health Graduates","2016","2016","X13","Nurses and midwives","504","Physiotherapy","Number",""
"HGO16C01","Number of Health Graduates","2016","2016","X13","Nurses and midwives","402","Radiography and Radiation Therapy","Number",""
"HGO16C01","Number of Health Graduates","2016","2016","X13","Nurses and midwives","702","Social Care","Number","6"
"HGO16C01","Number of Health Graduates","2016","2016","X13","Nurses and midwives","701","Social Work","Number",""
"HGO16C01","Number of Health Graduates","2016","2016","X13","Nurses and midwives","10","Speech and Language Therapy","Number",""
"HGO16C01","Number of Health Graduates","2016","2016","X13","Nurses and midwives","V52","Dietetics, Optometry and Podiatry","Number",""
"HGO16C01","Number of Health Graduates","2016","2016","-","All occupational groups","201","Dentistry","Number","21"
"HGO16C01","Number of Health Graduates","2016","2016","-","All occupational groups","401","Medical Science","Number","48"
"HGO16C01","Number of Health Graduates","2016","2016","-","All occupational groups","202","Medicine","Number","387"
"HGO16C01","Number of Health Graduates","2016","2016","-","All occupational groups","30","Nursing and Midwifery","Number","852"
"HGO16C01","Number of Health Graduates","2016","2016","-","All occupational groups","501","Occupational Therapy","Number","78"
"HGO16C01","Number of Health Graduates","2016","2016","-","All occupational groups","60","Pharmacy","Number",""
"HGO16C01","Number of Health Graduates","2016","2016","-","All occupational groups","504","Physiotherapy","Number","66"
"HGO16C01","Number of Health Graduates","2016","2016","-","All occupational groups","402","Radiography and Radiation Therapy","Number","36"
"HGO16C01","Number of Health Graduates","2016","2016","-","All occupational groups","702","Social Care","Number","699"
"HGO16C01","Number of Health Graduates","2016","2016","-","All occupational groups","701","Social Work","Number","132"
"HGO16C01","Number of Health Graduates","2016","2016","-","All occupational groups","10","Speech and Language Therapy","Number","72"
"HGO16C01","Number of Health Graduates","2016","2016","-","All occupational groups","V52","Dietetics, Optometry and Podiatry","Number","42"
"HGO16C01","Number of Health Graduates","2017","2017","1","Managers, directors and senior officials","201","Dentistry","Number",""
"HGO16C01","Number of Health Graduates","2017","2017","1","Managers, directors and senior officials","401","Medical Science","Number",""
"HGO16C01","Number of Health Graduates","2017","2017","1","Managers, directors and senior officials","202","Medicine","Number","3"
"HGO16C01","Number of Health Graduates","2017","2017","1","Managers, directors and senior officials","30","Nursing and Midwifery","Number","6"
"HGO16C01","Number of Health Graduates","2017","2017","1","Managers, directors and senior officials","501","Occupational Therapy","Number",""
"HGO16C01","Number of Health Graduates","2017","2017","1","Managers, directors and senior officials","60","Pharmacy","Number",""
"HGO16C01","Number of Health Graduates","2017","2017","1","Managers, directors and senior officials","504","Physiotherapy","Number",""
"HGO16C01","Number of Health Graduates","2017","2017","1","Managers, directors and senior officials","402","Radiography and Radiation Therapy","Number",""
"HGO16C01","Number of Health Graduates","2017","2017","1","Managers, directors and senior officials","702","Social Care","Number","39"
"HGO16C01","Number of Health Graduates","2017","2017","1","Managers, directors and senior officials","701","Social Work","Number",""
"HGO16C01","Number of Health Graduates","2017","2017","1","Managers, directors and senior officials","10","Speech and Language Therapy","Number",""
"HGO16C01","Number of Health Graduates","2017","2017","1","Managers, directors and senior officials","V52","Dietetics, Optometry and Podiatry","Number",""
"HGO16C01","Number of Health Graduates","2017","2017","3","Associate professional and technical occupations","201","Dentistry","Number",""
"HGO16C01","Number of Health Graduates","2017","2017","3","Associate professional and technical occupations","401","Medical Science","Number","3"
"HGO16C01","Number of Health Graduates","2017","2017","3","Associate professional and technical occupations","202","Medicine","Number","3"
"HGO16C01","Number of Health Graduates","2017","2017","3","Associate professional and technical occupations","30","Nursing and Midwifery","Number","9"
"HGO16C01","Number of Health Graduates","2017","2017","3","Associate professional and technical occupations","501","Occupational Therapy","Number",""
"HGO16C01","Number of Health Graduates","2017","2017","3","Associate professional and technical occupations","60","Pharmacy","Number",""
"HGO16C01","Number of Health Graduates","2017","2017","3","Associate professional and technical occupations","504","Physiotherapy","Number","3"
"HGO16C01","Number of Health Graduates","2017","2017","3","Associate professional and technical occupations","402","Radiography and Radiation Therapy","Number",""
"HGO16C01","Number of Health Graduates","2017","2017","3","Associate professional and technical occupations","702","Social Care","Number","102"
"HGO16C01","Number of Health Graduates","2017","2017","3","Associate professional and technical occupations","701","Social Work","Number","6"
"HGO16C01","Number of Health Graduates","2017","2017","3","Associate professional and technical occupations","10","Speech and Language Therapy","Number","3"
"HGO16C01","Number of Health Graduates","2017","2017","3","Associate professional and technical occupations","V52","Dietetics, Optometry and Podiatry","Number",""
"HGO16C01","Number of Health Graduates","2017","2017","4","Administrative and secretarial occupations","201","Dentistry","Number",""
"HGO16C01","Number of Health Graduates","2017","2017","4","Administrative and secretarial occupations","401","Medical Science","Number",""
"HGO16C01","Number of Health Graduates","2017","2017","4","Administrative and secretarial occupations","202","Medicine","Number",""
"HGO16C01","Number of Health Graduates","2017","2017","4","Administrative and secretarial occupations","30","Nursing and Midwifery","Number","6"
"HGO16C01","Number of Health Graduates","2017","2017","4","Administrative and secretarial occupations","501","Occupational Therapy","Number",""
"HGO16C01","Number of Health Graduates","2017","2017","4","Administrative and secretarial occupations","60","Pharmacy","Number",""
"HGO16C01","Number of Health Graduates","2017","2017","4","Administrative and secretarial occupations","504","Physiotherapy","Number",""
"HGO16C01","Number of Health Graduates","2017","2017","4","Administrative and secretarial occupations","402","Radiography and Radiation Therapy","Number",""
"HGO16C01","Number of Health Graduates","2017","2017","4","Administrative and secretarial occupations","702","Social Care","Number","30"
"HGO16C01","Number of Health Graduates","2017","2017","4","Administrative and secretarial occupations","701","Social Work","Number",""
"HGO16C01","Number of Health Graduates","2017","2017","4","Administrative and secretarial occupations","10","Speech and Language Therapy","Number",""
"HGO16C01","Number of Health Graduates","2017","2017","4","Administrative and secretarial occupations","V52","Dietetics, Optometry and Podiatry","Number",""
"HGO16C01","Number of Health Graduates","2017","2017","5","Skilled trades occupations","201","Dentistry","Number",""
"HGO16C01","Number of Health Graduates","2017","2017","5","Skilled trades occupations","401","Medical Science","Number",""
"HGO16C01","Number of Health Graduates","2017","2017","5","Skilled trades occupations","202","Medicine","Number",""
"HGO16C01","Number of Health Graduates","2017","2017","5","Skilled trades occupations","30","Nursing and Midwifery","Number","3"
"HGO16C01","Number of Health Graduates","2017","2017","5","Skilled trades occupations","501","Occupational Therapy","Number",""
"HGO16C01","Number of Health Graduates","2017","2017","5","Skilled trades occupations","60","Pharmacy","Number",""
"HGO16C01","Number of Health Graduates","2017","2017","5","Skilled trades occupations","504","Physiotherapy","Number",""
"HGO16C01","Number of Health Graduates","2017","2017","5","Skilled trades occupations","402","Radiography and Radiation Therapy","Number",""
"HGO16C01","Number of Health Graduates","2017","2017","5","Skilled trades occupations","702","Social Care","Number","6"
"HGO16C01","Number of Health Graduates","2017","2017","5","Skilled trades occupations","701","Social Work","Number",""
"HGO16C01","Number of Health Graduates","2017","2017","5","Skilled trades occupations","10","Speech and Language Therapy","Number",""
"HGO16C01","Number of Health Graduates","2017","2017","5","Skilled trades occupations","V52","Dietetics, Optometry and Podiatry","Number",""
"HGO16C01","Number of Health Graduates","2017","2017","6","Caring, leisure and other service occupations","201","Dentistry","Number",""
"HGO16C01","Number of Health Graduates","2017","2017","6","Caring, leisure and other service occupations","401","Medical Science","Number",""
"HGO16C01","Number of Health Graduates","2017","2017","6","Caring, leisure and other service occupations","202","Medicine","Number",""
"HGO16C01","Number of Health Graduates","2017","2017","6","Caring, leisure and other service occupations","30","Nursing and Midwifery","Number","9"
"HGO16C01","Number of Health Graduates","2017","2017","6","Caring, leisure and other service occupations","501","Occupational Therapy","Number",""
"HGO16C01","Number of Health Graduates","2017","2017","6","Caring, leisure and other service occupations","60","Pharmacy","Number",""
"HGO16C01","Number of Health Graduates","2017","2017","6","Caring, leisure and other service occupations","504","Physiotherapy","Number",""
"HGO16C01","Number of Health Graduates","2017","2017","6","Caring, leisure and other service occupations","402","Radiography and Radiation Therapy","Number",""
"HGO16C01","Number of Health Graduates","2017","2017","6","Caring, leisure and other service occupations","702","Social Care","Number","393"
"HGO16C01","Number of Health Graduates","2017","2017","6","Caring, leisure and other service occupations","701","Social Work","Number","3"
"HGO16C01","Number of Health Graduates","2017","2017","6","Caring, leisure and other service occupations","10","Speech and Language Therapy","Number",""
"HGO16C01","Number of Health Graduates","2017","2017","6","Caring, leisure and other service occupations","V52","Dietetics, Optometry and Podiatry","Number",""
"HGO16C01","Number of Health Graduates","2017","2017","7","Sales and customer service occupations","201","Dentistry","Number",""
"HGO16C01","Number of Health Graduates","2017","2017","7","Sales and customer service occupations","401","Medical Science","Number",""
"HGO16C01","Number of Health Graduates","2017","2017","7","Sales and customer service occupations","202","Medicine","Number",""
"HGO16C01","Number of Health Graduates","2017","2017","7","Sales and customer service occupations","30","Nursing and Midwifery","Number",""
"HGO16C01","Number of Health Graduates","2017","2017","7","Sales and customer service occupations","501","Occupational Therapy","Number",""
"HGO16C01","Number of Health Graduates","2017","2017","7","Sales and customer service occupations","60","Pharmacy","Number",""
"HGO16C01","Number of Health Graduates","2017","2017","7","Sales and customer service occupations","504","Physiotherapy","Number",""
"HGO16C01","Number of Health Graduates","2017","2017","7","Sales and customer service occupations","402","Radiography and Radiation Therapy","Number",""
"HGO16C01","Number of Health Graduates","2017","2017","7","Sales and customer service occupations","702","Social Care","Number","12"
"HGO16C01","Number of Health Graduates","2017","2017","7","Sales and customer service occupations","701","Social Work","Number",""
"HGO16C01","Number of Health Graduates","2017","2017","7","Sales and customer service occupations","10","Speech and Language Therapy","Number",""
"HGO16C01","Number of Health Graduates","2017","2017","7","Sales and customer service occupations","V52","Dietetics, Optometry and Podiatry","Number",""
"HGO16C01","Number of Health Graduates","2017","2017","8","Process, plant and machine operatives","201","Dentistry","Number",""
"HGO16C01","Number of Health Graduates","2017","2017","8","Process, plant and machine operatives","401","Medical Science","Number",""
"HGO16C01","Number of Health Graduates","2017","2017","8","Process, plant and machine operatives","202","Medicine","Number",""
"HGO16C01","Number of Health Graduates","2017","2017","8","Process, plant and machine operatives","30","Nursing and Midwifery","Number","3"
"HGO16C01","Number of Health Graduates","2017","2017","8","Process, plant and machine operatives","501","Occupational Therapy","Number",""
"HGO16C01","Number of Health Graduates","2017","2017","8","Process, plant and machine operatives","60","Pharmacy","Number",""
"HGO16C01","Number of Health Graduates","2017","2017","8","Process, plant and machine operatives","504","Physiotherapy","Number",""
"HGO16C01","Number of Health Graduates","2017","2017","8","Process, plant and machine operatives","402","Radiography and Radiation Therapy","Number",""
"HGO16C01","Number of Health Graduates","2017","2017","8","Process, plant and machine operatives","702","Social Care","Number","6"
"HGO16C01","Number of Health Graduates","2017","2017","8","Process, plant and machine operatives","701","Social Work","Number",""
"HGO16C01","Number of Health Graduates","2017","2017","8","Process, plant and machine operatives","10","Speech and Language Therapy","Number",""
"HGO16C01","Number of Health Graduates","2017","2017","8","Process, plant and machine operatives","V52","Dietetics, Optometry and Podiatry","Number",""
"HGO16C01","Number of Health Graduates","2017","2017","9","Elementary occupations","201","Dentistry","Number",""
"HGO16C01","Number of Health Graduates","2017","2017","9","Elementary occupations","401","Medical Science","Number",""
"HGO16C01","Number of Health Graduates","2017","2017","9","Elementary occupations","202","Medicine","Number",""
"HGO16C01","Number of Health Graduates","2017","2017","9","Elementary occupations","30","Nursing and Midwifery","Number",""
"HGO16C01","Number of Health Graduates","2017","2017","9","Elementary occupations","501","Occupational Therapy","Number",""
"HGO16C01","Number of Health Graduates","2017","2017","9","Elementary occupations","60","Pharmacy","Number",""
"HGO16C01","Number of Health Graduates","2017","2017","9","Elementary occupations","504","Physiotherapy","Number",""
"HGO16C01","Number of Health Graduates","2017","2017","9","Elementary occupations","402","Radiography and Radiation Therapy","Number",""
"HGO16C01","Number of Health Graduates","2017","2017","9","Elementary occupations","702","Social Care","Number","6"
"HGO16C01","Number of Health Graduates","2017","2017","9","Elementary occupations","701","Social Work","Number",""
"HGO16C01","Number of Health Graduates","2017","2017","9","Elementary occupations","10","Speech and Language Therapy","Number",""
"HGO16C01","Number of Health Graduates","2017","2017","9","Elementary occupations","V52","Dietetics, Optometry and Podiatry","Number",""
"HGO16C01","Number of Health Graduates","2017","2017","21","Science, research, engineering and technology professionals","201","Dentistry","Number",""
"HGO16C01","Number of Health Graduates","2017","2017","21","Science, research, engineering and technology professionals","401","Medical Science","Number","36"
"HGO16C01","Number of Health Graduates","2017","2017","21","Science, research, engineering and technology professionals","202","Medicine","Number","3"
"HGO16C01","Number of Health Graduates","2017","2017","21","Science, research, engineering and technology professionals","30","Nursing and Midwifery","Number","3"
"HGO16C01","Number of Health Graduates","2017","2017","21","Science, research, engineering and technology professionals","501","Occupational Therapy","Number",""
"HGO16C01","Number of Health Graduates","2017","2017","21","Science, research, engineering and technology professionals","60","Pharmacy","Number",""
"HGO16C01","Number of Health Graduates","2017","2017","21","Science, research, engineering and technology professionals","504","Physiotherapy","Number",""
"HGO16C01","Number of Health Graduates","2017","2017","21","Science, research, engineering and technology professionals","402","Radiography and Radiation Therapy","Number",""
"HGO16C01","Number of Health Graduates","2017","2017","21","Science, research, engineering and technology professionals","702","Social Care","Number",""
"HGO16C01","Number of Health Graduates","2017","2017","21","Science, research, engineering and technology professionals","701","Social Work","Number",""
"HGO16C01","Number of Health Graduates","2017","2017","21","Science, research, engineering and technology professionals","10","Speech and Language Therapy","Number",""
"HGO16C01","Number of Health Graduates","2017","2017","21","Science, research, engineering and technology professionals","V52","Dietetics, Optometry and Podiatry","Number",""
"HGO16C01","Number of Health Graduates","2017","2017","23","Teaching and educational professionals","201","Dentistry","Number",""
"HGO16C01","Number of Health Graduates","2017","2017","23","Teaching and educational professionals","401","Medical Science","Number",""
"HGO16C01","Number of Health Graduates","2017","2017","23","Teaching and educational professionals","202","Medicine","Number",""
"HGO16C01","Number of Health Graduates","2017","2017","23","Teaching and educational professionals","30","Nursing and Midwifery","Number","12"
"HGO16C01","Number of Health Graduates","2017","2017","23","Teaching and educational professionals","501","Occupational Therapy","Number",""
"HGO16C01","Number of Health Graduates","2017","2017","23","Teaching and educational professionals","60","Pharmacy","Number",""
"HGO16C01","Number of Health Graduates","2017","2017","23","Teaching and educational professionals","504","Physiotherapy","Number",""
"HGO16C01","Number of Health Graduates","2017","2017","23","Teaching and educational professionals","402","Radiography and Radiation Therapy","Number",""
"HGO16C01","Number of Health Graduates","2017","2017","23","Teaching and educational professionals","702","Social Care","Number","21"
"HGO16C01","Number of Health Graduates","2017","2017","23","Teaching and educational professionals","701","Social Work","Number",""
"HGO16C01","Number of Health Graduates","2017","2017","23","Teaching and educational professionals","10","Speech and Language Therapy","Number",""
"HGO16C01","Number of Health Graduates","2017","2017","23","Teaching and educational professionals","V52","Dietetics, Optometry and Podiatry","Number",""
"HGO16C01","Number of Health Graduates","2017","2017","24","Business, media and public service professionals","201","Dentistry","Number",""
"HGO16C01","Number of Health Graduates","2017","2017","24","Business, media and public service professionals","401","Medical Science","Number",""
"HGO16C01","Number of Health Graduates","2017","2017","24","Business, media and public service professionals","202","Medicine","Number","3"
"HGO16C01","Number of Health Graduates","2017","2017","24","Business, media and public service professionals","30","Nursing and Midwifery","Number","6"
"HGO16C01","Number of Health Graduates","2017","2017","24","Business, media and public service professionals","501","Occupational Therapy","Number","3"
"HGO16C01","Number of Health Graduates","2017","2017","24","Business, media and public service professionals","60","Pharmacy","Number",""
"HGO16C01","Number of Health Graduates","2017","2017","24","Business, media and public service professionals","504","Physiotherapy","Number","3"
"HGO16C01","Number of Health Graduates","2017","2017","24","Business, media and public service professionals","402","Radiography and Radiation Therapy","Number",""
"HGO16C01","Number of Health Graduates","2017","2017","24","Business, media and public service professionals","702","Social Care","Number","51"
"HGO16C01","Number of Health Graduates","2017","2017","24","Business, media and public service professionals","701","Social Work","Number","105"
"HGO16C01","Number of Health Graduates","2017","2017","24","Business, media and public service professionals","10","Speech and Language Therapy","Number",""
"HGO16C01","Number of Health Graduates","2017","2017","24","Business, media and public service professionals","V52","Dietetics, Optometry and Podiatry","Number",""
"HGO16C01","Number of Health Graduates","2017","2017","2211","Medical practitioners","201","Dentistry","Number",""
"HGO16C01","Number of Health Graduates","2017","2017","2211","Medical practitioners","401","Medical Science","Number","6"
"HGO16C01","Number of Health Graduates","2017","2017","2211","Medical practitioners","202","Medicine","Number","414"
"HGO16C01","Number of Health Graduates","2017","2017","2211","Medical practitioners","30","Nursing and Midwifery","Number",""
"HGO16C01","Number of Health Graduates","2017","2017","2211","Medical practitioners","501","Occupational Therapy","Number",""
"HGO16C01","Number of Health Graduates","2017","2017","2211","Medical practitioners","60","Pharmacy","Number",""
"HGO16C01","Number of Health Graduates","2017","2017","2211","Medical practitioners","504","Physiotherapy","Number","3"
"HGO16C01","Number of Health Graduates","2017","2017","2211","Medical practitioners","402","Radiography and Radiation Therapy","Number",""
"HGO16C01","Number of Health Graduates","2017","2017","2211","Medical practitioners","702","Social Care","Number",""
"HGO16C01","Number of Health Graduates","2017","2017","2211","Medical practitioners","701","Social Work","Number",""
"HGO16C01","Number of Health Graduates","2017","2017","2211","Medical practitioners","10","Speech and Language Therapy","Number",""
"HGO16C01","Number of Health Graduates","2017","2017","2211","Medical practitioners","V52","Dietetics, Optometry and Podiatry","Number",""
"HGO16C01","Number of Health Graduates","2017","2017","2212","Psychologists","201","Dentistry","Number",""
"HGO16C01","Number of Health Graduates","2017","2017","2212","Psychologists","401","Medical Science","Number",""
"HGO16C01","Number of Health Graduates","2017","2017","2212","Psychologists","202","Medicine","Number",""
"HGO16C01","Number of Health Graduates","2017","2017","2212","Psychologists","30","Nursing and Midwifery","Number",""
"HGO16C01","Number of Health Graduates","2017","2017","2212","Psychologists","501","Occupational Therapy","Number",""
"HGO16C01","Number of Health Graduates","2017","2017","2212","Psychologists","60","Pharmacy","Number",""
"HGO16C01","Number of Health Graduates","2017","2017","2212","Psychologists","504","Physiotherapy","Number",""
"HGO16C01","Number of Health Graduates","2017","2017","2212","Psychologists","402","Radiography and Radiation Therapy","Number",""
"HGO16C01","Number of Health Graduates","2017","2017","2212","Psychologists","702","Social Care","Number",""
"HGO16C01","Number of Health Graduates","2017","2017","2212","Psychologists","701","Social Work","Number",""
"HGO16C01","Number of Health Graduates","2017","2017","2212","Psychologists","10","Speech and Language Therapy","Number",""
"HGO16C01","Number of Health Graduates","2017","2017","2212","Psychologists","V52","Dietetics, Optometry and Podiatry","Number",""
"HGO16C01","Number of Health Graduates","2017","2017","2213","Pharmacists","201","Dentistry","Number",""
"HGO16C01","Number of Health Graduates","2017","2017","2213","Pharmacists","401","Medical Science","Number",""
"HGO16C01","Number of Health Graduates","2017","2017","2213","Pharmacists","202","Medicine","Number",""
"HGO16C01","Number of Health Graduates","2017","2017","2213","Pharmacists","30","Nursing and Midwifery","Number",""
"HGO16C01","Number of Health Graduates","2017","2017","2213","Pharmacists","501","Occupational Therapy","Number",""
"HGO16C01","Number of Health Graduates","2017","2017","2213","Pharmacists","60","Pharmacy","Number",""
"HGO16C01","Number of Health Graduates","2017","2017","2213","Pharmacists","504","Physiotherapy","Number",""
"HGO16C01","Number of Health Graduates","2017","2017","2213","Pharmacists","402","Radiography and Radiation Therapy","Number",""
"HGO16C01","Number of Health Graduates","2017","2017","2213","Pharmacists","702","Social Care","Number",""
"HGO16C01","Number of Health Graduates","2017","2017","2213","Pharmacists","701","Social Work","Number",""
"HGO16C01","Number of Health Graduates","2017","2017","2213","Pharmacists","10","Speech and Language Therapy","Number",""
"HGO16C01","Number of Health Graduates","2017","2017","2213","Pharmacists","V52","Dietetics, Optometry and Podiatry","Number",""
"HGO16C01","Number of Health Graduates","2017","2017","2214","Ophthalmic opticians","201","Dentistry","Number",""
"HGO16C01","Number of Health Graduates","2017","2017","2214","Ophthalmic opticians","401","Medical Science","Number",""
"HGO16C01","Number of Health Graduates","2017","2017","2214","Ophthalmic opticians","202","Medicine","Number",""
"HGO16C01","Number of Health Graduates","2017","2017","2214","Ophthalmic opticians","30","Nursing and Midwifery","Number",""
"HGO16C01","Number of Health Graduates","2017","2017","2214","Ophthalmic opticians","501","Occupational Therapy","Number",""
"HGO16C01","Number of Health Graduates","2017","2017","2214","Ophthalmic opticians","60","Pharmacy","Number",""
"HGO16C01","Number of Health Graduates","2017","2017","2214","Ophthalmic opticians","504","Physiotherapy","Number",""
"HGO16C01","Number of Health Graduates","2017","2017","2214","Ophthalmic opticians","402","Radiography and Radiation Therapy","Number",""
"HGO16C01","Number of Health Graduates","2017","2017","2214","Ophthalmic opticians","702","Social Care","Number",""
"HGO16C01","Number of Health Graduates","2017","2017","2214","Ophthalmic opticians","701","Social Work","Number",""
"HGO16C01","Number of Health Graduates","2017","2017","2214","Ophthalmic opticians","10","Speech and Language Therapy","Number",""
"HGO16C01","Number of Health Graduates","2017","2017","2214","Ophthalmic opticians","V52","Dietetics, Optometry and Podiatry","Number","9"
"HGO16C01","Number of Health Graduates","2017","2017","2215","Dental practitioners","201","Dentistry","Number","24"
"HGO16C01","Number of Health Graduates","2017","2017","2215","Dental practitioners","401","Medical Science","Number",""
"HGO16C01","Number of Health Graduates","2017","2017","2215","Dental practitioners","202","Medicine","Number",""
"HGO16C01","Number of Health Graduates","2017","2017","2215","Dental practitioners","30","Nursing and Midwifery","Number",""
"HGO16C01","Number of Health Graduates","2017","2017","2215","Dental practitioners","501","Occupational Therapy","Number",""
"HGO16C01","Number of Health Graduates","2017","2017","2215","Dental practitioners","60","Pharmacy","Number",""
"HGO16C01","Number of Health Graduates","2017","2017","2215","Dental practitioners","504","Physiotherapy","Number",""
"HGO16C01","Number of Health Graduates","2017","2017","2215","Dental practitioners","402","Radiography and Radiation Therapy","Number",""
"HGO16C01","Number of Health Graduates","2017","2017","2215","Dental practitioners","702","Social Care","Number",""
"HGO16C01","Number of Health Graduates","2017","2017","2215","Dental practitioners","701","Social Work","Number",""
"HGO16C01","Number of Health Graduates","2017","2017","2215","Dental practitioners","10","Speech and Language Therapy","Number",""
"HGO16C01","Number of Health Graduates","2017","2017","2215","Dental practitioners","V52","Dietetics, Optometry and Podiatry","Number",""
"HGO16C01","Number of Health Graduates","2017","2017","2216","Veterinarians","201","Dentistry","Number",""
"HGO16C01","Number of Health Graduates","2017","2017","2216","Veterinarians","401","Medical Science","Number",""
"HGO16C01","Number of Health Graduates","2017","2017","2216","Veterinarians","202","Medicine","Number",""
"HGO16C01","Number of Health Graduates","2017","2017","2216","Veterinarians","30","Nursing and Midwifery","Number",""
"HGO16C01","Number of Health Graduates","2017","2017","2216","Veterinarians","501","Occupational Therapy","Number",""
"HGO16C01","Number of Health Graduates","2017","2017","2216","Veterinarians","60","Pharmacy","Number",""
"HGO16C01","Number of Health Graduates","2017","2017","2216","Veterinarians","504","Physiotherapy","Number",""
"HGO16C01","Number of Health Graduates","2017","2017","2216","Veterinarians","402","Radiography and Radiation Therapy","Number",""
"HGO16C01","Number of Health Graduates","2017","2017","2216","Veterinarians","702","Social Care","Number",""
"HGO16C01","Number of Health Graduates","2017","2017","2216","Veterinarians","701","Social Work","Number",""
"HGO16C01","Number of Health Graduates","2017","2017","2216","Veterinarians","10","Speech and Language Therapy","Number",""
"HGO16C01","Number of Health Graduates","2017","2017","2216","Veterinarians","V52","Dietetics, Optometry and Podiatry","Number",""
"HGO16C01","Number of Health Graduates","2017","2017","2217","Medical radiographers","201","Dentistry","Number",""
"HGO16C01","Number of Health Graduates","2017","2017","2217","Medical radiographers","401","Medical Science","Number",""
"HGO16C01","Number of Health Graduates","2017","2017","2217","Medical radiographers","202","Medicine","Number",""
"HGO16C01","Number of Health Graduates","2017","2017","2217","Medical radiographers","30","Nursing and Midwifery","Number","3"
"HGO16C01","Number of Health Graduates","2017","2017","2217","Medical radiographers","501","Occupational Therapy","Number",""
"HGO16C01","Number of Health Graduates","2017","2017","2217","Medical radiographers","60","Pharmacy","Number",""
"HGO16C01","Number of Health Graduates","2017","2017","2217","Medical radiographers","504","Physiotherapy","Number",""
"HGO16C01","Number of Health Graduates","2017","2017","2217","Medical radiographers","402","Radiography and Radiation Therapy","Number","36"
"HGO16C01","Number of Health Graduates","2017","2017","2217","Medical radiographers","702","Social Care","Number",""
"HGO16C01","Number of Health Graduates","2017","2017","2217","Medical radiographers","701","Social Work","Number",""
"HGO16C01","Number of Health Graduates","2017","2017","2217","Medical radiographers","10","Speech and Language Therapy","Number",""
"HGO16C01","Number of Health Graduates","2017","2017","2217","Medical radiographers","V52","Dietetics, Optometry and Podiatry","Number",""
"HGO16C01","Number of Health Graduates","2017","2017","2218","Podiatrists","201","Dentistry","Number",""
"HGO16C01","Number of Health Graduates","2017","2017","2218","Podiatrists","401","Medical Science","Number",""
"HGO16C01","Number of Health Graduates","2017","2017","2218","Podiatrists","202","Medicine","Number",""
"HGO16C01","Number of Health Graduates","2017","2017","2218","Podiatrists","30","Nursing and Midwifery","Number",""
"HGO16C01","Number of Health Graduates","2017","2017","2218","Podiatrists","501","Occupational Therapy","Number",""
"HGO16C01","Number of Health Graduates","2017","2017","2218","Podiatrists","60","Pharmacy","Number",""
"HGO16C01","Number of Health Graduates","2017","2017","2218","Podiatrists","504","Physiotherapy","Number",""
"HGO16C01","Number of Health Graduates","2017","2017","2218","Podiatrists","402","Radiography and Radiation Therapy","Number",""
"HGO16C01","Number of Health Graduates","2017","2017","2218","Podiatrists","702","Social Care","Number",""
"HGO16C01","Number of Health Graduates","2017","2017","2218","Podiatrists","701","Social Work","Number",""
"HGO16C01","Number of Health Graduates","2017","2017","2218","Podiatrists","10","Speech and Language Therapy","Number",""
"HGO16C01","Number of Health Graduates","2017","2017","2218","Podiatrists","V52","Dietetics, Optometry and Podiatry","Number","15"
"HGO16C01","Number of Health Graduates","2017","2017","2219","Health professionals n.e.c.","201","Dentistry","Number",""
"HGO16C01","Number of Health Graduates","2017","2017","2219","Health professionals n.e.c.","401","Medical Science","Number",""
"HGO16C01","Number of Health Graduates","2017","2017","2219","Health professionals n.e.c.","202","Medicine","Number",""
"HGO16C01","Number of Health Graduates","2017","2017","2219","Health professionals n.e.c.","30","Nursing and Midwifery","Number",""
"HGO16C01","Number of Health Graduates","2017","2017","2219","Health professionals n.e.c.","501","Occupational Therapy","Number",""
"HGO16C01","Number of Health Graduates","2017","2017","2219","Health professionals n.e.c.","60","Pharmacy","Number",""
"HGO16C01","Number of Health Graduates","2017","2017","2219","Health professionals n.e.c.","504","Physiotherapy","Number",""
"HGO16C01","Number of Health Graduates","2017","2017","2219","Health professionals n.e.c.","402","Radiography and Radiation Therapy","Number",""
"HGO16C01","Number of Health Graduates","2017","2017","2219","Health professionals n.e.c.","702","Social Care","Number",""
"HGO16C01","Number of Health Graduates","2017","2017","2219","Health professionals n.e.c.","701","Social Work","Number",""
"HGO16C01","Number of Health Graduates","2017","2017","2219","Health professionals n.e.c.","10","Speech and Language Therapy","Number",""
"HGO16C01","Number of Health Graduates","2017","2017","2219","Health professionals n.e.c.","V52","Dietetics, Optometry and Podiatry","Number","12"
"HGO16C01","Number of Health Graduates","2017","2017","2221","Physiotherapists","201","Dentistry","Number",""
"HGO16C01","Number of Health Graduates","2017","2017","2221","Physiotherapists","401","Medical Science","Number",""
"HGO16C01","Number of Health Graduates","2017","2017","2221","Physiotherapists","202","Medicine","Number",""
"HGO16C01","Number of Health Graduates","2017","2017","2221","Physiotherapists","30","Nursing and Midwifery","Number",""
"HGO16C01","Number of Health Graduates","2017","2017","2221","Physiotherapists","501","Occupational Therapy","Number",""
"HGO16C01","Number of Health Graduates","2017","2017","2221","Physiotherapists","60","Pharmacy","Number",""
"HGO16C01","Number of Health Graduates","2017","2017","2221","Physiotherapists","504","Physiotherapy","Number","66"
"HGO16C01","Number of Health Graduates","2017","2017","2221","Physiotherapists","402","Radiography and Radiation Therapy","Number",""
"HGO16C01","Number of Health Graduates","2017","2017","2221","Physiotherapists","702","Social Care","Number",""
"HGO16C01","Number of Health Graduates","2017","2017","2221","Physiotherapists","701","Social Work","Number",""
"HGO16C01","Number of Health Graduates","2017","2017","2221","Physiotherapists","10","Speech and Language Therapy","Number",""
"HGO16C01","Number of Health Graduates","2017","2017","2221","Physiotherapists","V52","Dietetics, Optometry and Podiatry","Number",""
"HGO16C01","Number of Health Graduates","2017","2017","2222","Occupational therapists","201","Dentistry","Number",""
"HGO16C01","Number of Health Graduates","2017","2017","2222","Occupational therapists","401","Medical Science","Number",""
"HGO16C01","Number of Health Graduates","2017","2017","2222","Occupational therapists","202","Medicine","Number",""
"HGO16C01","Number of Health Graduates","2017","2017","2222","Occupational therapists","30","Nursing and Midwifery","Number",""
"HGO16C01","Number of Health Graduates","2017","2017","2222","Occupational therapists","501","Occupational Therapy","Number","57"
"HGO16C01","Number of Health Graduates","2017","2017","2222","Occupational therapists","60","Pharmacy","Number",""
"HGO16C01","Number of Health Graduates","2017","2017","2222","Occupational therapists","504","Physiotherapy","Number",""
"HGO16C01","Number of Health Graduates","2017","2017","2222","Occupational therapists","402","Radiography and Radiation Therapy","Number",""
"HGO16C01","Number of Health Graduates","2017","2017","2222","Occupational therapists","702","Social Care","Number",""
"HGO16C01","Number of Health Graduates","2017","2017","2222","Occupational therapists","701","Social Work","Number",""
"HGO16C01","Number of Health Graduates","2017","2017","2222","Occupational therapists","10","Speech and Language Therapy","Number",""
"HGO16C01","Number of Health Graduates","2017","2017","2222","Occupational therapists","V52","Dietetics, Optometry and Podiatry","Number",""
"HGO16C01","Number of Health Graduates","2017","2017","2223","Speech and language therapists","201","Dentistry","Number",""
"HGO16C01","Number of Health Graduates","2017","2017","2223","Speech and language therapists","401","Medical Science","Number",""
"HGO16C01","Number of Health Graduates","2017","2017","2223","Speech and language therapists","202","Medicine","Number",""
"HGO16C01","Number of Health Graduates","2017","2017","2223","Speech and language therapists","30","Nursing and Midwifery","Number",""
"HGO16C01","Number of Health Graduates","2017","2017","2223","Speech and language therapists","501","Occupational Therapy","Number",""
"HGO16C01","Number of Health Graduates","2017","2017","2223","Speech and language therapists","60","Pharmacy","Number",""
"HGO16C01","Number of Health Graduates","2017","2017","2223","Speech and language therapists","504","Physiotherapy","Number",""
"HGO16C01","Number of Health Graduates","2017","2017","2223","Speech and language therapists","402","Radiography and Radiation Therapy","Number",""
"HGO16C01","Number of Health Graduates","2017","2017","2223","Speech and language therapists","702","Social Care","Number",""
"HGO16C01","Number of Health Graduates","2017","2017","2223","Speech and language therapists","701","Social Work","Number",""
"HGO16C01","Number of Health Graduates","2017","2017","2223","Speech and language therapists","10","Speech and Language Therapy","Number","69"
"HGO16C01","Number of Health Graduates","2017","2017","2223","Speech and language therapists","V52","Dietetics, Optometry and Podiatry","Number",""
"HGO16C01","Number of Health Graduates","2017","2017","2229","Therapy professionals n.e.c.","201","Dentistry","Number",""
"HGO16C01","Number of Health Graduates","2017","2017","2229","Therapy professionals n.e.c.","401","Medical Science","Number",""
"HGO16C01","Number of Health Graduates","2017","2017","2229","Therapy professionals n.e.c.","202","Medicine","Number",""
"HGO16C01","Number of Health Graduates","2017","2017","2229","Therapy professionals n.e.c.","30","Nursing and Midwifery","Number",""
"HGO16C01","Number of Health Graduates","2017","2017","2229","Therapy professionals n.e.c.","501","Occupational Therapy","Number",""
"HGO16C01","Number of Health Graduates","2017","2017","2229","Therapy professionals n.e.c.","60","Pharmacy","Number",""
"HGO16C01","Number of Health Graduates","2017","2017","2229","Therapy professionals n.e.c.","504","Physiotherapy","Number",""
"HGO16C01","Number of Health Graduates","2017","2017","2229","Therapy professionals n.e.c.","402","Radiography and Radiation Therapy","Number",""
"HGO16C01","Number of Health Graduates","2017","2017","2229","Therapy professionals n.e.c.","702","Social Care","Number",""
"HGO16C01","Number of Health Graduates","2017","2017","2229","Therapy professionals n.e.c.","701","Social Work","Number",""
"HGO16C01","Number of Health Graduates","2017","2017","2229","Therapy professionals n.e.c.","10","Speech and Language Therapy","Number",""
"HGO16C01","Number of Health Graduates","2017","2017","2229","Therapy professionals n.e.c.","V52","Dietetics, Optometry and Podiatry","Number",""
"HGO16C01","Number of Health Graduates","2017","2017","X13","Nurses and midwives","201","Dentistry","Number",""
"HGO16C01","Number of Health Graduates","2017","2017","X13","Nurses and midwives","401","Medical Science","Number",""
"HGO16C01","Number of Health Graduates","2017","2017","X13","Nurses and midwives","202","Medicine","Number","3"
"HGO16C01","Number of Health Graduates","2017","2017","X13","Nurses and midwives","30","Nursing and Midwifery","Number","771"
"HGO16C01","Number of Health Graduates","2017","2017","X13","Nurses and midwives","501","Occupational Therapy","Number","3"
"HGO16C01","Number of Health Graduates","2017","2017","X13","Nurses and midwives","60","Pharmacy","Number",""
"HGO16C01","Number of Health Graduates","2017","2017","X13","Nurses and midwives","504","Physiotherapy","Number",""
"HGO16C01","Number of Health Graduates","2017","2017","X13","Nurses and midwives","402","Radiography and Radiation Therapy","Number",""
"HGO16C01","Number of Health Graduates","2017","2017","X13","Nurses and midwives","702","Social Care","Number",""
"HGO16C01","Number of Health Graduates","2017","2017","X13","Nurses and midwives","701","Social Work","Number",""
"HGO16C01","Number of Health Graduates","2017","2017","X13","Nurses and midwives","10","Speech and Language Therapy","Number",""
"HGO16C01","Number of Health Graduates","2017","2017","X13","Nurses and midwives","V52","Dietetics, Optometry and Podiatry","Number",""
"HGO16C01","Number of Health Graduates","2017","2017","-","All occupational groups","201","Dentistry","Number","24"
"HGO16C01","Number of Health Graduates","2017","2017","-","All occupational groups","401","Medical Science","Number","48"
"HGO16C01","Number of Health Graduates","2017","2017","-","All occupational groups","202","Medicine","Number","429"
"HGO16C01","Number of Health Graduates","2017","2017","-","All occupational groups","30","Nursing and Midwifery","Number","834"
"HGO16C01","Number of Health Graduates","2017","2017","-","All occupational groups","501","Occupational Therapy","Number","66"
"HGO16C01","Number of Health Graduates","2017","2017","-","All occupational groups","60","Pharmacy","Number",""
"HGO16C01","Number of Health Graduates","2017","2017","-","All occupational groups","504","Physiotherapy","Number","75"
"HGO16C01","Number of Health Graduates","2017","2017","-","All occupational groups","402","Radiography and Radiation Therapy","Number","39"
"HGO16C01","Number of Health Graduates","2017","2017","-","All occupational groups","702","Social Care","Number","672"
"HGO16C01","Number of Health Graduates","2017","2017","-","All occupational groups","701","Social Work","Number","117"
"HGO16C01","Number of Health Graduates","2017","2017","-","All occupational groups","10","Speech and Language Therapy","Number","75"
"HGO16C01","Number of Health Graduates","2017","2017","-","All occupational groups","V52","Dietetics, Optometry and Podiatry","Number","39"
"HGO16C01","Number of Health Graduates","2018","2018","1","Managers, directors and senior officials","201","Dentistry","Number",""
"HGO16C01","Number of Health Graduates","2018","2018","1","Managers, directors and senior officials","401","Medical Science","Number",""
"HGO16C01","Number of Health Graduates","2018","2018","1","Managers, directors and senior officials","202","Medicine","Number",""
"HGO16C01","Number of Health Graduates","2018","2018","1","Managers, directors and senior officials","30","Nursing and Midwifery","Number",""
"HGO16C01","Number of Health Graduates","2018","2018","1","Managers, directors and senior officials","501","Occupational Therapy","Number",""
"HGO16C01","Number of Health Graduates","2018","2018","1","Managers, directors and senior officials","60","Pharmacy","Number",""
"HGO16C01","Number of Health Graduates","2018","2018","1","Managers, directors and senior officials","504","Physiotherapy","Number",""
"HGO16C01","Number of Health Graduates","2018","2018","1","Managers, directors and senior officials","402","Radiography and Radiation Therapy","Number",""
"HGO16C01","Number of Health Graduates","2018","2018","1","Managers, directors and senior officials","702","Social Care","Number","33"
"HGO16C01","Number of Health Graduates","2018","2018","1","Managers, directors and senior officials","701","Social Work","Number",""
"HGO16C01","Number of Health Graduates","2018","2018","1","Managers, directors and senior officials","10","Speech and Language Therapy","Number",""
"HGO16C01","Number of Health Graduates","2018","2018","1","Managers, directors and senior officials","V52","Dietetics, Optometry and Podiatry","Number",""
"HGO16C01","Number of Health Graduates","2018","2018","3","Associate professional and technical occupations","201","Dentistry","Number",""
"HGO16C01","Number of Health Graduates","2018","2018","3","Associate professional and technical occupations","401","Medical Science","Number",""
"HGO16C01","Number of Health Graduates","2018","2018","3","Associate professional and technical occupations","202","Medicine","Number",""
"HGO16C01","Number of Health Graduates","2018","2018","3","Associate professional and technical occupations","30","Nursing and Midwifery","Number","15"
"HGO16C01","Number of Health Graduates","2018","2018","3","Associate professional and technical occupations","501","Occupational Therapy","Number","3"
"HGO16C01","Number of Health Graduates","2018","2018","3","Associate professional and technical occupations","60","Pharmacy","Number",""
"HGO16C01","Number of Health Graduates","2018","2018","3","Associate professional and technical occupations","504","Physiotherapy","Number","3"
"HGO16C01","Number of Health Graduates","2018","2018","3","Associate professional and technical occupations","402","Radiography and Radiation Therapy","Number",""
"HGO16C01","Number of Health Graduates","2018","2018","3","Associate professional and technical occupations","702","Social Care","Number","93"
"HGO16C01","Number of Health Graduates","2018","2018","3","Associate professional and technical occupations","701","Social Work","Number","3"
"HGO16C01","Number of Health Graduates","2018","2018","3","Associate professional and technical occupations","10","Speech and Language Therapy","Number",""
"HGO16C01","Number of Health Graduates","2018","2018","3","Associate professional and technical occupations","V52","Dietetics, Optometry and Podiatry","Number","3"
"HGO16C01","Number of Health Graduates","2018","2018","4","Administrative and secretarial occupations","201","Dentistry","Number",""
"HGO16C01","Number of Health Graduates","2018","2018","4","Administrative and secretarial occupations","401","Medical Science","Number",""
"HGO16C01","Number of Health Graduates","2018","2018","4","Administrative and secretarial occupations","202","Medicine","Number",""
"HGO16C01","Number of Health Graduates","2018","2018","4","Administrative and secretarial occupations","30","Nursing and Midwifery","Number","6"
"HGO16C01","Number of Health Graduates","2018","2018","4","Administrative and secretarial occupations","501","Occupational Therapy","Number",""
"HGO16C01","Number of Health Graduates","2018","2018","4","Administrative and secretarial occupations","60","Pharmacy","Number",""
"HGO16C01","Number of Health Graduates","2018","2018","4","Administrative and secretarial occupations","504","Physiotherapy","Number",""
"HGO16C01","Number of Health Graduates","2018","2018","4","Administrative and secretarial occupations","402","Radiography and Radiation Therapy","Number",""
"HGO16C01","Number of Health Graduates","2018","2018","4","Administrative and secretarial occupations","702","Social Care","Number","24"
"HGO16C01","Number of Health Graduates","2018","2018","4","Administrative and secretarial occupations","701","Social Work","Number","3"
"HGO16C01","Number of Health Graduates","2018","2018","4","Administrative and secretarial occupations","10","Speech and Language Therapy","Number",""
"HGO16C01","Number of Health Graduates","2018","2018","4","Administrative and secretarial occupations","V52","Dietetics, Optometry and Podiatry","Number",""
"HGO16C01","Number of Health Graduates","2018","2018","5","Skilled trades occupations","201","Dentistry","Number",""
"HGO16C01","Number of Health Graduates","2018","2018","5","Skilled trades occupations","401","Medical Science","Number",""
"HGO16C01","Number of Health Graduates","2018","2018","5","Skilled trades occupations","202","Medicine","Number",""
"HGO16C01","Number of Health Graduates","2018","2018","5","Skilled trades occupations","30","Nursing and Midwifery","Number",""
"HGO16C01","Number of Health Graduates","2018","2018","5","Skilled trades occupations","501","Occupational Therapy","Number",""
"HGO16C01","Number of Health Graduates","2018","2018","5","Skilled trades occupations","60","Pharmacy","Number",""
"HGO16C01","Number of Health Graduates","2018","2018","5","Skilled trades occupations","504","Physiotherapy","Number",""
"HGO16C01","Number of Health Graduates","2018","2018","5","Skilled trades occupations","402","Radiography and Radiation Therapy","Number",""
"HGO16C01","Number of Health Graduates","2018","2018","5","Skilled trades occupations","702","Social Care","Number",""
"HGO16C01","Number of Health Graduates","2018","2018","5","Skilled trades occupations","701","Social Work","Number",""
"HGO16C01","Number of Health Graduates","2018","2018","5","Skilled trades occupations","10","Speech and Language Therapy","Number",""
"HGO16C01","Number of Health Graduates","2018","2018","5","Skilled trades occupations","V52","Dietetics, Optometry and Podiatry","Number",""
"HGO16C01","Number of Health Graduates","2018","2018","6","Caring, leisure and other service occupations","201","Dentistry","Number",""
"HGO16C01","Number of Health Graduates","2018","2018","6","Caring, leisure and other service occupations","401","Medical Science","Number",""
"HGO16C01","Number of Health Graduates","2018","2018","6","Caring, leisure and other service occupations","202","Medicine","Number",""
"HGO16C01","Number of Health Graduates","2018","2018","6","Caring, leisure and other service occupations","30","Nursing and Midwifery","Number","6"
"HGO16C01","Number of Health Graduates","2018","2018","6","Caring, leisure and other service occupations","501","Occupational Therapy","Number",""
"HGO16C01","Number of Health Graduates","2018","2018","6","Caring, leisure and other service occupations","60","Pharmacy","Number",""
"HGO16C01","Number of Health Graduates","2018","2018","6","Caring, leisure and other service occupations","504","Physiotherapy","Number",""
"HGO16C01","Number of Health Graduates","2018","2018","6","Caring, leisure and other service occupations","402","Radiography and Radiation Therapy","Number","3"
"HGO16C01","Number of Health Graduates","2018","2018","6","Caring, leisure and other service occupations","702","Social Care","Number","414"
"HGO16C01","Number of Health Graduates","2018","2018","6","Caring, leisure and other service occupations","701","Social Work","Number","6"
"HGO16C01","Number of Health Graduates","2018","2018","6","Caring, leisure and other service occupations","10","Speech and Language Therapy","Number",""
"HGO16C01","Number of Health Graduates","2018","2018","6","Caring, leisure and other service occupations","V52","Dietetics, Optometry and Podiatry","Number",""
"HGO16C01","Number of Health Graduates","2018","2018","7","Sales and customer service occupations","201","Dentistry","Number",""
"HGO16C01","Number of Health Graduates","2018","2018","7","Sales and customer service occupations","401","Medical Science","Number",""
"HGO16C01","Number of Health Graduates","2018","2018","7","Sales and customer service occupations","202","Medicine","Number",""
"HGO16C01","Number of Health Graduates","2018","2018","7","Sales and customer service occupations","30","Nursing and Midwifery","Number","3"
"HGO16C01","Number of Health Graduates","2018","2018","7","Sales and customer service occupations","501","Occupational Therapy","Number",""
"HGO16C01","Number of Health Graduates","2018","2018","7","Sales and customer service occupations","60","Pharmacy","Number",""
"HGO16C01","Number of Health Graduates","2018","2018","7","Sales and customer service occupations","504","Physiotherapy","Number",""
"HGO16C01","Number of Health Graduates","2018","2018","7","Sales and customer service occupations","402","Radiography and Radiation Therapy","Number",""
"HGO16C01","Number of Health Graduates","2018","2018","7","Sales and customer service occupations","702","Social Care","Number","15"
"HGO16C01","Number of Health Graduates","2018","2018","7","Sales and customer service occupations","701","Social Work","Number",""
"HGO16C01","Number of Health Graduates","2018","2018","7","Sales and customer service occupations","10","Speech and Language Therapy","Number",""
"HGO16C01","Number of Health Graduates","2018","2018","7","Sales and customer service occupations","V52","Dietetics, Optometry and Podiatry","Number",""
"HGO16C01","Number of Health Graduates","2018","2018","8","Process, plant and machine operatives","201","Dentistry","Number",""
"HGO16C01","Number of Health Graduates","2018","2018","8","Process, plant and machine operatives","401","Medical Science","Number",""
"HGO16C01","Number of Health Graduates","2018","2018","8","Process, plant and machine operatives","202","Medicine","Number",""
"HGO16C01","Number of Health Graduates","2018","2018","8","Process, plant and machine operatives","30","Nursing and Midwifery","Number",""
"HGO16C01","Number of Health Graduates","2018","2018","8","Process, plant and machine operatives","501","Occupational Therapy","Number",""
"HGO16C01","Number of Health Graduates","2018","2018","8","Process, plant and machine operatives","60","Pharmacy","Number",""
"HGO16C01","Number of Health Graduates","2018","2018","8","Process, plant and machine operatives","504","Physiotherapy","Number",""
"HGO16C01","Number of Health Graduates","2018","2018","8","Process, plant and machine operatives","402","Radiography and Radiation Therapy","Number",""
"HGO16C01","Number of Health Graduates","2018","2018","8","Process, plant and machine operatives","702","Social Care","Number","9"
"HGO16C01","Number of Health Graduates","2018","2018","8","Process, plant and machine operatives","701","Social Work","Number",""
"HGO16C01","Number of Health Graduates","2018","2018","8","Process, plant and machine operatives","10","Speech and Language Therapy","Number",""
"HGO16C01","Number of Health Graduates","2018","2018","8","Process, plant and machine operatives","V52","Dietetics, Optometry and Podiatry","Number",""
"HGO16C01","Number of Health Graduates","2018","2018","9","Elementary occupations","201","Dentistry","Number",""
"HGO16C01","Number of Health Graduates","2018","2018","9","Elementary occupations","401","Medical Science","Number",""
"HGO16C01","Number of Health Graduates","2018","2018","9","Elementary occupations","202","Medicine","Number",""
"HGO16C01","Number of Health Graduates","2018","2018","9","Elementary occupations","30","Nursing and Midwifery","Number",""
"HGO16C01","Number of Health Graduates","2018","2018","9","Elementary occupations","501","Occupational Therapy","Number",""
"HGO16C01","Number of Health Graduates","2018","2018","9","Elementary occupations","60","Pharmacy","Number",""
"HGO16C01","Number of Health Graduates","2018","2018","9","Elementary occupations","504","Physiotherapy","Number",""
"HGO16C01","Number of Health Graduates","2018","2018","9","Elementary occupations","402","Radiography and Radiation Therapy","Number",""
"HGO16C01","Number of Health Graduates","2018","2018","9","Elementary occupations","702","Social Care","Number","15"
"HGO16C01","Number of Health Graduates","2018","2018","9","Elementary occupations","701","Social Work","Number",""
"HGO16C01","Number of Health Graduates","2018","2018","9","Elementary occupations","10","Speech and Language Therapy","Number",""
"HGO16C01","Number of Health Graduates","2018","2018","9","Elementary occupations","V52","Dietetics, Optometry and Podiatry","Number",""
"HGO16C01","Number of Health Graduates","2018","2018","21","Science, research, engineering and technology professionals","201","Dentistry","Number",""
"HGO16C01","Number of Health Graduates","2018","2018","21","Science, research, engineering and technology professionals","401","Medical Science","Number","60"
"HGO16C01","Number of Health Graduates","2018","2018","21","Science, research, engineering and technology professionals","202","Medicine","Number",""
"HGO16C01","Number of Health Graduates","2018","2018","21","Science, research, engineering and technology professionals","30","Nursing and Midwifery","Number","3"
"HGO16C01","Number of Health Graduates","2018","2018","21","Science, research, engineering and technology professionals","501","Occupational Therapy","Number",""
"HGO16C01","Number of Health Graduates","2018","2018","21","Science, research, engineering and technology professionals","60","Pharmacy","Number",""
"HGO16C01","Number of Health Graduates","2018","2018","21","Science, research, engineering and technology professionals","504","Physiotherapy","Number",""
"HGO16C01","Number of Health Graduates","2018","2018","21","Science, research, engineering and technology professionals","402","Radiography and Radiation Therapy","Number",""
"HGO16C01","Number of Health Graduates","2018","2018","21","Science, research, engineering and technology professionals","702","Social Care","Number",""
"HGO16C01","Number of Health Graduates","2018","2018","21","Science, research, engineering and technology professionals","701","Social Work","Number",""
"HGO16C01","Number of Health Graduates","2018","2018","21","Science, research, engineering and technology professionals","10","Speech and Language Therapy","Number",""
"HGO16C01","Number of Health Graduates","2018","2018","21","Science, research, engineering and technology professionals","V52","Dietetics, Optometry and Podiatry","Number","3"
"HGO16C01","Number of Health Graduates","2018","2018","23","Teaching and educational professionals","201","Dentistry","Number",""
"HGO16C01","Number of Health Graduates","2018","2018","23","Teaching and educational professionals","401","Medical Science","Number",""
"HGO16C01","Number of Health Graduates","2018","2018","23","Teaching and educational professionals","202","Medicine","Number","3"
"HGO16C01","Number of Health Graduates","2018","2018","23","Teaching and educational professionals","30","Nursing and Midwifery","Number","6"
"HGO16C01","Number of Health Graduates","2018","2018","23","Teaching and educational professionals","501","Occupational Therapy","Number",""
"HGO16C01","Number of Health Graduates","2018","2018","23","Teaching and educational professionals","60","Pharmacy","Number",""
"HGO16C01","Number of Health Graduates","2018","2018","23","Teaching and educational professionals","504","Physiotherapy","Number",""
"HGO16C01","Number of Health Graduates","2018","2018","23","Teaching and educational professionals","402","Radiography and Radiation Therapy","Number",""
"HGO16C01","Number of Health Graduates","2018","2018","23","Teaching and educational professionals","702","Social Care","Number","18"
"HGO16C01","Number of Health Graduates","2018","2018","23","Teaching and educational professionals","701","Social Work","Number",""
"HGO16C01","Number of Health Graduates","2018","2018","23","Teaching and educational professionals","10","Speech and Language Therapy","Number",""
"HGO16C01","Number of Health Graduates","2018","2018","23","Teaching and educational professionals","V52","Dietetics, Optometry and Podiatry","Number",""
"HGO16C01","Number of Health Graduates","2018","2018","24","Business, media and public service professionals","201","Dentistry","Number",""
"HGO16C01","Number of Health Graduates","2018","2018","24","Business, media and public service professionals","401","Medical Science","Number",""
"HGO16C01","Number of Health Graduates","2018","2018","24","Business, media and public service professionals","202","Medicine","Number",""
"HGO16C01","Number of Health Graduates","2018","2018","24","Business, media and public service professionals","30","Nursing and Midwifery","Number","3"
"HGO16C01","Number of Health Graduates","2018","2018","24","Business, media and public service professionals","501","Occupational Therapy","Number",""
"HGO16C01","Number of Health Graduates","2018","2018","24","Business, media and public service professionals","60","Pharmacy","Number",""
"HGO16C01","Number of Health Graduates","2018","2018","24","Business, media and public service professionals","504","Physiotherapy","Number","3"
"HGO16C01","Number of Health Graduates","2018","2018","24","Business, media and public service professionals","402","Radiography and Radiation Therapy","Number","3"
"HGO16C01","Number of Health Graduates","2018","2018","24","Business, media and public service professionals","702","Social Care","Number","45"
"HGO16C01","Number of Health Graduates","2018","2018","24","Business, media and public service professionals","701","Social Work","Number","126"
"HGO16C01","Number of Health Graduates","2018","2018","24","Business, media and public service professionals","10","Speech and Language Therapy","Number",""
"HGO16C01","Number of Health Graduates","2018","2018","24","Business, media and public service professionals","V52","Dietetics, Optometry and Podiatry","Number",""
"HGO16C01","Number of Health Graduates","2018","2018","2211","Medical practitioners","201","Dentistry","Number","3"
"HGO16C01","Number of Health Graduates","2018","2018","2211","Medical practitioners","401","Medical Science","Number",""
"HGO16C01","Number of Health Graduates","2018","2018","2211","Medical practitioners","202","Medicine","Number","366"
"HGO16C01","Number of Health Graduates","2018","2018","2211","Medical practitioners","30","Nursing and Midwifery","Number","3"
"HGO16C01","Number of Health Graduates","2018","2018","2211","Medical practitioners","501","Occupational Therapy","Number",""
"HGO16C01","Number of Health Graduates","2018","2018","2211","Medical practitioners","60","Pharmacy","Number",""
"HGO16C01","Number of Health Graduates","2018","2018","2211","Medical practitioners","504","Physiotherapy","Number",""
"HGO16C01","Number of Health Graduates","2018","2018","2211","Medical practitioners","402","Radiography and Radiation Therapy","Number",""
"HGO16C01","Number of Health Graduates","2018","2018","2211","Medical practitioners","702","Social Care","Number",""
"HGO16C01","Number of Health Graduates","2018","2018","2211","Medical practitioners","701","Social Work","Number",""
"HGO16C01","Number of Health Graduates","2018","2018","2211","Medical practitioners","10","Speech and Language Therapy","Number",""
"HGO16C01","Number of Health Graduates","2018","2018","2211","Medical practitioners","V52","Dietetics, Optometry and Podiatry","Number",""
"HGO16C01","Number of Health Graduates","2018","2018","2212","Psychologists","201","Dentistry","Number",""
"HGO16C01","Number of Health Graduates","2018","2018","2212","Psychologists","401","Medical Science","Number",""
"HGO16C01","Number of Health Graduates","2018","2018","2212","Psychologists","202","Medicine","Number",""
"HGO16C01","Number of Health Graduates","2018","2018","2212","Psychologists","30","Nursing and Midwifery","Number",""
"HGO16C01","Number of Health Graduates","2018","2018","2212","Psychologists","501","Occupational Therapy","Number",""
"HGO16C01","Number of Health Graduates","2018","2018","2212","Psychologists","60","Pharmacy","Number",""
"HGO16C01","Number of Health Graduates","2018","2018","2212","Psychologists","504","Physiotherapy","Number",""
"HGO16C01","Number of Health Graduates","2018","2018","2212","Psychologists","402","Radiography and Radiation Therapy","Number",""
"HGO16C01","Number of Health Graduates","2018","2018","2212","Psychologists","702","Social Care","Number",""
"HGO16C01","Number of Health Graduates","2018","2018","2212","Psychologists","701","Social Work","Number",""
"HGO16C01","Number of Health Graduates","2018","2018","2212","Psychologists","10","Speech and Language Therapy","Number",""
"HGO16C01","Number of Health Graduates","2018","2018","2212","Psychologists","V52","Dietetics, Optometry and Podiatry","Number",""
"HGO16C01","Number of Health Graduates","2018","2018","2213","Pharmacists","201","Dentistry","Number",""
"HGO16C01","Number of Health Graduates","2018","2018","2213","Pharmacists","401","Medical Science","Number",""
"HGO16C01","Number of Health Graduates","2018","2018","2213","Pharmacists","202","Medicine","Number",""
"HGO16C01","Number of Health Graduates","2018","2018","2213","Pharmacists","30","Nursing and Midwifery","Number",""
"HGO16C01","Number of Health Graduates","2018","2018","2213","Pharmacists","501","Occupational Therapy","Number",""
"HGO16C01","Number of Health Graduates","2018","2018","2213","Pharmacists","60","Pharmacy","Number",""
"HGO16C01","Number of Health Graduates","2018","2018","2213","Pharmacists","504","Physiotherapy","Number",""
"HGO16C01","Number of Health Graduates","2018","2018","2213","Pharmacists","402","Radiography and Radiation Therapy","Number",""
"HGO16C01","Number of Health Graduates","2018","2018","2213","Pharmacists","702","Social Care","Number",""
"HGO16C01","Number of Health Graduates","2018","2018","2213","Pharmacists","701","Social Work","Number",""
"HGO16C01","Number of Health Graduates","2018","2018","2213","Pharmacists","10","Speech and Language Therapy","Number",""
"HGO16C01","Number of Health Graduates","2018","2018","2213","Pharmacists","V52","Dietetics, Optometry and Podiatry","Number",""
"HGO16C01","Number of Health Graduates","2018","2018","2214","Ophthalmic opticians","201","Dentistry","Number",""
"HGO16C01","Number of Health Graduates","2018","2018","2214","Ophthalmic opticians","401","Medical Science","Number",""
"HGO16C01","Number of Health Graduates","2018","2018","2214","Ophthalmic opticians","202","Medicine","Number",""
"HGO16C01","Number of Health Graduates","2018","2018","2214","Ophthalmic opticians","30","Nursing and Midwifery","Number",""
"HGO16C01","Number of Health Graduates","2018","2018","2214","Ophthalmic opticians","501","Occupational Therapy","Number",""
"HGO16C01","Number of Health Graduates","2018","2018","2214","Ophthalmic opticians","60","Pharmacy","Number",""
"HGO16C01","Number of Health Graduates","2018","2018","2214","Ophthalmic opticians","504","Physiotherapy","Number",""
"HGO16C01","Number of Health Graduates","2018","2018","2214","Ophthalmic opticians","402","Radiography and Radiation Therapy","Number",""
"HGO16C01","Number of Health Graduates","2018","2018","2214","Ophthalmic opticians","702","Social Care","Number",""
"HGO16C01","Number of Health Graduates","2018","2018","2214","Ophthalmic opticians","701","Social Work","Number",""
"HGO16C01","Number of Health Graduates","2018","2018","2214","Ophthalmic opticians","10","Speech and Language Therapy","Number",""
"HGO16C01","Number of Health Graduates","2018","2018","2214","Ophthalmic opticians","V52","Dietetics, Optometry and Podiatry","Number","15"
"HGO16C01","Number of Health Graduates","2018","2018","2215","Dental practitioners","201","Dentistry","Number","33"
"HGO16C01","Number of Health Graduates","2018","2018","2215","Dental practitioners","401","Medical Science","Number",""
"HGO16C01","Number of Health Graduates","2018","2018","2215","Dental practitioners","202","Medicine","Number",""
"HGO16C01","Number of Health Graduates","2018","2018","2215","Dental practitioners","30","Nursing and Midwifery","Number",""
"HGO16C01","Number of Health Graduates","2018","2018","2215","Dental practitioners","501","Occupational Therapy","Number",""
"HGO16C01","Number of Health Graduates","2018","2018","2215","Dental practitioners","60","Pharmacy","Number",""
"HGO16C01","Number of Health Graduates","2018","2018","2215","Dental practitioners","504","Physiotherapy","Number",""
"HGO16C01","Number of Health Graduates","2018","2018","2215","Dental practitioners","402","Radiography and Radiation Therapy","Number",""
"HGO16C01","Number of Health Graduates","2018","2018","2215","Dental practitioners","702","Social Care","Number",""
"HGO16C01","Number of Health Graduates","2018","2018","2215","Dental practitioners","701","Social Work","Number",""
"HGO16C01","Number of Health Graduates","2018","2018","2215","Dental practitioners","10","Speech and Language Therapy","Number",""
"HGO16C01","Number of Health Graduates","2018","2018","2215","Dental practitioners","V52","Dietetics, Optometry and Podiatry","Number",""
"HGO16C01","Number of Health Graduates","2018","2018","2216","Veterinarians","201","Dentistry","Number",""
"HGO16C01","Number of Health Graduates","2018","2018","2216","Veterinarians","401","Medical Science","Number",""
"HGO16C01","Number of Health Graduates","2018","2018","2216","Veterinarians","202","Medicine","Number",""
"HGO16C01","Number of Health Graduates","2018","2018","2216","Veterinarians","30","Nursing and Midwifery","Number",""
"HGO16C01","Number of Health Graduates","2018","2018","2216","Veterinarians","501","Occupational Therapy","Number",""
"HGO16C01","Number of Health Graduates","2018","2018","2216","Veterinarians","60","Pharmacy","Number",""
"HGO16C01","Number of Health Graduates","2018","2018","2216","Veterinarians","504","Physiotherapy","Number",""
"HGO16C01","Number of Health Graduates","2018","2018","2216","Veterinarians","402","Radiography and Radiation Therapy","Number",""
"HGO16C01","Number of Health Graduates","2018","2018","2216","Veterinarians","702","Social Care","Number",""
"HGO16C01","Number of Health Graduates","2018","2018","2216","Veterinarians","701","Social Work","Number",""
"HGO16C01","Number of Health Graduates","2018","2018","2216","Veterinarians","10","Speech and Language Therapy","Number",""
"HGO16C01","Number of Health Graduates","2018","2018","2216","Veterinarians","V52","Dietetics, Optometry and Podiatry","Number",""
"HGO16C01","Number of Health Graduates","2018","2018","2217","Medical radiographers","201","Dentistry","Number",""
"HGO16C01","Number of Health Graduates","2018","2018","2217","Medical radiographers","401","Medical Science","Number",""
"HGO16C01","Number of Health Graduates","2018","2018","2217","Medical radiographers","202","Medicine","Number",""
"HGO16C01","Number of Health Graduates","2018","2018","2217","Medical radiographers","30","Nursing and Midwifery","Number",""
"HGO16C01","Number of Health Graduates","2018","2018","2217","Medical radiographers","501","Occupational Therapy","Number",""
"HGO16C01","Number of Health Graduates","2018","2018","2217","Medical radiographers","60","Pharmacy","Number",""
"HGO16C01","Number of Health Graduates","2018","2018","2217","Medical radiographers","504","Physiotherapy","Number",""
"HGO16C01","Number of Health Graduates","2018","2018","2217","Medical radiographers","402","Radiography and Radiation Therapy","Number","36"
"HGO16C01","Number of Health Graduates","2018","2018","2217","Medical radiographers","702","Social Care","Number",""
"HGO16C01","Number of Health Graduates","2018","2018","2217","Medical radiographers","701","Social Work","Number",""
"HGO16C01","Number of Health Graduates","2018","2018","2217","Medical radiographers","10","Speech and Language Therapy","Number",""
"HGO16C01","Number of Health Graduates","2018","2018","2217","Medical radiographers","V52","Dietetics, Optometry and Podiatry","Number",""
"HGO16C01","Number of Health Graduates","2018","2018","2218","Podiatrists","201","Dentistry","Number",""
"HGO16C01","Number of Health Graduates","2018","2018","2218","Podiatrists","401","Medical Science","Number",""
"HGO16C01","Number of Health Graduates","2018","2018","2218","Podiatrists","202","Medicine","Number",""
"HGO16C01","Number of Health Graduates","2018","2018","2218","Podiatrists","30","Nursing and Midwifery","Number",""
"HGO16C01","Number of Health Graduates","2018","2018","2218","Podiatrists","501","Occupational Therapy","Number",""
"HGO16C01","Number of Health Graduates","2018","2018","2218","Podiatrists","60","Pharmacy","Number",""
"HGO16C01","Number of Health Graduates","2018","2018","2218","Podiatrists","504","Physiotherapy","Number",""
"HGO16C01","Number of Health Graduates","2018","2018","2218","Podiatrists","402","Radiography and Radiation Therapy","Number",""
"HGO16C01","Number of Health Graduates","2018","2018","2218","Podiatrists","702","Social Care","Number",""
"HGO16C01","Number of Health Graduates","2018","2018","2218","Podiatrists","701","Social Work","Number",""
"HGO16C01","Number of Health Graduates","2018","2018","2218","Podiatrists","10","Speech and Language Therapy","Number",""
"HGO16C01","Number of Health Graduates","2018","2018","2218","Podiatrists","V52","Dietetics, Optometry and Podiatry","Number","6"
"HGO16C01","Number of Health Graduates","2018","2018","2219","Health professionals n.e.c.","201","Dentistry","Number",""
"HGO16C01","Number of Health Graduates","2018","2018","2219","Health professionals n.e.c.","401","Medical Science","Number",""
"HGO16C01","Number of Health Graduates","2018","2018","2219","Health professionals n.e.c.","202","Medicine","Number",""
"HGO16C01","Number of Health Graduates","2018","2018","2219","Health professionals n.e.c.","30","Nursing and Midwifery","Number",""
"HGO16C01","Number of Health Graduates","2018","2018","2219","Health professionals n.e.c.","501","Occupational Therapy","Number",""
"HGO16C01","Number of Health Graduates","2018","2018","2219","Health professionals n.e.c.","60","Pharmacy","Number",""
"HGO16C01","Number of Health Graduates","2018","2018","2219","Health professionals n.e.c.","504","Physiotherapy","Number",""
"HGO16C01","Number of Health Graduates","2018","2018","2219","Health professionals n.e.c.","402","Radiography and Radiation Therapy","Number",""
"HGO16C01","Number of Health Graduates","2018","2018","2219","Health professionals n.e.c.","702","Social Care","Number",""
"HGO16C01","Number of Health Graduates","2018","2018","2219","Health professionals n.e.c.","701","Social Work","Number",""
"HGO16C01","Number of Health Graduates","2018","2018","2219","Health professionals n.e.c.","10","Speech and Language Therapy","Number",""
"HGO16C01","Number of Health Graduates","2018","2018","2219","Health professionals n.e.c.","V52","Dietetics, Optometry and Podiatry","Number","24"
"HGO16C01","Number of Health Graduates","2018","2018","2221","Physiotherapists","201","Dentistry","Number",""
"HGO16C01","Number of Health Graduates","2018","2018","2221","Physiotherapists","401","Medical Science","Number",""
"HGO16C01","Number of Health Graduates","2018","2018","2221","Physiotherapists","202","Medicine","Number",""
"HGO16C01","Number of Health Graduates","2018","2018","2221","Physiotherapists","30","Nursing and Midwifery","Number",""
"HGO16C01","Number of Health Graduates","2018","2018","2221","Physiotherapists","501","Occupational Therapy","Number",""
"HGO16C01","Number of Health Graduates","2018","2018","2221","Physiotherapists","60","Pharmacy","Number",""
"HGO16C01","Number of Health Graduates","2018","2018","2221","Physiotherapists","504","Physiotherapy","Number","87"
"HGO16C01","Number of Health Graduates","2018","2018","2221","Physiotherapists","402","Radiography and Radiation Therapy","Number",""
"HGO16C01","Number of Health Graduates","2018","2018","2221","Physiotherapists","702","Social Care","Number",""
"HGO16C01","Number of Health Graduates","2018","2018","2221","Physiotherapists","701","Social Work","Number",""
"HGO16C01","Number of Health Graduates","2018","2018","2221","Physiotherapists","10","Speech and Language Therapy","Number",""
"HGO16C01","Number of Health Graduates","2018","2018","2221","Physiotherapists","V52","Dietetics, Optometry and Podiatry","Number",""
"HGO16C01","Number of Health Graduates","2018","2018","2222","Occupational therapists","201","Dentistry","Number",""
"HGO16C01","Number of Health Graduates","2018","2018","2222","Occupational therapists","401","Medical Science","Number",""
"HGO16C01","Number of Health Graduates","2018","2018","2222","Occupational therapists","202","Medicine","Number",""
"HGO16C01","Number of Health Graduates","2018","2018","2222","Occupational therapists","30","Nursing and Midwifery","Number",""
"HGO16C01","Number of Health Graduates","2018","2018","2222","Occupational therapists","501","Occupational Therapy","Number","84"
"HGO16C01","Number of Health Graduates","2018","2018","2222","Occupational therapists","60","Pharmacy","Number",""
"HGO16C01","Number of Health Graduates","2018","2018","2222","Occupational therapists","504","Physiotherapy","Number",""
"HGO16C01","Number of Health Graduates","2018","2018","2222","Occupational therapists","402","Radiography and Radiation Therapy","Number",""
"HGO16C01","Number of Health Graduates","2018","2018","2222","Occupational therapists","702","Social Care","Number",""
"HGO16C01","Number of Health Graduates","2018","2018","2222","Occupational therapists","701","Social Work","Number",""
"HGO16C01","Number of Health Graduates","2018","2018","2222","Occupational therapists","10","Speech and Language Therapy","Number",""
"HGO16C01","Number of Health Graduates","2018","2018","2222","Occupational therapists","V52","Dietetics, Optometry and Podiatry","Number",""
"HGO16C01","Number of Health Graduates","2018","2018","2223","Speech and language therapists","201","Dentistry","Number",""
"HGO16C01","Number of Health Graduates","2018","2018","2223","Speech and language therapists","401","Medical Science","Number",""
"HGO16C01","Number of Health Graduates","2018","2018","2223","Speech and language therapists","202","Medicine","Number",""
"HGO16C01","Number of Health Graduates","2018","2018","2223","Speech and language therapists","30","Nursing and Midwifery","Number",""
"HGO16C01","Number of Health Graduates","2018","2018","2223","Speech and language therapists","501","Occupational Therapy","Number",""
"HGO16C01","Number of Health Graduates","2018","2018","2223","Speech and language therapists","60","Pharmacy","Number",""
"HGO16C01","Number of Health Graduates","2018","2018","2223","Speech and language therapists","504","Physiotherapy","Number",""
"HGO16C01","Number of Health Graduates","2018","2018","2223","Speech and language therapists","402","Radiography and Radiation Therapy","Number",""
"HGO16C01","Number of Health Graduates","2018","2018","2223","Speech and language therapists","702","Social Care","Number",""
"HGO16C01","Number of Health Graduates","2018","2018","2223","Speech and language therapists","701","Social Work","Number",""
"HGO16C01","Number of Health Graduates","2018","2018","2223","Speech and language therapists","10","Speech and Language Therapy","Number","75"
"HGO16C01","Number of Health Graduates","2018","2018","2223","Speech and language therapists","V52","Dietetics, Optometry and Podiatry","Number",""
"HGO16C01","Number of Health Graduates","2018","2018","2229","Therapy professionals n.e.c.","201","Dentistry","Number",""
"HGO16C01","Number of Health Graduates","2018","2018","2229","Therapy professionals n.e.c.","401","Medical Science","Number",""
"HGO16C01","Number of Health Graduates","2018","2018","2229","Therapy professionals n.e.c.","202","Medicine","Number",""
"HGO16C01","Number of Health Graduates","2018","2018","2229","Therapy professionals n.e.c.","30","Nursing and Midwifery","Number",""
"HGO16C01","Number of Health Graduates","2018","2018","2229","Therapy professionals n.e.c.","501","Occupational Therapy","Number",""
"HGO16C01","Number of Health Graduates","2018","2018","2229","Therapy professionals n.e.c.","60","Pharmacy","Number",""
"HGO16C01","Number of Health Graduates","2018","2018","2229","Therapy professionals n.e.c.","504","Physiotherapy","Number",""
"HGO16C01","Number of Health Graduates","2018","2018","2229","Therapy professionals n.e.c.","402","Radiography and Radiation Therapy","Number",""
"HGO16C01","Number of Health Graduates","2018","2018","2229","Therapy professionals n.e.c.","702","Social Care","Number",""
"HGO16C01","Number of Health Graduates","2018","2018","2229","Therapy professionals n.e.c.","701","Social Work","Number",""
"HGO16C01","Number of Health Graduates","2018","2018","2229","Therapy professionals n.e.c.","10","Speech and Language Therapy","Number",""
"HGO16C01","Number of Health Graduates","2018","2018","2229","Therapy professionals n.e.c.","V52","Dietetics, Optometry and Podiatry","Number",""
"HGO16C01","Number of Health Graduates","2018","2018","X13","Nurses and midwives","201","Dentistry","Number",""
"HGO16C01","Number of Health Graduates","2018","2018","X13","Nurses and midwives","401","Medical Science","Number",""
"HGO16C01","Number of Health Graduates","2018","2018","X13","Nurses and midwives","202","Medicine","Number",""
"HGO16C01","Number of Health Graduates","2018","2018","X13","Nurses and midwives","30","Nursing and Midwifery","Number","744"
"HGO16C01","Number of Health Graduates","2018","2018","X13","Nurses and midwives","501","Occupational Therapy","Number",""
"HGO16C01","Number of Health Graduates","2018","2018","X13","Nurses and midwives","60","Pharmacy","Number",""
"HGO16C01","Number of Health Graduates","2018","2018","X13","Nurses and midwives","504","Physiotherapy","Number",""
"HGO16C01","Number of Health Graduates","2018","2018","X13","Nurses and midwives","402","Radiography and Radiation Therapy","Number",""
"HGO16C01","Number of Health Graduates","2018","2018","X13","Nurses and midwives","702","Social Care","Number","3"
"HGO16C01","Number of Health Graduates","2018","2018","X13","Nurses and midwives","701","Social Work","Number",""
"HGO16C01","Number of Health Graduates","2018","2018","X13","Nurses and midwives","10","Speech and Language Therapy","Number",""
"HGO16C01","Number of Health Graduates","2018","2018","X13","Nurses and midwives","V52","Dietetics, Optometry and Podiatry","Number",""
"HGO16C01","Number of Health Graduates","2018","2018","-","All occupational groups","201","Dentistry","Number","33"
"HGO16C01","Number of Health Graduates","2018","2018","-","All occupational groups","401","Medical Science","Number","60"
"HGO16C01","Number of Health Graduates","2018","2018","-","All occupational groups","202","Medicine","Number","372"
"HGO16C01","Number of Health Graduates","2018","2018","-","All occupational groups","30","Nursing and Midwifery","Number","798"
"HGO16C01","Number of Health Graduates","2018","2018","-","All occupational groups","501","Occupational Therapy","Number","90"
"HGO16C01","Number of Health Graduates","2018","2018","-","All occupational groups","60","Pharmacy","Number",""
"HGO16C01","Number of Health Graduates","2018","2018","-","All occupational groups","504","Physiotherapy","Number","96"
"HGO16C01","Number of Health Graduates","2018","2018","-","All occupational groups","402","Radiography and Radiation Therapy","Number","39"
"HGO16C01","Number of Health Graduates","2018","2018","-","All occupational groups","702","Social Care","Number","672"
"HGO16C01","Number of Health Graduates","2018","2018","-","All occupational groups","701","Social Work","Number","141"
"HGO16C01","Number of Health Graduates","2018","2018","-","All occupational groups","10","Speech and Language Therapy","Number","78"
"HGO16C01","Number of Health Graduates","2018","2018","-","All occupational groups","V52","Dietetics, Optometry and Podiatry","Number","51"
"HGO16C01","Number of Health Graduates","2019","2019","1","Managers, directors and senior officials","201","Dentistry","Number",""
"HGO16C01","Number of Health Graduates","2019","2019","1","Managers, directors and senior officials","401","Medical Science","Number",""
"HGO16C01","Number of Health Graduates","2019","2019","1","Managers, directors and senior officials","202","Medicine","Number",""
"HGO16C01","Number of Health Graduates","2019","2019","1","Managers, directors and senior officials","30","Nursing and Midwifery","Number",""
"HGO16C01","Number of Health Graduates","2019","2019","1","Managers, directors and senior officials","501","Occupational Therapy","Number",""
"HGO16C01","Number of Health Graduates","2019","2019","1","Managers, directors and senior officials","60","Pharmacy","Number",""
"HGO16C01","Number of Health Graduates","2019","2019","1","Managers, directors and senior officials","504","Physiotherapy","Number",""
"HGO16C01","Number of Health Graduates","2019","2019","1","Managers, directors and senior officials","402","Radiography and Radiation Therapy","Number",""
"HGO16C01","Number of Health Graduates","2019","2019","1","Managers, directors and senior officials","702","Social Care","Number","30"
"HGO16C01","Number of Health Graduates","2019","2019","1","Managers, directors and senior officials","701","Social Work","Number","3"
"HGO16C01","Number of Health Graduates","2019","2019","1","Managers, directors and senior officials","10","Speech and Language Therapy","Number",""
"HGO16C01","Number of Health Graduates","2019","2019","1","Managers, directors and senior officials","V52","Dietetics, Optometry and Podiatry","Number",""
"HGO16C01","Number of Health Graduates","2019","2019","3","Associate professional and technical occupations","201","Dentistry","Number",""
"HGO16C01","Number of Health Graduates","2019","2019","3","Associate professional and technical occupations","401","Medical Science","Number","3"
"HGO16C01","Number of Health Graduates","2019","2019","3","Associate professional and technical occupations","202","Medicine","Number",""
"HGO16C01","Number of Health Graduates","2019","2019","3","Associate professional and technical occupations","30","Nursing and Midwifery","Number","6"
"HGO16C01","Number of Health Graduates","2019","2019","3","Associate professional and technical occupations","501","Occupational Therapy","Number",""
"HGO16C01","Number of Health Graduates","2019","2019","3","Associate professional and technical occupations","60","Pharmacy","Number",""
"HGO16C01","Number of Health Graduates","2019","2019","3","Associate professional and technical occupations","504","Physiotherapy","Number","3"
"HGO16C01","Number of Health Graduates","2019","2019","3","Associate professional and technical occupations","402","Radiography and Radiation Therapy","Number",""
"HGO16C01","Number of Health Graduates","2019","2019","3","Associate professional and technical occupations","702","Social Care","Number","87"
"HGO16C01","Number of Health Graduates","2019","2019","3","Associate professional and technical occupations","701","Social Work","Number","3"
"HGO16C01","Number of Health Graduates","2019","2019","3","Associate professional and technical occupations","10","Speech and Language Therapy","Number",""
"HGO16C01","Number of Health Graduates","2019","2019","3","Associate professional and technical occupations","V52","Dietetics, Optometry and Podiatry","Number","3"
"HGO16C01","Number of Health Graduates","2019","2019","4","Administrative and secretarial occupations","201","Dentistry","Number",""
"HGO16C01","Number of Health Graduates","2019","2019","4","Administrative and secretarial occupations","401","Medical Science","Number",""
"HGO16C01","Number of Health Graduates","2019","2019","4","Administrative and secretarial occupations","202","Medicine","Number",""
"HGO16C01","Number of Health Graduates","2019","2019","4","Administrative and secretarial occupations","30","Nursing and Midwifery","Number","6"
"HGO16C01","Number of Health Graduates","2019","2019","4","Administrative and secretarial occupations","501","Occupational Therapy","Number","3"
"HGO16C01","Number of Health Graduates","2019","2019","4","Administrative and secretarial occupations","60","Pharmacy","Number",""
"HGO16C01","Number of Health Graduates","2019","2019","4","Administrative and secretarial occupations","504","Physiotherapy","Number",""
"HGO16C01","Number of Health Graduates","2019","2019","4","Administrative and secretarial occupations","402","Radiography and Radiation Therapy","Number",""
"HGO16C01","Number of Health Graduates","2019","2019","4","Administrative and secretarial occupations","702","Social Care","Number","33"
"HGO16C01","Number of Health Graduates","2019","2019","4","Administrative and secretarial occupations","701","Social Work","Number",""
"HGO16C01","Number of Health Graduates","2019","2019","4","Administrative and secretarial occupations","10","Speech and Language Therapy","Number",""
"HGO16C01","Number of Health Graduates","2019","2019","4","Administrative and secretarial occupations","V52","Dietetics, Optometry and Podiatry","Number",""
"HGO16C01","Number of Health Graduates","2019","2019","5","Skilled trades occupations","201","Dentistry","Number",""
"HGO16C01","Number of Health Graduates","2019","2019","5","Skilled trades occupations","401","Medical Science","Number",""
"HGO16C01","Number of Health Graduates","2019","2019","5","Skilled trades occupations","202","Medicine","Number",""
"HGO16C01","Number of Health Graduates","2019","2019","5","Skilled trades occupations","30","Nursing and Midwifery","Number",""
"HGO16C01","Number of Health Graduates","2019","2019","5","Skilled trades occupations","501","Occupational Therapy","Number",""
"HGO16C01","Number of Health Graduates","2019","2019","5","Skilled trades occupations","60","Pharmacy","Number",""
"HGO16C01","Number of Health Graduates","2019","2019","5","Skilled trades occupations","504","Physiotherapy","Number",""
"HGO16C01","Number of Health Graduates","2019","2019","5","Skilled trades occupations","402","Radiography and Radiation Therapy","Number",""
"HGO16C01","Number of Health Graduates","2019","2019","5","Skilled trades occupations","702","Social Care","Number","6"
"HGO16C01","Number of Health Graduates","2019","2019","5","Skilled trades occupations","701","Social Work","Number",""
"HGO16C01","Number of Health Graduates","2019","2019","5","Skilled trades occupations","10","Speech and Language Therapy","Number",""
"HGO16C01","Number of Health Graduates","2019","2019","5","Skilled trades occupations","V52","Dietetics, Optometry and Podiatry","Number",""
"HGO16C01","Number of Health Graduates","2019","2019","6","Caring, leisure and other service occupations","201","Dentistry","Number",""
"HGO16C01","Number of Health Graduates","2019","2019","6","Caring, leisure and other service occupations","401","Medical Science","Number",""
"HGO16C01","Number of Health Graduates","2019","2019","6","Caring, leisure and other service occupations","202","Medicine","Number",""
"HGO16C01","Number of Health Graduates","2019","2019","6","Caring, leisure and other service occupations","30","Nursing and Midwifery","Number","9"
"HGO16C01","Number of Health Graduates","2019","2019","6","Caring, leisure and other service occupations","501","Occupational Therapy","Number",""
"HGO16C01","Number of Health Graduates","2019","2019","6","Caring, leisure and other service occupations","60","Pharmacy","Number",""
"HGO16C01","Number of Health Graduates","2019","2019","6","Caring, leisure and other service occupations","504","Physiotherapy","Number",""
"HGO16C01","Number of Health Graduates","2019","2019","6","Caring, leisure and other service occupations","402","Radiography and Radiation Therapy","Number",""
"HGO16C01","Number of Health Graduates","2019","2019","6","Caring, leisure and other service occupations","702","Social Care","Number","465"
"HGO16C01","Number of Health Graduates","2019","2019","6","Caring, leisure and other service occupations","701","Social Work","Number","6"
"HGO16C01","Number of Health Graduates","2019","2019","6","Caring, leisure and other service occupations","10","Speech and Language Therapy","Number",""
"HGO16C01","Number of Health Graduates","2019","2019","6","Caring, leisure and other service occupations","V52","Dietetics, Optometry and Podiatry","Number",""
"HGO16C01","Number of Health Graduates","2019","2019","7","Sales and customer service occupations","201","Dentistry","Number",""
"HGO16C01","Number of Health Graduates","2019","2019","7","Sales and customer service occupations","401","Medical Science","Number",""
"HGO16C01","Number of Health Graduates","2019","2019","7","Sales and customer service occupations","202","Medicine","Number",""
"HGO16C01","Number of Health Graduates","2019","2019","7","Sales and customer service occupations","30","Nursing and Midwifery","Number","3"
"HGO16C01","Number of Health Graduates","2019","2019","7","Sales and customer service occupations","501","Occupational Therapy","Number",""
"HGO16C01","Number of Health Graduates","2019","2019","7","Sales and customer service occupations","60","Pharmacy","Number",""
"HGO16C01","Number of Health Graduates","2019","2019","7","Sales and customer service occupations","504","Physiotherapy","Number",""
"HGO16C01","Number of Health Graduates","2019","2019","7","Sales and customer service occupations","402","Radiography and Radiation Therapy","Number",""
"HGO16C01","Number of Health Graduates","2019","2019","7","Sales and customer service occupations","702","Social Care","Number","18"
"HGO16C01","Number of Health Graduates","2019","2019","7","Sales and customer service occupations","701","Social Work","Number",""
"HGO16C01","Number of Health Graduates","2019","2019","7","Sales and customer service occupations","10","Speech and Language Therapy","Number",""
"HGO16C01","Number of Health Graduates","2019","2019","7","Sales and customer service occupations","V52","Dietetics, Optometry and Podiatry","Number",""
"HGO16C01","Number of Health Graduates","2019","2019","8","Process, plant and machine operatives","201","Dentistry","Number",""
"HGO16C01","Number of Health Graduates","2019","2019","8","Process, plant and machine operatives","401","Medical Science","Number",""
"HGO16C01","Number of Health Graduates","2019","2019","8","Process, plant and machine operatives","202","Medicine","Number",""
"HGO16C01","Number of Health Graduates","2019","2019","8","Process, plant and machine operatives","30","Nursing and Midwifery","Number","3"
"HGO16C01","Number of Health Graduates","2019","2019","8","Process, plant and machine operatives","501","Occupational Therapy","Number",""
"HGO16C01","Number of Health Graduates","2019","2019","8","Process, plant and machine operatives","60","Pharmacy","Number",""
"HGO16C01","Number of Health Graduates","2019","2019","8","Process, plant and machine operatives","504","Physiotherapy","Number",""
"HGO16C01","Number of Health Graduates","2019","2019","8","Process, plant and machine operatives","402","Radiography and Radiation Therapy","Number",""
"HGO16C01","Number of Health Graduates","2019","2019","8","Process, plant and machine operatives","702","Social Care","Number","6"
"HGO16C01","Number of Health Graduates","2019","2019","8","Process, plant and machine operatives","701","Social Work","Number",""
"HGO16C01","Number of Health Graduates","2019","2019","8","Process, plant and machine operatives","10","Speech and Language Therapy","Number",""
"HGO16C01","Number of Health Graduates","2019","2019","8","Process, plant and machine operatives","V52","Dietetics, Optometry and Podiatry","Number",""
"HGO16C01","Number of Health Graduates","2019","2019","9","Elementary occupations","201","Dentistry","Number",""
"HGO16C01","Number of Health Graduates","2019","2019","9","Elementary occupations","401","Medical Science","Number",""
"HGO16C01","Number of Health Graduates","2019","2019","9","Elementary occupations","202","Medicine","Number",""
"HGO16C01","Number of Health Graduates","2019","2019","9","Elementary occupations","30","Nursing and Midwifery","Number",""
"HGO16C01","Number of Health Graduates","2019","2019","9","Elementary occupations","501","Occupational Therapy","Number",""
"HGO16C01","Number of Health Graduates","2019","2019","9","Elementary occupations","60","Pharmacy","Number",""
"HGO16C01","Number of Health Graduates","2019","2019","9","Elementary occupations","504","Physiotherapy","Number",""
"HGO16C01","Number of Health Graduates","2019","2019","9","Elementary occupations","402","Radiography and Radiation Therapy","Number",""
"HGO16C01","Number of Health Graduates","2019","2019","9","Elementary occupations","702","Social Care","Number","6"
"HGO16C01","Number of Health Graduates","2019","2019","9","Elementary occupations","701","Social Work","Number",""
"HGO16C01","Number of Health Graduates","2019","2019","9","Elementary occupations","10","Speech and Language Therapy","Number",""
"HGO16C01","Number of Health Graduates","2019","2019","9","Elementary occupations","V52","Dietetics, Optometry and Podiatry","Number",""
"HGO16C01","Number of Health Graduates","2019","2019","21","Science, research, engineering and technology professionals","201","Dentistry","Number",""
"HGO16C01","Number of Health Graduates","2019","2019","21","Science, research, engineering and technology professionals","401","Medical Science","Number","66"
"HGO16C01","Number of Health Graduates","2019","2019","21","Science, research, engineering and technology professionals","202","Medicine","Number","3"
"HGO16C01","Number of Health Graduates","2019","2019","21","Science, research, engineering and technology professionals","30","Nursing and Midwifery","Number",""
"HGO16C01","Number of Health Graduates","2019","2019","21","Science, research, engineering and technology professionals","501","Occupational Therapy","Number",""
"HGO16C01","Number of Health Graduates","2019","2019","21","Science, research, engineering and technology professionals","60","Pharmacy","Number",""
"HGO16C01","Number of Health Graduates","2019","2019","21","Science, research, engineering and technology professionals","504","Physiotherapy","Number",""
"HGO16C01","Number of Health Graduates","2019","2019","21","Science, research, engineering and technology professionals","402","Radiography and Radiation Therapy","Number",""
"HGO16C01","Number of Health Graduates","2019","2019","21","Science, research, engineering and technology professionals","702","Social Care","Number",""
"HGO16C01","Number of Health Graduates","2019","2019","21","Science, research, engineering and technology professionals","701","Social Work","Number",""
"HGO16C01","Number of Health Graduates","2019","2019","21","Science, research, engineering and technology professionals","10","Speech and Language Therapy","Number",""
"HGO16C01","Number of Health Graduates","2019","2019","21","Science, research, engineering and technology professionals","V52","Dietetics, Optometry and Podiatry","Number",""
"HGO16C01","Number of Health Graduates","2019","2019","23","Teaching and educational professionals","201","Dentistry","Number",""
"HGO16C01","Number of Health Graduates","2019","2019","23","Teaching and educational professionals","401","Medical Science","Number",""
"HGO16C01","Number of Health Graduates","2019","2019","23","Teaching and educational professionals","202","Medicine","Number",""
"HGO16C01","Number of Health Graduates","2019","2019","23","Teaching and educational professionals","30","Nursing and Midwifery","Number","3"
"HGO16C01","Number of Health Graduates","2019","2019","23","Teaching and educational professionals","501","Occupational Therapy","Number",""
"HGO16C01","Number of Health Graduates","2019","2019","23","Teaching and educational professionals","60","Pharmacy","Number",""
"HGO16C01","Number of Health Graduates","2019","2019","23","Teaching and educational professionals","504","Physiotherapy","Number",""
"HGO16C01","Number of Health Graduates","2019","2019","23","Teaching and educational professionals","402","Radiography and Radiation Therapy","Number",""
"HGO16C01","Number of Health Graduates","2019","2019","23","Teaching and educational professionals","702","Social Care","Number","9"
"HGO16C01","Number of Health Graduates","2019","2019","23","Teaching and educational professionals","701","Social Work","Number",""
"HGO16C01","Number of Health Graduates","2019","2019","23","Teaching and educational professionals","10","Speech and Language Therapy","Number",""
"HGO16C01","Number of Health Graduates","2019","2019","23","Teaching and educational professionals","V52","Dietetics, Optometry and Podiatry","Number",""
"HGO16C01","Number of Health Graduates","2019","2019","24","Business, media and public service professionals","201","Dentistry","Number",""
"HGO16C01","Number of Health Graduates","2019","2019","24","Business, media and public service professionals","401","Medical Science","Number",""
"HGO16C01","Number of Health Graduates","2019","2019","24","Business, media and public service professionals","202","Medicine","Number",""
"HGO16C01","Number of Health Graduates","2019","2019","24","Business, media and public service professionals","30","Nursing and Midwifery","Number","3"
"HGO16C01","Number of Health Graduates","2019","2019","24","Business, media and public service professionals","501","Occupational Therapy","Number",""
"HGO16C01","Number of Health Graduates","2019","2019","24","Business, media and public service professionals","60","Pharmacy","Number",""
"HGO16C01","Number of Health Graduates","2019","2019","24","Business, media and public service professionals","504","Physiotherapy","Number",""
"HGO16C01","Number of Health Graduates","2019","2019","24","Business, media and public service professionals","402","Radiography and Radiation Therapy","Number",""
"HGO16C01","Number of Health Graduates","2019","2019","24","Business, media and public service professionals","702","Social Care","Number","48"
"HGO16C01","Number of Health Graduates","2019","2019","24","Business, media and public service professionals","701","Social Work","Number","120"
"HGO16C01","Number of Health Graduates","2019","2019","24","Business, media and public service professionals","10","Speech and Language Therapy","Number",""
"HGO16C01","Number of Health Graduates","2019","2019","24","Business, media and public service professionals","V52","Dietetics, Optometry and Podiatry","Number",""
"HGO16C01","Number of Health Graduates","2019","2019","2211","Medical practitioners","201","Dentistry","Number",""
"HGO16C01","Number of Health Graduates","2019","2019","2211","Medical practitioners","401","Medical Science","Number",""
"HGO16C01","Number of Health Graduates","2019","2019","2211","Medical practitioners","202","Medicine","Number","276"
"HGO16C01","Number of Health Graduates","2019","2019","2211","Medical practitioners","30","Nursing and Midwifery","Number",""
"HGO16C01","Number of Health Graduates","2019","2019","2211","Medical practitioners","501","Occupational Therapy","Number",""
"HGO16C01","Number of Health Graduates","2019","2019","2211","Medical practitioners","60","Pharmacy","Number",""
"HGO16C01","Number of Health Graduates","2019","2019","2211","Medical practitioners","504","Physiotherapy","Number",""
"HGO16C01","Number of Health Graduates","2019","2019","2211","Medical practitioners","402","Radiography and Radiation Therapy","Number",""
"HGO16C01","Number of Health Graduates","2019","2019","2211","Medical practitioners","702","Social Care","Number",""
"HGO16C01","Number of Health Graduates","2019","2019","2211","Medical practitioners","701","Social Work","Number",""
"HGO16C01","Number of Health Graduates","2019","2019","2211","Medical practitioners","10","Speech and Language Therapy","Number",""
"HGO16C01","Number of Health Graduates","2019","2019","2211","Medical practitioners","V52","Dietetics, Optometry and Podiatry","Number",""
"HGO16C01","Number of Health Graduates","2019","2019","2212","Psychologists","201","Dentistry","Number",""
"HGO16C01","Number of Health Graduates","2019","2019","2212","Psychologists","401","Medical Science","Number",""
"HGO16C01","Number of Health Graduates","2019","2019","2212","Psychologists","202","Medicine","Number",""
"HGO16C01","Number of Health Graduates","2019","2019","2212","Psychologists","30","Nursing and Midwifery","Number",""
"HGO16C01","Number of Health Graduates","2019","2019","2212","Psychologists","501","Occupational Therapy","Number",""
"HGO16C01","Number of Health Graduates","2019","2019","2212","Psychologists","60","Pharmacy","Number",""
"HGO16C01","Number of Health Graduates","2019","2019","2212","Psychologists","504","Physiotherapy","Number",""
"HGO16C01","Number of Health Graduates","2019","2019","2212","Psychologists","402","Radiography and Radiation Therapy","Number",""
"HGO16C01","Number of Health Graduates","2019","2019","2212","Psychologists","702","Social Care","Number",""
"HGO16C01","Number of Health Graduates","2019","2019","2212","Psychologists","701","Social Work","Number",""
"HGO16C01","Number of Health Graduates","2019","2019","2212","Psychologists","10","Speech and Language Therapy","Number",""
"HGO16C01","Number of Health Graduates","2019","2019","2212","Psychologists","V52","Dietetics, Optometry and Podiatry","Number",""
"HGO16C01","Number of Health Graduates","2019","2019","2213","Pharmacists","201","Dentistry","Number",""
"HGO16C01","Number of Health Graduates","2019","2019","2213","Pharmacists","401","Medical Science","Number",""
"HGO16C01","Number of Health Graduates","2019","2019","2213","Pharmacists","202","Medicine","Number",""
"HGO16C01","Number of Health Graduates","2019","2019","2213","Pharmacists","30","Nursing and Midwifery","Number",""
"HGO16C01","Number of Health Graduates","2019","2019","2213","Pharmacists","501","Occupational Therapy","Number",""
"HGO16C01","Number of Health Graduates","2019","2019","2213","Pharmacists","60","Pharmacy","Number",""
"HGO16C01","Number of Health Graduates","2019","2019","2213","Pharmacists","504","Physiotherapy","Number",""
"HGO16C01","Number of Health Graduates","2019","2019","2213","Pharmacists","402","Radiography and Radiation Therapy","Number",""
"HGO16C01","Number of Health Graduates","2019","2019","2213","Pharmacists","702","Social Care","Number",""
"HGO16C01","Number of Health Graduates","2019","2019","2213","Pharmacists","701","Social Work","Number",""
"HGO16C01","Number of Health Graduates","2019","2019","2213","Pharmacists","10","Speech and Language Therapy","Number",""
"HGO16C01","Number of Health Graduates","2019","2019","2213","Pharmacists","V52","Dietetics, Optometry and Podiatry","Number",""
"HGO16C01","Number of Health Graduates","2019","2019","2214","Ophthalmic opticians","201","Dentistry","Number",""
"HGO16C01","Number of Health Graduates","2019","2019","2214","Ophthalmic opticians","401","Medical Science","Number",""
"HGO16C01","Number of Health Graduates","2019","2019","2214","Ophthalmic opticians","202","Medicine","Number",""
"HGO16C01","Number of Health Graduates","2019","2019","2214","Ophthalmic opticians","30","Nursing and Midwifery","Number",""
"HGO16C01","Number of Health Graduates","2019","2019","2214","Ophthalmic opticians","501","Occupational Therapy","Number",""
"HGO16C01","Number of Health Graduates","2019","2019","2214","Ophthalmic opticians","60","Pharmacy","Number",""
"HGO16C01","Number of Health Graduates","2019","2019","2214","Ophthalmic opticians","504","Physiotherapy","Number",""
"HGO16C01","Number of Health Graduates","2019","2019","2214","Ophthalmic opticians","402","Radiography and Radiation Therapy","Number",""
"HGO16C01","Number of Health Graduates","2019","2019","2214","Ophthalmic opticians","702","Social Care","Number",""
"HGO16C01","Number of Health Graduates","2019","2019","2214","Ophthalmic opticians","701","Social Work","Number",""
"HGO16C01","Number of Health Graduates","2019","2019","2214","Ophthalmic opticians","10","Speech and Language Therapy","Number",""
"HGO16C01","Number of Health Graduates","2019","2019","2214","Ophthalmic opticians","V52","Dietetics, Optometry and Podiatry","Number","15"
"HGO16C01","Number of Health Graduates","2019","2019","2215","Dental practitioners","201","Dentistry","Number","33"
"HGO16C01","Number of Health Graduates","2019","2019","2215","Dental practitioners","401","Medical Science","Number",""
"HGO16C01","Number of Health Graduates","2019","2019","2215","Dental practitioners","202","Medicine","Number",""
"HGO16C01","Number of Health Graduates","2019","2019","2215","Dental practitioners","30","Nursing and Midwifery","Number",""
"HGO16C01","Number of Health Graduates","2019","2019","2215","Dental practitioners","501","Occupational Therapy","Number",""
"HGO16C01","Number of Health Graduates","2019","2019","2215","Dental practitioners","60","Pharmacy","Number",""
"HGO16C01","Number of Health Graduates","2019","2019","2215","Dental practitioners","504","Physiotherapy","Number",""
"HGO16C01","Number of Health Graduates","2019","2019","2215","Dental practitioners","402","Radiography and Radiation Therapy","Number",""
"HGO16C01","Number of Health Graduates","2019","2019","2215","Dental practitioners","702","Social Care","Number",""
"HGO16C01","Number of Health Graduates","2019","2019","2215","Dental practitioners","701","Social Work","Number",""
"HGO16C01","Number of Health Graduates","2019","2019","2215","Dental practitioners","10","Speech and Language Therapy","Number",""
"HGO16C01","Number of Health Graduates","2019","2019","2215","Dental practitioners","V52","Dietetics, Optometry and Podiatry","Number",""
"HGO16C01","Number of Health Graduates","2019","2019","2216","Veterinarians","201","Dentistry","Number",""
"HGO16C01","Number of Health Graduates","2019","2019","2216","Veterinarians","401","Medical Science","Number",""
"HGO16C01","Number of Health Graduates","2019","2019","2216","Veterinarians","202","Medicine","Number",""
"HGO16C01","Number of Health Graduates","2019","2019","2216","Veterinarians","30","Nursing and Midwifery","Number",""
"HGO16C01","Number of Health Graduates","2019","2019","2216","Veterinarians","501","Occupational Therapy","Number",""
"HGO16C01","Number of Health Graduates","2019","2019","2216","Veterinarians","60","Pharmacy","Number",""
"HGO16C01","Number of Health Graduates","2019","2019","2216","Veterinarians","504","Physiotherapy","Number",""
"HGO16C01","Number of Health Graduates","2019","2019","2216","Veterinarians","402","Radiography and Radiation Therapy","Number",""
"HGO16C01","Number of Health Graduates","2019","2019","2216","Veterinarians","702","Social Care","Number",""
"HGO16C01","Number of Health Graduates","2019","2019","2216","Veterinarians","701","Social Work","Number",""
"HGO16C01","Number of Health Graduates","2019","2019","2216","Veterinarians","10","Speech and Language Therapy","Number",""
"HGO16C01","Number of Health Graduates","2019","2019","2216","Veterinarians","V52","Dietetics, Optometry and Podiatry","Number",""
"HGO16C01","Number of Health Graduates","2019","2019","2217","Medical radiographers","201","Dentistry","Number",""
"HGO16C01","Number of Health Graduates","2019","2019","2217","Medical radiographers","401","Medical Science","Number",""
"HGO16C01","Number of Health Graduates","2019","2019","2217","Medical radiographers","202","Medicine","Number",""
"HGO16C01","Number of Health Graduates","2019","2019","2217","Medical radiographers","30","Nursing and Midwifery","Number",""
"HGO16C01","Number of Health Graduates","2019","2019","2217","Medical radiographers","501","Occupational Therapy","Number",""
"HGO16C01","Number of Health Graduates","2019","2019","2217","Medical radiographers","60","Pharmacy","Number",""
"HGO16C01","Number of Health Graduates","2019","2019","2217","Medical radiographers","504","Physiotherapy","Number",""
"HGO16C01","Number of Health Graduates","2019","2019","2217","Medical radiographers","402","Radiography and Radiation Therapy","Number","42"
"HGO16C01","Number of Health Graduates","2019","2019","2217","Medical radiographers","702","Social Care","Number",""
"HGO16C01","Number of Health Graduates","2019","2019","2217","Medical radiographers","701","Social Work","Number",""
"HGO16C01","Number of Health Graduates","2019","2019","2217","Medical radiographers","10","Speech and Language Therapy","Number",""
"HGO16C01","Number of Health Graduates","2019","2019","2217","Medical radiographers","V52","Dietetics, Optometry and Podiatry","Number",""
"HGO16C01","Number of Health Graduates","2019","2019","2218","Podiatrists","201","Dentistry","Number",""
"HGO16C01","Number of Health Graduates","2019","2019","2218","Podiatrists","401","Medical Science","Number",""
"HGO16C01","Number of Health Graduates","2019","2019","2218","Podiatrists","202","Medicine","Number",""
"HGO16C01","Number of Health Graduates","2019","2019","2218","Podiatrists","30","Nursing and Midwifery","Number",""
"HGO16C01","Number of Health Graduates","2019","2019","2218","Podiatrists","501","Occupational Therapy","Number",""
"HGO16C01","Number of Health Graduates","2019","2019","2218","Podiatrists","60","Pharmacy","Number",""
"HGO16C01","Number of Health Graduates","2019","2019","2218","Podiatrists","504","Physiotherapy","Number",""
"HGO16C01","Number of Health Graduates","2019","2019","2218","Podiatrists","402","Radiography and Radiation Therapy","Number",""
"HGO16C01","Number of Health Graduates","2019","2019","2218","Podiatrists","702","Social Care","Number",""
"HGO16C01","Number of Health Graduates","2019","2019","2218","Podiatrists","701","Social Work","Number",""
"HGO16C01","Number of Health Graduates","2019","2019","2218","Podiatrists","10","Speech and Language Therapy","Number",""
"HGO16C01","Number of Health Graduates","2019","2019","2218","Podiatrists","V52","Dietetics, Optometry and Podiatry","Number","12"
"HGO16C01","Number of Health Graduates","2019","2019","2219","Health professionals n.e.c.","201","Dentistry","Number",""
"HGO16C01","Number of Health Graduates","2019","2019","2219","Health professionals n.e.c.","401","Medical Science","Number",""
"HGO16C01","Number of Health Graduates","2019","2019","2219","Health professionals n.e.c.","202","Medicine","Number",""
"HGO16C01","Number of Health Graduates","2019","2019","2219","Health professionals n.e.c.","30","Nursing and Midwifery","Number",""
"HGO16C01","Number of Health Graduates","2019","2019","2219","Health professionals n.e.c.","501","Occupational Therapy","Number",""
"HGO16C01","Number of Health Graduates","2019","2019","2219","Health professionals n.e.c.","60","Pharmacy","Number",""
"HGO16C01","Number of Health Graduates","2019","2019","2219","Health professionals n.e.c.","504","Physiotherapy","Number",""
"HGO16C01","Number of Health Graduates","2019","2019","2219","Health professionals n.e.c.","402","Radiography and Radiation Therapy","Number",""
"HGO16C01","Number of Health Graduates","2019","2019","2219","Health professionals n.e.c.","702","Social Care","Number",""
"HGO16C01","Number of Health Graduates","2019","2019","2219","Health professionals n.e.c.","701","Social Work","Number",""
"HGO16C01","Number of Health Graduates","2019","2019","2219","Health professionals n.e.c.","10","Speech and Language Therapy","Number",""
"HGO16C01","Number of Health Graduates","2019","2019","2219","Health professionals n.e.c.","V52","Dietetics, Optometry and Podiatry","Number","27"
"HGO16C01","Number of Health Graduates","2019","2019","2221","Physiotherapists","201","Dentistry","Number",""
"HGO16C01","Number of Health Graduates","2019","2019","2221","Physiotherapists","401","Medical Science","Number",""
"HGO16C01","Number of Health Graduates","2019","2019","2221","Physiotherapists","202","Medicine","Number",""
"HGO16C01","Number of Health Graduates","2019","2019","2221","Physiotherapists","30","Nursing and Midwifery","Number",""
"HGO16C01","Number of Health Graduates","2019","2019","2221","Physiotherapists","501","Occupational Therapy","Number",""
"HGO16C01","Number of Health Graduates","2019","2019","2221","Physiotherapists","60","Pharmacy","Number",""
"HGO16C01","Number of Health Graduates","2019","2019","2221","Physiotherapists","504","Physiotherapy","Number","90"
"HGO16C01","Number of Health Graduates","2019","2019","2221","Physiotherapists","402","Radiography and Radiation Therapy","Number",""
"HGO16C01","Number of Health Graduates","2019","2019","2221","Physiotherapists","702","Social Care","Number",""
"HGO16C01","Number of Health Graduates","2019","2019","2221","Physiotherapists","701","Social Work","Number",""
"HGO16C01","Number of Health Graduates","2019","2019","2221","Physiotherapists","10","Speech and Language Therapy","Number",""
"HGO16C01","Number of Health Graduates","2019","2019","2221","Physiotherapists","V52","Dietetics, Optometry and Podiatry","Number",""
"HGO16C01","Number of Health Graduates","2019","2019","2222","Occupational therapists","201","Dentistry","Number",""
"HGO16C01","Number of Health Graduates","2019","2019","2222","Occupational therapists","401","Medical Science","Number",""
"HGO16C01","Number of Health Graduates","2019","2019","2222","Occupational therapists","202","Medicine","Number",""
"HGO16C01","Number of Health Graduates","2019","2019","2222","Occupational therapists","30","Nursing and Midwifery","Number",""
"HGO16C01","Number of Health Graduates","2019","2019","2222","Occupational therapists","501","Occupational Therapy","Number","66"
"HGO16C01","Number of Health Graduates","2019","2019","2222","Occupational therapists","60","Pharmacy","Number",""
"HGO16C01","Number of Health Graduates","2019","2019","2222","Occupational therapists","504","Physiotherapy","Number",""
"HGO16C01","Number of Health Graduates","2019","2019","2222","Occupational therapists","402","Radiography and Radiation Therapy","Number",""
"HGO16C01","Number of Health Graduates","2019","2019","2222","Occupational therapists","702","Social Care","Number",""
"HGO16C01","Number of Health Graduates","2019","2019","2222","Occupational therapists","701","Social Work","Number",""
"HGO16C01","Number of Health Graduates","2019","2019","2222","Occupational therapists","10","Speech and Language Therapy","Number",""
"HGO16C01","Number of Health Graduates","2019","2019","2222","Occupational therapists","V52","Dietetics, Optometry and Podiatry","Number",""
"HGO16C01","Number of Health Graduates","2019","2019","2223","Speech and language therapists","201","Dentistry","Number",""
"HGO16C01","Number of Health Graduates","2019","2019","2223","Speech and language therapists","401","Medical Science","Number",""
"HGO16C01","Number of Health Graduates","2019","2019","2223","Speech and language therapists","202","Medicine","Number",""
"HGO16C01","Number of Health Graduates","2019","2019","2223","Speech and language therapists","30","Nursing and Midwifery","Number",""
"HGO16C01","Number of Health Graduates","2019","2019","2223","Speech and language therapists","501","Occupational Therapy","Number",""
"HGO16C01","Number of Health Graduates","2019","2019","2223","Speech and language therapists","60","Pharmacy","Number",""
"HGO16C01","Number of Health Graduates","2019","2019","2223","Speech and language therapists","504","Physiotherapy","Number",""
"HGO16C01","Number of Health Graduates","2019","2019","2223","Speech and language therapists","402","Radiography and Radiation Therapy","Number",""
"HGO16C01","Number of Health Graduates","2019","2019","2223","Speech and language therapists","702","Social Care","Number",""
"HGO16C01","Number of Health Graduates","2019","2019","2223","Speech and language therapists","701","Social Work","Number",""
"HGO16C01","Number of Health Graduates","2019","2019","2223","Speech and language therapists","10","Speech and Language Therapy","Number","78"
"HGO16C01","Number of Health Graduates","2019","2019","2223","Speech and language therapists","V52","Dietetics, Optometry and Podiatry","Number",""
"HGO16C01","Number of Health Graduates","2019","2019","2229","Therapy professionals n.e.c.","201","Dentistry","Number",""
"HGO16C01","Number of Health Graduates","2019","2019","2229","Therapy professionals n.e.c.","401","Medical Science","Number",""
"HGO16C01","Number of Health Graduates","2019","2019","2229","Therapy professionals n.e.c.","202","Medicine","Number",""
"HGO16C01","Number of Health Graduates","2019","2019","2229","Therapy professionals n.e.c.","30","Nursing and Midwifery","Number",""
"HGO16C01","Number of Health Graduates","2019","2019","2229","Therapy professionals n.e.c.","501","Occupational Therapy","Number",""
"HGO16C01","Number of Health Graduates","2019","2019","2229","Therapy professionals n.e.c.","60","Pharmacy","Number",""
"HGO16C01","Number of Health Graduates","2019","2019","2229","Therapy professionals n.e.c.","504","Physiotherapy","Number",""
"HGO16C01","Number of Health Graduates","2019","2019","2229","Therapy professionals n.e.c.","402","Radiography and Radiation Therapy","Number",""
"HGO16C01","Number of Health Graduates","2019","2019","2229","Therapy professionals n.e.c.","702","Social Care","Number",""
"HGO16C01","Number of Health Graduates","2019","2019","2229","Therapy professionals n.e.c.","701","Social Work","Number",""
"HGO16C01","Number of Health Graduates","2019","2019","2229","Therapy professionals n.e.c.","10","Speech and Language Therapy","Number",""
"HGO16C01","Number of Health Graduates","2019","2019","2229","Therapy professionals n.e.c.","V52","Dietetics, Optometry and Podiatry","Number",""
"HGO16C01","Number of Health Graduates","2019","2019","X13","Nurses and midwives","201","Dentistry","Number",""
"HGO16C01","Number of Health Graduates","2019","2019","X13","Nurses and midwives","401","Medical Science","Number",""
"HGO16C01","Number of Health Graduates","2019","2019","X13","Nurses and midwives","202","Medicine","Number","3"
"HGO16C01","Number of Health Graduates","2019","2019","X13","Nurses and midwives","30","Nursing and Midwifery","Number","828"
"HGO16C01","Number of Health Graduates","2019","2019","X13","Nurses and midwives","501","Occupational Therapy","Number",""
"HGO16C01","Number of Health Graduates","2019","2019","X13","Nurses and midwives","60","Pharmacy","Number",""
"HGO16C01","Number of Health Graduates","2019","2019","X13","Nurses and midwives","504","Physiotherapy","Number",""
"HGO16C01","Number of Health Graduates","2019","2019","X13","Nurses and midwives","402","Radiography and Radiation Therapy","Number",""
"HGO16C01","Number of Health Graduates","2019","2019","X13","Nurses and midwives","702","Social Care","Number","3"
"HGO16C01","Number of Health Graduates","2019","2019","X13","Nurses and midwives","701","Social Work","Number",""
"HGO16C01","Number of Health Graduates","2019","2019","X13","Nurses and midwives","10","Speech and Language Therapy","Number",""
"HGO16C01","Number of Health Graduates","2019","2019","X13","Nurses and midwives","V52","Dietetics, Optometry and Podiatry","Number",""
"HGO16C01","Number of Health Graduates","2019","2019","-","All occupational groups","201","Dentistry","Number","33"
"HGO16C01","Number of Health Graduates","2019","2019","-","All occupational groups","401","Medical Science","Number","66"
"HGO16C01","Number of Health Graduates","2019","2019","-","All occupational groups","202","Medicine","Number","285"
"HGO16C01","Number of Health Graduates","2019","2019","-","All occupational groups","30","Nursing and Midwifery","Number","861"
"HGO16C01","Number of Health Graduates","2019","2019","-","All occupational groups","501","Occupational Therapy","Number","72"
"HGO16C01","Number of Health Graduates","2019","2019","-","All occupational groups","60","Pharmacy","Number",""
"HGO16C01","Number of Health Graduates","2019","2019","-","All occupational groups","504","Physiotherapy","Number","93"
"HGO16C01","Number of Health Graduates","2019","2019","-","All occupational groups","402","Radiography and Radiation Therapy","Number","42"
"HGO16C01","Number of Health Graduates","2019","2019","-","All occupational groups","702","Social Care","Number","708"
"HGO16C01","Number of Health Graduates","2019","2019","-","All occupational groups","701","Social Work","Number","135"
"HGO16C01","Number of Health Graduates","2019","2019","-","All occupational groups","10","Speech and Language Therapy","Number","81"
"HGO16C01","Number of Health Graduates","2019","2019","-","All occupational groups","V52","Dietetics, Optometry and Podiatry","Number","60"
"HGO16C01","Number of Health Graduates","2020","2020","1","Managers, directors and senior officials","201","Dentistry","Number",""
"HGO16C01","Number of Health Graduates","2020","2020","1","Managers, directors and senior officials","401","Medical Science","Number",""
"HGO16C01","Number of Health Graduates","2020","2020","1","Managers, directors and senior officials","202","Medicine","Number",""
"HGO16C01","Number of Health Graduates","2020","2020","1","Managers, directors and senior officials","30","Nursing and Midwifery","Number",""
"HGO16C01","Number of Health Graduates","2020","2020","1","Managers, directors and senior officials","501","Occupational Therapy","Number",""
"HGO16C01","Number of Health Graduates","2020","2020","1","Managers, directors and senior officials","60","Pharmacy","Number",""
"HGO16C01","Number of Health Graduates","2020","2020","1","Managers, directors and senior officials","504","Physiotherapy","Number",""
"HGO16C01","Number of Health Graduates","2020","2020","1","Managers, directors and senior officials","402","Radiography and Radiation Therapy","Number",""
"HGO16C01","Number of Health Graduates","2020","2020","1","Managers, directors and senior officials","702","Social Care","Number","21"
"HGO16C01","Number of Health Graduates","2020","2020","1","Managers, directors and senior officials","701","Social Work","Number","3"
"HGO16C01","Number of Health Graduates","2020","2020","1","Managers, directors and senior officials","10","Speech and Language Therapy","Number",""
"HGO16C01","Number of Health Graduates","2020","2020","1","Managers, directors and senior officials","V52","Dietetics, Optometry and Podiatry","Number",""
"HGO16C01","Number of Health Graduates","2020","2020","3","Associate professional and technical occupations","201","Dentistry","Number",""
"HGO16C01","Number of Health Graduates","2020","2020","3","Associate professional and technical occupations","401","Medical Science","Number","3"
"HGO16C01","Number of Health Graduates","2020","2020","3","Associate professional and technical occupations","202","Medicine","Number",""
"HGO16C01","Number of Health Graduates","2020","2020","3","Associate professional and technical occupations","30","Nursing and Midwifery","Number",""
"HGO16C01","Number of Health Graduates","2020","2020","3","Associate professional and technical occupations","501","Occupational Therapy","Number","3"
"HGO16C01","Number of Health Graduates","2020","2020","3","Associate professional and technical occupations","60","Pharmacy","Number","3"
"HGO16C01","Number of Health Graduates","2020","2020","3","Associate professional and technical occupations","504","Physiotherapy","Number",""
"HGO16C01","Number of Health Graduates","2020","2020","3","Associate professional and technical occupations","402","Radiography and Radiation Therapy","Number",""
"HGO16C01","Number of Health Graduates","2020","2020","3","Associate professional and technical occupations","702","Social Care","Number","75"
"HGO16C01","Number of Health Graduates","2020","2020","3","Associate professional and technical occupations","701","Social Work","Number","6"
"HGO16C01","Number of Health Graduates","2020","2020","3","Associate professional and technical occupations","10","Speech and Language Therapy","Number",""
"HGO16C01","Number of Health Graduates","2020","2020","3","Associate professional and technical occupations","V52","Dietetics, Optometry and Podiatry","Number",""
"HGO16C01","Number of Health Graduates","2020","2020","4","Administrative and secretarial occupations","201","Dentistry","Number",""
"HGO16C01","Number of Health Graduates","2020","2020","4","Administrative and secretarial occupations","401","Medical Science","Number",""
"HGO16C01","Number of Health Graduates","2020","2020","4","Administrative and secretarial occupations","202","Medicine","Number",""
"HGO16C01","Number of Health Graduates","2020","2020","4","Administrative and secretarial occupations","30","Nursing and Midwifery","Number","3"
"HGO16C01","Number of Health Graduates","2020","2020","4","Administrative and secretarial occupations","501","Occupational Therapy","Number",""
"HGO16C01","Number of Health Graduates","2020","2020","4","Administrative and secretarial occupations","60","Pharmacy","Number",""
"HGO16C01","Number of Health Graduates","2020","2020","4","Administrative and secretarial occupations","504","Physiotherapy","Number",""
"HGO16C01","Number of Health Graduates","2020","2020","4","Administrative and secretarial occupations","402","Radiography and Radiation Therapy","Number",""
"HGO16C01","Number of Health Graduates","2020","2020","4","Administrative and secretarial occupations","702","Social Care","Number","21"
"HGO16C01","Number of Health Graduates","2020","2020","4","Administrative and secretarial occupations","701","Social Work","Number",""
"HGO16C01","Number of Health Graduates","2020","2020","4","Administrative and secretarial occupations","10","Speech and Language Therapy","Number",""
"HGO16C01","Number of Health Graduates","2020","2020","4","Administrative and secretarial occupations","V52","Dietetics, Optometry and Podiatry","Number",""
"HGO16C01","Number of Health Graduates","2020","2020","5","Skilled trades occupations","201","Dentistry","Number",""
"HGO16C01","Number of Health Graduates","2020","2020","5","Skilled trades occupations","401","Medical Science","Number",""
"HGO16C01","Number of Health Graduates","2020","2020","5","Skilled trades occupations","202","Medicine","Number",""
"HGO16C01","Number of Health Graduates","2020","2020","5","Skilled trades occupations","30","Nursing and Midwifery","Number",""
"HGO16C01","Number of Health Graduates","2020","2020","5","Skilled trades occupations","501","Occupational Therapy","Number",""
"HGO16C01","Number of Health Graduates","2020","2020","5","Skilled trades occupations","60","Pharmacy","Number",""
"HGO16C01","Number of Health Graduates","2020","2020","5","Skilled trades occupations","504","Physiotherapy","Number",""
"HGO16C01","Number of Health Graduates","2020","2020","5","Skilled trades occupations","402","Radiography and Radiation Therapy","Number",""
"HGO16C01","Number of Health Graduates","2020","2020","5","Skilled trades occupations","702","Social Care","Number","6"
"HGO16C01","Number of Health Graduates","2020","2020","5","Skilled trades occupations","701","Social Work","Number",""
"HGO16C01","Number of Health Graduates","2020","2020","5","Skilled trades occupations","10","Speech and Language Therapy","Number",""
"HGO16C01","Number of Health Graduates","2020","2020","5","Skilled trades occupations","V52","Dietetics, Optometry and Podiatry","Number",""
"HGO16C01","Number of Health Graduates","2020","2020","6","Caring, leisure and other service occupations","201","Dentistry","Number",""
"HGO16C01","Number of Health Graduates","2020","2020","6","Caring, leisure and other service occupations","401","Medical Science","Number",""
"HGO16C01","Number of Health Graduates","2020","2020","6","Caring, leisure and other service occupations","202","Medicine","Number",""
"HGO16C01","Number of Health Graduates","2020","2020","6","Caring, leisure and other service occupations","30","Nursing and Midwifery","Number","9"
"HGO16C01","Number of Health Graduates","2020","2020","6","Caring, leisure and other service occupations","501","Occupational Therapy","Number",""
"HGO16C01","Number of Health Graduates","2020","2020","6","Caring, leisure and other service occupations","60","Pharmacy","Number",""
"HGO16C01","Number of Health Graduates","2020","2020","6","Caring, leisure and other service occupations","504","Physiotherapy","Number",""
"HGO16C01","Number of Health Graduates","2020","2020","6","Caring, leisure and other service occupations","402","Radiography and Radiation Therapy","Number",""
"HGO16C01","Number of Health Graduates","2020","2020","6","Caring, leisure and other service occupations","702","Social Care","Number","492"
"HGO16C01","Number of Health Graduates","2020","2020","6","Caring, leisure and other service occupations","701","Social Work","Number","9"
"HGO16C01","Number of Health Graduates","2020","2020","6","Caring, leisure and other service occupations","10","Speech and Language Therapy","Number","3"
"HGO16C01","Number of Health Graduates","2020","2020","6","Caring, leisure and other service occupations","V52","Dietetics, Optometry and Podiatry","Number",""
"HGO16C01","Number of Health Graduates","2020","2020","7","Sales and customer service occupations","201","Dentistry","Number",""
"HGO16C01","Number of Health Graduates","2020","2020","7","Sales and customer service occupations","401","Medical Science","Number",""
"HGO16C01","Number of Health Graduates","2020","2020","7","Sales and customer service occupations","202","Medicine","Number",""
"HGO16C01","Number of Health Graduates","2020","2020","7","Sales and customer service occupations","30","Nursing and Midwifery","Number","3"
"HGO16C01","Number of Health Graduates","2020","2020","7","Sales and customer service occupations","501","Occupational Therapy","Number",""
"HGO16C01","Number of Health Graduates","2020","2020","7","Sales and customer service occupations","60","Pharmacy","Number",""
"HGO16C01","Number of Health Graduates","2020","2020","7","Sales and customer service occupations","504","Physiotherapy","Number",""
"HGO16C01","Number of Health Graduates","2020","2020","7","Sales and customer service occupations","402","Radiography and Radiation Therapy","Number",""
"HGO16C01","Number of Health Graduates","2020","2020","7","Sales and customer service occupations","702","Social Care","Number","24"
"HGO16C01","Number of Health Graduates","2020","2020","7","Sales and customer service occupations","701","Social Work","Number",""
"HGO16C01","Number of Health Graduates","2020","2020","7","Sales and customer service occupations","10","Speech and Language Therapy","Number",""
"HGO16C01","Number of Health Graduates","2020","2020","7","Sales and customer service occupations","V52","Dietetics, Optometry and Podiatry","Number",""
"HGO16C01","Number of Health Graduates","2020","2020","8","Process, plant and machine operatives","201","Dentistry","Number",""
"HGO16C01","Number of Health Graduates","2020","2020","8","Process, plant and machine operatives","401","Medical Science","Number",""
"HGO16C01","Number of Health Graduates","2020","2020","8","Process, plant and machine operatives","202","Medicine","Number",""
"HGO16C01","Number of Health Graduates","2020","2020","8","Process, plant and machine operatives","30","Nursing and Midwifery","Number",""
"HGO16C01","Number of Health Graduates","2020","2020","8","Process, plant and machine operatives","501","Occupational Therapy","Number",""
"HGO16C01","Number of Health Graduates","2020","2020","8","Process, plant and machine operatives","60","Pharmacy","Number",""
"HGO16C01","Number of Health Graduates","2020","2020","8","Process, plant and machine operatives","504","Physiotherapy","Number",""
"HGO16C01","Number of Health Graduates","2020","2020","8","Process, plant and machine operatives","402","Radiography and Radiation Therapy","Number",""
"HGO16C01","Number of Health Graduates","2020","2020","8","Process, plant and machine operatives","702","Social Care","Number",""
"HGO16C01","Number of Health Graduates","2020","2020","8","Process, plant and machine operatives","701","Social Work","Number",""
"HGO16C01","Number of Health Graduates","2020","2020","8","Process, plant and machine operatives","10","Speech and Language Therapy","Number",""
"HGO16C01","Number of Health Graduates","2020","2020","8","Process, plant and machine operatives","V52","Dietetics, Optometry and Podiatry","Number",""
"HGO16C01","Number of Health Graduates","2020","2020","9","Elementary occupations","201","Dentistry","Number",""
"HGO16C01","Number of Health Graduates","2020","2020","9","Elementary occupations","401","Medical Science","Number",""
"HGO16C01","Number of Health Graduates","2020","2020","9","Elementary occupations","202","Medicine","Number",""
"HGO16C01","Number of Health Graduates","2020","2020","9","Elementary occupations","30","Nursing and Midwifery","Number",""
"HGO16C01","Number of Health Graduates","2020","2020","9","Elementary occupations","501","Occupational Therapy","Number",""
"HGO16C01","Number of Health Graduates","2020","2020","9","Elementary occupations","60","Pharmacy","Number",""
"HGO16C01","Number of Health Graduates","2020","2020","9","Elementary occupations","504","Physiotherapy","Number",""
"HGO16C01","Number of Health Graduates","2020","2020","9","Elementary occupations","402","Radiography and Radiation Therapy","Number",""
"HGO16C01","Number of Health Graduates","2020","2020","9","Elementary occupations","702","Social Care","Number","15"
"HGO16C01","Number of Health Graduates","2020","2020","9","Elementary occupations","701","Social Work","Number",""
"HGO16C01","Number of Health Graduates","2020","2020","9","Elementary occupations","10","Speech and Language Therapy","Number",""
"HGO16C01","Number of Health Graduates","2020","2020","9","Elementary occupations","V52","Dietetics, Optometry and Podiatry","Number",""
"HGO16C01","Number of Health Graduates","2020","2020","21","Science, research, engineering and technology professionals","201","Dentistry","Number",""
"HGO16C01","Number of Health Graduates","2020","2020","21","Science, research, engineering and technology professionals","401","Medical Science","Number","60"
"HGO16C01","Number of Health Graduates","2020","2020","21","Science, research, engineering and technology professionals","202","Medicine","Number",""
"HGO16C01","Number of Health Graduates","2020","2020","21","Science, research, engineering and technology professionals","30","Nursing and Midwifery","Number",""
"HGO16C01","Number of Health Graduates","2020","2020","21","Science, research, engineering and technology professionals","501","Occupational Therapy","Number",""
"HGO16C01","Number of Health Graduates","2020","2020","21","Science, research, engineering and technology professionals","60","Pharmacy","Number","3"
"HGO16C01","Number of Health Graduates","2020","2020","21","Science, research, engineering and technology professionals","504","Physiotherapy","Number",""
"HGO16C01","Number of Health Graduates","2020","2020","21","Science, research, engineering and technology professionals","402","Radiography and Radiation Therapy","Number",""
"HGO16C01","Number of Health Graduates","2020","2020","21","Science, research, engineering and technology professionals","702","Social Care","Number","3"
"HGO16C01","Number of Health Graduates","2020","2020","21","Science, research, engineering and technology professionals","701","Social Work","Number",""
"HGO16C01","Number of Health Graduates","2020","2020","21","Science, research, engineering and technology professionals","10","Speech and Language Therapy","Number",""
"HGO16C01","Number of Health Graduates","2020","2020","21","Science, research, engineering and technology professionals","V52","Dietetics, Optometry and Podiatry","Number","3"
"HGO16C01","Number of Health Graduates","2020","2020","23","Teaching and educational professionals","201","Dentistry","Number",""
"HGO16C01","Number of Health Graduates","2020","2020","23","Teaching and educational professionals","401","Medical Science","Number",""
"HGO16C01","Number of Health Graduates","2020","2020","23","Teaching and educational professionals","202","Medicine","Number",""
"HGO16C01","Number of Health Graduates","2020","2020","23","Teaching and educational professionals","30","Nursing and Midwifery","Number","3"
"HGO16C01","Number of Health Graduates","2020","2020","23","Teaching and educational professionals","501","Occupational Therapy","Number",""
"HGO16C01","Number of Health Graduates","2020","2020","23","Teaching and educational professionals","60","Pharmacy","Number",""
"HGO16C01","Number of Health Graduates","2020","2020","23","Teaching and educational professionals","504","Physiotherapy","Number",""
"HGO16C01","Number of Health Graduates","2020","2020","23","Teaching and educational professionals","402","Radiography and Radiation Therapy","Number",""
"HGO16C01","Number of Health Graduates","2020","2020","23","Teaching and educational professionals","702","Social Care","Number","6"
"HGO16C01","Number of Health Graduates","2020","2020","23","Teaching and educational professionals","701","Social Work","Number",""
"HGO16C01","Number of Health Graduates","2020","2020","23","Teaching and educational professionals","10","Speech and Language Therapy","Number",""
"HGO16C01","Number of Health Graduates","2020","2020","23","Teaching and educational professionals","V52","Dietetics, Optometry and Podiatry","Number",""
"HGO16C01","Number of Health Graduates","2020","2020","24","Business, media and public service professionals","201","Dentistry","Number",""
"HGO16C01","Number of Health Graduates","2020","2020","24","Business, media and public service professionals","401","Medical Science","Number",""
"HGO16C01","Number of Health Graduates","2020","2020","24","Business, media and public service professionals","202","Medicine","Number","3"
"HGO16C01","Number of Health Graduates","2020","2020","24","Business, media and public service professionals","30","Nursing and Midwifery","Number","3"
"HGO16C01","Number of Health Graduates","2020","2020","24","Business, media and public service professionals","501","Occupational Therapy","Number",""
"HGO16C01","Number of Health Graduates","2020","2020","24","Business, media and public service professionals","60","Pharmacy","Number","3"
"HGO16C01","Number of Health Graduates","2020","2020","24","Business, media and public service professionals","504","Physiotherapy","Number",""
"HGO16C01","Number of Health Graduates","2020","2020","24","Business, media and public service professionals","402","Radiography and Radiation Therapy","Number",""
"HGO16C01","Number of Health Graduates","2020","2020","24","Business, media and public service professionals","702","Social Care","Number","39"
"HGO16C01","Number of Health Graduates","2020","2020","24","Business, media and public service professionals","701","Social Work","Number","123"
"HGO16C01","Number of Health Graduates","2020","2020","24","Business, media and public service professionals","10","Speech and Language Therapy","Number",""
"HGO16C01","Number of Health Graduates","2020","2020","24","Business, media and public service professionals","V52","Dietetics, Optometry and Podiatry","Number",""
"HGO16C01","Number of Health Graduates","2020","2020","2211","Medical practitioners","201","Dentistry","Number",""
"HGO16C01","Number of Health Graduates","2020","2020","2211","Medical practitioners","401","Medical Science","Number",""
"HGO16C01","Number of Health Graduates","2020","2020","2211","Medical practitioners","202","Medicine","Number","261"
"HGO16C01","Number of Health Graduates","2020","2020","2211","Medical practitioners","30","Nursing and Midwifery","Number",""
"HGO16C01","Number of Health Graduates","2020","2020","2211","Medical practitioners","501","Occupational Therapy","Number",""
"HGO16C01","Number of Health Graduates","2020","2020","2211","Medical practitioners","60","Pharmacy","Number",""
"HGO16C01","Number of Health Graduates","2020","2020","2211","Medical practitioners","504","Physiotherapy","Number",""
"HGO16C01","Number of Health Graduates","2020","2020","2211","Medical practitioners","402","Radiography and Radiation Therapy","Number",""
"HGO16C01","Number of Health Graduates","2020","2020","2211","Medical practitioners","702","Social Care","Number",""
"HGO16C01","Number of Health Graduates","2020","2020","2211","Medical practitioners","701","Social Work","Number",""
"HGO16C01","Number of Health Graduates","2020","2020","2211","Medical practitioners","10","Speech and Language Therapy","Number",""
"HGO16C01","Number of Health Graduates","2020","2020","2211","Medical practitioners","V52","Dietetics, Optometry and Podiatry","Number",""
"HGO16C01","Number of Health Graduates","2020","2020","2212","Psychologists","201","Dentistry","Number",""
"HGO16C01","Number of Health Graduates","2020","2020","2212","Psychologists","401","Medical Science","Number",""
"HGO16C01","Number of Health Graduates","2020","2020","2212","Psychologists","202","Medicine","Number",""
"HGO16C01","Number of Health Graduates","2020","2020","2212","Psychologists","30","Nursing and Midwifery","Number",""
"HGO16C01","Number of Health Graduates","2020","2020","2212","Psychologists","501","Occupational Therapy","Number",""
"HGO16C01","Number of Health Graduates","2020","2020","2212","Psychologists","60","Pharmacy","Number",""
"HGO16C01","Number of Health Graduates","2020","2020","2212","Psychologists","504","Physiotherapy","Number",""
"HGO16C01","Number of Health Graduates","2020","2020","2212","Psychologists","402","Radiography and Radiation Therapy","Number",""
"HGO16C01","Number of Health Graduates","2020","2020","2212","Psychologists","702","Social Care","Number",""
"HGO16C01","Number of Health Graduates","2020","2020","2212","Psychologists","701","Social Work","Number",""
"HGO16C01","Number of Health Graduates","2020","2020","2212","Psychologists","10","Speech and Language Therapy","Number",""
"HGO16C01","Number of Health Graduates","2020","2020","2212","Psychologists","V52","Dietetics, Optometry and Podiatry","Number",""
"HGO16C01","Number of Health Graduates","2020","2020","2213","Pharmacists","201","Dentistry","Number",""
"HGO16C01","Number of Health Graduates","2020","2020","2213","Pharmacists","401","Medical Science","Number",""
"HGO16C01","Number of Health Graduates","2020","2020","2213","Pharmacists","202","Medicine","Number",""
"HGO16C01","Number of Health Graduates","2020","2020","2213","Pharmacists","30","Nursing and Midwifery","Number",""
"HGO16C01","Number of Health Graduates","2020","2020","2213","Pharmacists","501","Occupational Therapy","Number",""
"HGO16C01","Number of Health Graduates","2020","2020","2213","Pharmacists","60","Pharmacy","Number","111"
"HGO16C01","Number of Health Graduates","2020","2020","2213","Pharmacists","504","Physiotherapy","Number",""
"HGO16C01","Number of Health Graduates","2020","2020","2213","Pharmacists","402","Radiography and Radiation Therapy","Number",""
"HGO16C01","Number of Health Graduates","2020","2020","2213","Pharmacists","702","Social Care","Number",""
"HGO16C01","Number of Health Graduates","2020","2020","2213","Pharmacists","701","Social Work","Number",""
"HGO16C01","Number of Health Graduates","2020","2020","2213","Pharmacists","10","Speech and Language Therapy","Number",""
"HGO16C01","Number of Health Graduates","2020","2020","2213","Pharmacists","V52","Dietetics, Optometry and Podiatry","Number",""
"HGO16C01","Number of Health Graduates","2020","2020","2214","Ophthalmic opticians","201","Dentistry","Number",""
"HGO16C01","Number of Health Graduates","2020","2020","2214","Ophthalmic opticians","401","Medical Science","Number",""
"HGO16C01","Number of Health Graduates","2020","2020","2214","Ophthalmic opticians","202","Medicine","Number",""
"HGO16C01","Number of Health Graduates","2020","2020","2214","Ophthalmic opticians","30","Nursing and Midwifery","Number",""
"HGO16C01","Number of Health Graduates","2020","2020","2214","Ophthalmic opticians","501","Occupational Therapy","Number",""
"HGO16C01","Number of Health Graduates","2020","2020","2214","Ophthalmic opticians","60","Pharmacy","Number",""
"HGO16C01","Number of Health Graduates","2020","2020","2214","Ophthalmic opticians","504","Physiotherapy","Number",""
"HGO16C01","Number of Health Graduates","2020","2020","2214","Ophthalmic opticians","402","Radiography and Radiation Therapy","Number",""
"HGO16C01","Number of Health Graduates","2020","2020","2214","Ophthalmic opticians","702","Social Care","Number",""
"HGO16C01","Number of Health Graduates","2020","2020","2214","Ophthalmic opticians","701","Social Work","Number",""
"HGO16C01","Number of Health Graduates","2020","2020","2214","Ophthalmic opticians","10","Speech and Language Therapy","Number",""
"HGO16C01","Number of Health Graduates","2020","2020","2214","Ophthalmic opticians","V52","Dietetics, Optometry and Podiatry","Number","18"
"HGO16C01","Number of Health Graduates","2020","2020","2215","Dental practitioners","201","Dentistry","Number","30"
"HGO16C01","Number of Health Graduates","2020","2020","2215","Dental practitioners","401","Medical Science","Number",""
"HGO16C01","Number of Health Graduates","2020","2020","2215","Dental practitioners","202","Medicine","Number",""
"HGO16C01","Number of Health Graduates","2020","2020","2215","Dental practitioners","30","Nursing and Midwifery","Number",""
"HGO16C01","Number of Health Graduates","2020","2020","2215","Dental practitioners","501","Occupational Therapy","Number",""
"HGO16C01","Number of Health Graduates","2020","2020","2215","Dental practitioners","60","Pharmacy","Number",""
"HGO16C01","Number of Health Graduates","2020","2020","2215","Dental practitioners","504","Physiotherapy","Number",""
"HGO16C01","Number of Health Graduates","2020","2020","2215","Dental practitioners","402","Radiography and Radiation Therapy","Number",""
"HGO16C01","Number of Health Graduates","2020","2020","2215","Dental practitioners","702","Social Care","Number",""
"HGO16C01","Number of Health Graduates","2020","2020","2215","Dental practitioners","701","Social Work","Number",""
"HGO16C01","Number of Health Graduates","2020","2020","2215","Dental practitioners","10","Speech and Language Therapy","Number",""
"HGO16C01","Number of Health Graduates","2020","2020","2215","Dental practitioners","V52","Dietetics, Optometry and Podiatry","Number",""
"HGO16C01","Number of Health Graduates","2020","2020","2216","Veterinarians","201","Dentistry","Number",""
"HGO16C01","Number of Health Graduates","2020","2020","2216","Veterinarians","401","Medical Science","Number",""
"HGO16C01","Number of Health Graduates","2020","2020","2216","Veterinarians","202","Medicine","Number",""
"HGO16C01","Number of Health Graduates","2020","2020","2216","Veterinarians","30","Nursing and Midwifery","Number",""
"HGO16C01","Number of Health Graduates","2020","2020","2216","Veterinarians","501","Occupational Therapy","Number",""
"HGO16C01","Number of Health Graduates","2020","2020","2216","Veterinarians","60","Pharmacy","Number",""
"HGO16C01","Number of Health Graduates","2020","2020","2216","Veterinarians","504","Physiotherapy","Number",""
"HGO16C01","Number of Health Graduates","2020","2020","2216","Veterinarians","402","Radiography and Radiation Therapy","Number",""
"HGO16C01","Number of Health Graduates","2020","2020","2216","Veterinarians","702","Social Care","Number",""
"HGO16C01","Number of Health Graduates","2020","2020","2216","Veterinarians","701","Social Work","Number",""
"HGO16C01","Number of Health Graduates","2020","2020","2216","Veterinarians","10","Speech and Language Therapy","Number",""
"HGO16C01","Number of Health Graduates","2020","2020","2216","Veterinarians","V52","Dietetics, Optometry and Podiatry","Number",""
"HGO16C01","Number of Health Graduates","2020","2020","2217","Medical radiographers","201","Dentistry","Number",""
"HGO16C01","Number of Health Graduates","2020","2020","2217","Medical radiographers","401","Medical Science","Number",""
"HGO16C01","Number of Health Graduates","2020","2020","2217","Medical radiographers","202","Medicine","Number",""
"HGO16C01","Number of Health Graduates","2020","2020","2217","Medical radiographers","30","Nursing and Midwifery","Number",""
"HGO16C01","Number of Health Graduates","2020","2020","2217","Medical radiographers","501","Occupational Therapy","Number",""
"HGO16C01","Number of Health Graduates","2020","2020","2217","Medical radiographers","60","Pharmacy","Number",""
"HGO16C01","Number of Health Graduates","2020","2020","2217","Medical radiographers","504","Physiotherapy","Number",""
"HGO16C01","Number of Health Graduates","2020","2020","2217","Medical radiographers","402","Radiography and Radiation Therapy","Number","72"
"HGO16C01","Number of Health Graduates","2020","2020","2217","Medical radiographers","702","Social Care","Number",""
"HGO16C01","Number of Health Graduates","2020","2020","2217","Medical radiographers","701","Social Work","Number",""
"HGO16C01","Number of Health Graduates","2020","2020","2217","Medical radiographers","10","Speech and Language Therapy","Number",""
"HGO16C01","Number of Health Graduates","2020","2020","2217","Medical radiographers","V52","Dietetics, Optometry and Podiatry","Number",""
"HGO16C01","Number of Health Graduates","2020","2020","2218","Podiatrists","201","Dentistry","Number",""
"HGO16C01","Number of Health Graduates","2020","2020","2218","Podiatrists","401","Medical Science","Number",""
"HGO16C01","Number of Health Graduates","2020","2020","2218","Podiatrists","202","Medicine","Number",""
"HGO16C01","Number of Health Graduates","2020","2020","2218","Podiatrists","30","Nursing and Midwifery","Number",""
"HGO16C01","Number of Health Graduates","2020","2020","2218","Podiatrists","501","Occupational Therapy","Number",""
"HGO16C01","Number of Health Graduates","2020","2020","2218","Podiatrists","60","Pharmacy","Number",""
"HGO16C01","Number of Health Graduates","2020","2020","2218","Podiatrists","504","Physiotherapy","Number",""
"HGO16C01","Number of Health Graduates","2020","2020","2218","Podiatrists","402","Radiography and Radiation Therapy","Number",""
"HGO16C01","Number of Health Graduates","2020","2020","2218","Podiatrists","702","Social Care","Number",""
"HGO16C01","Number of Health Graduates","2020","2020","2218","Podiatrists","701","Social Work","Number",""
"HGO16C01","Number of Health Graduates","2020","2020","2218","Podiatrists","10","Speech and Language Therapy","Number",""
"HGO16C01","Number of Health Graduates","2020","2020","2218","Podiatrists","V52","Dietetics, Optometry and Podiatry","Number","18"
"HGO16C01","Number of Health Graduates","2020","2020","2219","Health professionals n.e.c.","201","Dentistry","Number",""
"HGO16C01","Number of Health Graduates","2020","2020","2219","Health professionals n.e.c.","401","Medical Science","Number",""
"HGO16C01","Number of Health Graduates","2020","2020","2219","Health professionals n.e.c.","202","Medicine","Number",""
"HGO16C01","Number of Health Graduates","2020","2020","2219","Health professionals n.e.c.","30","Nursing and Midwifery","Number",""
"HGO16C01","Number of Health Graduates","2020","2020","2219","Health professionals n.e.c.","501","Occupational Therapy","Number",""
"HGO16C01","Number of Health Graduates","2020","2020","2219","Health professionals n.e.c.","60","Pharmacy","Number",""
"HGO16C01","Number of Health Graduates","2020","2020","2219","Health professionals n.e.c.","504","Physiotherapy","Number",""
"HGO16C01","Number of Health Graduates","2020","2020","2219","Health professionals n.e.c.","402","Radiography and Radiation Therapy","Number",""
"HGO16C01","Number of Health Graduates","2020","2020","2219","Health professionals n.e.c.","702","Social Care","Number",""
"HGO16C01","Number of Health Graduates","2020","2020","2219","Health professionals n.e.c.","701","Social Work","Number",""
"HGO16C01","Number of Health Graduates","2020","2020","2219","Health professionals n.e.c.","10","Speech and Language Therapy","Number",""
"HGO16C01","Number of Health Graduates","2020","2020","2219","Health professionals n.e.c.","V52","Dietetics, Optometry and Podiatry","Number","39"
"HGO16C01","Number of Health Graduates","2020","2020","2221","Physiotherapists","201","Dentistry","Number",""
"HGO16C01","Number of Health Graduates","2020","2020","2221","Physiotherapists","401","Medical Science","Number",""
"HGO16C01","Number of Health Graduates","2020","2020","2221","Physiotherapists","202","Medicine","Number",""
"HGO16C01","Number of Health Graduates","2020","2020","2221","Physiotherapists","30","Nursing and Midwifery","Number",""
"HGO16C01","Number of Health Graduates","2020","2020","2221","Physiotherapists","501","Occupational Therapy","Number",""
"HGO16C01","Number of Health Graduates","2020","2020","2221","Physiotherapists","60","Pharmacy","Number",""
"HGO16C01","Number of Health Graduates","2020","2020","2221","Physiotherapists","504","Physiotherapy","Number","123"
"HGO16C01","Number of Health Graduates","2020","2020","2221","Physiotherapists","402","Radiography and Radiation Therapy","Number",""
"HGO16C01","Number of Health Graduates","2020","2020","2221","Physiotherapists","702","Social Care","Number",""
"HGO16C01","Number of Health Graduates","2020","2020","2221","Physiotherapists","701","Social Work","Number",""
"HGO16C01","Number of Health Graduates","2020","2020","2221","Physiotherapists","10","Speech and Language Therapy","Number",""
"HGO16C01","Number of Health Graduates","2020","2020","2221","Physiotherapists","V52","Dietetics, Optometry and Podiatry","Number",""
"HGO16C01","Number of Health Graduates","2020","2020","2222","Occupational therapists","201","Dentistry","Number",""
"HGO16C01","Number of Health Graduates","2020","2020","2222","Occupational therapists","401","Medical Science","Number",""
"HGO16C01","Number of Health Graduates","2020","2020","2222","Occupational therapists","202","Medicine","Number",""
"HGO16C01","Number of Health Graduates","2020","2020","2222","Occupational therapists","30","Nursing and Midwifery","Number",""
"HGO16C01","Number of Health Graduates","2020","2020","2222","Occupational therapists","501","Occupational Therapy","Number","66"
"HGO16C01","Number of Health Graduates","2020","2020","2222","Occupational therapists","60","Pharmacy","Number",""
"HGO16C01","Number of Health Graduates","2020","2020","2222","Occupational therapists","504","Physiotherapy","Number",""
"HGO16C01","Number of Health Graduates","2020","2020","2222","Occupational therapists","402","Radiography and Radiation Therapy","Number",""
"HGO16C01","Number of Health Graduates","2020","2020","2222","Occupational therapists","702","Social Care","Number",""
"HGO16C01","Number of Health Graduates","2020","2020","2222","Occupational therapists","701","Social Work","Number",""
"HGO16C01","Number of Health Graduates","2020","2020","2222","Occupational therapists","10","Speech and Language Therapy","Number",""
"HGO16C01","Number of Health Graduates","2020","2020","2222","Occupational therapists","V52","Dietetics, Optometry and Podiatry","Number",""
"HGO16C01","Number of Health Graduates","2020","2020","2223","Speech and language therapists","201","Dentistry","Number",""
"HGO16C01","Number of Health Graduates","2020","2020","2223","Speech and language therapists","401","Medical Science","Number",""
"HGO16C01","Number of Health Graduates","2020","2020","2223","Speech and language therapists","202","Medicine","Number",""
"HGO16C01","Number of Health Graduates","2020","2020","2223","Speech and language therapists","30","Nursing and Midwifery","Number",""
"HGO16C01","Number of Health Graduates","2020","2020","2223","Speech and language therapists","501","Occupational Therapy","Number",""
"HGO16C01","Number of Health Graduates","2020","2020","2223","Speech and language therapists","60","Pharmacy","Number",""
"HGO16C01","Number of Health Graduates","2020","2020","2223","Speech and language therapists","504","Physiotherapy","Number",""
"HGO16C01","Number of Health Graduates","2020","2020","2223","Speech and language therapists","402","Radiography and Radiation Therapy","Number",""
"HGO16C01","Number of Health Graduates","2020","2020","2223","Speech and language therapists","702","Social Care","Number",""
"HGO16C01","Number of Health Graduates","2020","2020","2223","Speech and language therapists","701","Social Work","Number",""
"HGO16C01","Number of Health Graduates","2020","2020","2223","Speech and language therapists","10","Speech and Language Therapy","Number","90"
"HGO16C01","Number of Health Graduates","2020","2020","2223","Speech and language therapists","V52","Dietetics, Optometry and Podiatry","Number",""
"HGO16C01","Number of Health Graduates","2020","2020","2229","Therapy professionals n.e.c.","201","Dentistry","Number",""
"HGO16C01","Number of Health Graduates","2020","2020","2229","Therapy professionals n.e.c.","401","Medical Science","Number",""
"HGO16C01","Number of Health Graduates","2020","2020","2229","Therapy professionals n.e.c.","202","Medicine","Number",""
"HGO16C01","Number of Health Graduates","2020","2020","2229","Therapy professionals n.e.c.","30","Nursing and Midwifery","Number",""
"HGO16C01","Number of Health Graduates","2020","2020","2229","Therapy professionals n.e.c.","501","Occupational Therapy","Number",""
"HGO16C01","Number of Health Graduates","2020","2020","2229","Therapy professionals n.e.c.","60","Pharmacy","Number",""
"HGO16C01","Number of Health Graduates","2020","2020","2229","Therapy professionals n.e.c.","504","Physiotherapy","Number",""
"HGO16C01","Number of Health Graduates","2020","2020","2229","Therapy professionals n.e.c.","402","Radiography and Radiation Therapy","Number",""
"HGO16C01","Number of Health Graduates","2020","2020","2229","Therapy professionals n.e.c.","702","Social Care","Number",""
"HGO16C01","Number of Health Graduates","2020","2020","2229","Therapy professionals n.e.c.","701","Social Work","Number",""
"HGO16C01","Number of Health Graduates","2020","2020","2229","Therapy professionals n.e.c.","10","Speech and Language Therapy","Number",""
"HGO16C01","Number of Health Graduates","2020","2020","2229","Therapy professionals n.e.c.","V52","Dietetics, Optometry and Podiatry","Number",""
"HGO16C01","Number of Health Graduates","2020","2020","X13","Nurses and midwives","201","Dentistry","Number",""
"HGO16C01","Number of Health Graduates","2020","2020","X13","Nurses and midwives","401","Medical Science","Number",""
"HGO16C01","Number of Health Graduates","2020","2020","X13","Nurses and midwives","202","Medicine","Number",""
"HGO16C01","Number of Health Graduates","2020","2020","X13","Nurses and midwives","30","Nursing and Midwifery","Number","981"
"HGO16C01","Number of Health Graduates","2020","2020","X13","Nurses and midwives","501","Occupational Therapy","Number",""
"HGO16C01","Number of Health Graduates","2020","2020","X13","Nurses and midwives","60","Pharmacy","Number",""
"HGO16C01","Number of Health Graduates","2020","2020","X13","Nurses and midwives","504","Physiotherapy","Number",""
"HGO16C01","Number of Health Graduates","2020","2020","X13","Nurses and midwives","402","Radiography and Radiation Therapy","Number",""
"HGO16C01","Number of Health Graduates","2020","2020","X13","Nurses and midwives","702","Social Care","Number","3"
"HGO16C01","Number of Health Graduates","2020","2020","X13","Nurses and midwives","701","Social Work","Number",""
"HGO16C01","Number of Health Graduates","2020","2020","X13","Nurses and midwives","10","Speech and Language Therapy","Number",""
"HGO16C01","Number of Health Graduates","2020","2020","X13","Nurses and midwives","V52","Dietetics, Optometry and Podiatry","Number",""
"HGO16C01","Number of Health Graduates","2020","2020","-","All occupational groups","201","Dentistry","Number","33"
"HGO16C01","Number of Health Graduates","2020","2020","-","All occupational groups","401","Medical Science","Number","63"
"HGO16C01","Number of Health Graduates","2020","2020","-","All occupational groups","202","Medicine","Number","267"
"HGO16C01","Number of Health Graduates","2020","2020","-","All occupational groups","30","Nursing and Midwifery","Number","1005"
"HGO16C01","Number of Health Graduates","2020","2020","-","All occupational groups","501","Occupational Therapy","Number","69"
"HGO16C01","Number of Health Graduates","2020","2020","-","All occupational groups","60","Pharmacy","Number","117"
"HGO16C01","Number of Health Graduates","2020","2020","-","All occupational groups","504","Physiotherapy","Number","126"
"HGO16C01","Number of Health Graduates","2020","2020","-","All occupational groups","402","Radiography and Radiation Therapy","Number","72"
"HGO16C01","Number of Health Graduates","2020","2020","-","All occupational groups","702","Social Care","Number","711"
"HGO16C01","Number of Health Graduates","2020","2020","-","All occupational groups","701","Social Work","Number","138"
"HGO16C01","Number of Health Graduates","2020","2020","-","All occupational groups","10","Speech and Language Therapy","Number","96"
"HGO16C01","Number of Health Graduates","2020","2020","-","All occupational groups","V52","Dietetics, Optometry and Podiatry","Number","78"
"HGO16C01","Number of Health Graduates","2021","2021","1","Managers, directors and senior officials","201","Dentistry","Number",""
"HGO16C01","Number of Health Graduates","2021","2021","1","Managers, directors and senior officials","401","Medical Science","Number",""
"HGO16C01","Number of Health Graduates","2021","2021","1","Managers, directors and senior officials","202","Medicine","Number",""
"HGO16C01","Number of Health Graduates","2021","2021","1","Managers, directors and senior officials","30","Nursing and Midwifery","Number",""
"HGO16C01","Number of Health Graduates","2021","2021","1","Managers, directors and senior officials","501","Occupational Therapy","Number",""
"HGO16C01","Number of Health Graduates","2021","2021","1","Managers, directors and senior officials","60","Pharmacy","Number",""
"HGO16C01","Number of Health Graduates","2021","2021","1","Managers, directors and senior officials","504","Physiotherapy","Number",""
"HGO16C01","Number of Health Graduates","2021","2021","1","Managers, directors and senior officials","402","Radiography and Radiation Therapy","Number",""
"HGO16C01","Number of Health Graduates","2021","2021","1","Managers, directors and senior officials","702","Social Care","Number","18"
"HGO16C01","Number of Health Graduates","2021","2021","1","Managers, directors and senior officials","701","Social Work","Number",""
"HGO16C01","Number of Health Graduates","2021","2021","1","Managers, directors and senior officials","10","Speech and Language Therapy","Number",""
"HGO16C01","Number of Health Graduates","2021","2021","1","Managers, directors and senior officials","V52","Dietetics, Optometry and Podiatry","Number",""
"HGO16C01","Number of Health Graduates","2021","2021","3","Associate professional and technical occupations","201","Dentistry","Number",""
"HGO16C01","Number of Health Graduates","2021","2021","3","Associate professional and technical occupations","401","Medical Science","Number",""
"HGO16C01","Number of Health Graduates","2021","2021","3","Associate professional and technical occupations","202","Medicine","Number","6"
"HGO16C01","Number of Health Graduates","2021","2021","3","Associate professional and technical occupations","30","Nursing and Midwifery","Number","3"
"HGO16C01","Number of Health Graduates","2021","2021","3","Associate professional and technical occupations","501","Occupational Therapy","Number","3"
"HGO16C01","Number of Health Graduates","2021","2021","3","Associate professional and technical occupations","60","Pharmacy","Number",""
"HGO16C01","Number of Health Graduates","2021","2021","3","Associate professional and technical occupations","504","Physiotherapy","Number",""
"HGO16C01","Number of Health Graduates","2021","2021","3","Associate professional and technical occupations","402","Radiography and Radiation Therapy","Number",""
"HGO16C01","Number of Health Graduates","2021","2021","3","Associate professional and technical occupations","702","Social Care","Number","66"
"HGO16C01","Number of Health Graduates","2021","2021","3","Associate professional and technical occupations","701","Social Work","Number",""
"HGO16C01","Number of Health Graduates","2021","2021","3","Associate professional and technical occupations","10","Speech and Language Therapy","Number",""
"HGO16C01","Number of Health Graduates","2021","2021","3","Associate professional and technical occupations","V52","Dietetics, Optometry and Podiatry","Number",""
"HGO16C01","Number of Health Graduates","2021","2021","4","Administrative and secretarial occupations","201","Dentistry","Number",""
"HGO16C01","Number of Health Graduates","2021","2021","4","Administrative and secretarial occupations","401","Medical Science","Number",""
"HGO16C01","Number of Health Graduates","2021","2021","4","Administrative and secretarial occupations","202","Medicine","Number",""
"HGO16C01","Number of Health Graduates","2021","2021","4","Administrative and secretarial occupations","30","Nursing and Midwifery","Number","6"
"HGO16C01","Number of Health Graduates","2021","2021","4","Administrative and secretarial occupations","501","Occupational Therapy","Number",""
"HGO16C01","Number of Health Graduates","2021","2021","4","Administrative and secretarial occupations","60","Pharmacy","Number",""
"HGO16C01","Number of Health Graduates","2021","2021","4","Administrative and secretarial occupations","504","Physiotherapy","Number","3"
"HGO16C01","Number of Health Graduates","2021","2021","4","Administrative and secretarial occupations","402","Radiography and Radiation Therapy","Number",""
"HGO16C01","Number of Health Graduates","2021","2021","4","Administrative and secretarial occupations","702","Social Care","Number","21"
"HGO16C01","Number of Health Graduates","2021","2021","4","Administrative and secretarial occupations","701","Social Work","Number",""
"HGO16C01","Number of Health Graduates","2021","2021","4","Administrative and secretarial occupations","10","Speech and Language Therapy","Number",""
"HGO16C01","Number of Health Graduates","2021","2021","4","Administrative and secretarial occupations","V52","Dietetics, Optometry and Podiatry","Number",""
"HGO16C01","Number of Health Graduates","2021","2021","5","Skilled trades occupations","201","Dentistry","Number",""
"HGO16C01","Number of Health Graduates","2021","2021","5","Skilled trades occupations","401","Medical Science","Number",""
"HGO16C01","Number of Health Graduates","2021","2021","5","Skilled trades occupations","202","Medicine","Number",""
"HGO16C01","Number of Health Graduates","2021","2021","5","Skilled trades occupations","30","Nursing and Midwifery","Number",""
"HGO16C01","Number of Health Graduates","2021","2021","5","Skilled trades occupations","501","Occupational Therapy","Number",""
"HGO16C01","Number of Health Graduates","2021","2021","5","Skilled trades occupations","60","Pharmacy","Number",""
"HGO16C01","Number of Health Graduates","2021","2021","5","Skilled trades occupations","504","Physiotherapy","Number",""
"HGO16C01","Number of Health Graduates","2021","2021","5","Skilled trades occupations","402","Radiography and Radiation Therapy","Number",""
"HGO16C01","Number of Health Graduates","2021","2021","5","Skilled trades occupations","702","Social Care","Number","3"
"HGO16C01","Number of Health Graduates","2021","2021","5","Skilled trades occupations","701","Social Work","Number",""
"HGO16C01","Number of Health Graduates","2021","2021","5","Skilled trades occupations","10","Speech and Language Therapy","Number",""
"HGO16C01","Number of Health Graduates","2021","2021","5","Skilled trades occupations","V52","Dietetics, Optometry and Podiatry","Number",""
"HGO16C01","Number of Health Graduates","2021","2021","6","Caring, leisure and other service occupations","201","Dentistry","Number",""
"HGO16C01","Number of Health Graduates","2021","2021","6","Caring, leisure and other service occupations","401","Medical Science","Number",""
"HGO16C01","Number of Health Graduates","2021","2021","6","Caring, leisure and other service occupations","202","Medicine","Number","3"
"HGO16C01","Number of Health Graduates","2021","2021","6","Caring, leisure and other service occupations","30","Nursing and Midwifery","Number","9"
"HGO16C01","Number of Health Graduates","2021","2021","6","Caring, leisure and other service occupations","501","Occupational Therapy","Number",""
"HGO16C01","Number of Health Graduates","2021","2021","6","Caring, leisure and other service occupations","60","Pharmacy","Number",""
"HGO16C01","Number of Health Graduates","2021","2021","6","Caring, leisure and other service occupations","504","Physiotherapy","Number",""
"HGO16C01","Number of Health Graduates","2021","2021","6","Caring, leisure and other service occupations","402","Radiography and Radiation Therapy","Number",""
"HGO16C01","Number of Health Graduates","2021","2021","6","Caring, leisure and other service occupations","702","Social Care","Number","675"
"HGO16C01","Number of Health Graduates","2021","2021","6","Caring, leisure and other service occupations","701","Social Work","Number","6"
"HGO16C01","Number of Health Graduates","2021","2021","6","Caring, leisure and other service occupations","10","Speech and Language Therapy","Number","3"
"HGO16C01","Number of Health Graduates","2021","2021","6","Caring, leisure and other service occupations","V52","Dietetics, Optometry and Podiatry","Number",""
"HGO16C01","Number of Health Graduates","2021","2021","7","Sales and customer service occupations","201","Dentistry","Number",""
"HGO16C01","Number of Health Graduates","2021","2021","7","Sales and customer service occupations","401","Medical Science","Number",""
"HGO16C01","Number of Health Graduates","2021","2021","7","Sales and customer service occupations","202","Medicine","Number",""
"HGO16C01","Number of Health Graduates","2021","2021","7","Sales and customer service occupations","30","Nursing and Midwifery","Number","3"
"HGO16C01","Number of Health Graduates","2021","2021","7","Sales and customer service occupations","501","Occupational Therapy","Number","3"
"HGO16C01","Number of Health Graduates","2021","2021","7","Sales and customer service occupations","60","Pharmacy","Number","3"
"HGO16C01","Number of Health Graduates","2021","2021","7","Sales and customer service occupations","504","Physiotherapy","Number","3"
"HGO16C01","Number of Health Graduates","2021","2021","7","Sales and customer service occupations","402","Radiography and Radiation Therapy","Number",""
"HGO16C01","Number of Health Graduates","2021","2021","7","Sales and customer service occupations","702","Social Care","Number","36"
"HGO16C01","Number of Health Graduates","2021","2021","7","Sales and customer service occupations","701","Social Work","Number",""
"HGO16C01","Number of Health Graduates","2021","2021","7","Sales and customer service occupations","10","Speech and Language Therapy","Number","3"
"HGO16C01","Number of Health Graduates","2021","2021","7","Sales and customer service occupations","V52","Dietetics, Optometry and Podiatry","Number","3"
"HGO16C01","Number of Health Graduates","2021","2021","8","Process, plant and machine operatives","201","Dentistry","Number",""
"HGO16C01","Number of Health Graduates","2021","2021","8","Process, plant and machine operatives","401","Medical Science","Number",""
"HGO16C01","Number of Health Graduates","2021","2021","8","Process, plant and machine operatives","202","Medicine","Number",""
"HGO16C01","Number of Health Graduates","2021","2021","8","Process, plant and machine operatives","30","Nursing and Midwifery","Number","3"
"HGO16C01","Number of Health Graduates","2021","2021","8","Process, plant and machine operatives","501","Occupational Therapy","Number",""
"HGO16C01","Number of Health Graduates","2021","2021","8","Process, plant and machine operatives","60","Pharmacy","Number",""
"HGO16C01","Number of Health Graduates","2021","2021","8","Process, plant and machine operatives","504","Physiotherapy","Number",""
"HGO16C01","Number of Health Graduates","2021","2021","8","Process, plant and machine operatives","402","Radiography and Radiation Therapy","Number",""
"HGO16C01","Number of Health Graduates","2021","2021","8","Process, plant and machine operatives","702","Social Care","Number","9"
"HGO16C01","Number of Health Graduates","2021","2021","8","Process, plant and machine operatives","701","Social Work","Number",""
"HGO16C01","Number of Health Graduates","2021","2021","8","Process, plant and machine operatives","10","Speech and Language Therapy","Number","3"
"HGO16C01","Number of Health Graduates","2021","2021","8","Process, plant and machine operatives","V52","Dietetics, Optometry and Podiatry","Number",""
"HGO16C01","Number of Health Graduates","2021","2021","9","Elementary occupations","201","Dentistry","Number",""
"HGO16C01","Number of Health Graduates","2021","2021","9","Elementary occupations","401","Medical Science","Number",""
"HGO16C01","Number of Health Graduates","2021","2021","9","Elementary occupations","202","Medicine","Number",""
"HGO16C01","Number of Health Graduates","2021","2021","9","Elementary occupations","30","Nursing and Midwifery","Number","3"
"HGO16C01","Number of Health Graduates","2021","2021","9","Elementary occupations","501","Occupational Therapy","Number",""
"HGO16C01","Number of Health Graduates","2021","2021","9","Elementary occupations","60","Pharmacy","Number",""
"HGO16C01","Number of Health Graduates","2021","2021","9","Elementary occupations","504","Physiotherapy","Number",""
"HGO16C01","Number of Health Graduates","2021","2021","9","Elementary occupations","402","Radiography and Radiation Therapy","Number",""
"HGO16C01","Number of Health Graduates","2021","2021","9","Elementary occupations","702","Social Care","Number","18"
"HGO16C01","Number of Health Graduates","2021","2021","9","Elementary occupations","701","Social Work","Number",""
"HGO16C01","Number of Health Graduates","2021","2021","9","Elementary occupations","10","Speech and Language Therapy","Number",""
"HGO16C01","Number of Health Graduates","2021","2021","9","Elementary occupations","V52","Dietetics, Optometry and Podiatry","Number",""
"HGO16C01","Number of Health Graduates","2021","2021","21","Science, research, engineering and technology professionals","201","Dentistry","Number",""
"HGO16C01","Number of Health Graduates","2021","2021","21","Science, research, engineering and technology professionals","401","Medical Science","Number","57"
"HGO16C01","Number of Health Graduates","2021","2021","21","Science, research, engineering and technology professionals","202","Medicine","Number",""
"HGO16C01","Number of Health Graduates","2021","2021","21","Science, research, engineering and technology professionals","30","Nursing and Midwifery","Number",""
"HGO16C01","Number of Health Graduates","2021","2021","21","Science, research, engineering and technology professionals","501","Occupational Therapy","Number",""
"HGO16C01","Number of Health Graduates","2021","2021","21","Science, research, engineering and technology professionals","60","Pharmacy","Number",""
"HGO16C01","Number of Health Graduates","2021","2021","21","Science, research, engineering and technology professionals","504","Physiotherapy","Number",""
"HGO16C01","Number of Health Graduates","2021","2021","21","Science, research, engineering and technology professionals","402","Radiography and Radiation Therapy","Number",""
"HGO16C01","Number of Health Graduates","2021","2021","21","Science, research, engineering and technology professionals","702","Social Care","Number",""
"HGO16C01","Number of Health Graduates","2021","2021","21","Science, research, engineering and technology professionals","701","Social Work","Number",""
"HGO16C01","Number of Health Graduates","2021","2021","21","Science, research, engineering and technology professionals","10","Speech and Language Therapy","Number",""
"HGO16C01","Number of Health Graduates","2021","2021","21","Science, research, engineering and technology professionals","V52","Dietetics, Optometry and Podiatry","Number",""
"HGO16C01","Number of Health Graduates","2021","2021","23","Teaching and educational professionals","201","Dentistry","Number",""
"HGO16C01","Number of Health Graduates","2021","2021","23","Teaching and educational professionals","401","Medical Science","Number",""
"HGO16C01","Number of Health Graduates","2021","2021","23","Teaching and educational professionals","202","Medicine","Number",""
"HGO16C01","Number of Health Graduates","2021","2021","23","Teaching and educational professionals","30","Nursing and Midwifery","Number","3"
"HGO16C01","Number of Health Graduates","2021","2021","23","Teaching and educational professionals","501","Occupational Therapy","Number",""
"HGO16C01","Number of Health Graduates","2021","2021","23","Teaching and educational professionals","60","Pharmacy","Number",""
"HGO16C01","Number of Health Graduates","2021","2021","23","Teaching and educational professionals","504","Physiotherapy","Number",""
"HGO16C01","Number of Health Graduates","2021","2021","23","Teaching and educational professionals","402","Radiography and Radiation Therapy","Number",""
"HGO16C01","Number of Health Graduates","2021","2021","23","Teaching and educational professionals","702","Social Care","Number","6"
"HGO16C01","Number of Health Graduates","2021","2021","23","Teaching and educational professionals","701","Social Work","Number",""
"HGO16C01","Number of Health Graduates","2021","2021","23","Teaching and educational professionals","10","Speech and Language Therapy","Number",""
"HGO16C01","Number of Health Graduates","2021","2021","23","Teaching and educational professionals","V52","Dietetics, Optometry and Podiatry","Number",""
"HGO16C01","Number of Health Graduates","2021","2021","24","Business, media and public service professionals","201","Dentistry","Number",""
"HGO16C01","Number of Health Graduates","2021","2021","24","Business, media and public service professionals","401","Medical Science","Number",""
"HGO16C01","Number of Health Graduates","2021","2021","24","Business, media and public service professionals","202","Medicine","Number",""
"HGO16C01","Number of Health Graduates","2021","2021","24","Business, media and public service professionals","30","Nursing and Midwifery","Number","3"
"HGO16C01","Number of Health Graduates","2021","2021","24","Business, media and public service professionals","501","Occupational Therapy","Number",""
"HGO16C01","Number of Health Graduates","2021","2021","24","Business, media and public service professionals","60","Pharmacy","Number",""
"HGO16C01","Number of Health Graduates","2021","2021","24","Business, media and public service professionals","504","Physiotherapy","Number",""
"HGO16C01","Number of Health Graduates","2021","2021","24","Business, media and public service professionals","402","Radiography and Radiation Therapy","Number",""
"HGO16C01","Number of Health Graduates","2021","2021","24","Business, media and public service professionals","702","Social Care","Number","45"
"HGO16C01","Number of Health Graduates","2021","2021","24","Business, media and public service professionals","701","Social Work","Number","153"
"HGO16C01","Number of Health Graduates","2021","2021","24","Business, media and public service professionals","10","Speech and Language Therapy","Number",""
"HGO16C01","Number of Health Graduates","2021","2021","24","Business, media and public service professionals","V52","Dietetics, Optometry and Podiatry","Number",""
"HGO16C01","Number of Health Graduates","2021","2021","2211","Medical practitioners","201","Dentistry","Number",""
"HGO16C01","Number of Health Graduates","2021","2021","2211","Medical practitioners","401","Medical Science","Number",""
"HGO16C01","Number of Health Graduates","2021","2021","2211","Medical practitioners","202","Medicine","Number","522"
"HGO16C01","Number of Health Graduates","2021","2021","2211","Medical practitioners","30","Nursing and Midwifery","Number",""
"HGO16C01","Number of Health Graduates","2021","2021","2211","Medical practitioners","501","Occupational Therapy","Number",""
"HGO16C01","Number of Health Graduates","2021","2021","2211","Medical practitioners","60","Pharmacy","Number",""
"HGO16C01","Number of Health Graduates","2021","2021","2211","Medical practitioners","504","Physiotherapy","Number",""
"HGO16C01","Number of Health Graduates","2021","2021","2211","Medical practitioners","402","Radiography and Radiation Therapy","Number",""
"HGO16C01","Number of Health Graduates","2021","2021","2211","Medical practitioners","702","Social Care","Number",""
"HGO16C01","Number of Health Graduates","2021","2021","2211","Medical practitioners","701","Social Work","Number",""
"HGO16C01","Number of Health Graduates","2021","2021","2211","Medical practitioners","10","Speech and Language Therapy","Number",""
"HGO16C01","Number of Health Graduates","2021","2021","2211","Medical practitioners","V52","Dietetics, Optometry and Podiatry","Number",""
"HGO16C01","Number of Health Graduates","2021","2021","2212","Psychologists","201","Dentistry","Number",""
"HGO16C01","Number of Health Graduates","2021","2021","2212","Psychologists","401","Medical Science","Number",""
"HGO16C01","Number of Health Graduates","2021","2021","2212","Psychologists","202","Medicine","Number",""
"HGO16C01","Number of Health Graduates","2021","2021","2212","Psychologists","30","Nursing and Midwifery","Number",""
"HGO16C01","Number of Health Graduates","2021","2021","2212","Psychologists","501","Occupational Therapy","Number",""
"HGO16C01","Number of Health Graduates","2021","2021","2212","Psychologists","60","Pharmacy","Number",""
"HGO16C01","Number of Health Graduates","2021","2021","2212","Psychologists","504","Physiotherapy","Number",""
"HGO16C01","Number of Health Graduates","2021","2021","2212","Psychologists","402","Radiography and Radiation Therapy","Number",""
"HGO16C01","Number of Health Graduates","2021","2021","2212","Psychologists","702","Social Care","Number",""
"HGO16C01","Number of Health Graduates","2021","2021","2212","Psychologists","701","Social Work","Number",""
"HGO16C01","Number of Health Graduates","2021","2021","2212","Psychologists","10","Speech and Language Therapy","Number",""
"HGO16C01","Number of Health Graduates","2021","2021","2212","Psychologists","V52","Dietetics, Optometry and Podiatry","Number",""
"HGO16C01","Number of Health Graduates","2021","2021","2213","Pharmacists","201","Dentistry","Number",""
"HGO16C01","Number of Health Graduates","2021","2021","2213","Pharmacists","401","Medical Science","Number",""
"HGO16C01","Number of Health Graduates","2021","2021","2213","Pharmacists","202","Medicine","Number",""
"HGO16C01","Number of Health Graduates","2021","2021","2213","Pharmacists","30","Nursing and Midwifery","Number",""
"HGO16C01","Number of Health Graduates","2021","2021","2213","Pharmacists","501","Occupational Therapy","Number",""
"HGO16C01","Number of Health Graduates","2021","2021","2213","Pharmacists","60","Pharmacy","Number","108"
"HGO16C01","Number of Health Graduates","2021","2021","2213","Pharmacists","504","Physiotherapy","Number",""
"HGO16C01","Number of Health Graduates","2021","2021","2213","Pharmacists","402","Radiography and Radiation Therapy","Number",""
"HGO16C01","Number of Health Graduates","2021","2021","2213","Pharmacists","702","Social Care","Number",""
"HGO16C01","Number of Health Graduates","2021","2021","2213","Pharmacists","701","Social Work","Number",""
"HGO16C01","Number of Health Graduates","2021","2021","2213","Pharmacists","10","Speech and Language Therapy","Number",""
"HGO16C01","Number of Health Graduates","2021","2021","2213","Pharmacists","V52","Dietetics, Optometry and Podiatry","Number",""
"HGO16C01","Number of Health Graduates","2021","2021","2214","Ophthalmic opticians","201","Dentistry","Number",""
"HGO16C01","Number of Health Graduates","2021","2021","2214","Ophthalmic opticians","401","Medical Science","Number",""
"HGO16C01","Number of Health Graduates","2021","2021","2214","Ophthalmic opticians","202","Medicine","Number",""
"HGO16C01","Number of Health Graduates","2021","2021","2214","Ophthalmic opticians","30","Nursing and Midwifery","Number",""
"HGO16C01","Number of Health Graduates","2021","2021","2214","Ophthalmic opticians","501","Occupational Therapy","Number",""
"HGO16C01","Number of Health Graduates","2021","2021","2214","Ophthalmic opticians","60","Pharmacy","Number",""
"HGO16C01","Number of Health Graduates","2021","2021","2214","Ophthalmic opticians","504","Physiotherapy","Number",""
"HGO16C01","Number of Health Graduates","2021","2021","2214","Ophthalmic opticians","402","Radiography and Radiation Therapy","Number",""
"HGO16C01","Number of Health Graduates","2021","2021","2214","Ophthalmic opticians","702","Social Care","Number",""
"HGO16C01","Number of Health Graduates","2021","2021","2214","Ophthalmic opticians","701","Social Work","Number",""
"HGO16C01","Number of Health Graduates","2021","2021","2214","Ophthalmic opticians","10","Speech and Language Therapy","Number",""
"HGO16C01","Number of Health Graduates","2021","2021","2214","Ophthalmic opticians","V52","Dietetics, Optometry and Podiatry","Number","18"
"HGO16C01","Number of Health Graduates","2021","2021","2215","Dental practitioners","201","Dentistry","Number","36"
"HGO16C01","Number of Health Graduates","2021","2021","2215","Dental practitioners","401","Medical Science","Number",""
"HGO16C01","Number of Health Graduates","2021","2021","2215","Dental practitioners","202","Medicine","Number",""
"HGO16C01","Number of Health Graduates","2021","2021","2215","Dental practitioners","30","Nursing and Midwifery","Number",""
"HGO16C01","Number of Health Graduates","2021","2021","2215","Dental practitioners","501","Occupational Therapy","Number",""
"HGO16C01","Number of Health Graduates","2021","2021","2215","Dental practitioners","60","Pharmacy","Number",""
"HGO16C01","Number of Health Graduates","2021","2021","2215","Dental practitioners","504","Physiotherapy","Number",""
"HGO16C01","Number of Health Graduates","2021","2021","2215","Dental practitioners","402","Radiography and Radiation Therapy","Number",""
"HGO16C01","Number of Health Graduates","2021","2021","2215","Dental practitioners","702","Social Care","Number",""
"HGO16C01","Number of Health Graduates","2021","2021","2215","Dental practitioners","701","Social Work","Number",""
"HGO16C01","Number of Health Graduates","2021","2021","2215","Dental practitioners","10","Speech and Language Therapy","Number",""
"HGO16C01","Number of Health Graduates","2021","2021","2215","Dental practitioners","V52","Dietetics, Optometry and Podiatry","Number",""
"HGO16C01","Number of Health Graduates","2021","2021","2216","Veterinarians","201","Dentistry","Number",""
"HGO16C01","Number of Health Graduates","2021","2021","2216","Veterinarians","401","Medical Science","Number",""
"HGO16C01","Number of Health Graduates","2021","2021","2216","Veterinarians","202","Medicine","Number",""
"HGO16C01","Number of Health Graduates","2021","2021","2216","Veterinarians","30","Nursing and Midwifery","Number",""
"HGO16C01","Number of Health Graduates","2021","2021","2216","Veterinarians","501","Occupational Therapy","Number",""
"HGO16C01","Number of Health Graduates","2021","2021","2216","Veterinarians","60","Pharmacy","Number",""
"HGO16C01","Number of Health Graduates","2021","2021","2216","Veterinarians","504","Physiotherapy","Number",""
"HGO16C01","Number of Health Graduates","2021","2021","2216","Veterinarians","402","Radiography and Radiation Therapy","Number",""
"HGO16C01","Number of Health Graduates","2021","2021","2216","Veterinarians","702","Social Care","Number",""
"HGO16C01","Number of Health Graduates","2021","2021","2216","Veterinarians","701","Social Work","Number",""
"HGO16C01","Number of Health Graduates","2021","2021","2216","Veterinarians","10","Speech and Language Therapy","Number",""
"HGO16C01","Number of Health Graduates","2021","2021","2216","Veterinarians","V52","Dietetics, Optometry and Podiatry","Number",""
"HGO16C01","Number of Health Graduates","2021","2021","2217","Medical radiographers","201","Dentistry","Number",""
"HGO16C01","Number of Health Graduates","2021","2021","2217","Medical radiographers","401","Medical Science","Number",""
"HGO16C01","Number of Health Graduates","2021","2021","2217","Medical radiographers","202","Medicine","Number",""
"HGO16C01","Number of Health Graduates","2021","2021","2217","Medical radiographers","30","Nursing and Midwifery","Number",""
"HGO16C01","Number of Health Graduates","2021","2021","2217","Medical radiographers","501","Occupational Therapy","Number",""
"HGO16C01","Number of Health Graduates","2021","2021","2217","Medical radiographers","60","Pharmacy","Number",""
"HGO16C01","Number of Health Graduates","2021","2021","2217","Medical radiographers","504","Physiotherapy","Number",""
"HGO16C01","Number of Health Graduates","2021","2021","2217","Medical radiographers","402","Radiography and Radiation Therapy","Number","111"
"HGO16C01","Number of Health Graduates","2021","2021","2217","Medical radiographers","702","Social Care","Number",""
"HGO16C01","Number of Health Graduates","2021","2021","2217","Medical radiographers","701","Social Work","Number",""
"HGO16C01","Number of Health Graduates","2021","2021","2217","Medical radiographers","10","Speech and Language Therapy","Number",""
"HGO16C01","Number of Health Graduates","2021","2021","2217","Medical radiographers","V52","Dietetics, Optometry and Podiatry","Number",""
"HGO16C01","Number of Health Graduates","2021","2021","2218","Podiatrists","201","Dentistry","Number",""
"HGO16C01","Number of Health Graduates","2021","2021","2218","Podiatrists","401","Medical Science","Number",""
"HGO16C01","Number of Health Graduates","2021","2021","2218","Podiatrists","202","Medicine","Number",""
"HGO16C01","Number of Health Graduates","2021","2021","2218","Podiatrists","30","Nursing and Midwifery","Number",""
"HGO16C01","Number of Health Graduates","2021","2021","2218","Podiatrists","501","Occupational Therapy","Number",""
"HGO16C01","Number of Health Graduates","2021","2021","2218","Podiatrists","60","Pharmacy","Number",""
"HGO16C01","Number of Health Graduates","2021","2021","2218","Podiatrists","504","Physiotherapy","Number",""
"HGO16C01","Number of Health Graduates","2021","2021","2218","Podiatrists","402","Radiography and Radiation Therapy","Number",""
"HGO16C01","Number of Health Graduates","2021","2021","2218","Podiatrists","702","Social Care","Number",""
"HGO16C01","Number of Health Graduates","2021","2021","2218","Podiatrists","701","Social Work","Number",""
"HGO16C01","Number of Health Graduates","2021","2021","2218","Podiatrists","10","Speech and Language Therapy","Number",""
"HGO16C01","Number of Health Graduates","2021","2021","2218","Podiatrists","V52","Dietetics, Optometry and Podiatry","Number","21"
"HGO16C01","Number of Health Graduates","2021","2021","2219","Health professionals n.e.c.","201","Dentistry","Number",""
"HGO16C01","Number of Health Graduates","2021","2021","2219","Health professionals n.e.c.","401","Medical Science","Number",""
"HGO16C01","Number of Health Graduates","2021","2021","2219","Health professionals n.e.c.","202","Medicine","Number",""
"HGO16C01","Number of Health Graduates","2021","2021","2219","Health professionals n.e.c.","30","Nursing and Midwifery","Number",""
"HGO16C01","Number of Health Graduates","2021","2021","2219","Health professionals n.e.c.","501","Occupational Therapy","Number",""
"HGO16C01","Number of Health Graduates","2021","2021","2219","Health professionals n.e.c.","60","Pharmacy","Number",""
"HGO16C01","Number of Health Graduates","2021","2021","2219","Health professionals n.e.c.","504","Physiotherapy","Number",""
"HGO16C01","Number of Health Graduates","2021","2021","2219","Health professionals n.e.c.","402","Radiography and Radiation Therapy","Number",""
"HGO16C01","Number of Health Graduates","2021","2021","2219","Health professionals n.e.c.","702","Social Care","Number",""
"HGO16C01","Number of Health Graduates","2021","2021","2219","Health professionals n.e.c.","701","Social Work","Number",""
"HGO16C01","Number of Health Graduates","2021","2021","2219","Health professionals n.e.c.","10","Speech and Language Therapy","Number",""
"HGO16C01","Number of Health Graduates","2021","2021","2219","Health professionals n.e.c.","V52","Dietetics, Optometry and Podiatry","Number","42"
"HGO16C01","Number of Health Graduates","2021","2021","2221","Physiotherapists","201","Dentistry","Number",""
"HGO16C01","Number of Health Graduates","2021","2021","2221","Physiotherapists","401","Medical Science","Number",""
"HGO16C01","Number of Health Graduates","2021","2021","2221","Physiotherapists","202","Medicine","Number",""
"HGO16C01","Number of Health Graduates","2021","2021","2221","Physiotherapists","30","Nursing and Midwifery","Number",""
"HGO16C01","Number of Health Graduates","2021","2021","2221","Physiotherapists","501","Occupational Therapy","Number",""
"HGO16C01","Number of Health Graduates","2021","2021","2221","Physiotherapists","60","Pharmacy","Number",""
"HGO16C01","Number of Health Graduates","2021","2021","2221","Physiotherapists","504","Physiotherapy","Number","150"
"HGO16C01","Number of Health Graduates","2021","2021","2221","Physiotherapists","402","Radiography and Radiation Therapy","Number",""
"HGO16C01","Number of Health Graduates","2021","2021","2221","Physiotherapists","702","Social Care","Number",""
"HGO16C01","Number of Health Graduates","2021","2021","2221","Physiotherapists","701","Social Work","Number",""
"HGO16C01","Number of Health Graduates","2021","2021","2221","Physiotherapists","10","Speech and Language Therapy","Number",""
"HGO16C01","Number of Health Graduates","2021","2021","2221","Physiotherapists","V52","Dietetics, Optometry and Podiatry","Number",""
"HGO16C01","Number of Health Graduates","2021","2021","2222","Occupational therapists","201","Dentistry","Number",""
"HGO16C01","Number of Health Graduates","2021","2021","2222","Occupational therapists","401","Medical Science","Number",""
"HGO16C01","Number of Health Graduates","2021","2021","2222","Occupational therapists","202","Medicine","Number",""
"HGO16C01","Number of Health Graduates","2021","2021","2222","Occupational therapists","30","Nursing and Midwifery","Number",""
"HGO16C01","Number of Health Graduates","2021","2021","2222","Occupational therapists","501","Occupational Therapy","Number","75"
"HGO16C01","Number of Health Graduates","2021","2021","2222","Occupational therapists","60","Pharmacy","Number",""
"HGO16C01","Number of Health Graduates","2021","2021","2222","Occupational therapists","504","Physiotherapy","Number",""
"HGO16C01","Number of Health Graduates","2021","2021","2222","Occupational therapists","402","Radiography and Radiation Therapy","Number",""
"HGO16C01","Number of Health Graduates","2021","2021","2222","Occupational therapists","702","Social Care","Number",""
"HGO16C01","Number of Health Graduates","2021","2021","2222","Occupational therapists","701","Social Work","Number",""
"HGO16C01","Number of Health Graduates","2021","2021","2222","Occupational therapists","10","Speech and Language Therapy","Number",""
"HGO16C01","Number of Health Graduates","2021","2021","2222","Occupational therapists","V52","Dietetics, Optometry and Podiatry","Number",""
"HGO16C01","Number of Health Graduates","2021","2021","2223","Speech and language therapists","201","Dentistry","Number",""
"HGO16C01","Number of Health Graduates","2021","2021","2223","Speech and language therapists","401","Medical Science","Number",""
"HGO16C01","Number of Health Graduates","2021","2021","2223","Speech and language therapists","202","Medicine","Number",""
"HGO16C01","Number of Health Graduates","2021","2021","2223","Speech and language therapists","30","Nursing and Midwifery","Number",""
"HGO16C01","Number of Health Graduates","2021","2021","2223","Speech and language therapists","501","Occupational Therapy","Number",""
"HGO16C01","Number of Health Graduates","2021","2021","2223","Speech and language therapists","60","Pharmacy","Number",""
"HGO16C01","Number of Health Graduates","2021","2021","2223","Speech and language therapists","504","Physiotherapy","Number",""
"HGO16C01","Number of Health Graduates","2021","2021","2223","Speech and language therapists","402","Radiography and Radiation Therapy","Number",""
"HGO16C01","Number of Health Graduates","2021","2021","2223","Speech and language therapists","702","Social Care","Number",""
"HGO16C01","Number of Health Graduates","2021","2021","2223","Speech and language therapists","701","Social Work","Number",""
"HGO16C01","Number of Health Graduates","2021","2021","2223","Speech and language therapists","10","Speech and Language Therapy","Number","78"
"HGO16C01","Number of Health Graduates","2021","2021","2223","Speech and language therapists","V52","Dietetics, Optometry and Podiatry","Number",""
"HGO16C01","Number of Health Graduates","2021","2021","2229","Therapy professionals n.e.c.","201","Dentistry","Number",""
"HGO16C01","Number of Health Graduates","2021","2021","2229","Therapy professionals n.e.c.","401","Medical Science","Number",""
"HGO16C01","Number of Health Graduates","2021","2021","2229","Therapy professionals n.e.c.","202","Medicine","Number",""
"HGO16C01","Number of Health Graduates","2021","2021","2229","Therapy professionals n.e.c.","30","Nursing and Midwifery","Number",""
"HGO16C01","Number of Health Graduates","2021","2021","2229","Therapy professionals n.e.c.","501","Occupational Therapy","Number",""
"HGO16C01","Number of Health Graduates","2021","2021","2229","Therapy professionals n.e.c.","60","Pharmacy","Number",""
"HGO16C01","Number of Health Graduates","2021","2021","2229","Therapy professionals n.e.c.","504","Physiotherapy","Number",""
"HGO16C01","Number of Health Graduates","2021","2021","2229","Therapy professionals n.e.c.","402","Radiography and Radiation Therapy","Number",""
"HGO16C01","Number of Health Graduates","2021","2021","2229","Therapy professionals n.e.c.","702","Social Care","Number",""
"HGO16C01","Number of Health Graduates","2021","2021","2229","Therapy professionals n.e.c.","701","Social Work","Number",""
"HGO16C01","Number of Health Graduates","2021","2021","2229","Therapy professionals n.e.c.","10","Speech and Language Therapy","Number",""
"HGO16C01","Number of Health Graduates","2021","2021","2229","Therapy professionals n.e.c.","V52","Dietetics, Optometry and Podiatry","Number",""
"HGO16C01","Number of Health Graduates","2021","2021","X13","Nurses and midwives","201","Dentistry","Number",""
"HGO16C01","Number of Health Graduates","2021","2021","X13","Nurses and midwives","401","Medical Science","Number",""
"HGO16C01","Number of Health Graduates","2021","2021","X13","Nurses and midwives","202","Medicine","Number",""
"HGO16C01","Number of Health Graduates","2021","2021","X13","Nurses and midwives","30","Nursing and Midwifery","Number","1182"
"HGO16C01","Number of Health Graduates","2021","2021","X13","Nurses and midwives","501","Occupational Therapy","Number",""
"HGO16C01","Number of Health Graduates","2021","2021","X13","Nurses and midwives","60","Pharmacy","Number",""
"HGO16C01","Number of Health Graduates","2021","2021","X13","Nurses and midwives","504","Physiotherapy","Number",""
"HGO16C01","Number of Health Graduates","2021","2021","X13","Nurses and midwives","402","Radiography and Radiation Therapy","Number",""
"HGO16C01","Number of Health Graduates","2021","2021","X13","Nurses and midwives","702","Social Care","Number","3"
"HGO16C01","Number of Health Graduates","2021","2021","X13","Nurses and midwives","701","Social Work","Number",""
"HGO16C01","Number of Health Graduates","2021","2021","X13","Nurses and midwives","10","Speech and Language Therapy","Number",""
"HGO16C01","Number of Health Graduates","2021","2021","X13","Nurses and midwives","V52","Dietetics, Optometry and Podiatry","Number",""
"HGO16C01","Number of Health Graduates","2021","2021","-","All occupational groups","201","Dentistry","Number","36"
"HGO16C01","Number of Health Graduates","2021","2021","-","All occupational groups","401","Medical Science","Number","60"
"HGO16C01","Number of Health Graduates","2021","2021","-","All occupational groups","202","Medicine","Number","537"
"HGO16C01","Number of Health Graduates","2021","2021","-","All occupational groups","30","Nursing and Midwifery","Number","1215"
"HGO16C01","Number of Health Graduates","2021","2021","-","All occupational groups","501","Occupational Therapy","Number","87"
"HGO16C01","Number of Health Graduates","2021","2021","-","All occupational groups","60","Pharmacy","Number","114"
"HGO16C01","Number of Health Graduates","2021","2021","-","All occupational groups","504","Physiotherapy","Number","159"
"HGO16C01","Number of Health Graduates","2021","2021","-","All occupational groups","402","Radiography and Radiation Therapy","Number","114"
"HGO16C01","Number of Health Graduates","2021","2021","-","All occupational groups","702","Social Care","Number","900"
"HGO16C01","Number of Health Graduates","2021","2021","-","All occupational groups","701","Social Work","Number","165"
"HGO16C01","Number of Health Graduates","2021","2021","-","All occupational groups","10","Speech and Language Therapy","Number","87"
"HGO16C01","Number of Health Graduates","2021","2021","-","All occupational groups","V52","Dietetics, Optometry and Podiatry","Number","84"
